{"scene_id":"salinas-corrected","mask_id":"vnir","mask_label":"VNIR-only (400-1100 nm)","mask_description":"Visible + near-infrared bands only. Removes SWIR signal so topics can only express visible-light + chlorophyll-region absorption.","spatial_shape":[512,217],"topic_count":12,"document_count":3520,"vocabulary_size":68,"n_bands_full":204,"n_bands_kept":68,"kept_band_indices":[0,1,2,3,4,5,6,7,8,9,10,11,12,13,14,15,16,17,18,19,20,21,22,23,24,25,26,27,28,29,30,31,32,33,34,35,36,37,38,39,40,41,42,43,44,45,46,47,48,49,50,51,52,53,54,55,56,57,58,59,60,61,62,63,64,65,66,67],"wavelengths_nm_kept_first_last":[400.0,1093.1033935546875],"wavelengths_nm_kept":[400.0,410.34,420.69,431.03,441.38,451.72,462.07,472.41,482.76,493.1,503.45,513.79,524.14,534.48,544.83,555.17,565.52,575.86,586.21,596.55,606.9,617.24,627.59,637.93,648.28,658.62,668.97,679.31,689.66,700.0,710.34,720.69,731.03,741.38,751.72,762.07,772.41,782.76,793.1,803.45,813.79,824.14,834.48,844.83,855.17,865.52,875.86,886.21,896.55,906.9,917.24,927.59,937.93,948.28,958.62,968.97,979.31,989.66,1000.0,1010.34,1020.69,1031.03,1041.38,1051.72,1062.07,1072.41,1082.76,1093.1],"topic_prevalence":[0.04108,0.047711,0.05047,0.058794,0.085803,0.04173,0.03405,0.039788,0.08984,0.441699,0.027631,0.041405],"topic_distance_cosine":[[0.0,0.129537,0.107873,0.038046,0.05259,0.112555,0.137311,0.052332,0.183201,0.247532,0.070039,0.172944],[0.129537,0.0,0.137077,0.188484,0.108924,0.101261,0.134812,0.134426,0.147834,0.383132,0.095418,0.13037],[0.107873,0.137077,0.0,0.144795,0.174436,0.025704,0.038182,0.126348,0.066121,0.472524,0.073264,0.060738],[0.038046,0.188484,0.144795,0.0,0.103247,0.152148,0.181406,0.056387,0.227137,0.253377,0.109301,0.220287],[0.05259,0.108924,0.174436,0.103247,0.0,0.166424,0.161563,0.086002,0.191652,0.300735,0.07747,0.182548],[0.112555,0.101261,0.025704,0.152148,0.166424,0.0,0.039036,0.11471,0.051225,0.490531,0.063178,0.051025],[0.137311,0.134812,0.038182,0.181406,0.161563,0.039036,0.0,0.122681,0.015976,0.603544,0.05873,0.02473],[0.052332,0.134426,0.126348,0.056387,0.086002,0.11471,0.122681,0.0,0.142625,0.350855,0.067616,0.155368],[0.183201,0.147834,0.066121,0.227137,0.191652,0.051225,0.015976,0.142625,0.0,0.699256,0.066558,0.015177],[0.247532,0.383132,0.472524,0.253377,0.300735,0.490531,0.603544,0.350855,0.699256,0.0,0.448969,0.654067],[0.070039,0.095418,0.073264,0.109301,0.07747,0.063178,0.05873,0.067616,0.066558,0.448969,0.0,0.073283],[0.172944,0.13037,0.060738,0.220287,0.182548,0.051025,0.02473,0.155368,0.015177,0.654067,0.073283,0.0]],"top_words_per_topic_lambda_05":[["1072nm","1062nm","1052nm","1093nm","0814nm","0793nm","1010nm","1041nm","0969nm","0803nm","0959nm","0948nm","1000nm","0979nm","0824nm"],["0410nm","0400nm","1083nm","1031nm","0421nm","1072nm","1041nm","1021nm","0803nm","1062nm","0990nm","1052nm","1010nm","0979nm","1093nm"],["0938nm","0824nm","0814nm","0928nm","0917nm","0969nm","0990nm","0876nm","0897nm","0948nm","0979nm","1093nm","0866nm","0886nm","1021nm"],["1083nm","0793nm","0783nm","0566nm","0803nm","1062nm","1072nm","1093nm","0586nm","1052nm","1031nm","0597nm","0576nm","1021nm","0772nm"],["1093nm","1062nm","1052nm","1083nm","1072nm","1041nm","0762nm","1000nm","0793nm","1010nm","0752nm","0741nm","0783nm","1021nm","0979nm"],["0834nm","0959nm","1010nm","0803nm","0907nm","0845nm","0917nm","1052nm","1062nm","0855nm","1083nm","0969nm","0866nm","0979nm","0814nm"],["0928nm","0959nm","0948nm","1021nm","1000nm","0866nm","1093nm","0845nm","1072nm","0938nm","0814nm","0897nm","0907nm","0876nm","0886nm"],["0793nm","0803nm","0783nm","0814nm","1041nm","0928nm","0948nm","0907nm","0834nm","1093nm","0959nm","0917nm","0845nm","0772nm","0824nm"],["0803nm","0814nm","0938nm","1010nm","0866nm","0917nm","0845nm","0959nm","0834nm","0824nm","0948nm","1093nm","0969nm","1083nm","0876nm"],["0721nm","0710nm","0741nm","0731nm","0700nm","0752nm","0441nm","0690nm","0493nm","0452nm","0472nm","0483nm","0431nm","0462nm","0503nm"],["1031nm","1072nm","1021nm","0803nm","0814nm","1010nm","1062nm","0969nm","0917nm","1083nm","1041nm","0959nm","0938nm","0907nm","0824nm"],["0824nm","0990nm","1052nm","0855nm","0979nm","1000nm","0886nm","1072nm","0897nm","1083nm","0969nm","0928nm","0876nm","0834nm","1041nm"]],"p_label_given_topic_dominant":[[{"label_id":1,"name":"Brocoli_green_weeds_1","count":0,"p":0.0},{"label_id":2,"name":"Brocoli_green_weeds_2","count":0,"p":0.0},{"label_id":3,"name":"Fallow","count":0,"p":0.0},{"label_id":4,"name":"Fallow_rough_plow","count":0,"p":0.0},{"label_id":5,"name":"Fallow_smooth","count":0,"p":0.0},{"label_id":6,"name":"Stubble","count":0,"p":0.0},{"label_id":7,"name":"Celery","count":0,"p":0.0},{"label_id":8,"name":"Grapes_untrained","count":0,"p":0.0},{"label_id":9,"name":"Soil_vinyard_develop","count":0,"p":0.0},{"label_id":10,"name":"Corn_senesced_green_weeds","count":0,"p":0.0},{"label_id":11,"name":"Lettuce_romaine_4wk","count":0,"p":0.0},{"label_id":12,"name":"Lettuce_romaine_5wk","count":0,"p":0.0},{"label_id":13,"name":"Lettuce_romaine_6wk","count":0,"p":0.0},{"label_id":14,"name":"Lettuce_romaine_7wk","count":0,"p":0.0},{"label_id":15,"name":"Vinyard_untrained","count":0,"p":0.0},{"label_id":16,"name":"Vinyard_vertical_trellis","count":0,"p":0.0}],[{"label_id":1,"name":"Brocoli_green_weeds_1","count":0,"p":0.0},{"label_id":2,"name":"Brocoli_green_weeds_2","count":0,"p":0.0},{"label_id":3,"name":"Fallow","count":0,"p":0.0},{"label_id":4,"name":"Fallow_rough_plow","count":0,"p":0.0},{"label_id":5,"name":"Fallow_smooth","count":0,"p":0.0},{"label_id":6,"name":"Stubble","count":0,"p":0.0},{"label_id":7,"name":"Celery","count":2,"p":0.02531645569620253},{"label_id":8,"name":"Grapes_untrained","count":42,"p":0.5316455696202531},{"label_id":9,"name":"Soil_vinyard_develop","count":0,"p":0.0},{"label_id":10,"name":"Corn_senesced_green_weeds","count":3,"p":0.0379746835443038},{"label_id":11,"name":"Lettuce_romaine_4wk","count":0,"p":0.0},{"label_id":12,"name":"Lettuce_romaine_5wk","count":0,"p":0.0},{"label_id":13,"name":"Lettuce_romaine_6wk","count":0,"p":0.0},{"label_id":14,"name":"Lettuce_romaine_7wk","count":1,"p":0.012658227848101266},{"label_id":15,"name":"Vinyard_untrained","count":25,"p":0.31645569620253167},{"label_id":16,"name":"Vinyard_vertical_trellis","count":6,"p":0.0759493670886076}],[{"label_id":1,"name":"Brocoli_green_weeds_1","count":219,"p":0.5778364116094987},{"label_id":2,"name":"Brocoli_green_weeds_2","count":159,"p":0.41952506596306066},{"label_id":3,"name":"Fallow","count":0,"p":0.0},{"label_id":4,"name":"Fallow_rough_plow","count":0,"p":0.0},{"label_id":5,"name":"Fallow_smooth","count":0,"p":0.0},{"label_id":6,"name":"Stubble","count":0,"p":0.0},{"label_id":7,"name":"Celery","count":0,"p":0.0},{"label_id":8,"name":"Grapes_untrained","count":0,"p":0.0},{"label_id":9,"name":"Soil_vinyard_develop","count":0,"p":0.0},{"label_id":10,"name":"Corn_senesced_green_weeds","count":0,"p":0.0},{"label_id":11,"name":"Lettuce_romaine_4wk","count":0,"p":0.0},{"label_id":12,"name":"Lettuce_romaine_5wk","count":0,"p":0.0},{"label_id":13,"name":"Lettuce_romaine_6wk","count":0,"p":0.0},{"label_id":14,"name":"Lettuce_romaine_7wk","count":1,"p":0.002638522427440633},{"label_id":15,"name":"Vinyard_untrained","count":0,"p":0.0},{"label_id":16,"name":"Vinyard_vertical_trellis","count":0,"p":0.0}],[{"label_id":1,"name":"Brocoli_green_weeds_1","count":0,"p":0.0},{"label_id":2,"name":"Brocoli_green_weeds_2","count":0,"p":0.0},{"label_id":3,"name":"Fallow","count":0,"p":0.0},{"label_id":4,"name":"Fallow_rough_plow","count":0,"p":0.0},{"label_id":5,"name":"Fallow_smooth","count":0,"p":0.0},{"label_id":6,"name":"Stubble","count":0,"p":0.0},{"label_id":7,"name":"Celery","count":0,"p":0.0},{"label_id":8,"name":"Grapes_untrained","count":0,"p":0.0},{"label_id":9,"name":"Soil_vinyard_develop","count":0,"p":0.0},{"label_id":10,"name":"Corn_senesced_green_weeds","count":0,"p":0.0},{"label_id":11,"name":"Lettuce_romaine_4wk","count":0,"p":0.0},{"label_id":12,"name":"Lettuce_romaine_5wk","count":0,