{"scene_id":"kennedy-space-center","mask_id":"top_50_fisher","mask_label":"Top-50 Fisher-ratio bands","mask_description":"Keep only the 50 bands with the largest per-band Fisher discriminant ratio (from interpretability/band_cards). Topics built on the most label-discriminative subset.","spatial_shape":[512,614],"topic_count":12,"document_count":2686,"vocabulary_size":50,"n_bands_full":176,"n_bands_kept":50,"kept_band_indices":[34,35,36,37,38,39,40,41,42,43,44,45,46,47,48,49,50,51,52,53,54,55,56,57,58,59,60,61,62,63,64,65,66,67,68,69,70,71,72,73,74,75,76,77,78,79,80,92,93,94],"wavelengths_nm_kept_first_last":[808.0,1528.0],"wavelengths_nm_kept":[808.0,820.0,832.0,844.0,856.0,868.0,880.0,892.0,904.0,916.0,928.0,940.0,952.0,964.0,976.0,988.0,1000.0,1012.0,1024.0,1036.0,1048.0,1060.0,1072.0,1084.0,1096.0,1108.0,1120.0,1132.0,1144.0,1156.0,1168.0,1180.0,1192.0,1204.0,1216.0,1228.0,1240.0,1252.0,1264.0,1276.0,1288.0,1300.0,1312.0,1324.0,1336.0,1348.0,1360.0,1504.0,1516.0,1528.0],"topic_prevalence":[0.07316,0.071097,0.071914,0.07324,0.177396,0.072716,0.073242,0.069364,0.071264,0.090714,0.076876,0.079014],"topic_distance_cosine":[[0.0,0.021758,0.019798,0.021844,0.048417,0.0206,0.019118,0.026867,0.020387,0.050578,0.056141,0.021468],[0.021758,0.0,0.027164,0.031826,0.062481,0.02779,0.024447,0.032139,0.026195,0.04681,0.045104,0.023495],[0.019798,0.027164,0.0,0.034617,0.069737,0.030051,0.032001,0.034231,0.029084,0.063825,0.048112,0.026042],[0.021844,0.031826,0.034617,0.0,0.07085,0.034877,0.021421,0.03928,0.030323,0.060033,0.049894,0.024744],[0.048417,0.062481,0.069737,0.07085,0.0,0.057657,0.070219,0.079864,0.058791,0.102373,0.146665,0.057498],[0.0206,0.02779,0.030051,0.034877,0.057657,0.0,0.035404,0.033368,0.025118,0.035357,0.052488,0.034804],[0.019118,0.024447,0.032001,0.021421,0.070219,0.035404,0.0,0.034363,0.034329,0.067561,0.055903,0.026219],[0.026867,0.032139,0.034231,0.03928,0.079864,0.033368,0.034363,0.0,0.028541,0.052786,0.045921,0.026713],[0.020387,0.026195,0.029084,0.030323,0.058791,0.025118,0.034329,0.028541,0.0,0.042637,0.042914,0.029696],[0.050578,0.04681,0.063825,0.060033,0.102373,0.035357,0.067561,0.052786,0.042637,0.0,0.040134,0.067371],[0.056141,0.045104,0.048112,0.049894,0.146665,0.052488,0.055903,0.045921,0.042914,0.040134,0.0,0.064415],[0.021468,0.023495,0.026042,0.024744,0.057498,0.034804,0.026219,0.026713,0.029696,0.067371,0.064415,0.0]],"top_words_per_topic_lambda_05":[["1300nm","1228nm","1348nm","1216nm","1288nm","1204nm","1312nm","1096nm","1168nm","0856nm","1084nm","1108nm","1528nm","0952nm","1336nm"],["1036nm","1180nm","1096nm","1072nm","1084nm","1360nm","1528nm","1060nm","1216nm","1288nm","0976nm","1276nm","0904nm","1324nm","0964nm"],["1156nm","1216nm","1108nm","1168nm","1252nm","1144nm","1096nm","1180nm","1120nm","0904nm","0892nm","1132nm","1276nm","0808nm","0964nm"],["1300nm","1240nm","1228nm","0928nm","1312nm","0832nm","1024nm","1120nm","1108nm","1216nm","1192nm","1060nm","1324nm","0856nm","1252nm"],["1528nm","1516nm","1504nm","1360nm","1348nm","1324nm","1336nm","1312nm","1300nm","1252nm","1276nm","1264nm","1228nm","1288nm","1240nm"],["1348nm","0820nm","1336nm","1048nm","0808nm","1504nm","1264nm","0832nm","1168nm","0880nm","0988nm","1084nm","1156nm","1324nm","1276nm"],["1228nm","1300nm","1036nm","1240nm","1276nm","1000nm","1168nm","1288nm","1144nm","1048nm","1072nm","1120nm","1024nm","1060nm","1216nm"],["1192nm","1144nm","1012nm","0844nm","1288nm","1276nm","0868nm","0952nm","0904nm","0808nm","0916nm","1348nm","1228nm","1336nm","0940nm"],["1312nm","0964nm","1348nm","1120nm","1516nm","1252nm","0916nm","1144nm","1012nm","1360nm","1336nm","0988nm","0844nm","0940nm","1192nm"],["0820nm","1528nm","0808nm","0856nm","0916nm","0832nm","1516nm","0844nm","0952nm","1504nm","1084nm","0868nm","0940nm","1336nm","0880nm"],["0928nm","0892nm","0964nm","0988nm","0976nm","0904nm","1012nm","1000nm","0844nm","0832nm","0952nm","1036nm","0916nm","0880nm","1132nm"],["1288nm","1264nm","1240nm","1192nm","1204nm","1252nm","0940nm","1180nm","1276nm","1216nm","1360nm","1228nm","1300nm","0892nm","1336nm"]],"p_label_given_topic_dominant":[[{"label_id":1,"name":"Scrub","count":0,"p":0.0},{"label_id":2,"name":"Willow swamp","count":0,"p":0.0},{"label_id":3,"name":"CP hammock","count":0,"p":0.0},{"label_id":4,"name":"Slash pine","count":0,"p":0.0},{"label_id":5,"name":"Oak/Broadleaf","count":0,"p":0.0},{"label_id":6,"name":"Hardwood","count":0,"p":0.0},{"label_id":7,"name":"Swamp","count":0,"p":0.0},{"label_id":8,"name":"Graminoid marsh","count":0,"p":0.0},{"label_id":9,"name":"Spartina marsh","count":0,"p":0.0},{"label_id":10,"name":"Cattail marsh","count":0,"p":0.0},{"label_id":11,"name":"Salt marsh","count":0,"p":0.0},{"label_id":12,"name":"Mud flats","count":0,"p":0.0},{"label_id":13,"name":"Water","count":100,"p":1.0}],[{"label_id":1,"name":"Scrub","count":0,"p":0.0},{"label_id":2,"name":"Willow swamp","count":0,"p":0.0},{"label_id":3,"name":"CP hammock","count":0,"p":0.0},{"label_id":4,"name":"Slash pine","count":1,"p":0.5},{"label_id":5,"name":"Oak/Broadleaf","count":0,"p":0.0},{"label_id":6,"name":"Hardwood","count":0,"p":0.0},{"label_id":7,"name":"Swamp","count":0,"p":0.0},{"label_id":8,"name":"Graminoid marsh","count":0,"p":0.0},{"label_id":9,"name":"Spartina marsh","count":0,"p":0.0},{"label_id":10,"name":"Cattail marsh","count":0,"p":0.0},{"label_id":11,"name":"Salt marsh","count":0,"p":0.0},{"label_id":12,"name":"Mud flats","count":1,"p":0.5},{"label_id":13,"name":"Water","count":0,"p":0.0}],[{"label_id":1,"name":"Scrub","count":21,"p":0.7241379310344828},{"label_id":2,"name":"Willow swamp","count":0,"p":0.0},{"label_id":3,"name":"CP hammock","count":0,"p":0.0},{"label_id":4,"name":"Slash pine","count":0,"p":0.0},{"label_id":5,"name":"Oak/Broadleaf","count":1,"p":0.034482758620689655},{"label_id":6,"name":"Hardwood","count":7,"p":0.2413793103448276},{"label_id":7,"name":"Swamp","count":0,"p":0.0},{"label_id":8,"name":"Graminoid marsh","count":0,"p":0.0},{"label_id":9,"name":"Spartina marsh","count":0,"p":0.0},{"label_id":10,"name":"Cattail marsh","count":0,"p":0.0},{"label_id":11,"name":"Salt marsh","count":0,"p":0.0},{"label_id":12,"name":"Mud flats","count":0,"p":0.0},{"label_id":13,"name":"Water","count":0,"p":0.0}],[{"label_id":1,"name":"Scrub","count":2,"p":0.06896551724137931},{"label_id":2,"name":"Willow swamp","count":5,"p":0.1724137931034483},{"label_id":3,"name":"CP hammock","count":1,"p":0.034482758620689655},{"label_id":4,"name":"Slash pine","count":7,"p":0.2413793103448276},{"label_id":5,"name":"Oak/Broadleaf","count":4,"p":0.13793103448275862},{"label_id":6,"name":"Hardwood","count":4,"p":0.13793103448275862},{"label_id":7,"name":"Swamp","count":0,"p":0.0},{"label_id":8,"name":"Graminoid marsh","count":0,"p":0.0},{"label_id":9,"name":"Spartina marsh","count":0,"p":0.0},{"label_id":10,"name":"Cattail marsh","count":6,"p":0.20689655172413793},{"label_id":11,"name":"Salt marsh","count":0,"p":0.0},{"label_id":12,"name":"Mud flats","count":0,"p":0.0},{"label_id":13,"name":"Water","count":0,"p":0.0}],[{"label_id":1,"name":"Scrub","count":97,"p":0.07674050632911393},{"label_id":2,"name":"Willow swamp","count":3,"p":0.0023734177215189874},{"label_id":3,"name":"CP hammock","count":112,"p":0.08860759493670886},{"label_id":4,"name":"Slash pine","count":51,"p":0.040348101265822785},{"label_id":5,"name":"Oak/Broadleaf","count":21,"p":0.01661392405063291},{"label_id":6,"name":"Hardwood","count":58,"p":0.04588607594936709},{"label_id":7,"name":"Swamp","count":0,"p":0.0},{"label_id":8,"name":"Graminoid marsh","count":150,"p":0.11867088607594936},{"label_id":9,"name":"Spartina marsh","count":220,"p":0.17405063291139242},{"label_id":10,"name":"Cattail marsh","count":162,"p":0.1281645569620253},{"label_id":11,"name":"Salt marsh","count":220,"p":0.17405063291139242},{"label_id":12,"name":"Mud flats","count":169,"p":0.1337025316455696},{"label_id":13,"name":"Water","count":1,"p":0.0007911392405063291}],[{"label_id":1,"name":"Scrub","count":0,