{"scene_id":"botswana","K":12,"n_classes":14,"n_documents":2775,"samples_per_class":220,"wordification":"band-frequency","quantization_scale":12,"head":"LogisticRegression(max_iter=2000, C=1.0, l2)","split":"StratifiedKFold(n_splits=5, shuffle=True, random_state=42)","method_metrics":{"raw_logistic":{"macro_f1":{"per_fold":[0.954931,0.959258,0.964835,0.970621,0.961987],"mean":0.962327,"std":0.005278,"ci95_lo":0.957777,"ci95_hi":0.967168},"accuracy":{"per_fold":[0.953153,0.956757,0.965766,0.969369,0.962162],"mean":0.961441,"std":0.005877,"ci95_lo":0.956396,"ci95_hi":0.966486},"balanced_accuracy":{"per_fold":[0.954198,0.960242,0.965216,0.969906,0.961023],"mean":0.962117,"std":0.005248,"ci95_lo":0.957611,"ci95_hi":0.967035}},"theta_logistic":{"macro_f1":{"per_fold":[0.560024,0.55223,0.575111,0.542373,0.581267],"mean":0.562201,"std":0.014335,"ci95_lo":0.549846,"ci95_hi":0.574229},"accuracy":{"per_fold":[0.601802,0.621622,0.630631,0.609009,0.636036],"mean":0.61982,"std":0.012842,"ci95_lo":0.608649,"ci95_hi":0.630991},"balanced_accuracy":{"per_fold":[0.565761,0.577597,0.589569,0.569147,0.610298],"mean":0.582474,"std":0.016157,"ci95_lo":0.569483,"ci95_hi":0.597922}},"pca_12_logistic":{"macro_f1":{"per_fold":[0.932535,0.938157,0.943803,0.946879,0.937974],"mean":0.93987,"std":0.004999,"ci95_lo":0.935835,"ci95_hi":0.94402},"accuracy":{"per_fold":[0.931532,0.936937,0.942342,0.945946,0.936937],"mean":0.938739,"std":0.004967,"ci95_lo":0.934775,"ci95_hi":0.943063},"balanced_accuracy":{"per_fold":[0.932256,0.942024,0.944504,0.945788,0.93966],"mean":0.940847,"std":0.004783,"ci95_lo":0.936187,"ci95_hi":0.944522}},"topic_routed_soft":{"macro_f1":{"per_fold":[0.95471,0.958372,0.964927,0.967454,0.963593],"mean":0.961811,"std":0.004626,"ci95_lo":0.957486,"ci95_hi":0.965671},"accuracy":{"per_fold":[0.953153,0.956757,0.963964,0.965766,0.963964],"mean":0.960721,"std":0.004888,"ci95_lo":0.956036,"ci95_hi":0.964685},"balanced_accuracy":{"per_fold":[0.954036,0.960242,0.965368,0.966659,0.962646],"mean":0.96179,"std":0.004467,"ci95_lo":0.957544,"ci95_hi":0.965117}},"topic_routed_hard":{"macro_f1":{"per_fold":[0.953,0.943506,0.955185,0.953492,0.959116],"mean":0.95286,"std":0.005147,"ci95_lo":0.947839,"ci95_hi":0.956768},"accuracy":{"per_fold":[0.951351,0.940541,0.953153,0.953153,0.958559],"mean":0.951351,"std":0.005921,"ci95_lo":0.945586,"ci95_hi":0.956036},"balanced_accuracy":{"per_fold":[0.951854,0.94519,0.95587,0.950625,0.9597],"mean":0.952648,"std":0.004908,"ci95_lo":0.948413,"ci95_hi":0.956636}}},"ranking_by_macro_f1_mean":[{"method":"raw_logistic","macro_f1_mean":0.962327,"macro_f1_ci95":[0.957777,0.967168]},{"method":"topic_routed_soft","macro_f1_mean":0.961811,"macro_f1_ci95":[0.957486,0.965671]},{"method":"topic_routed_hard","macro_f1_mean":0.95286,"macro_f1_ci95":[0.947839,0.956768]},{"method":"pca_12_logistic","macro_f1_mean":0.93987,"macro_f1_ci95":[0.935835,0.94402]},{"method":"theta_logistic","macro_f1_mean":0.562201,"macro_f1_ci95":[0.549846,0.574229]}],"framework_axis":"B-3 (master plan Addendum B Axis C-2): topic-routed classifier with soft theta gating \u2014 embedded / hierarchical use of theta on top of per-topic specialists, NOT modelled on theta directly","generated_at":"2026-05-03T19:34:43Z","builder_version":"build_topic_routed_classifier v0.1"}