{"scene_id":"indian-pines-corrected","K":12,"n_classes":16,"n_documents":2812,"samples_per_class":220,"wordification":"band-frequency","quantization_scale":12,"head":"LogisticRegression(max_iter=2000, C=1.0, l2)","split":"StratifiedKFold(n_splits=5, shuffle=True, random_state=42)","method_metrics":{"raw_logistic":{"macro_f1":{"per_fold":[0.791008,0.861797,0.838799,0.843076,0.831114],"mean":0.833159,"std":0.023372,"ci95_lo":0.810124,"ci95_hi":0.851916},"accuracy":{"per_fold":[0.801066,0.849023,0.825623,0.83452,0.827402],"mean":0.827527,"std":0.015587,"ci95_lo":0.813024,"ci95_hi":0.840019},"balanced_accuracy":{"per_fold":[0.784898,0.859325,0.821023,0.846013,0.845612],"mean":0.831374,"std":0.026327,"ci95_lo":0.804346,"ci95_hi":0.851338}},"theta_logistic":{"macro_f1":{"per_fold":[0.358279,0.373504,0.381106,0.353875,0.373872],"mean":0.368128,"std":0.0103,"ci95_lo":0.359563,"ci95_hi":0.376619},"accuracy":{"per_fold":[0.460036,0.483126,0.496441,0.459075,0.489324],"mean":0.4776,"std":0.015328,"ci95_lo":0.464269,"ci95_hi":0.490931},"balanced_accuracy":{"per_fold":[0.39791,0.418141,0.435032,0.400892,0.426452],"mean":0.415685,"std":0.01436,"ci95_lo":0.403149,"ci95_hi":0.428222}},"pca_12_logistic":{"macro_f1":{"per_fold":[0.658468,0.665973,0.633624,0.641236,0.657195],"mean":0.651299,"std":0.01196,"ci95_lo":0.641383,"ci95_hi":0.660961},"accuracy":{"per_fold":[0.648313,0.64476,0.656584,0.642349,0.63879],"mean":0.646159,"std":0.006068,"ci95_lo":0.641408,"ci95_hi":0.651371},"balanced_accuracy":{"per_fold":[0.652872,0.657774,0.630997,0.648412,0.675316],"mean":0.653074,"std":0.014324,"ci95_lo":0.640728,"ci95_hi":0.666427}},"topic_routed_soft":{"macro_f1":{"per_fold":[0.797884,0.865512,0.836452,0.849307,0.847108],"mean":0.839253,"std":0.022679,"ci95_lo":0.818453,"ci95_hi":0.856459},"accuracy":{"per_fold":[0.808171,0.852575,0.823843,0.841637,0.836299],"mean":0.832505,"std":0.015283,"ci95_lo":0.817574,"ci95_hi":0.846012},"balanced_accuracy":{"per_fold":[0.79541,0.869081,0.819602,0.848223,0.852715],"mean":0.837006,"std":0.026209,"ci95_lo":0.814983,"ci95_hi":0.858363}},"topic_routed_hard":{"macro_f1":{"per_fold":[0.811345,0.864161,0.812906,0.797634,0.808178],"mean":0.818845,"std":0.023275,"ci95_lo":0.803118,"ci95_hi":0.843042},"accuracy":{"per_fold":[0.806394,0.849023,0.80605,0.793594,0.811388],"mean":0.81329,"std":0.018806,"ci95_lo":0.801068,"ci95_hi":0.831834},"balanced_accuracy":{"per_fold":[0.808194,0.873633,0.800189,0.809871,0.832828],"mean":0.824943,"std":0.026659,"ci95_lo":0.805327,"ci95_hi":0.848154}}},"ranking_by_macro_f1_mean":[{"method":"topic_routed_soft","macro_f1_mean":0.839253,"macro_f1_ci95":[0.818453,0.856459]},{"method":"raw_logistic","macro_f1_mean":0.833159,"macro_f1_ci95":[0.810124,0.851916]},{"method":"topic_routed_hard","macro_f1_mean":0.818845,"macro_f1_ci95":[0.803118,0.843042]},{"method":"pca_12_logistic","macro_f1_mean":0.651299,"macro_f1_ci95":[0.641383,0.660961]},{"method":"theta_logistic","macro_f1_mean":0.368128,"macro_f1_ci95":[0.359563,0.376619]}],"framework_axis":"B-3 (master plan Addendum B Axis C-2): topic-routed classifier with soft theta gating \u2014 embedded / hierarchical use of theta on top of per-topic specialists, NOT modelled on theta directly","generated_at":"2026-05-03T18:54:37Z","builder_version":"build_topic_routed_classifier v0.1"}