{"scene_id":"kennedy-space-center","K":12,"n_classes":13,"n_documents":2686,"samples_per_class":220,"wordification":"band-frequency","quantization_scale":12,"head":"LogisticRegression(max_iter=2000, C=1.0, l2)","split":"StratifiedKFold(n_splits=5, shuffle=True, random_state=42)","method_metrics":{"raw_logistic":{"macro_f1":{"per_fold":[0.90798,0.918548,0.901903,0.926174,0.915092],"mean":0.91394,"std":0.008398,"ci95_lo":0.90675,"ci95_hi":0.92101},"accuracy":{"per_fold":[0.910781,0.92365,0.905028,0.929236,0.918063],"mean":0.917352,"std":0.008677,"ci95_lo":0.909903,"ci95_hi":0.924767},"balanced_accuracy":{"per_fold":[0.907759,0.918592,0.901713,0.929685,0.915366],"mean":0.914623,"std":0.00956,"ci95_lo":0.906543,"ci95_hi":0.924602}},"theta_logistic":{"macro_f1":{"per_fold":[0.590781,0.553243,0.575686,0.568034,0.583049],"mean":0.574159,"std":0.012905,"ci95_lo":0.562118,"ci95_hi":0.584685},"accuracy":{"per_fold":[0.652416,0.614525,0.633147,0.623836,0.638734],"mean":0.632532,"std":0.012916,"ci95_lo":0.621974,"ci95_hi":0.643964},"balanced_accuracy":{"per_fold":[0.61655,0.580857,0.598339,0.59222,0.604895],"mean":0.598572,"std":0.011979,"ci95_lo":0.588899,"ci95_hi":0.609353}},"pca_12_logistic":{"macro_f1":{"per_fold":[0.642454,0.650341,0.834398,0.637146,0.842566],"mean":0.721381,"std":0.095739,"ci95_lo":0.642424,"ci95_hi":0.800855},"accuracy":{"per_fold":[0.663569,0.670391,0.836127,0.653631,0.849162],"mean":0.734576,"std":0.088494,"ci95_lo":0.660958,"ci95_hi":0.809436},"balanced_accuracy":{"per_fold":[0.643773,0.659663,0.831283,0.643273,0.842158],"mean":0.72403,"std":0.092264,"ci95_lo":0.646751,"ci95_hi":0.800331}},"topic_routed_soft":{"macro_f1":{"per_fold":[0.908966,0.926374,0.919955,0.925126,0.926906],"mean":0.921465,"std":0.006717,"ci95_lo":0.915413,"ci95_hi":0.926231},"accuracy":{"per_fold":[0.912639,0.929236,0.921788,0.927374,0.931099],"mean":0.924427,"std":0.006667,"ci95_lo":0.917788,"ci95_hi":0.929609},"balanced_accuracy":{"per_fold":[0.909507,0.925803,0.919414,0.927937,0.927604],"mean":0.922053,"std":0.006984,"ci95_lo":0.915451,"ci95_hi":0.927377}},"topic_routed_hard":{"macro_f1":{"per_fold":[0.884842,0.916384,0.906658,0.905578,0.905361],"mean":0.903765,"std":0.01031,"ci95_lo":0.893309,"ci95_hi":0.912019},"accuracy":{"per_fold":[0.890335,0.921788,0.908752,0.908752,0.908752],"mean":0.907676,"std":0.010033,"ci95_lo":0.897702,"ci95_hi":0.916574},"balanced_accuracy":{"per_fold":[0.885281,0.916896,0.904658,0.907228,0.907228],"mean":0.904258,"std":0.010369,"ci95_lo":0.89406,"ci95_hi":0.912013}}},"ranking_by_macro_f1_mean":[{"method":"topic_routed_soft","macro_f1_mean":0.921465,"macro_f1_ci95":[0.915413,0.926231]},{"method":"raw_logistic","macro_f1_mean":0.91394,"macro_f1_ci95":[0.90675,0.92101]},{"method":"topic_routed_hard","macro_f1_mean":0.903765,"macro_f1_ci95":[0.893309,0.912019]},{"method":"pca_12_logistic","macro_f1_mean":0.721381,"macro_f1_ci95":[0.642424,0.800855]},{"method":"theta_logistic","macro_f1_mean":0.574159,"macro_f1_ci95":[0.562118,0.584685]}],"framework_axis":"B-3 (master plan Addendum B Axis C-2): topic-routed classifier with soft theta gating \u2014 embedded / hierarchical use of theta on top of per-topic specialists, NOT modelled on theta directly","generated_at":"2026-05-03T19:25:41Z","builder_version":"build_topic_routed_classifier v0.1"}