{"scene_id":"pavia-university","K":9,"n_classes":9,"n_documents":1980,"samples_per_class":220,"wordification":"band-frequency","quantization_scale":12,"head":"LogisticRegression(max_iter=2000, C=1.0, l2)","split":"StratifiedKFold(n_splits=5, shuffle=True, random_state=42)","method_metrics":{"raw_logistic":{"macro_f1":{"per_fold":[0.816353,0.773638,0.793916,0.800527,0.839401],"mean":0.804767,"std":0.022084,"ci95_lo":0.785805,"ci95_hi":0.825572},"accuracy":{"per_fold":[0.815657,0.775253,0.792929,0.800505,0.838384],"mean":0.804545,"std":0.021344,"ci95_lo":0.786843,"ci95_hi":0.821717},"balanced_accuracy":{"per_fold":[0.815657,0.775253,0.792929,0.800505,0.838384],"mean":0.804545,"std":0.021344,"ci95_lo":0.785859,"ci95_hi":0.82327}},"theta_logistic":{"macro_f1":{"per_fold":[0.672409,0.647051,0.659419,0.665903,0.670951],"mean":0.663147,"std":0.009244,"ci95_lo":0.654305,"ci95_hi":0.670525},"accuracy":{"per_fold":[0.681818,0.659091,0.671717,0.681818,0.681818],"mean":0.675253,"std":0.008978,"ci95_lo":0.666162,"ci95_hi":0.681818},"balanced_accuracy":{"per_fold":[0.681818,0.659091,0.671717,0.681818,0.681818],"mean":0.675253,"std":0.008978,"ci95_lo":0.666162,"ci95_hi":0.681818}},"pca_9_logistic":{"macro_f1":{"per_fold":[0.843087,0.83661,0.803284,0.824284,0.83223],"mean":0.827899,"std":0.013742,"ci95_lo":0.815445,"ci95_hi":0.838031},"accuracy":{"per_fold":[0.843434,0.835859,0.808081,0.823232,0.833333],"mean":0.828788,"std":0.012205,"ci95_lo":0.818182,"ci95_hi":0.838384},"balanced_accuracy":{"per_fold":[0.843434,0.835859,0.808081,0.823232,0.833333],"mean":0.828788,"std":0.012205,"ci95_lo":0.818182,"ci95_hi":0.838384}},"topic_routed_soft":{"macro_f1":{"per_fold":[0.83169,0.790324,0.808181,0.810554,0.855402],"mean":0.81923,"std":0.022345,"ci95_lo":0.801038,"ci95_hi":0.837644},"accuracy":{"per_fold":[0.830808,0.790404,0.808081,0.810606,0.856061],"mean":0.819192,"std":0.022451,"ci95_lo":0.80101,"ci95_hi":0.837879},"balanced_accuracy":{"per_fold":[0.830808,0.790404,0.808081,0.810606,0.856061],"mean":0.819192,"std":0.022451,"ci95_lo":0.801515,"ci95_hi":0.841919}},"topic_routed_hard":{"macro_f1":{"per_fold":[0.829285,0.823388,0.854702,0.839167,0.823712],"mean":0.834051,"std":0.011798,"ci95_lo":0.824697,"ci95_hi":0.845381},"accuracy":{"per_fold":[0.830808,0.823232,0.853535,0.838384,0.825758],"mean":0.834343,"std":0.010903,"ci95_lo":0.825758,"ci95_hi":0.844949},"balanced_accuracy":{"per_fold":[0.830808,0.823232,0.853535,0.838384,0.825758],"mean":0.834343,"std":0.010903,"ci95_lo":0.825758,"ci95_hi":0.844444}}},"ranking_by_macro_f1_mean":[{"method":"topic_routed_hard","macro_f1_mean":0.834051,"macro_f1_ci95":[0.824697,0.845381]},{"method":"pca_9_logistic","macro_f1_mean":0.827899,"macro_f1_ci95":[0.815445,0.838031]},{"method":"topic_routed_soft","macro_f1_mean":0.81923,"macro_f1_ci95":[0.801038,0.837644]},{"method":"raw_logistic","macro_f1_mean":0.804767,"macro_f1_ci95":[0.785805,0.825572]},{"method":"theta_logistic","macro_f1_mean":0.663147,"macro_f1_ci95":[0.654305,0.670525]}],"framework_axis":"B-3 (master plan Addendum B Axis C-2): topic-routed classifier with soft theta gating \u2014 embedded / hierarchical use of theta on top of per-topic specialists, NOT modelled on theta directly","generated_at":"2026-05-03T19:15:51Z","builder_version":"build_topic_routed_classifier v0.1"}