{"scene_id":"salinas-a-corrected","K":6,"n_classes":6,"n_documents":1320,"samples_per_class":220,"wordification":"band-frequency","quantization_scale":12,"head":"LogisticRegression(max_iter=2000, C=1.0, l2)","split":"StratifiedKFold(n_splits=5, shuffle=True, random_state=42)","method_metrics":{"raw_logistic":{"macro_f1":{"per_fold":[0.996212,1.0,0.996212,0.996212,0.996212],"mean":0.996969,"std":0.001515,"ci95_lo":0.996212,"ci95_hi":0.998485},"accuracy":{"per_fold":[0.996212,1.0,0.996212,0.996212,0.996212],"mean":0.99697,"std":0.001515,"ci95_lo":0.996212,"ci95_hi":0.998485},"balanced_accuracy":{"per_fold":[0.996212,1.0,0.996212,0.996212,0.996212],"mean":0.99697,"std":0.001515,"ci95_lo":0.996212,"ci95_hi":0.998485}},"theta_logistic":{"macro_f1":{"per_fold":[0.72767,0.73266,0.69513,0.75,0.733558],"mean":0.727804,"std":0.017983,"ci95_lo":0.710142,"ci95_hi":0.742266},"accuracy":{"per_fold":[0.761364,0.765152,0.746212,0.776515,0.765152],"mean":0.762879,"std":0.009761,"ci95_lo":0.753788,"ci95_hi":0.771212},"balanced_accuracy":{"per_fold":[0.761364,0.765152,0.746212,0.776515,0.765152],"mean":0.762879,"std":0.009761,"ci95_lo":0.753788,"ci95_hi":0.771212}},"pca_6_logistic":{"macro_f1":{"per_fold":[0.988636,1.0,1.0,0.996212,0.988633],"mean":0.994696,"std":0.005139,"ci95_lo":0.99015,"ci95_hi":0.999242},"accuracy":{"per_fold":[0.988636,1.0,1.0,0.996212,0.988636],"mean":0.994697,"std":0.005138,"ci95_lo":0.990152,"ci95_hi":0.998504},"balanced_accuracy":{"per_fold":[0.988636,1.0,1.0,0.996212,0.988636],"mean":0.994697,"std":0.005138,"ci95_lo":0.990152,"ci95_hi":0.998485}},"topic_routed_soft":{"macro_f1":{"per_fold":[0.992423,1.0,0.996212,0.996212,0.996212],"mean":0.996212,"std":0.002396,"ci95_lo":0.993939,"ci95_hi":0.998485},"accuracy":{"per_fold":[0.992424,1.0,0.996212,0.996212,0.996212],"mean":0.996212,"std":0.002396,"ci95_lo":0.993939,"ci95_hi":0.998485},"balanced_accuracy":{"per_fold":[0.992424,1.0,0.996212,0.996212,0.996212],"mean":0.996212,"std":0.002396,"ci95_lo":0.993939,"ci95_hi":0.998485}},"topic_routed_hard":{"macro_f1":{"per_fold":[0.996212,0.99242,0.98859,0.992465,0.988635],"mean":0.991665,"std":0.002847,"ci95_lo":0.989374,"ci95_hi":0.993982},"accuracy":{"per_fold":[0.996212,0.992424,0.988636,0.992424,0.988636],"mean":0.991667,"std":0.002835,"ci95_lo":0.989394,"ci95_hi":0.993939},"balanced_accuracy":{"per_fold":[0.996212,0.992424,0.988636,0.992424,0.988636],"mean":0.991667,"std":0.002835,"ci95_lo":0.989394,"ci95_hi":0.993939}}},"ranking_by_macro_f1_mean":[{"method":"raw_logistic","macro_f1_mean":0.996969,"macro_f1_ci95":[0.996212,0.998485]},{"method":"topic_routed_soft","macro_f1_mean":0.996212,"macro_f1_ci95":[0.993939,0.998485]},{"method":"pca_6_logistic","macro_f1_mean":0.994696,"macro_f1_ci95":[0.99015,0.999242]},{"method":"topic_routed_hard","macro_f1_mean":0.991665,"macro_f1_ci95":[0.989374,0.993982]},{"method":"theta_logistic","macro_f1_mean":0.727804,"macro_f1_ci95":[0.710142,0.742266]}],"framework_axis":"B-3 (master plan Addendum B Axis C-2): topic-routed classifier with soft theta gating \u2014 embedded / hierarchical use of theta on top of per-topic specialists, NOT modelled on theta directly","generated_at":"2026-05-03T19:11:51Z","builder_version":"build_topic_routed_classifier v0.1"}