{"scene_id":"salinas-corrected","K":12,"n_classes":16,"n_documents":3520,"samples_per_class":220,"wordification":"band-frequency","quantization_scale":12,"head":"LogisticRegression(max_iter=2000, C=1.0, l2)","split":"StratifiedKFold(n_splits=5, shuffle=True, random_state=42)","method_metrics":{"raw_logistic":{"macro_f1":{"per_fold":[0.958657,0.951523,0.950185,0.946987,0.947452],"mean":0.950961,"std":0.004201,"ci95_lo":0.947813,"ci95_hi":0.954989},"accuracy":{"per_fold":[0.958807,0.951705,0.950284,0.947443,0.947443],"mean":0.951136,"std":0.004175,"ci95_lo":0.948011,"ci95_hi":0.954837},"balanced_accuracy":{"per_fold":[0.958807,0.951705,0.950284,0.947443,0.947443],"mean":0.951136,"std":0.004175,"ci95_lo":0.948011,"ci95_hi":0.955114}},"theta_logistic":{"macro_f1":{"per_fold":[0.601386,0.617469,0.620159,0.625982,0.625061],"mean":0.618011,"std":0.008883,"ci95_lo":0.608895,"ci95_hi":0.624265},"accuracy":{"per_fold":[0.647727,0.65625,0.65483,0.65625,0.651989],"mean":0.653409,"std":0.003239,"ci95_lo":0.650284,"ci95_hi":0.655966},"balanced_accuracy":{"per_fold":[0.647727,0.65625,0.65483,0.65625,0.651989],"mean":0.653409,"std":0.003239,"ci95_lo":0.650284,"ci95_hi":0.655966}},"pca_12_logistic":{"macro_f1":{"per_fold":[0.951508,0.938725,0.942494,0.939205,0.951292],"mean":0.944645,"std":0.005667,"ci95_lo":0.939671,"ci95_hi":0.94962},"accuracy":{"per_fold":[0.951705,0.93892,0.943182,0.93892,0.951705],"mean":0.944886,"std":0.00578,"ci95_lo":0.940604,"ci95_hi":0.95},"balanced_accuracy":{"per_fold":[0.951705,0.93892,0.943182,0.93892,0.951705],"mean":0.944886,"std":0.00578,"ci95_lo":0.939773,"ci95_hi":0.95}},"topic_routed_soft":{"macro_f1":{"per_fold":[0.961484,0.954328,0.95174,0.950084,0.953119],"mean":0.954151,"std":0.00393,"ci95_lo":0.951264,"ci95_hi":0.958104},"accuracy":{"per_fold":[0.961648,0.954545,0.951705,0.950284,0.953125],"mean":0.954261,"std":0.003957,"ci95_lo":0.951136,"ci95_hi":0.958239},"balanced_accuracy":{"per_fold":[0.961648,0.954545,0.951705,0.950284,0.953125],"mean":0.954261,"std":0.003957,"ci95_lo":0.95142,"ci95_hi":0.958239}},"topic_routed_hard":{"macro_f1":{"per_fold":[0.955965,0.948487,0.95044,0.953203,0.960063],"mean":0.953632,"std":0.00409,"ci95_lo":0.950211,"ci95_hi":0.957319},"accuracy":{"per_fold":[0.955966,0.948864,0.950284,0.953125,0.960227],"mean":0.953693,"std":0.004077,"ci95_lo":0.950284,"ci95_hi":0.957386},"balanced_accuracy":{"per_fold":[0.955966,0.948864,0.950284,0.953125,0.960227],"mean":0.953693,"std":0.004077,"ci95_lo":0.950284,"ci95_hi":0.957955}}},"ranking_by_macro_f1_mean":[{"method":"topic_routed_soft","macro_f1_mean":0.954151,"macro_f1_ci95":[0.951264,0.958104]},{"method":"topic_routed_hard","macro_f1_mean":0.953632,"macro_f1_ci95":[0.950211,0.957319]},{"method":"raw_logistic","macro_f1_mean":0.950961,"macro_f1_ci95":[0.947813,0.954989]},{"method":"pca_12_logistic","macro_f1_mean":0.944645,"macro_f1_ci95":[0.939671,0.94962]},{"method":"theta_logistic","macro_f1_mean":0.618011,"macro_f1_ci95":[0.608895,0.624265]}],"framework_axis":"B-3 (master plan Addendum B Axis C-2): topic-routed classifier with soft theta gating \u2014 embedded / hierarchical use of theta on top of per-topic specialists, NOT modelled on theta directly","generated_at":"2026-05-03T19:09:14Z","builder_version":"build_topic_routed_classifier v0.1"}