{"scene_id":"botswana","mask_id":"swir","mask_label":"SWIR-only (1100-2500 nm)","mask_description":"Shortwave-infrared bands only. Removes VNIR signal so topics can only express mineral / moisture absorption regions.","spatial_shape":[1476,256],"topic_count":12,"document_count":2775,"vocabulary_size":97,"n_bands_full":145,"n_bands_kept":97,"kept_band_indices":[48,49,50,51,52,53,54,55,56,57,58,59,60,61,62,63,64,65,66,67,68,69,70,71,72,73,74,75,76,77,78,79,80,81,82,83,84,85,86,87,88,89,90,91,92,93,94,95,96,97,98,99,100,101,102,103,104,105,106,107,108,109,110,111,112,113,114,115,116,117,118,119,120,121,122,123,124,125,126,127,128,129,130,131,132,133,134,135,136,137,138,139,140,141,142,143,144],"wavelengths_nm_kept_first_last":[1100.0,2500.0],"wavelengths_nm_kept":[1100.0,1114.58,1129.17,1143.75,1158.33,1172.92,1187.5,1202.08,1216.67,1231.25,1245.83,1260.42,1275.0,1289.58,1304.17,1318.75,1333.33,1347.92,1362.5,1377.08,1391.67,1406.25,1420.83,1435.42,1450.0,1464.58,1479.17,1493.75,1508.33,1522.92,1537.5,1552.08,1566.67,1581.25,1595.83,1610.42,1625.0,1639.58,1654.17,1668.75,1683.33,1697.92,1712.5,1727.08,1741.67,1756.25,1770.83,1785.42,1800.0,1814.58,1829.17,1843.75,1858.33,1872.92,1887.5,1902.08,1916.67,1931.25,1945.83,1960.42,1975.0,1989.58,2004.17,2018.75,2033.33,2047.92,2062.5,2077.08,2091.67,2106.25,2120.83,2135.42,2150.0,2164.58,2179.17,2193.75,2208.33,2222.92,2237.5,2252.08,2266.67,2281.25,2295.83,2310.42,2325.0,2339.58,2354.17,2368.75,2383.33,2397.92,2412.5,2427.08,2441.67,2456.25,2470.83,2485.42,2500.0],"topic_prevalence":[0.058831,0.056914,0.06684,0.063849,0.074489,0.119932,0.076794,0.058438,0.056728,0.057706,0.232743,0.076738],"topic_distance_cosine":[[0.0,0.040592,0.032882,0.029182,0.056545,0.061588,0.032682,0.031984,0.039842,0.029712,0.097248,0.034492],[0.040592,0.0,0.061171,0.051255,0.028476,0.119555,0.067049,0.037448,0.038992,0.043231,0.161522,0.072673],[0.032882,0.061171,0.0,0.034479,0.087201,0.059594,0.039579,0.045577,0.057875,0.041479,0.109448,0.037432],[0.029182,0.051255,0.034479,0.0,0.075415,0.051083,0.032739,0.044249,0.054274,0.0416,0.086484,0.033536],[0.056545,0.028476,0.087201,0.075415,0.0,0.167756,0.097256,0.045561,0.033288,0.05122,0.219054,0.104532],[0.061588,0.119555,0.059594,0.051083,0.167756,0.0,0.033699,0.094747,0.130905,0.075639,0.033588,0.038116],[0.032682,0.067049,0.039579,0.032739,0.097256,0.033699,0.0,0.061716,0.076043,0.047306,0.052661,0.025486],[0.031984,0.037448,0.045577,0.044249,0.045561,0.094747,0.061716,0.0,0.039662,0.031222,0.143541,0.054129],[0.039842,0.038992,0.057875,0.054274,0.033288,0.130905,0.076043,0.039662,0.0,0.042799,0.18704,0.07154],[0.029712,0.043231,0.041479,0.0416,0.05122,0.075639,0.047306,0.031222,0.042799,0.0,0.115956,0.040447],[0.097248,0.161522,0.109448,0.086484,0.219054,0.033588,0.052661,0.143541,0.18704,0.115956,0.0,0.069179],[0.034492,0.072673,0.037432,0.033536,0.104532,0.038116,0.025486,0.054129,0.07154,0.040447,0.069179,0.0]],"top_words_per_topic_lambda_05":[["1275nm","1756nm","2106nm","1858nm","1158nm","1450nm","1698nm","1523nm","1392nm","1173nm","1435nm","1683nm","1260nm","1610nm","1771nm"],["1567nm","2471nm","2019nm","2048nm","1640nm","2485nm","2383nm","1902nm","2135nm","2442nm","2194nm","2238nm","2398nm","2500nm","2252nm"],["1858nm","1479nm","1902nm","1888nm","1727nm","1508nm","1654nm","1844nm","1785nm","1931nm","1640nm","1946nm","1917nm","2004nm","1698nm"],["1829nm","1158nm","1508nm","2004nm","1465nm","1552nm","1144nm","1333nm","1990nm","1494nm","1742nm","1406nm","1800nm","2427nm","1362nm"],["2500nm","2369nm","2471nm","2062nm","2077nm","2267nm","2033nm","2398nm","2456nm","2238nm","2208nm","2019nm","2048nm","2442nm","2223nm"],["1465nm","1508nm","1290nm","1231nm","1304nm","1217nm","1421nm","1275nm","1538nm","1494nm","1523nm","1260nm","1377nm","1406nm","1450nm"],["1406nm","1217nm","1435nm","1523nm","1508nm","1188nm","1450nm","1100nm","1815nm","1479nm","1115nm","1304nm","1275nm","1202nm","1173nm"],["2004nm","1421nm","1990nm","2325nm","2500nm","1698nm","1727nm","2062nm","2019nm","2485nm","1538nm","1275nm","1800nm","1567nm","1552nm"],["2281nm","2310nm","1960nm","2296nm","1610nm","2062nm","2325nm","1654nm","2252nm","2179nm","1990nm","2485nm","1771nm","2383nm","2092nm"],["1377nm","1712nm","2150nm","1246nm","1115nm","1931nm","1800nm","1742nm","1421nm","2223nm","1683nm","1946nm","2354nm","1494nm","1450nm"],["1173nm","1188nm","1115nm","1202nm","1246nm","1129nm","1144nm","1275nm","1260nm","1100nm","1158nm","1290nm","1217nm","1435nm","1231nm"],["1494nm","1538nm","1523nm","1406nm","1479nm","1115nm","1319nm","1960nm","1304nm","1785nm","1421nm","1362nm","1771nm","1260nm","1392nm"]],"p_label_given_topic_dominant":[[{"label_id":1,"name":"Water","count":1,"p":0.16666666666666666},{"label_id":2,"name":"Hippo grass","count":0,"p":0.0},{"label_id":3,"name":"Floodplain grasses 1","count":1,"p":0.16666666666666666},{"label_id":4,"name":"Floodplain grasses 2","count":0,"p":0.0},{"label_id":5,"name":"Reeds","count":0,"p":0.0},{"label_id":6,"name":"Riparian","count":0,"p":0.0},{"label_id":7,"name":"Firescar","count":0,"p":0.0},{"label_id":8,"name":"Island interior","count":0,"p":0.0},{"label_id":9,"name":"Acacia woodlands","count":0,"p":0.0},{"label_id":10,"name":"Acacia shrublands","count":1,"p":0.16666666666666666},{"label_id":11,"name":"Acacia grasslands","count":3,"p":0.5},{"label_id":12,"name":"Short mopane","count":0,"p":0.0},{"label_id":13,"name":"Mixed mopane","count":0,"p":0.0},{"label_id":14,"name":"Exposed soils","count":0,"p":0.0}],[{"label_id":1,"name":"Water","count":10,"p":0.5},{"label_id":2,"name":"Hippo grass","count":0,"p":0.0},{"label_id":3,"name":"Floodplain grasses 1","count":1,"p":0.05},{"label_id":4,"name":"Floodplain grasses 2","count":1,"p":0.05},{"label_id":5,"name":"Reeds","count":0,"p":0.0},{"label_id":6,"name":"Riparian","count":0,"p":0.0},{"label_id":7,"name":"Firescar","count":2,"p":0.1},{"label_id":8,"name":"Island interior","count":0,"p":0.0},{"label_id":9,"name":"Acacia woodlands","count":0,"p":0.0},{"label_id":10,"name":"Acacia shrublands","count":0,"p":0.0},{"label_id":11,"name":"Acacia grasslands","count":4,"p":0.2},{"label_id":12,"name":"Short mopane","count":0,"p":0.0},{"label_id":13,"name":"Mixed mopane","count":0,"p":0.0},{"label_id":14,"name":"Exposed soils","count":2,"p":0.1}],[{"label_id":1,"name":"Water","count":15,"p":0.06382978723404255},{"label_id":2,"name":"Hippo grass","count":0,"p":0.0},{"label_id":3,"name":"Floodplain grasses 1","count":90,"p":0.3829787234042553},{"label_id":4,"name":"Floodplain grasses 2","count":1,"p":0.00425531914893617},{"label_id":5,"name":"Reeds","count":0,"p":0.0},{"label_id":6,"name":"Riparian","count":0,"p":0.0},{"label_id":7,"name":"Firescar","count":1,"p":0.00425531914893617},{"label_id":8,"name":"Island interior","count":20,"p":0.0851063829787234},{"label_id":9,"name":"Acacia woodlands","count":0,"p":0.0},{"label_id":10,"name":"Acacia shrublands","count":74,"p":0.3148936170212766},{"label_id":11,"name":"Acacia grasslands","count":34,"p":0.14468085106382977},{"label_id":12,"name":"Short mopane","count":0,"p":0.0},{"label_id":13,"name":"Mixed mopane","count":0,"p":0.0},{"label_id":14,"name":"Exposed soils","count":0,"p":0.0}],[{"label_id":1,"name":"Water","count":2,"p":0.16666666666666666},{"label_id":2,"name":"Hippo grass","count":0,"p":0.0},{"label_id":3,"name":"Floodplain grasses 1","count":0,"p":0.0},{"label_id":4,"name":"Floodplain grasses 2","count":0,"p":0.0},{"label_id":5,"name":"Reeds","count":0,"p":0.0},{"label_id":6,"name":"Riparian","count":0,"p":0.0},{"label_id":7,"name":"Firescar","count":0,"p":0.0},{"label_id":8,"name":"Island interior","count":0,"p":0.0},{"label_id":9,"name":"Acacia woodlands","count":0,"p":0.0},{"label_id":10,"name":"Acacia shrublands","count":8,"p":0.6666666666666666},{"label_id":11,"name":"Acacia grasslands","count":2,"p":0.16666666666666666},{"label_id":12,"name":"Short mopane","count":0,"p":0.0},{"label_id":13,"name":"Mixed mopane","count":0,"p":0.0},{"label_id":14,"name":"Exposed soils","count":0,