{"scene_id":"indian-pines-corrected","mask_id":"top_50_fisher","mask_label":"Top-50 Fisher-ratio bands","mask_description":"Keep only the 50 bands with the largest per-band Fisher discriminant ratio (from interpretability/band_cards). Topics built on the most label-discriminative subset.","spatial_shape":[145,145],"topic_count":12,"document_count":2812,"vocabulary_size":50,"n_bands_full":200,"n_bands_kept":50,"kept_band_indices":[107,108,110,111,112,113,114,146,147,148,149,151,152,153,154,155,156,157,158,159,160,161,162,163,164,165,166,167,168,169,170,171,172,173,174,175,176,177,178,179,180,181,182,183,184,185,186,187,189,190],"wavelengths_nm_kept_first_last":[1529.145751953125,2405.025146484375],"wavelengths_nm_kept":[1529.15,1539.7,1560.8,1571.36,1581.91,1592.46,1603.02,1940.7,1951.26,1961.81,1972.36,1993.47,2004.02,2014.57,2025.13,2035.68,2046.23,2056.78,2067.34,2077.89,2088.44,2098.99,2109.55,2120.1,2130.65,2141.21,2151.76,2162.31,2172.86,2183.42,2193.97,2204.52,2215.08,2225.63,2236.18,2246.73,2257.29,2267.84,2278.39,2288.94,2299.5,2310.05,2320.6,2331.16,2341.71,2352.26,2362.81,2373.37,2394.47,2405.03],"topic_prevalence":[0.072252,0.068003,0.093137,0.074132,0.069884,0.187302,0.06941,0.082311,0.068404,0.068931,0.071041,0.075194],"topic_distance_cosine":[[0.0,0.028497,0.027991,0.023633,0.035829,0.049767,0.023901,0.03604,0.025921,0.023187,0.037327,0.023051],[0.028497,0.0,0.051859,0.040192,0.028182,0.083242,0.02486,0.051907,0.028233,0.023571,0.034269,0.030849],[0.027991,0.051859,0.0,0.045396,0.068538,0.044674,0.055333,0.045886,0.049426,0.041602,0.043225,0.031222],[0.023633,0.040192,0.045396,0.0,0.041018,0.059746,0.031129,0.050335,0.035188,0.026279,0.038109,0.030545],[0.035829,0.028182,0.068538,0.041018,0.0,0.104378,0.030193,0.064514,0.028213,0.029849,0.042796,0.040971],[0.049767,0.083242,0.044674,0.059746,0.104378,0.0,0.082343,0.059817,0.077673,0.063369,0.092778,0.05384],[0.023901,0.02486,0.055333,0.031129,0.030193,0.082343,0.0,0.056142,0.033408,0.026219,0.043258,0.033281],[0.03604,0.051907,0.045886,0.050335,0.064514,0.059817,0.056142,0.0,0.043715,0.037959,0.042562,0.034007],[0.025921,0.028233,0.049426,0.035188,0.028213,0.077673,0.033408,0.043715,0.0,0.02411,0.03147,0.031009],[0.023187,0.023571,0.041602,0.026279,0.029849,0.063369,0.026219,0.037959,0.02411,0.0,0.027683,0.024856],[0.037327,0.034269,0.043225,0.038109,0.042796,0.092778,0.043258,0.042562,0.03147,0.027683,0.0,0.042704],[0.023051,0.030849,0.031222,0.030545,0.040971,0.05384,0.033281,0.034007,0.031009,0.024856,0.042704,0.0]],"top_words_per_topic_lambda_05":[["1582nm","2247nm","2226nm","2004nm","2194nm","2310nm","2352nm","2236nm","1592nm","2183nm","2321nm","1529nm","1951nm","2131nm","1941nm"],["2078nm","2131nm","2205nm","2025nm","2120nm","2363nm","2110nm","2299nm","2099nm","2015nm","2236nm","2342nm","1951nm","2405nm","2373nm"],["2183nm","1941nm","2236nm","2194nm","2205nm","2152nm","1529nm","2162nm","1540nm","1993nm","2173nm","1582nm","1951nm","1592nm","2141nm"],["1972nm","1561nm","2310nm","2257nm","1582nm","2321nm","1540nm","2152nm","2247nm","2215nm","1571nm","2236nm","2141nm","2004nm","2067nm"],["2394nm","2088nm","2405nm","2352nm","2110nm","2205nm","2268nm","2215nm","2331nm","2247nm","1951nm","2363nm","2321nm","2162nm","2310nm"],["1603nm","1592nm","1582nm","1561nm","1540nm","2194nm","1529nm","1571nm","2162nm","1993nm","2152nm","2205nm","2215nm","2226nm","2405nm"],["2310nm","2247nm","2257nm","2046nm","2194nm","2078nm","2289nm","2299nm","2173nm","2342nm","1962nm","2088nm","2131nm","2363nm","1941nm"],["1571nm","2215nm","1592nm","1529nm","2173nm","2004nm","1962nm","1561nm","1603nm","1951nm","2057nm","1993nm","1972nm","1540nm","2194nm"],["2015nm","2321nm","2352nm","1962nm","2268nm","2152nm","2394nm","2278nm","2173nm","2183nm","2057nm","2215nm","2046nm","2036nm","2131nm"],["2405nm","2394nm","1962nm","2046nm","2141nm","2342nm","2120nm","2099nm","2067nm","1540nm","2004nm","2162nm","2331nm","1972nm","2373nm"],["1972nm","2015nm","2025nm","1941nm","1962nm","2036nm","2046nm","2162nm","2057nm","2194nm","2004nm","2183nm","2067nm","2278nm","2078nm"],["1993nm","1941nm","2215nm","2226nm","1571nm","2299nm","2257nm","2363nm","1603nm","2205nm","1962nm","2278nm","1582nm","1592nm","1540nm"]],"p_label_given_topic_dominant":[[{"label_id":1,"name":"Alfalfa","count":0,"p":0.0},{"label_id":2,"name":"Corn-notill","count":2,"p":0.16666666666666666},{"label_id":3,"name":"Corn-mintill","count":0,"p":0.0},{"label_id":4,"name":"Corn","count":5,"p":0.4166666666666667},{"label_id":5,"name":"Grass-pasture","count":0,"p":0.0},{"label_id":6,"name":"Grass-trees","count":0,"p":0.0},{"label_id":7,"name":"Grass-pasture-mowed","count":0,"p":0.0},{"label_id":8,"name":"Hay-windrowed","count":0,"p":0.0},{"label_id":9,"name":"Oats","count":0,"p":0.0},{"label_id":10,"name":"Soybean-notill","count":1,"p":0.08333333333333333},{"label_id":11,"name":"Soybean-mintill","count":2,"p":0.16666666666666666},{"label_id":12,"name":"Soybean-clean","count":0,"p":0.0},{"label_id":13,"name":"Wheat","count":1,"p":0.08333333333333333},{"label_id":14,"name":"Woods","count":0,"p":0.0},{"label_id":15,"name":"Buildings-Grass-Trees-Drives","count":1,"p":0.08333333333333333},{"label_id":16,"name":"Stone-Steel-Towers","count":0,"p":0.0}],[{"label_id":1,"name":"Alfalfa","count":0,"p":0.0},{"label_id":2,"name":"Corn-notill","count":19,"p":0.24358974358974358},{"label_id":3,"name":"Corn-mintill","count":4,"p":0.05128205128205128},{"label_id":4,"name":"Corn","count":4,"p":0.05128205128205128},{"label_id":5,"name":"Grass-pasture","count":1,"p":0.01282051282051282},{"label_id":6,"name":"Grass-trees","count":1,"p":0.01282051282051282},{"label_id":7,"name":"Grass-pasture-mowed","count":0,"p":0.0},{"label_id":8,"name":"Hay-windrowed","count":0,"p":0.0},{"label_id":9,"name":"Oats","count":0,"p":0.0},{"label_id":10,"name":"Soybean-notill","count":7,"p":0.08974358974358974},{"label_id":11,"name":"Soybean-mintill","count":10,"p":0.1282051282051282},{"label_id":12,"name":"Soybean-clean","count":24,"p":0.3076923076923077},{"label_id":13,"name":"Wheat","count":2,"p":0.02564102564102564},{"label_id":14,"name":"Woods","count":0,"p":0.0},{"label_id":15,"name":"Buildings-Grass-Trees-Drives","count":0,"p":0.0},{"label_id":16,"name":"Stone-Steel-Towers","count":6,"p":0.07692307692307693}],[{"label_id":1,"name":"Alfalfa","count":0,"p":0.0},{"label_id":2,"name":"Corn-notill","count":8,"p":0.06153846153846154},{"label_id":3,"name":"Corn-mintill","count":1,"p":0.007692307692307693},{"label_id":4,"name":"Corn","count":1,"p":0.007692307692307693},{"label_id":5,"name":"Grass-pasture","count":4,"p":0.03076923076923077},{"label_id":6,"name":"Grass-trees","count":34,"p":0.26153846153846155},{"label_id":7,"name":"Grass-pasture-mowed","count":1,"p":0.007692307692307693},{"label_id":8,"name":"Hay-windrowed","count":1,"p":0.007692307692307693},{"label_id":9,"name":"Oats","count":1,"p":0.007692307692307693},{"label_id":10,"name":"Soybean-notill","count":9,"p":0.06923076923076923},{"label_id":11,"name":"Soybean-mintill","count":8,"p":0.06153846153846154},{"label_id":12,"name":"Soybean-clean","count":1,"p":0.007692307692307693},{"label_id":13,"name":"Wheat","count":26,"p":0.2},{"label_id":14,"name":"Woods","count":11,"p":0.08461538461538462},{"label_id":15,"name":"Buildings-Grass-Trees-Drives","count":23,"p":0.17692307692307693},{"label_id":16,"name":"Stone-Steel-Towers","count":1,"p":0.007692307692307693}],[{"label_id":1,"name":"Alfalfa","count":0,"p":0.0},{"label_id":2,"name":"Corn-notill","count":10,"p":0.1724137931034483},{"label_id":3,"name":"Corn-mintill","count":3,"p":0.05172413793103448},{"label_id":4,"name":"Corn","count":13,"p":0.22413793103448276},{"label_id":5,"name":"Grass-pasture","count":1,"p":0.017241379310344827},{"label_id":6,"name":"Grass-trees","count":1,"p":0.017241379310344827},{"label_id":7,"name":"Grass-pasture-mowed","count":0,"p":0.0},{"label_id":8,"name":"Hay-windrowed","count":0,"p":0.0},{"label_id":9,"name":"Oats","count":7,"p":0.1206896551724138},{"label_id":10,