{"scene_id":"botswana","mask_id":"vnir","mask_label":"VNIR-only (400-1100 nm)","mask_description":"Visible + near-infrared bands only. Removes SWIR signal so topics can only express visible-light + chlorophyll-region absorption.","spatial_shape":[1476,256],"topic_count":12,"document_count":2775,"vocabulary_size":49,"n_bands_full":145,"n_bands_kept":49,"kept_band_indices":[0,1,2,3,4,5,6,7,8,9,10,11,12,13,14,15,16,17,18,19,20,21,22,23,24,25,26,27,28,29,30,31,32,33,34,35,36,37,38,39,40,41,42,43,44,45,46,47,48],"wavelengths_nm_kept_first_last":[400.0,1100.0],"wavelengths_nm_kept":[400.0,414.58,429.17,443.75,458.33,472.92,487.5,502.08,516.67,531.25,545.83,560.42,575.0,589.58,604.17,618.75,633.33,647.92,662.5,677.08,691.67,706.25,720.83,735.42,750.0,764.58,779.17,793.75,808.33,822.92,837.5,852.08,866.67,881.25,895.83,910.42,925.0,939.58,954.17,968.75,983.33,997.92,1012.5,1027.08,1041.67,1056.25,1070.83,1085.42,1100.0],"topic_prevalence":[0.081124,0.173047,0.179558,0.075074,0.076502,0.023625,0.063241,0.040167,0.033987,0.088938,0.093607,0.07113],"topic_distance_cosine":[[0.0,0.141484,0.025482,0.015057,0.052697,0.359159,0.05674,0.069642,0.093284,0.058403,0.048979,0.042789],[0.141484,0.0,0.200062,0.127534,0.073194,0.383603,0.058095,0.141996,0.170836,0.044382,0.060856,0.072788],[0.025482,0.200062,0.0,0.035332,0.06729,0.372748,0.081416,0.08718,0.112637,0.079554,0.069428,0.076473],[0.015057,0.127534,0.035332,0.0,0.051564,0.358581,0.060099,0.063897,0.100967,0.054472,0.042095,0.042111],[0.052697,0.073194,0.06729,0.051564,0.0,0.37909,0.039015,0.077314,0.127556,0.036389,0.032499,0.044496],[0.359159,0.383603,0.372748,0.358581,0.37909,0.0,0.298575,0.255026,0.20723,0.380186,0.399731,0.332798],[0.05674,0.058095,0.081416,0.060099,0.039015,0.298575,0.0,0.066193,0.078644,0.031621,0.038971,0.043267],[0.069642,0.141996,0.08718,0.063897,0.077314,0.255026,0.066193,0.0,0.051594,0.094731,0.091359,0.068941],[0.093284,0.170836,0.112637,0.100967,0.127556,0.20723,0.078644,0.051594,0.0,0.125731,0.123392,0.089862],[0.058403,0.044382,0.079554,0.054472,0.036389,0.380186,0.031621,0.094731,0.125731,0.0,0.022867,0.033608],[0.048979,0.060856,0.069428,0.042095,0.032499,0.399731,0.038971,0.091359,0.123392,0.022867,0.0,0.033541],[0.042789,0.072788,0.076473,0.042111,0.044496,0.332798,0.043267,0.068941,0.089862,0.033608,0.033541,0.0]],"top_words_per_topic_lambda_05":[["0983nm","1056nm","1042nm","0998nm","0896nm","1012nm","0910nm","1100nm","0881nm","1027nm","0940nm","0954nm","1085nm","1071nm","0838nm"],["1100nm","1085nm","1056nm","1071nm","0735nm","0429nm","0983nm","1042nm","0750nm","0473nm","0969nm","0954nm","1012nm","0488nm","0692nm"],["0925nm","0852nm","0867nm","0881nm","0969nm","1012nm","1027nm","0838nm","0954nm","1100nm","0998nm","0910nm","0896nm","0983nm","0940nm"],["1042nm","0954nm","1056nm","0969nm","0940nm","1071nm","0983nm","0910nm","1012nm","1085nm","0998nm","0896nm","0881nm","0838nm","1027nm"],["0852nm","0910nm","0969nm","0925nm","0881nm","0998nm","0779nm","1056nm","0838nm","1027nm","0983nm","1085nm","1012nm","1071nm","1042nm"],["0400nm","1071nm","1100nm","1085nm","0415nm","0429nm","1042nm","1027nm","1056nm","1012nm","0896nm","0940nm","0925nm","0910nm","0823nm"],["1085nm","1056nm","1071nm","0998nm","1012nm","1100nm","0925nm","0983nm","0896nm","0852nm","0808nm","0838nm","0881nm","0867nm","0779nm"],["1071nm","1085nm","0969nm","0925nm","1027nm","1012nm","1100nm","1042nm","0983nm","0910nm","0998nm","1056nm","0954nm","0896nm","0940nm"],["1071nm","1100nm","1085nm","1056nm","0429nm","0940nm","0896nm","1042nm","0983nm","1012nm","0925nm","0867nm","0910nm","0838nm","0852nm"],["0896nm","0925nm","1027nm","0838nm","0794nm","0867nm","1100nm","0954nm","0852nm","1012nm","0823nm","0881nm","1071nm","1042nm","0808nm"],["1100nm","0940nm","0969nm","0954nm","0808nm","0983nm","1027nm","0925nm","0998nm","0896nm","1042nm","0867nm","1085nm","0794nm","0881nm"],["1100nm","1027nm","1042nm","1085nm","1012nm","1056nm","1071nm","0925nm","0983nm","0823nm","0838nm","0881nm","0954nm","0867nm","0940nm"]],"p_label_given_topic_dominant":[[{"label_id":1,"name":"Water","count":16,"p":0.4444444444444444},{"label_id":2,"name":"Hippo grass","count":0,"p":0.0},{"label_id":3,"name":"Floodplain grasses 1","count":0,"p":0.0},{"label_id":4,"name":"Floodplain grasses 2","count":3,"p":0.08333333333333333},{"label_id":5,"name":"Reeds","count":0,"p":0.0},{"label_id":6,"name":"Riparian","count":2,"p":0.05555555555555555},{"label_id":7,"name":"Firescar","count":0,"p":0.0},{"label_id":8,"name":"Island interior","count":0,"p":0.0},{"label_id":9,"name":"Acacia woodlands","count":7,"p":0.19444444444444445},{"label_id":10,"name":"Acacia shrublands","count":0,"p":0.0},{"label_id":11,"name":"Acacia grasslands","count":0,"p":0.0},{"label_id":12,"name":"Short mopane","count":6,"p":0.16666666666666666},{"label_id":13,"name":"Mixed mopane","count":2,"p":0.05555555555555555},{"label_id":14,"name":"Exposed soils","count":0,"p":0.0}],[{"label_id":1,"name":"Water","count":21,"p":0.01895306859205776},{"label_id":2,"name":"Hippo grass","count":0,"p":0.0},{"label_id":3,"name":"Floodplain grasses 1","count":92,"p":0.08303249097472924},{"label_id":4,"name":"Floodplain grasses 2","count":4,"p":0.0036101083032490976},{"label_id":5,"name":"Reeds","count":2,"p":0.0018050541516245488},{"label_id":6,"name":"Riparian","count":0,"p":0.0},{"label_id":7,"name":"Firescar","count":216,"p":0.19494584837545126},{"label_id":8,"name":"Island interior","count":137,"p":0.12364620938628158},{"label_id":9,"name":"Acacia woodlands","count":2,"p":0.0018050541516245488},{"label_id":10,"name":"Acacia shrublands","count":158,"p":0.14259927797833935},{"label_id":11,"name":"Acacia grasslands","count":220,"p":0.19855595667870035},{"label_id":12,"name":"Short mopane","count":61,"p":0.055054151624548735},{"label_id":13,"name":"Mixed mopane","count":100,"p":0.09025270758122744},{"label_id":14,"name":"Exposed soils","count":95,"p":0.08574007220216606}],[{"label_id":1,"name":"Water","count":95,"p":0.0847457627118644},{"label_id":2,"name":"Hippo grass","count":101,"p":0.09009812667261374},{"label_id":3,"name":"Floodplain grasses 1","count":3,"p":0.0026761819803746653},{"label_id":4,"name":"Floodplain grasses 2","count":122,"p":0.10883140053523639},{"label_id":5,"name":"Reeds","count":209,"p":0.1864406779661017},{"label_id":6,"name":"Riparian","count":214,"p":0.19090098126672614},{"label_id":7,"name":"Firescar","count":3,"p":0.0026761819803746653},{"label_id":8,"name":"Island interior","count":0,"p":0.0},{"label_id":9,"name":"Acacia woodlands","count":178,"p":0.15878679750223015},{"label_id":10,"name":"Acacia shrublands","count":24,"p":0.021409455842997322},{"label_id":11,"name":"Acacia grasslands","count":0,"p":0.0},{"label_id":12,"name":"Short mopane","count":76,"p":0.06779661016949153},{"label_id":13,"name":"Mixed mopane","count":96,"p":0.08563782337198929},{"label_id":14,"name":"Exposed soils","count":0,"p":0.0}],[{"label_id":1,"name":"Water","count":2,"p":0.058823529411764705},{"label_id":2,"name":"Hippo grass","count":0,"p":0.0},{"label_id":3,"name":"Floodplain grasses 1","count":0,"p":0.0},{"label_id":4,"name":"Floodplain grasses 2","count":14,"p":0.4117647058823529},{"label_id":5,"name":"Reeds","count":0,"p":0.0},{"label_id":6,"name":"Riparian","count":0,"p":0.0},{"label_id":7,"name":"Firescar","count":0,"p":0.0},{"label_id":8,"name":"Island interior","count":0,"p":0.0},{"label_id":9,"name":"Acacia woodlands","count":11,"p":0.3235294117647059},{"label_id":10,"name":"Acacia shrublands","count":1,"p":0.029411764705882353},{"label_id":11,"name":"Acacia grasslands","count":0,"p":0.0},{"label_id":12,"name":"Short mopane","count":2,"p":0.058823529411764705},{"label_id":13,"name":"Mixed mopane","count":4,"p":0.11764705882352941},{"label_id":14,"name":"Exposed soils","count":0,"p":0.0}],[{"label_id":1,"name":"Water","count":4,"p":0.11764705882352941},{"label_id":2,"name":"Hippo grass","count":0,"p":0.0},{"label_id":3,"name":"Floodplain grasses 1","count":3,