{"scene_id":"botswana","topic_count":12,"n_documents":2775,"label_entropy_nats":2.612253,"label_entropy_bits":3.768684,"method_mi":{"theta":{"label_entropy_nats":2.612253,"per_feature_mi_sum_nats":13.087628,"joint_mi_clipped_to_label_entropy":2.612253,"conditional_entropy_proxy_H_y_given_x":0.0,"per_feature_mi":[1.015662,1.248695,1.359925,1.128961,0.730407,1.26966,1.344785,1.344018,0.936114,0.580129,1.217299,0.911972],"latent_dim":12},"beta_vae_16":{"label_entropy_nats":2.612253,"per_feature_mi_sum_nats":16.36235,"joint_mi_clipped_to_label_entropy":2.612253,"conditional_entropy_proxy_H_y_given_x":0.0,"per_feature_mi":[0.959419,1.064325,1.048528,1.044422,1.061343,1.072577,1.00581,1.073385,1.007689,0.874899,0.992195,1.014978,1.079811,1.082313,1.03788,0.942775],"latent_dim":16},"beta_vae_32":{"label_entropy_nats":2.612253,"per_feature_mi_sum_nats":23.946213,"joint_mi_clipped_to_label_entropy":2.612253,"conditional_entropy_proxy_H_y_given_x":0.0,"per_feature_mi":[0.821498,0.818954,0.828698,0.764612,0.8283,0.770627,0.822751,0.797502,0.507377,0.776136,0.717032,0.594926,0.784355,0.679017,0.826687,0.687729,0.322089,0.786525,0.822636,0.7958,0.777872,0.779128,0.7907,0.651062,0.80966,0.782539,0.82463,0.826761,0.764024,0.560985,0.807068,0.818533],"latent_dim":32},"beta_vae_4":{"label_entropy_nats":2.612253,"per_feature_mi_sum_nats":2.555204,"joint_mi_clipped_to_label_entropy":2.555204,"conditional_entropy_proxy_H_y_given_x":0.057049,"per_feature_mi":[0.756653,0.541746,0.747288,0.509517],"latent_dim":4},"beta_vae_8":{"label_entropy_nats":2.612253,"per_feature_mi_sum_nats":8.67062,"joint_mi_clipped_to_label_entropy":2.612253,"conditional_entropy_proxy_H_y_given_x":0.0,"per_feature_mi":[1.159686,1.184213,0.829576,0.962018,1.177599,1.133077,1.162808,1.061643],"latent_dim":8},"beta_vae_b16_8":{"label_entropy_nats":2.612253,"per_feature_mi_sum_nats":5.492531,"joint_mi_clipped_to_label_entropy":2.612253,"conditional_entropy_proxy_H_y_given_x":0.0,"per_feature_mi":[0.755058,0.728662,0.757264,0.84532,0.833426,0.31126,0.647156,0.614385],"latent_dim":8},"beta_vae_b1_8":{"label_entropy_nats":2.612253,"per_feature_mi_sum_nats":7.583384,"joint_mi_clipped_to_label_entropy":2.612253,"conditional_entropy_proxy_H_y_given_x":0.0,"per_feature_mi":[1.106337,0.97161,0.84043,0.988995,0.805846,1.137607,0.964056,0.768502],"latent_dim":8},"beta_vae_b2_8":{"label_entropy_nats":2.612253,"per_feature_mi_sum_nats":8.188317,"joint_mi_clipped_to_label_entropy":2.612253,"conditional_entropy_proxy_H_y_given_x":0.0,"per_feature_mi":[1.159649,0.856991,1.233909,0.89896,1.065643,1.029559,1.199216,0.74439],"latent_dim":8},"beta_vae_b8_8":{"label_entropy_nats":2.612253,"per_feature_mi_sum_nats":7.313545,"joint_mi_clipped_to_label_entropy":2.612253,"conditional_entropy_proxy_H_y_given_x":0.0,"per_feature_mi":[0.864386,1.000624,0.775112,0.903435,1.023404,0.948359,1.009051,0.789174],"latent_dim":8},"cae_1d_16":{"label_entropy_nats":2.612253,"per_feature_mi_sum_nats":16.604596,"joint_mi_clipped_to_label_entropy":2.612253,"conditional_entropy_proxy_H_y_given_x":0.0,"per_feature_mi":[1.089261,1.135083,1.107069,1.063389,1.143023,0.81737,1.199408,0.977421,0.972903,1.066184,0.995715,1.068052,0.80824,0.959781,1.120576,1.081121],"latent_dim":16},"cae_1d_32":{"label_entropy_nats":2.612253,"per_feature_mi_sum_nats":33.711576,"joint_mi_clipped_to_label_entropy":2.612253,"conditional_entropy_proxy_H_y_given_x":0.0,"per_feature_mi":[1.073325,1.111495,0.912226,1.107822,1.133061,0.885211,1.175488,1.219735,1.131687,1.135616,0.887554,0.983486,0.984969,0.990569,1.122967,0.97609,1.180737,1.078646,1.141597,0.972155,0.903423,1.03247,1.109796,1.148843,0.645985,0.998941,1.118595,1.139849,1.026086,1.138034,1.080143,1.164974],"latent_dim":32},"cae_1d_4":{"label_entropy_nats":2.612253,"per_feature_mi_sum_nats":4.264015,"joint_mi_clipped_to_label_entropy":2.612253,"conditional_entropy_proxy_H_y_given_x":0.0,"per_feature_mi":[0.974325,1.097456,1.042525,1.149709],"latent_dim":4},"cae_1d_8":{"label_entropy_nats":2.612253,"per_feature_mi_sum_nats":8.430824,"joint_mi_clipped_to_label_entropy":2.612253,"conditional_entropy_proxy_H_y_given_x":0.0,"per_feature_mi":[1.136819,0.997094,1.029096,1.025229,0.958624,1.004547,1.190605,1.088809],"latent_dim":8},"cae_2d_16":{"label_entropy_nats":2.612253,"per_feature_mi_sum_nats":12.98508,"joint_mi_clipped_to_label_entropy":2.612253,"conditional_entropy_proxy_H_y_given_x":0.0,"per_feature_mi":[1.077744,0.682931,1.087822,0.800144,0.756441,1.030988,0.495963,1.077131,1.090144,1.119737,1.125562,0.612297,0.30416,0.764408,0.716942,0.242668],"latent_dim":16},"cae_2d_32":{"label_entropy_nats":2.612253,"per_feature_mi_sum_nats":25.189909,"joint_mi_clipped_to_label_entropy":2.612253,"conditional_entropy_proxy_H_y_given_x":0.0,"per_feature_mi":[0.776678,0.752198,0.520376,0.505316,0.704123,0.759927,0.815069,0.73657,0.823339,0.580482,1.065176,0.635197,1.103124,0.807662,1.064877,0.526643,1.005361,1.039061,0.788153,0.877373,0.774318,1.201429,0.835457,0.807373,1.099588,1.03387,0.64252,0.276376,0.53914,0.992902,0.67881,0.421421],"latent_dim":32},"cae_2d_4":{"label_entropy_nats":2.612253,"per_feature_mi_sum_nats":4.548549,"joint_mi_clipped_to_label_entropy":2.612253,"conditional_entropy_proxy_H_y_given_x":0.0,"per_feature_mi":[1.161715,1.113773,1.073801,1.19926],"latent_dim":4},"cae_2d_8":{"label_entropy_nats":2.612253,"per_feature_mi_sum_nats":8.14525,"joint_mi_clipped_to_label_entropy":2.612253,"conditional_entropy_proxy_H_y_given_x":0.0,"per_feature_mi":[1.191552,1.111321,1.017844,0.976909,0.901845,1.123795,0.934626,0.887358],"latent_dim":8},"cae_3d_16":{"label_entropy_nats":2.612253,"per_feature_mi_sum_nats":15.46485,"joint_mi_clipped_to_label_entropy":2.612253,"conditional_entropy_proxy_H_y_given_x":0.0,"per_feature_mi":[0.956413,1.082664,0.963691,1.204396,0.997875,0.902997,0.91497,1.019981,0.709382,0.906879,0.901315,0.920332,1.214099,0.941922,0.900299,0.927635],"latent_dim":16},"cae_3d_32":{"label_entropy_nats":2.612253,"per_feature_mi_sum_nats":28.539586,"joint_mi_clipped_to_label_entropy":2.612253,"conditional_entropy_proxy_H_y_given_x":0.0,"per_feature_mi":[0.787621,0.844062,0.830701,0.839284,0.506728,0.83035,0.851212,0.776389,0.870768,0.680143,0.896516,0.9026,1.239882,0.930723,0.968952,1.047232,0.904392,0.794922,0.904173,0.953815,0.976745,0.711267,0.860135,0.942263,0.950752,0.962923,0.93633,1.177773,0.855613,0.942209,1.046079,0.817035],"latent_dim":32},"cae_3d_4":{"label_entropy_nats":2.612253,"per_feature_mi_sum_nats":3.821218,"joint_mi_clipped_to_label_entropy":2.612253,"conditional_entropy_proxy_H_y_given_x":0.0,"per_feature_mi":[1.008009,0.917697,1.005168,0.890343],"latent_dim":4},"cae_3d_8":{"label_entropy_nats":2.612253,"per_feature_mi_sum_nats":7.151368,"joint_mi_clipped_to_label_entropy":2.612253,"conditional_entropy_proxy_H_y_given_x":0.0,"per_feature_mi":[0.856554,0.581793,1.021315,1.154827,0.878762,0.845281,0.995257,0.817578],"latent_dim":8},"dense_ae_8":{"label_entropy_nats":2.612253,"per_feature_mi_sum_nats":5.463987,"joint_mi_clipped_to_label_entropy":2.612253,"conditional_entropy_proxy_H_y_given_x":0.0,"per_feature_mi":[0.952548,1.296201,0.984474,1.154615,0.014433,0.0,0.0,1.061716],"latent_dim":8},"ica_10":{"label_entropy_nats":2.612253,"per_feature_mi_sum_nats":4.25541,"joint_mi_clipped_to_label_entropy":2.612253,"conditional_entropy_proxy_H_y_given_x":0.0,"per_feature_mi":[0.343171,0.350852,0.609448,0.658006,0.069183,0.303445,0.155329,0.768029,0.368781,0.629168],"latent_dim":10},"nmf_20":{"label_entropy_nats":2.612253,"per_feature_mi_sum_nats":9.379461,"joint_mi_clipped_to_label_entropy":2.612253,"conditional_entropy_proxy_H_y_given_x":0.0,"per_feature_mi":[0.895442,0.823332,1.030928,0.720585,0.353287,0.773574,0.732494,0.238239,0.290665,0.334119,0.16941,0.394502,0.158525,0.235747,0.348776,0.272026,0.28645,0.181785,0.490046,0.649529],"latent_dim":20},"nmf_8":{"label_entropy_nats":2.612253,"per_feature_mi_sum_nats":6.245366,"joint_mi_clipped_to_label_entropy":2.612253,