{"scene_id":"botswana","topic_count":12,"n_documents":2775,"label_entropy_nats":2.612253,"label_entropy_bits":3.768684,"method_mi":{"theta":{"label_entropy_nats":2.612253,"per_feature_mi_sum_nats":13.087628,"joint_mi_clipped_to_label_entropy":2.612253,"conditional_entropy_proxy_H_y_given_x":0.0,"per_feature_mi":[1.015662,1.248695,1.359925,1.128961,0.730407,1.26966,1.344785,1.344018,0.936114,0.580129,1.217299,0.911972],"latent_dim":12},"beta_vae_8":{"label_entropy_nats":2.612253,"per_feature_mi_sum_nats":8.67062,"joint_mi_clipped_to_label_entropy":2.612253,"conditional_entropy_proxy_H_y_given_x":0.0,"per_feature_mi":[1.159686,1.184213,0.829576,0.962018,1.177599,1.133077,1.162808,1.061643],"latent_dim":8},"cae_1d_8":{"label_entropy_nats":2.612253,"per_feature_mi_sum_nats":8.430824,"joint_mi_clipped_to_label_entropy":2.612253,"conditional_entropy_proxy_H_y_given_x":0.0,"per_feature_mi":[1.136819,0.997094,1.029096,1.025229,0.958624,1.004547,1.190605,1.088809],"latent_dim":8},"cae_2d_8":{"label_entropy_nats":2.612253,"per_feature_mi_sum_nats":8.14525,"joint_mi_clipped_to_label_entropy":2.612253,"conditional_entropy_proxy_H_y_given_x":0.0,"per_feature_mi":[1.191552,1.111321,1.017844,0.976909,0.901845,1.123795,0.934626,0.887358],"latent_dim":8},"cae_3d_8":{"label_entropy_nats":2.612253,"per_feature_mi_sum_nats":7.151368,"joint_mi_clipped_to_label_entropy":2.612253,"conditional_entropy_proxy_H_y_given_x":0.0,"per_feature_mi":[0.856554,0.581793,1.021315,1.154827,0.878762,0.845281,0.995257,0.817578],"latent_dim":8},"dense_ae_8":{"label_entropy_nats":2.612253,"per_feature_mi_sum_nats":5.463987,"joint_mi_clipped_to_label_entropy":2.612253,"conditional_entropy_proxy_H_y_given_x":0.0,"per_feature_mi":[0.952548,1.296201,0.984474,1.154615,0.014433,0.0,0.0,1.061716],"latent_dim":8},"ica_10":{"label_entropy_nats":2.612253,"per_feature_mi_sum_nats":4.25541,"joint_mi_clipped_to_label_entropy":2.612253,"conditional_entropy_proxy_H_y_given_x":0.0,"per_feature_mi":[0.343171,0.350852,0.609448,0.658006,0.069183,0.303445,0.155329,0.768029,0.368781,0.629168],"latent_dim":10},"nmf_20":{"label_entropy_nats":2.612253,"per_feature_mi_sum_nats":9.379461,"joint_mi_clipped_to_label_entropy":2.612253,"conditional_entropy_proxy_H_y_given_x":0.0,"per_feature_mi":[0.895442,0.823332,1.030928,0.720585,0.353287,0.773574,0.732494,0.238239,0.290665,0.334119,0.16941,0.394502,0.158525,0.235747,0.348776,0.272026,0.28645,0.181785,0.490046,0.649529],"latent_dim":20},"nmf_8":{"label_entropy_nats":2.612253,"per_feature_mi_sum_nats":6.245366,"joint_mi_clipped_to_label_entropy":2.612253,"conditional_entropy_proxy_H_y_given_x":0.0,"per_feature_mi":[0.999966,0.955694,1.080392,0.53585,0.505322,0.925459,0.730516,0.512165],"latent_dim":8},"pca_10":{"label_entropy_nats":2.612253,"per_feature_mi_sum_nats":5.441202,"joint_mi_clipped_to_label_entropy":2.612253,"conditional_entropy_proxy_H_y_given_x":0.0,"per_feature_mi":[1.09613,1.098318,0.716291,0.431267,0.699702,0.339201,0.632135,0.188815,0.126735,0.112608],"latent_dim":10},"pca_3":{"label_entropy_nats":2.612253,"per_feature_mi_sum_nats":2.910771,"joint_mi_clipped_to_label_entropy":2.612253,"conditional_entropy_proxy_H_y_given_x":0.0,"per_feature_mi":[1.096143,1.098318,0.71631],"latent_dim":3},"pca_30":{"label_entropy_nats":2.612253,"per_feature_mi_sum_nats":6.377837,"joint_mi_clipped_to_label_entropy":2.612253,"conditional_entropy_proxy_H_y_given_x":0.0,"per_feature_mi":[1.096143,1.098318,0.716317,0.431301,0.699688,0.339201,0.63214,0.18878,0.126716,0.11262,0.059339,0.054286,0.07183,0.074403,0.02686,0.057782,0.082404,0.041552,0.054161,0.027188,0.056819,0.027783,0.032822,0.021718,0.067887,0.031202,0.031314,0.057722,0.008551,0.050992],"latent_dim":30}},"ranking_by_joint_mi":[{"method":"theta","latent_dim":12,"joint_mi_clipped":2.612253,"fraction_of_label_entropy_recovered":1.0},{"method":"beta_vae_8","latent_dim":8,"joint_mi_clipped":2.612253,"fraction_of_label_entropy_recovered":1.0},{"method":"cae_1d_8","latent_dim":8,"joint_mi_clipped":2.612253,"fraction_of_label_entropy_recovered":1.0},{"method":"cae_2d_8","latent_dim":8,"joint_mi_clipped":2.612253,"fraction_of_label_entropy_recovered":1.0},{"method":"cae_3d_8","latent_dim":8,"joint_mi_clipped":2.612253,"fraction_of_label_entropy_recovered":1.0},{"method":"dense_ae_8","latent_dim":8,"joint_mi_clipped":2.612253,"fraction_of_label_entropy_recovered":1.0},{"method":"ica_10","latent_dim":10,"joint_mi_clipped":2.612253,"fraction_of_label_entropy_recovered":1.0},{"method":"nmf_20","latent_dim":20,"joint_mi_clipped":2.612253,"fraction_of_label_entropy_recovered":1.0},{"method":"nmf_8","latent_dim":8,"joint_mi_clipped":2.612253,"fraction_of_label_entropy_recovered":1.0},{"method":"pca_10","latent_dim":10,"joint_mi_clipped":2.612253,"fraction_of_label_entropy_recovered":1.0},{"method":"pca_3","latent_dim":3,"joint_mi_clipped":2.612253,"fraction_of_label_entropy_recovered":1.0},{"method":"pca_30","latent_dim":30,"joint_mi_clipped":2.612253,"fraction_of_label_entropy_recovered":1.0}],"framework_axis":"B-4 (master plan Addendum B Axis D): MI(theta; label) vs MI(other K-dim compressions; label)","generated_at":"2026-05-06T05:17:25Z","builder_version":"build_mutual_information v0.1"}