{"scene_id":"indian-pines-corrected","topic_count":12,"n_documents":2812,"label_entropy_nats":2.64483,"label_entropy_bits":3.815683,"method_mi":{"theta":{"label_entropy_nats":2.64483,"per_feature_mi_sum_nats":10.831053,"joint_mi_clipped_to_label_entropy":2.64483,"conditional_entropy_proxy_H_y_given_x":0.0,"per_feature_mi":[0.948217,0.64964,0.902211,1.049254,0.894239,0.740926,0.84945,0.938016,1.244395,0.943278,0.907761,0.763666],"latent_dim":12},"beta_vae_16":{"label_entropy_nats":2.64483,"per_feature_mi_sum_nats":19.184076,"joint_mi_clipped_to_label_entropy":2.64483,"conditional_entropy_proxy_H_y_given_x":0.0,"per_feature_mi":[1.26891,1.21622,1.155585,0.997392,1.239053,1.227922,1.267175,1.215469,1.256757,1.220055,1.230439,1.270221,1.255742,1.048216,1.094074,1.220845],"latent_dim":16},"beta_vae_32":{"label_entropy_nats":2.64483,"per_feature_mi_sum_nats":17.447614,"joint_mi_clipped_to_label_entropy":2.64483,"conditional_entropy_proxy_H_y_given_x":0.0,"per_feature_mi":[0.246111,0.592941,0.668666,0.520449,0.801638,0.955179,0.297212,0.651301,0.936049,0.686664,0.359373,0.695159,0.411293,0.138128,0.850511,0.859271,1.025837,0.33619,0.454861,0.125079,0.153853,1.107543,0.165649,0.276081,0.467882,0.927356,0.231425,0.482681,0.517451,0.344138,0.454789,0.706852],"latent_dim":32},"beta_vae_4":{"label_entropy_nats":2.64483,"per_feature_mi_sum_nats":3.285592,"joint_mi_clipped_to_label_entropy":2.64483,"conditional_entropy_proxy_H_y_given_x":0.0,"per_feature_mi":[1.206305,1.215738,0.504096,0.359453],"latent_dim":4},"beta_vae_8":{"label_entropy_nats":2.64483,"per_feature_mi_sum_nats":9.862407,"joint_mi_clipped_to_label_entropy":2.64483,"conditional_entropy_proxy_H_y_given_x":0.0,"per_feature_mi":[1.241718,1.257009,1.239114,1.132537,1.237779,1.269927,1.264513,1.21981],"latent_dim":8},"cae_1d_16":{"label_entropy_nats":2.64483,"per_feature_mi_sum_nats":16.835157,"joint_mi_clipped_to_label_entropy":2.64483,"conditional_entropy_proxy_H_y_given_x":0.0,"per_feature_mi":[1.00071,1.110566,0.644044,1.212378,1.034397,1.210874,1.02224,1.280857,0.857657,0.846722,1.280818,0.778303,1.360811,1.153863,0.882219,1.158697],"latent_dim":16},"cae_1d_32":{"label_entropy_nats":2.64483,"per_feature_mi_sum_nats":31.725236,"joint_mi_clipped_to_label_entropy":2.64483,"conditional_entropy_proxy_H_y_given_x":0.0,"per_feature_mi":[0.929691,1.01869,1.248964,1.064437,0.624026,1.185366,1.04098,0.763267,0.486121,0.753017,0.767452,1.163035,0.911606,1.030895,1.210096,1.247588,0.972823,1.085587,1.31271,0.897822,1.19056,1.099996,0.474037,1.340671,0.778724,1.12373,1.036962,1.052622,0.844314,1.241034,0.683759,1.144653],"latent_dim":32},"cae_1d_4":{"label_entropy_nats":2.64483,"per_feature_mi_sum_nats":4.149245,"joint_mi_clipped_to_label_entropy":2.64483,"conditional_entropy_proxy_H_y_given_x":0.0,"per_feature_mi":[1.276554,0.927523,0.684323,1.260844],"latent_dim":4},"cae_1d_8":{"label_entropy_nats":2.64483,"per_feature_mi_sum_nats":8.320682,"joint_mi_clipped_to_label_entropy":2.64483,"conditional_entropy_proxy_H_y_given_x":0.0,"per_feature_mi":[1.121143,1.281779,1.248426,1.05525,0.957959,0.820312,0.661104,1.174709],"latent_dim":8},"cae_2d_8":{"label_entropy_nats":2.64483,"per_feature_mi_sum_nats":6.394722,"joint_mi_clipped_to_label_entropy":2.64483,"conditional_entropy_proxy_H_y_given_x":0.0,"per_feature_mi":[1.172492,0.964571,0.598084,0.766972,0.775999,0.364222,0.858005,0.894377],"latent_dim":8},"cae_3d_8":{"label_entropy_nats":2.64483,"per_feature_mi_sum_nats":6.043629,"joint_mi_clipped_to_label_entropy":2.64483,"conditional_entropy_proxy_H_y_given_x":0.0,"per_feature_mi":[0.375638,0.475376,0.499501,1.005697,0.744615,0.718244,1.036659,1.187899],"latent_dim":8},"dense_ae_8":{"label_entropy_nats":2.64483,"per_feature_mi_sum_nats":5.472058,"joint_mi_clipped_to_label_entropy":2.64483,"conditional_entropy_proxy_H_y_given_x":0.0,"per_feature_mi":[1.238109,1.023132,0.004324,0.006369,0.016789,0.918857,1.176532,1.087947],"latent_dim":8},"ica_10":{"label_entropy_nats":2.64483,"per_feature_mi_sum_nats":3.390331,"joint_mi_clipped_to_label_entropy":2.64483,"conditional_entropy_proxy_H_y_given_x":0.0,"per_feature_mi":[0.169698,0.438936,0.60793,0.26457,0.171862,0.248468,0.477156,0.28145,0.329128,0.401133],"latent_dim":10},"nmf_20":{"label_entropy_nats":2.64483,"per_feature_mi_sum_nats":9.745691,"joint_mi_clipped_to_label_entropy":2.64483,"conditional_entropy_proxy_H_y_given_x":0.0,"per_feature_mi":[0.850964,1.023296,0.318391,0.475134,0.450832,0.865475,0.642447,0.60775,0.405047,0.467982,0.276169,0.312954,0.258531,0.475437,0.359412,0.392174,0.459611,0.48368,0.302416,0.317988],"latent_dim":20},"nmf_8":{"label_entropy_nats":2.64483,"per_feature_mi_sum_nats":5.162814,"joint_mi_clipped_to_label_entropy":2.64483,"conditional_entropy_proxy_H_y_given_x":0.0,"per_feature_mi":[0.795407,1.065572,0.461732,0.581059,0.4404,0.986189,0.381694,0.450761],"latent_dim":8},"pca_10":{"label_entropy_nats":2.64483,"per_feature_mi_sum_nats":4.961255,"joint_mi_clipped_to_label_entropy":2.64483,"conditional_entropy_proxy_H_y_given_x":0.0,"per_feature_mi":[1.238547,0.698385,0.43997,0.623225,0.431614,0.458042,0.297779,0.407508,0.246243,0.119942],"latent_dim":10},"pca_3":{"label_entropy_nats":2.64483,"per_feature_mi_sum_nats":2.376878,"joint_mi_clipped_to_label_entropy":2.376878,"conditional_entropy_proxy_H_y_given_x":0.267952,"per_feature_mi":[1.238558,0.69835,0.43997],"latent_dim":3},"pca_30":{"label_entropy_nats":2.64483,"per_feature_mi_sum_nats":8.022198,"joint_mi_clipped_to_label_entropy":2.64483,"conditional_entropy_proxy_H_y_given_x":0.0,"per_feature_mi":[1.238547,0.698288,0.439962,0.623196,0.43168,0.457908,0.297779,0.407485,0.246238,0.119942,0.146211,0.145868,0.318776,0.19984,0.172727,0.227283,0.116639,0.116353,0.097694,0.121158,0.162614,0.207526,0.128616,0.175201,0.135067,0.084227,0.146383,0.137029,0.132645,0.089316],"latent_dim":30}},"ranking_by_joint_mi":[{"method":"theta","latent_dim":12,"joint_mi_clipped":2.64483,"fraction_of_label_entropy_recovered":1.0},{"method":"beta_vae_16","latent_dim":16,"joint_mi_clipped":2.64483,"fraction_of_label_entropy_recovered":1.0},{"method":"beta_vae_32","latent_dim":32,"joint_mi_clipped":2.64483,"fraction_of_label_entropy_recovered":1.0},{"method":"beta_vae_4","latent_dim":4,"joint_mi_clipped":2.64483,"fraction_of_label_entropy_recovered":1.0},{"method":"beta_vae_8","latent_dim":8,"joint_mi_clipped":2.64483,"fraction_of_label_entropy_recovered":1.0},{"method":"cae_1d_16","latent_dim":16,"joint_mi_clipped":2.64483,"fraction_of_label_entropy_recovered":1.0},{"method":"cae_1d_32","latent_dim":32,"joint_mi_clipped":2.64483,"fraction_of_label_entropy_recovered":1.0},{"method":"cae_1d_4","latent_dim":4,"joint_mi_clipped":2.64483,"fraction_of_label_entropy_recovered":1.0},{"method":"cae_1d_8","latent_dim":8,"joint_mi_clipped":2.64483,"fraction_of_label_entropy_recovered":1.0},{"method":"cae_2d_8","latent_dim":8,"joint_mi_clipped":2.64483,"fraction_of_label_entropy_recovered":1.0},{"method":"cae_3d_8","latent_dim":8,"joint_mi_clipped":2.64483,"fraction_of_label_entropy_recovered":1.0},{"method":"dense_ae_8","latent_dim":8,"joint_mi_clipped":2.64483,"fraction_of_label_entropy_recovered":1.0},{"method":"ica_10","latent_dim":10,"joint_mi_clipped":2.64483,"fraction_of_label_entropy_recovered":1.0},{"method":"nmf_20","latent_dim":20,"joint_mi_clipped":2.64483,"fraction_of_label_entropy_recovered":1.0},{"method":"nmf_8","latent_dim":8,"joint_mi_clipped":2.64483,"fraction_of_label_entropy_recovered":1.0},{"method":"pca_10","latent_dim":10,"joint_mi_clipped":2.64483,"fraction_of_label_entropy_recovered":1.0},{"method":"pca_30","latent_dim":30,"joint_mi_clipped":2.64483,"fraction_of_label_entropy_recovered":1.0},{"method":"pca_3","latent_dim":3,"joint_mi_clipped":2.376878,"fraction_of_label_entropy_recovered":0.898688}],"framework_axis":"B-4 (master plan Addendum B Axis D): MI(theta; label) vs MI(other K-dim compressions; label)","generated_at":"2026-05-06T07:03:11Z","builder_version":"build_mutual_information v0.1"}