{"scene_id":"indian-pines-corrected","topic_count":12,"n_documents":2812,"label_entropy_nats":2.64483,"label_entropy_bits":3.815683,"method_mi":{"theta":{"label_entropy_nats":2.64483,"per_feature_mi_sum_nats":10.831053,"joint_mi_clipped_to_label_entropy":2.64483,"conditional_entropy_proxy_H_y_given_x":0.0,"per_feature_mi":[0.948217,0.64964,0.902211,1.049254,0.894239,0.740926,0.84945,0.938016,1.244395,0.943278,0.907761,0.763666],"latent_dim":12},"beta_vae_16":{"label_entropy_nats":2.64483,"per_feature_mi_sum_nats":19.184076,"joint_mi_clipped_to_label_entropy":2.64483,"conditional_entropy_proxy_H_y_given_x":0.0,"per_feature_mi":[1.26891,1.21622,1.155585,0.997392,1.239053,1.227922,1.267175,1.215469,1.256757,1.220055,1.230439,1.270221,1.255742,1.048216,1.094074,1.220845],"latent_dim":16},"beta_vae_32":{"label_entropy_nats":2.64483,"per_feature_mi_sum_nats":17.447614,"joint_mi_clipped_to_label_entropy":2.64483,"conditional_entropy_proxy_H_y_given_x":0.0,"per_feature_mi":[0.246111,0.592941,0.668666,0.520449,0.801638,0.955179,0.297212,0.651301,0.936049,0.686664,0.359373,0.695159,0.411293,0.138128,0.850511,0.859271,1.025837,0.33619,0.454861,0.125079,0.153853,1.107543,0.165649,0.276081,0.467882,0.927356,0.231425,0.482681,0.517451,0.344138,0.454789,0.706852],"latent_dim":32},"beta_vae_4":{"label_entropy_nats":2.64483,"per_feature_mi_sum_nats":3.285592,"joint_mi_clipped_to_label_entropy":2.64483,"conditional_entropy_proxy_H_y_given_x":0.0,"per_feature_mi":[1.206305,1.215738,0.504096,0.359453],"latent_dim":4},"beta_vae_8":{"label_entropy_nats":2.64483,"per_feature_mi_sum_nats":9.862407,"joint_mi_clipped_to_label_entropy":2.64483,"conditional_entropy_proxy_H_y_given_x":0.0,"per_feature_mi":[1.241718,1.257009,1.239114,1.132537,1.237779,1.269927,1.264513,1.21981],"latent_dim":8},"beta_vae_b16_8":{"label_entropy_nats":2.64483,"per_feature_mi_sum_nats":6.921516,"joint_mi_clipped_to_label_entropy":2.64483,"conditional_entropy_proxy_H_y_given_x":0.0,"per_feature_mi":[0.82508,1.107718,0.347423,0.604036,1.149734,0.86488,0.961429,1.061218],"latent_dim":8},"beta_vae_b1_8":{"label_entropy_nats":2.64483,"per_feature_mi_sum_nats":7.928121,"joint_mi_clipped_to_label_entropy":2.64483,"conditional_entropy_proxy_H_y_given_x":0.0,"per_feature_mi":[1.190708,0.593189,1.089528,1.283333,0.797737,1.043665,0.795015,1.134945],"latent_dim":8},"beta_vae_b2_8":{"label_entropy_nats":2.64483,"per_feature_mi_sum_nats":10.266782,"joint_mi_clipped_to_label_entropy":2.64483,"conditional_entropy_proxy_H_y_given_x":0.0,"per_feature_mi":[1.373858,1.282697,1.24113,1.26302,1.273801,1.298743,1.26517,1.268362],"latent_dim":8},"beta_vae_b8_8":{"label_entropy_nats":2.64483,"per_feature_mi_sum_nats":8.53827,"joint_mi_clipped_to_label_entropy":2.64483,"conditional_entropy_proxy_H_y_given_x":0.0,"per_feature_mi":[1.058879,1.125523,1.135481,0.973903,1.108066,0.91626,1.10595,1.114208],"latent_dim":8},"cae_1d_16":{"label_entropy_nats":2.64483,"per_feature_mi_sum_nats":16.835157,"joint_mi_clipped_to_label_entropy":2.64483,"conditional_entropy_proxy_H_y_given_x":0.0,"per_feature_mi":[1.00071,1.110566,0.644044,1.212378,1.034397,1.210874,1.02224,1.280857,0.857657,0.846722,1.280818,0.778303,1.360811,1.153863,0.882219,1.158697],"latent_dim":16},"cae_1d_32":{"label_entropy_nats":2.64483,"per_feature_mi_sum_nats":31.725236,"joint_mi_clipped_to_label_entropy":2.64483,"conditional_entropy_proxy_H_y_given_x":0.0,"per_feature_mi":[0.929691,1.01869,1.248964,1.064437,0.624026,1.185366,1.04098,0.763267,0.486121,0.753017,0.767452,1.163035,0.911606,1.030895,1.210096,1.247588,0.972823,1.085587,1.31271,0.897822,1.19056,1.099996,0.474037,1.340671,0.778724,1.12373,1.036962,1.052622,0.844314,1.241034,0.683759,1.144653],"latent_dim":32},"cae_1d_4":{"label_entropy_nats":2.64483,"per_feature_mi_sum_nats":4.149245,"joint_mi_clipped_to_label_entropy":2.64483,"conditional_entropy_proxy_H_y_given_x":0.0,"per_feature_mi":[1.276554,0.927523,0.684323,1.260844],"latent_dim":4},"cae_1d_8":{"label_entropy_nats":2.64483,"per_feature_mi_sum_nats":8.320682,"joint_mi_clipped_to_label_entropy":2.64483,"conditional_entropy_proxy_H_y_given_x":0.0,"per_feature_mi":[1.121143,1.281779,1.248426,1.05525,0.957959,0.820312,0.661104,1.174709],"latent_dim":8},"cae_2d_16":{"label_entropy_nats":2.64483,"per_feature_mi_sum_nats":12.479787,"joint_mi_clipped_to_label_entropy":2.64483,"conditional_entropy_proxy_H_y_given_x":0.0,"per_feature_mi":[0.913815,1.033536,0.694582,0.823749,1.040733,0.35821,0.83731,0.786951,1.11436,0.748763,0.446248,0.994142,0.501418,0.58947,0.658487,0.938013],"latent_dim":16},"cae_2d_32":{"label_entropy_nats":2.64483,"per_feature_mi_sum_nats":19.385595,"joint_mi_clipped_to_label_entropy":2.64483,"conditional_entropy_proxy_H_y_given_x":0.0,"per_feature_mi":[0.306121,0.353569,0.356607,0.700381,1.049111,0.898864,0.666175,0.376243,0.335617,0.248273,0.763628,0.299616,0.421353,0.695745,0.610981,1.24379,0.338715,0.962122,0.466285,0.652153,0.325648,0.919239,0.761234,0.707397,0.582512,0.451267,0.803727,0.206502,0.587262,0.55901,0.803277,0.933171],"latent_dim":32},"cae_2d_4":{"label_entropy_nats":2.64483,"per_feature_mi_sum_nats":3.631317,"joint_mi_clipped_to_label_entropy":2.64483,"conditional_entropy_proxy_H_y_given_x":0.0,"per_feature_mi":[0.817135,1.149081,0.659699,1.005401],"latent_dim":4},"cae_2d_8":{"label_entropy_nats":2.64483,"per_feature_mi_sum_nats":6.394722,"joint_mi_clipped_to_label_entropy":2.64483,"conditional_entropy_proxy_H_y_given_x":0.0,"per_feature_mi":[1.172492,0.964571,0.598084,0.766972,0.775999,0.364222,0.858005,0.894377],"latent_dim":8},"cae_3d_16":{"label_entropy_nats":2.64483,"per_feature_mi_sum_nats":12.670738,"joint_mi_clipped_to_label_entropy":2.64483,"conditional_entropy_proxy_H_y_given_x":0.0,"per_feature_mi":[0.808615,0.872784,0.553973,0.326735,0.8611,0.870742,1.005162,1.004375,0.917874,0.561964,0.547952,0.643461,0.918701,0.864147,1.187769,0.725384],"latent_dim":16},"cae_3d_32":{"label_entropy_nats":2.64483,"per_feature_mi_sum_nats":25.059921,"joint_mi_clipped_to_label_entropy":2.64483,"conditional_entropy_proxy_H_y_given_x":0.0,"per_feature_mi":[1.291099,0.727096,1.023218,0.713003,1.07651,0.959256,0.604911,0.957012,0.615161,0.664412,0.551739,0.57513,0.689293,0.728871,0.98105,0.707841,0.642624,0.746793,0.887988,0.696692,0.686852,0.959133,0.733801,0.78556,0.795343,0.564241,0.695688,0.720858,0.715632,0.850718,0.982019,0.73038],"latent_dim":32},"cae_3d_4":{"label_entropy_nats":2.64483,"per_feature_mi_sum_nats":3.400849,"joint_mi_clipped_to_label_entropy":2.64483,"conditional_entropy_proxy_H_y_given_x":0.0,"per_feature_mi":[0.726395,0.94147,0.892923,0.840061],"latent_dim":4},"cae_3d_8":{"label_entropy_nats":2.64483,"per_feature_mi_sum_nats":6.043629,"joint_mi_clipped_to_label_entropy":2.64483,"conditional_entropy_proxy_H_y_given_x":0.0,"per_feature_mi":[0.375638,0.475376,0.499501,1.005697,0.744615,0.718244,1.036659,1.187899],"latent_dim":8},"dense_ae_8":{"label_entropy_nats":2.64483,"per_feature_mi_sum_nats":5.472058,"joint_mi_clipped_to_label_entropy":2.64483,"conditional_entropy_proxy_H_y_given_x":0.0,"per_feature_mi":[1.238109,1.023132,0.004324,0.006369,0.016789,0.918857,1.176532,1.087947],"latent_dim":8},"ica_10":{"label_entropy_nats":2.64483,"per_feature_mi_sum_nats":3.390331,"joint_mi_clipped_to_label_entropy":2.64483,"conditional_entropy_proxy_H_y_given_x":0.0,"per_feature_mi":[0.169698,0.438936,0.60793,0.26457,0.171862,0.248468,0.477156,0.28145,0.329128,0.401133],"latent_dim":10},"nmf_20":{"label_entropy_nats":2.64483,"per_feature_mi_sum_nats":9.745691,"joint_mi_clipped_to_label_entropy":2.64483,"conditional_entropy_proxy_H_y_given_x":0.0,"per_feature_mi":[0.850964,1.023296,0.318391,0.475134,0.450832,0.865475,0.642447,0.60775,0.405047,0.467982,0.276169,0.312954,0.258531,0.475437,0.359412,0.392174,0.459611,0.48368,0.302416,0.317988],"latent_dim":20},"nmf_8":{"label_entropy_nats":2.64483,"per_feature_mi_sum_nats":5.162814,"joint_mi_clipped_to_label_entropy":2.64483,"conditional_entropy_proxy_H_y_given_x":0.0,