{"scene_id":"indian-pines-corrected","topic_count":12,"n_documents":2812,"label_entropy_nats":2.64483,"label_entropy_bits":3.815683,"method_mi":{"theta":{"label_entropy_nats":2.64483,"per_feature_mi_sum_nats":10.831053,"joint_mi_clipped_to_label_entropy":2.64483,"conditional_entropy_proxy_H_y_given_x":0.0,"per_feature_mi":[0.948217,0.64964,0.902211,1.049254,0.894239,0.740926,0.84945,0.938016,1.244395,0.943278,0.907761,0.763666],"latent_dim":12},"dense_ae_8":{"label_entropy_nats":2.64483,"per_feature_mi_sum_nats":5.472058,"joint_mi_clipped_to_label_entropy":2.64483,"conditional_entropy_proxy_H_y_given_x":0.0,"per_feature_mi":[1.238109,1.023132,0.004324,0.006369,0.016789,0.918857,1.176532,1.087947],"latent_dim":8},"ica_10":{"label_entropy_nats":2.64483,"per_feature_mi_sum_nats":3.390331,"joint_mi_clipped_to_label_entropy":2.64483,"conditional_entropy_proxy_H_y_given_x":0.0,"per_feature_mi":[0.169698,0.438936,0.60793,0.26457,0.171862,0.248468,0.477156,0.28145,0.329128,0.401133],"latent_dim":10},"nmf_20":{"label_entropy_nats":2.64483,"per_feature_mi_sum_nats":9.745691,"joint_mi_clipped_to_label_entropy":2.64483,"conditional_entropy_proxy_H_y_given_x":0.0,"per_feature_mi":[0.850964,1.023296,0.318391,0.475134,0.450832,0.865475,0.642447,0.60775,0.405047,0.467982,0.276169,0.312954,0.258531,0.475437,0.359412,0.392174,0.459611,0.48368,0.302416,0.317988],"latent_dim":20},"nmf_8":{"label_entropy_nats":2.64483,"per_feature_mi_sum_nats":5.162814,"joint_mi_clipped_to_label_entropy":2.64483,"conditional_entropy_proxy_H_y_given_x":0.0,"per_feature_mi":[0.795407,1.065572,0.461732,0.581059,0.4404,0.986189,0.381694,0.450761],"latent_dim":8},"pca_10":{"label_entropy_nats":2.64483,"per_feature_mi_sum_nats":4.961255,"joint_mi_clipped_to_label_entropy":2.64483,"conditional_entropy_proxy_H_y_given_x":0.0,"per_feature_mi":[1.238547,0.698385,0.43997,0.623225,0.431614,0.458042,0.297779,0.407508,0.246243,0.119942],"latent_dim":10},"pca_3":{"label_entropy_nats":2.64483,"per_feature_mi_sum_nats":2.376878,"joint_mi_clipped_to_label_entropy":2.376878,"conditional_entropy_proxy_H_y_given_x":0.267952,"per_feature_mi":[1.238558,0.69835,0.43997],"latent_dim":3},"pca_30":{"label_entropy_nats":2.64483,"per_feature_mi_sum_nats":8.022198,"joint_mi_clipped_to_label_entropy":2.64483,"conditional_entropy_proxy_H_y_given_x":0.0,"per_feature_mi":[1.238547,0.698288,0.439962,0.623196,0.43168,0.457908,0.297779,0.407485,0.246238,0.119942,0.146211,0.145868,0.318776,0.19984,0.172727,0.227283,0.116639,0.116353,0.097694,0.121158,0.162614,0.207526,0.128616,0.175201,0.135067,0.084227,0.146383,0.137029,0.132645,0.089316],"latent_dim":30}},"ranking_by_joint_mi":[{"method":"theta","latent_dim":12,"joint_mi_clipped":2.64483,"fraction_of_label_entropy_recovered":1.0},{"method":"dense_ae_8","latent_dim":8,"joint_mi_clipped":2.64483,"fraction_of_label_entropy_recovered":1.0},{"method":"ica_10","latent_dim":10,"joint_mi_clipped":2.64483,"fraction_of_label_entropy_recovered":1.0},{"method":"nmf_20","latent_dim":20,"joint_mi_clipped":2.64483,"fraction_of_label_entropy_recovered":1.0},{"method":"nmf_8","latent_dim":8,"joint_mi_clipped":2.64483,"fraction_of_label_entropy_recovered":1.0},{"method":"pca_10","latent_dim":10,"joint_mi_clipped":2.64483,"fraction_of_label_entropy_recovered":1.0},{"method":"pca_30","latent_dim":30,"joint_mi_clipped":2.64483,"fraction_of_label_entropy_recovered":1.0},{"method":"pca_3","latent_dim":3,"joint_mi_clipped":2.376878,"fraction_of_label_entropy_recovered":0.898688}],"framework_axis":"B-4 (master plan Addendum B Axis D): MI(theta; label) vs MI(other K-dim compressions; label)","generated_at":"2026-05-03T18:25:36Z","builder_version":"build_mutual_information v0.1"}