{"scene_id":"kennedy-space-center","topic_count":12,"n_documents":2686,"label_entropy_nats":2.54981,"label_entropy_bits":3.678598,"method_mi":{"theta":{"label_entropy_nats":2.54981,"per_feature_mi_sum_nats":0.277605,"joint_mi_clipped_to_label_entropy":0.277605,"conditional_entropy_proxy_H_y_given_x":2.272206,"per_feature_mi":[0.048785,0.021469,0.010302,0.030605,0.038104,0.031043,0.020703,0.024296,0.013363,0.002929,0.014367,0.021639],"latent_dim":12},"beta_vae_8":{"label_entropy_nats":2.54981,"per_feature_mi_sum_nats":8.514564,"joint_mi_clipped_to_label_entropy":2.54981,"conditional_entropy_proxy_H_y_given_x":0.0,"per_feature_mi":[1.048891,1.08475,0.989882,1.055756,1.091589,1.086519,1.08814,1.069037],"latent_dim":8},"cae_1d_8":{"label_entropy_nats":2.54981,"per_feature_mi_sum_nats":8.510164,"joint_mi_clipped_to_label_entropy":2.54981,"conditional_entropy_proxy_H_y_given_x":0.0,"per_feature_mi":[1.009034,0.858249,1.222738,1.081926,1.133663,1.195721,1.078898,0.929934],"latent_dim":8},"cae_2d_8":{"label_entropy_nats":2.54981,"per_feature_mi_sum_nats":6.201542,"joint_mi_clipped_to_label_entropy":2.54981,"conditional_entropy_proxy_H_y_given_x":0.0,"per_feature_mi":[0.803014,0.66336,0.522743,1.029785,0.979704,0.739904,0.721254,0.741778],"latent_dim":8},"cae_3d_8":{"label_entropy_nats":2.54981,"per_feature_mi_sum_nats":5.941183,"joint_mi_clipped_to_label_entropy":2.54981,"conditional_entropy_proxy_H_y_given_x":0.0,"per_feature_mi":[0.863366,0.658848,0.753111,0.845356,0.494201,1.026638,0.746714,0.55295],"latent_dim":8},"dense_ae_8":{"label_entropy_nats":2.54981,"per_feature_mi_sum_nats":5.263206,"joint_mi_clipped_to_label_entropy":2.54981,"conditional_entropy_proxy_H_y_given_x":0.0,"per_feature_mi":[1.183632,1.228746,0.879925,0.007939,1.002794,0.0,0.960169,0.0],"latent_dim":8},"ica_10":{"label_entropy_nats":2.54981,"per_feature_mi_sum_nats":4.816399,"joint_mi_clipped_to_label_entropy":2.54981,"conditional_entropy_proxy_H_y_given_x":0.0,"per_feature_mi":[0.264015,0.569099,0.576206,0.320141,0.555877,0.453038,0.364601,0.463304,0.681731,0.568387],"latent_dim":10},"nmf_20":{"label_entropy_nats":2.54981,"per_feature_mi_sum_nats":13.073443,"joint_mi_clipped_to_label_entropy":2.54981,"conditional_entropy_proxy_H_y_given_x":0.0,"per_feature_mi":[0.965856,0.830346,0.620252,0.836165,0.652271,0.580195,0.58795,0.668839,0.658765,0.907441,0.589326,0.648479,0.279902,0.48768,0.633977,0.622856,0.704399,0.544365,0.657395,0.596984],"latent_dim":20},"nmf_8":{"label_entropy_nats":2.54981,"per_feature_mi_sum_nats":6.498755,"joint_mi_clipped_to_label_entropy":2.54981,"conditional_entropy_proxy_H_y_given_x":0.0,"per_feature_mi":[1.118026,0.772698,0.844904,0.960999,0.749233,0.823406,0.570947,0.658542],"latent_dim":8},"pca_10":{"label_entropy_nats":2.54981,"per_feature_mi_sum_nats":7.264037,"joint_mi_clipped_to_label_entropy":2.54981,"conditional_entropy_proxy_H_y_given_x":0.0,"per_feature_mi":[1.204381,1.081378,0.907075,0.76251,0.696278,0.7176,0.472034,0.405228,0.355425,0.662128],"latent_dim":10},"pca_3":{"label_entropy_nats":2.54981,"per_feature_mi_sum_nats":3.19283,"joint_mi_clipped_to_label_entropy":2.54981,"conditional_entropy_proxy_H_y_given_x":0.0,"per_feature_mi":[1.204381,1.081374,0.907075],"latent_dim":3},"pca_30":{"label_entropy_nats":2.54981,"per_feature_mi_sum_nats":13.206129,"joint_mi_clipped_to_label_entropy":2.54981,"conditional_entropy_proxy_H_y_given_x":0.0,"per_feature_mi":[1.204381,1.081383,0.907075,0.762479,0.696278,0.7176,0.472038,0.405209,0.355414,0.662128,0.282167,0.371956,0.292847,0.259534,0.429697,0.35622,0.292338,0.322489,0.24966,0.24957,0.255204,0.320977,0.278815,0.26802,0.283587,0.275831,0.297552,0.303115,0.311238,0.241326],"latent_dim":30}},"ranking_by_joint_mi":[{"method":"beta_vae_8","latent_dim":8,"joint_mi_clipped":2.54981,"fraction_of_label_entropy_recovered":1.0},{"method":"cae_1d_8","latent_dim":8,"joint_mi_clipped":2.54981,"fraction_of_label_entropy_recovered":1.0},{"method":"cae_2d_8","latent_dim":8,"joint_mi_clipped":2.54981,"fraction_of_label_entropy_recovered":1.0},{"method":"cae_3d_8","latent_dim":8,"joint_mi_clipped":2.54981,"fraction_of_label_entropy_recovered":1.0},{"method":"dense_ae_8","latent_dim":8,"joint_mi_clipped":2.54981,"fraction_of_label_entropy_recovered":1.0},{"method":"ica_10","latent_dim":10,"joint_mi_clipped":2.54981,"fraction_of_label_entropy_recovered":1.0},{"method":"nmf_20","latent_dim":20,"joint_mi_clipped":2.54981,"fraction_of_label_entropy_recovered":1.0},{"method":"nmf_8","latent_dim":8,"joint_mi_clipped":2.54981,"fraction_of_label_entropy_recovered":1.0},{"method":"pca_10","latent_dim":10,"joint_mi_clipped":2.54981,"fraction_of_label_entropy_recovered":1.0},{"method":"pca_3","latent_dim":3,"joint_mi_clipped":2.54981,"fraction_of_label_entropy_recovered":1.0},{"method":"pca_30","latent_dim":30,"joint_mi_clipped":2.54981,"fraction_of_label_entropy_recovered":1.0},{"method":"theta","latent_dim":12,"joint_mi_clipped":0.277605,"fraction_of_label_entropy_recovered":0.108873}],"framework_axis":"B-4 (master plan Addendum B Axis D): MI(theta; label) vs MI(other K-dim compressions; label)","generated_at":"2026-05-06T05:17:23Z","builder_version":"build_mutual_information v0.1"}