{"scene_id":"kennedy-space-center","topic_count":12,"n_documents":2686,"label_entropy_nats":2.54981,"label_entropy_bits":3.678598,"method_mi":{"theta":{"label_entropy_nats":2.54981,"per_feature_mi_sum_nats":0.277605,"joint_mi_clipped_to_label_entropy":0.277605,"conditional_entropy_proxy_H_y_given_x":2.272206,"per_feature_mi":[0.048785,0.021469,0.010302,0.030605,0.038104,0.031043,0.020703,0.024296,0.013363,0.002929,0.014367,0.021639],"latent_dim":12},"beta_vae_16":{"label_entropy_nats":2.54981,"per_feature_mi_sum_nats":16.309907,"joint_mi_clipped_to_label_entropy":2.54981,"conditional_entropy_proxy_H_y_given_x":0.0,"per_feature_mi":[1.062926,1.002315,1.107368,0.928249,0.924417,0.977765,0.922894,1.126774,1.138945,1.006606,0.959817,1.047477,0.912398,1.172939,0.931387,1.087632],"latent_dim":16},"beta_vae_32":{"label_entropy_nats":2.54981,"per_feature_mi_sum_nats":34.089187,"joint_mi_clipped_to_label_entropy":2.54981,"conditional_entropy_proxy_H_y_given_x":0.0,"per_feature_mi":[0.868039,1.108977,1.008225,1.153131,0.965224,1.270985,1.030978,0.939205,1.132233,1.212185,1.083451,1.079669,1.111494,0.974939,0.917608,0.901744,0.930889,1.123581,1.202766,1.294251,0.915992,1.059208,0.920157,1.07375,1.198948,1.172181,1.074885,1.044366,1.285993,0.900215,1.000237,1.13368],"latent_dim":32},"beta_vae_4":{"label_entropy_nats":2.54981,"per_feature_mi_sum_nats":4.451577,"joint_mi_clipped_to_label_entropy":2.54981,"conditional_entropy_proxy_H_y_given_x":0.0,"per_feature_mi":[1.048734,1.082391,1.097459,1.222993],"latent_dim":4},"beta_vae_8":{"label_entropy_nats":2.54981,"per_feature_mi_sum_nats":8.514564,"joint_mi_clipped_to_label_entropy":2.54981,"conditional_entropy_proxy_H_y_given_x":0.0,"per_feature_mi":[1.048891,1.08475,0.989882,1.055756,1.091589,1.086519,1.08814,1.069037],"latent_dim":8},"cae_1d_16":{"label_entropy_nats":2.54981,"per_feature_mi_sum_nats":15.99169,"joint_mi_clipped_to_label_entropy":2.54981,"conditional_entropy_proxy_H_y_given_x":0.0,"per_feature_mi":[0.934799,0.851648,0.838597,0.906087,1.292645,1.019286,0.782401,0.908734,0.848529,1.148359,1.201994,1.056868,0.991381,1.020248,1.319533,0.870582],"latent_dim":16},"cae_1d_32":{"label_entropy_nats":2.54981,"per_feature_mi_sum_nats":31.673424,"joint_mi_clipped_to_label_entropy":2.54981,"conditional_entropy_proxy_H_y_given_x":0.0,"per_feature_mi":[0.948808,1.007663,0.972533,0.890139,0.873798,0.860823,1.092789,1.091892,1.041048,0.932584,1.199747,0.974747,0.880857,1.099717,1.230629,1.058452,1.041261,1.165627,0.83607,1.045585,1.076822,0.983144,0.798518,0.873712,0.983106,1.11918,0.944138,0.954656,1.087036,0.869686,0.842486,0.896168],"latent_dim":32},"cae_1d_4":{"label_entropy_nats":2.54981,"per_feature_mi_sum_nats":4.654259,"joint_mi_clipped_to_label_entropy":2.54981,"conditional_entropy_proxy_H_y_given_x":0.0,"per_feature_mi":[0.9706,1.046224,1.28755,1.349886],"latent_dim":4},"cae_1d_8":{"label_entropy_nats":2.54981,"per_feature_mi_sum_nats":8.510164,"joint_mi_clipped_to_label_entropy":2.54981,"conditional_entropy_proxy_H_y_given_x":0.0,"per_feature_mi":[1.009034,0.858249,1.222738,1.081926,1.133663,1.195721,1.078898,0.929934],"latent_dim":8},"cae_2d_16":{"label_entropy_nats":2.54981,"per_feature_mi_sum_nats":10.535799,"joint_mi_clipped_to_label_entropy":2.54981,"conditional_entropy_proxy_H_y_given_x":0.0,"per_feature_mi":[0.471557,0.596074,0.733363,0.683247,1.089145,0.535864,0.76636,0.716663,0.765838,0.478396,0.522438,0.594574,0.813927,0.48651,0.433114,0.848729],"latent_dim":16},"cae_2d_32":{"label_entropy_nats":2.54981,"per_feature_mi_sum_nats":18.474801,"joint_mi_clipped_to_label_entropy":2.54981,"conditional_entropy_proxy_H_y_given_x":0.0,"per_feature_mi":[0.959082,0.687066,0.397519,0.436014,0.559133,0.273576,0.386297,0.710487,0.710438,0.669905,0.700956,0.584622,0.572535,0.499543,0.617758,0.513224,0.565801,0.530364,0.486444,0.803979,0.521737,0.421077,0.606108,0.680422,0.499811,0.610164,0.328856,0.640247,0.427123,0.76458,0.77411,0.535827],"latent_dim":32},"cae_2d_4":{"label_entropy_nats":2.54981,"per_feature_mi_sum_nats":3.855123,"joint_mi_clipped_to_label_entropy":2.54981,"conditional_entropy_proxy_H_y_given_x":0.0,"per_feature_mi":[0.931421,0.859943,1.004084,1.059674],"latent_dim":4},"cae_2d_8":{"label_entropy_nats":2.54981,"per_feature_mi_sum_nats":6.201542,"joint_mi_clipped_to_label_entropy":2.54981,"conditional_entropy_proxy_H_y_given_x":0.0,"per_feature_mi":[0.803014,0.66336,0.522743,1.029785,0.979704,0.739904,0.721254,0.741778],"latent_dim":8},"cae_3d_16":{"label_entropy_nats":2.54981,"per_feature_mi_sum_nats":12.311813,"joint_mi_clipped_to_label_entropy":2.54981,"conditional_entropy_proxy_H_y_given_x":0.0,"per_feature_mi":[0.516787,0.786331,0.886758,0.875309,0.69746,0.731333,1.121052,0.724183,0.738838,0.551893,0.914333,0.890104,0.726318,0.743541,0.757607,0.649965],"latent_dim":16},"cae_3d_32":{"label_entropy_nats":2.54981,"per_feature_mi_sum_nats":23.412368,"joint_mi_clipped_to_label_entropy":2.54981,"conditional_entropy_proxy_H_y_given_x":0.0,"per_feature_mi":[0.67967,0.811298,0.999199,0.782979,0.758684,0.540204,0.547248,0.822777,0.792838,0.6886,0.474182,0.43723,0.527888,0.749723,0.796651,0.594265,0.573281,0.800651,1.043947,0.796963,0.571474,0.933846,0.6372,0.725718,0.974533,0.511234,0.598314,0.744517,0.903251,0.962748,1.081304,0.549949],"latent_dim":32},"cae_3d_4":{"label_entropy_nats":2.54981,"per_feature_mi_sum_nats":2.6525,"joint_mi_clipped_to_label_entropy":2.54981,"conditional_entropy_proxy_H_y_given_x":0.0,"per_feature_mi":[0.525948,0.864482,0.566338,0.695732],"latent_dim":4},"cae_3d_8":{"label_entropy_nats":2.54981,"per_feature_mi_sum_nats":5.941183,"joint_mi_clipped_to_label_entropy":2.54981,"conditional_entropy_proxy_H_y_given_x":0.0,"per_feature_mi":[0.863366,0.658848,0.753111,0.845356,0.494201,1.026638,0.746714,0.55295],"latent_dim":8},"dense_ae_8":{"label_entropy_nats":2.54981,"per_feature_mi_sum_nats":5.263206,"joint_mi_clipped_to_label_entropy":2.54981,"conditional_entropy_proxy_H_y_given_x":0.0,"per_feature_mi":[1.183632,1.228746,0.879925,0.007939,1.002794,0.0,0.960169,0.0],"latent_dim":8},"ica_10":{"label_entropy_nats":2.54981,"per_feature_mi_sum_nats":4.816399,"joint_mi_clipped_to_label_entropy":2.54981,"conditional_entropy_proxy_H_y_given_x":0.0,"per_feature_mi":[0.264015,0.569099,0.576206,0.320141,0.555877,0.453038,0.364601,0.463304,0.681731,0.568387],"latent_dim":10},"nmf_20":{"label_entropy_nats":2.54981,"per_feature_mi_sum_nats":13.073443,"joint_mi_clipped_to_label_entropy":2.54981,"conditional_entropy_proxy_H_y_given_x":0.0,"per_feature_mi":[0.965856,0.830346,0.620252,0.836165,0.652271,0.580195,0.58795,0.668839,0.658765,0.907441,0.589326,0.648479,0.279902,0.48768,0.633977,0.622856,0.704399,0.544365,0.657395,0.596984],"latent_dim":20},"nmf_8":{"label_entropy_nats":2.54981,"per_feature_mi_sum_nats":6.498755,"joint_mi_clipped_to_label_entropy":2.54981,"conditional_entropy_proxy_H_y_given_x":0.0,"per_feature_mi":[1.118026,0.772698,0.844904,0.960999,0.749233,0.823406,0.570947,0.658542],"latent_dim":8},"pca_10":{"label_entropy_nats":2.54981,"per_feature_mi_sum_nats":7.264037,"joint_mi_clipped_to_label_entropy":2.54981,"conditional_entropy_proxy_H_y_given_x":0.0,"per_feature_mi":[1.204381,1.081378,0.907075,0.76251,0.696278,0.7176,0.472034,0.405228,0.355425,0.662128],"latent_dim":10},"pca_3":{"label_entropy_nats":2.54981,"per_feature_mi_sum_nats":3.19283,"joint_mi_clipped_to_label_entropy":2.54981,"conditional_entropy_proxy_H_y_given_x":0.0,"per_feature_mi":[1.204381,1.081374,0.907075],"latent_dim":3},"pca_30":{"label_entropy_nats":2.54981,"per_feature_mi_sum_nats":13.206129,"joint_mi_clipped_to_label_entropy":2.54981,"conditional_entropy_proxy_H_y_given_x":0.0,"per_feature_mi":[1.204381,1.081383,0.907075,0.762479,0.696278,0.7176,0.472038,0.405209,0.355414,0.662128,0.282167,0.371956,0.292847,0.259534,0.429697,0.35622,0.292338,0.322489,0.24966,0.24957,0.255204,0.320977,0.278815,0.26802,0.283587,0.275831,0.297552,0.303115,0.311238,0.241326],"latent_dim":30}},