{"scene_id":"pavia-university","topic_count":9,"n_documents":1980,"label_entropy_nats":2.197225,"label_entropy_bits":3.169926,"method_mi":{"theta":{"label_entropy_nats":2.197225,"per_feature_mi_sum_nats":7.545345,"joint_mi_clipped_to_label_entropy":2.197225,"conditional_entropy_proxy_H_y_given_x":0.0,"per_feature_mi":[0.799796,0.720462,0.948749,0.752806,1.018409,0.737868,0.856914,0.783823,0.92652],"latent_dim":9},"beta_vae_16":{"label_entropy_nats":2.197225,"per_feature_mi_sum_nats":13.899066,"joint_mi_clipped_to_label_entropy":2.197225,"conditional_entropy_proxy_H_y_given_x":0.0,"per_feature_mi":[0.44371,0.922455,0.90289,0.821821,0.631418,0.888927,0.810483,1.052703,0.676776,0.901938,1.003737,1.319775,1.051351,0.934308,0.866475,0.6703],"latent_dim":16},"beta_vae_32":{"label_entropy_nats":2.197225,"per_feature_mi_sum_nats":27.77162,"joint_mi_clipped_to_label_entropy":2.197225,"conditional_entropy_proxy_H_y_given_x":0.0,"per_feature_mi":[0.705644,0.957721,0.763637,0.741281,1.064786,0.752373,0.887213,0.72716,0.79297,0.785079,0.444619,0.887813,0.883969,0.654794,1.085275,0.960715,0.693004,1.077076,1.108831,0.85512,0.994485,0.98116,0.887568,1.312229,1.020766,0.996448,0.733626,0.859469,0.628556,0.891728,0.975461,0.661044],"latent_dim":32},"beta_vae_4":{"label_entropy_nats":2.197225,"per_feature_mi_sum_nats":4.114254,"joint_mi_clipped_to_label_entropy":2.197225,"conditional_entropy_proxy_H_y_given_x":0.0,"per_feature_mi":[1.209223,1.077065,1.163247,0.66472],"latent_dim":4},"beta_vae_8":{"label_entropy_nats":2.197225,"per_feature_mi_sum_nats":7.428354,"joint_mi_clipped_to_label_entropy":2.197225,"conditional_entropy_proxy_H_y_given_x":0.0,"per_feature_mi":[0.993284,1.327039,0.706199,0.951565,0.855819,0.837461,0.963717,0.793268],"latent_dim":8},"beta_vae_b16_8":{"label_entropy_nats":2.197225,"per_feature_mi_sum_nats":9.262785,"joint_mi_clipped_to_label_entropy":2.197225,"conditional_entropy_proxy_H_y_given_x":0.0,"per_feature_mi":[1.166699,1.150626,1.157247,1.16491,1.151119,1.153314,1.166173,1.152696],"latent_dim":8},"beta_vae_b1_8":{"label_entropy_nats":2.197225,"per_feature_mi_sum_nats":6.052165,"joint_mi_clipped_to_label_entropy":2.197225,"conditional_entropy_proxy_H_y_given_x":0.0,"per_feature_mi":[0.567356,1.117612,0.438484,1.274252,0.654759,0.986806,0.592911,0.419985],"latent_dim":8},"beta_vae_b2_8":{"label_entropy_nats":2.197225,"per_feature_mi_sum_nats":7.809924,"joint_mi_clipped_to_label_entropy":2.197225,"conditional_entropy_proxy_H_y_given_x":0.0,"per_feature_mi":[0.936899,1.160565,1.046342,1.16581,0.829901,0.991738,0.842484,0.836184],"latent_dim":8},"beta_vae_b8_8":{"label_entropy_nats":2.197225,"per_feature_mi_sum_nats":8.265566,"joint_mi_clipped_to_label_entropy":2.197225,"conditional_entropy_proxy_H_y_given_x":0.0,"per_feature_mi":[0.83791,1.098311,0.803388,0.989128,0.999327,1.094207,1.284036,1.159258],"latent_dim":8},"cae_1d_10":{"label_entropy_nats":2.197225,"per_feature_mi_sum_nats":10.587843,"joint_mi_clipped_to_label_entropy":2.197225,"conditional_entropy_proxy_H_y_given_x":0.0,"per_feature_mi":[1.065158,1.09373,1.197683,0.494584,1.108431,1.100129,1.326697,1.069366,1.051875,1.08019],"latent_dim":10},"cae_1d_12":{"label_entropy_nats":2.197225,"per_feature_mi_sum_nats":10.728254,"joint_mi_clipped_to_label_entropy":2.197225,"conditional_entropy_proxy_H_y_given_x":0.0,"per_feature_mi":[0.448635,0.814393,0.837728,0.939945,1.118707,0.695105,1.148041,0.875769,1.087167,0.708689,0.949976,1.104099],"latent_dim":12},"cae_1d_16":{"label_entropy_nats":2.197225,"per_feature_mi_sum_nats":15.392546,"joint_mi_clipped_to_label_entropy":2.197225,"conditional_entropy_proxy_H_y_given_x":0.0,"per_feature_mi":[1.020048,1.147557,0.669262,1.002128,0.732184,1.072171,1.119005,0.944398,1.025119,0.531151,1.22104,0.947987,0.916574,1.042534,1.061938,0.939453],"latent_dim":16},"cae_1d_32":{"label_entropy_nats":2.197225,"per_feature_mi_sum_nats":29.731522,"joint_mi_clipped_to_label_entropy":2.197225,"conditional_entropy_proxy_H_y_given_x":0.0,"per_feature_mi":[1.224442,0.645771,0.608974,1.128801,0.878844,0.711197,0.695066,0.801745,0.911985,0.975408,0.948756,0.92877,1.076534,1.146859,1.029212,0.955217,1.101352,0.820316,0.997059,1.051549,0.940648,1.030654,1.106265,0.512722,0.874021,0.995991,1.055447,1.05928,1.138802,0.481865,1.133871,0.764099],"latent_dim":32},"cae_1d_4":{"label_entropy_nats":2.197225,"per_feature_mi_sum_nats":4.279744,"joint_mi_clipped_to_label_entropy":2.197225,"conditional_entropy_proxy_H_y_given_x":0.0,"per_feature_mi":[1.020195,0.978653,1.040554,1.240341],"latent_dim":4},"cae_1d_6":{"label_entropy_nats":2.197225,"per_feature_mi_sum_nats":6.171799,"joint_mi_clipped_to_label_entropy":2.197225,"conditional_entropy_proxy_H_y_given_x":0.0,"per_feature_mi":[1.067502,0.875529,1.123479,1.024918,0.997198,1.083173],"latent_dim":6},"cae_1d_8":{"label_entropy_nats":2.197225,"per_feature_mi_sum_nats":7.857476,"joint_mi_clipped_to_label_entropy":2.197225,"conditional_entropy_proxy_H_y_given_x":0.0,"per_feature_mi":[1.096496,1.013147,0.816752,0.75541,1.167716,1.038262,0.940255,1.029438],"latent_dim":8},"cae_2d_16":{"label_entropy_nats":2.197225,"per_feature_mi_sum_nats":10.278867,"joint_mi_clipped_to_label_entropy":2.197225,"conditional_entropy_proxy_H_y_given_x":0.0,"per_feature_mi":[0.581429,0.828743,0.634311,0.577132,0.555418,0.630761,0.59727,0.498293,0.752976,0.21014,0.654496,0.681385,0.707792,0.935282,0.797857,0.635582],"latent_dim":16},"cae_2d_32":{"label_entropy_nats":2.197225,"per_feature_mi_sum_nats":17.814103,"joint_mi_clipped_to_label_entropy":2.197225,"conditional_entropy_proxy_H_y_given_x":0.0,"per_feature_mi":[0.846436,0.668534,0.740379,0.627554,0.684766,0.591843,0.38573,0.452279,0.402302,0.448416,0.767542,0.344514,0.884652,0.60119,0.606973,0.605309,0.415157,0.380115,0.534139,0.467658,0.558402,0.713003,0.55847,0.76118,0.237923,0.403901,0.809916,0.400028,0.36882,0.550739,0.664339,0.331894],"latent_dim":32},"cae_2d_4":{"label_entropy_nats":2.197225,"per_feature_mi_sum_nats":3.35052,"joint_mi_clipped_to_label_entropy":2.197225,"conditional_entropy_proxy_H_y_given_x":0.0,"per_feature_mi":[0.832684,0.786275,0.975912,0.75565],"latent_dim":4},"cae_2d_8":{"label_entropy_nats":2.197225,"per_feature_mi_sum_nats":6.041129,"joint_mi_clipped_to_label_entropy":2.197225,"conditional_entropy_proxy_H_y_given_x":0.0,"per_feature_mi":[0.660591,0.698113,0.946513,0.648924,0.717262,0.813053,0.603013,0.953659],"latent_dim":8},"cae_3d_16":{"label_entropy_nats":2.197225,"per_feature_mi_sum_nats":13.022556,"joint_mi_clipped_to_label_entropy":2.197225,"conditional_entropy_proxy_H_y_given_x":0.0,"per_feature_mi":[0.910309,0.966143,0.703037,0.721024,0.787809,0.856344,0.953958,1.047504,0.871771,0.750177,0.835157,0.720089,0.797615,0.760866,0.657184,0.683569],"latent_dim":16},"cae_3d_32":{"label_entropy_nats":2.197225,"per_feature_mi_sum_nats":25.057483,"joint_mi_clipped_to_label_entropy":2.197225,"conditional_entropy_proxy_H_y_given_x":0.0,"per_feature_mi":[0.625588,0.681563,0.979127,0.752687,0.994803,0.684825,0.962349,0.815356,1.038817,0.761321,0.776906,0.742367,0.703258,0.719569,0.663391,0.628045,0.719793,0.926213,0.696,0.958941,0.440947,0.776363,0.833585,0.700739,0.982037,0.746843,0.867038,0.810668,0.894577,0.6193,0.905762,0.648706],"latent_dim":32},"cae_3d_4":{"label_entropy_nats":2.197225,"per_feature_mi_sum_nats":3.385487,"joint_mi_clipped_to_label_entropy":2.197225,"conditional_entropy_proxy_H_y_given_x":0.0,"per_feature_mi":[0.78418,1.106617,0.710928,0.783762],"latent_dim":4},"cae_3d_8":{"label_entropy_nats":2.197225,"per_feature_mi_sum_nats":6.28441,"joint_mi_clipped_to_label_entropy":2.197225,"conditional_entropy_proxy_H_y_given_x":0.0,"per_feature_mi":[0.797339,0.659722,0.815618,0.808892,0.633407,0.584997,1.112783,0.871652],"latent_dim":8},"dense_ae_16":{"label_entropy_nats":2.197225,"per_feature_mi_sum_nats":8.301435,"joint_mi_clipped_to_label_entropy":2.197225,"conditional_entropy_proxy_H_y_given_x":0.0,