{"scene_id":"pavia-university","topic_count":9,"n_documents":1980,"label_entropy_nats":2.197225,"label_entropy_bits":3.169926,"method_mi":{"theta":{"label_entropy_nats":2.197225,"per_feature_mi_sum_nats":7.545345,"joint_mi_clipped_to_label_entropy":2.197225,"conditional_entropy_proxy_H_y_given_x":0.0,"per_feature_mi":[0.799796,0.720462,0.948749,0.752806,1.018409,0.737868,0.856914,0.783823,0.92652],"latent_dim":9},"dense_ae_8":{"label_entropy_nats":2.197225,"per_feature_mi_sum_nats":5.1454,"joint_mi_clipped_to_label_entropy":2.197225,"conditional_entropy_proxy_H_y_given_x":0.0,"per_feature_mi":[0.0,0.959179,0.935035,0.000626,0.003896,1.144944,1.121941,0.979779],"latent_dim":8},"ica_10":{"label_entropy_nats":2.197225,"per_feature_mi_sum_nats":3.946496,"joint_mi_clipped_to_label_entropy":2.197225,"conditional_entropy_proxy_H_y_given_x":0.0,"per_feature_mi":[0.230702,0.695458,0.829021,0.60955,0.163231,0.341308,0.245932,0.285247,0.184346,0.361703],"latent_dim":10},"nmf_20":{"label_entropy_nats":2.197225,"per_feature_mi_sum_nats":10.757767,"joint_mi_clipped_to_label_entropy":2.197225,"conditional_entropy_proxy_H_y_given_x":0.0,"per_feature_mi":[0.725709,0.772357,0.634028,0.394678,0.417717,0.319267,0.562053,0.415458,0.398582,0.6759,0.615194,0.487638,0.655211,0.487876,0.645886,0.436443,0.387182,0.630082,0.513191,0.583313],"latent_dim":20},"nmf_8":{"label_entropy_nats":2.197225,"per_feature_mi_sum_nats":5.50318,"joint_mi_clipped_to_label_entropy":2.197225,"conditional_entropy_proxy_H_y_given_x":0.0,"per_feature_mi":[0.96887,0.955612,0.955893,0.382047,0.358613,0.816777,0.497684,0.567684],"latent_dim":8},"pca_10":{"label_entropy_nats":2.197225,"per_feature_mi_sum_nats":4.654819,"joint_mi_clipped_to_label_entropy":2.197225,"conditional_entropy_proxy_H_y_given_x":0.0,"per_feature_mi":[1.081367,1.069733,0.660231,0.371846,0.191852,0.223166,0.306587,0.312068,0.296006,0.141962],"latent_dim":10},"pca_3":{"label_entropy_nats":2.197225,"per_feature_mi_sum_nats":2.811332,"joint_mi_clipped_to_label_entropy":2.197225,"conditional_entropy_proxy_H_y_given_x":0.0,"per_feature_mi":[1.081367,1.069733,0.660231],"latent_dim":3},"pca_30":{"label_entropy_nats":2.197225,"per_feature_mi_sum_nats":8.509222,"joint_mi_clipped_to_label_entropy":2.197225,"conditional_entropy_proxy_H_y_given_x":0.0,"per_feature_mi":[1.081325,1.069733,0.660231,0.371747,0.191876,0.223166,0.306556,0.311882,0.296006,0.141962,0.143968,0.268897,0.344879,0.2474,0.205835,0.16226,0.159217,0.168798,0.170329,0.177702,0.165879,0.14291,0.212492,0.204661,0.225848,0.163769,0.204692,0.204826,0.179797,0.10058],"latent_dim":30}},"ranking_by_joint_mi":[{"method":"theta","latent_dim":9,"joint_mi_clipped":2.197225,"fraction_of_label_entropy_recovered":1.0},{"method":"dense_ae_8","latent_dim":8,"joint_mi_clipped":2.197225,"fraction_of_label_entropy_recovered":1.0},{"method":"ica_10","latent_dim":10,"joint_mi_clipped":2.197225,"fraction_of_label_entropy_recovered":1.0},{"method":"nmf_20","latent_dim":20,"joint_mi_clipped":2.197225,"fraction_of_label_entropy_recovered":1.0},{"method":"nmf_8","latent_dim":8,"joint_mi_clipped":2.197225,"fraction_of_label_entropy_recovered":1.0},{"method":"pca_10","latent_dim":10,"joint_mi_clipped":2.197225,"fraction_of_label_entropy_recovered":1.0},{"method":"pca_3","latent_dim":3,"joint_mi_clipped":2.197225,"fraction_of_label_entropy_recovered":1.0},{"method":"pca_30","latent_dim":30,"joint_mi_clipped":2.197225,"fraction_of_label_entropy_recovered":1.0}],"framework_axis":"B-4 (master plan Addendum B Axis D): MI(theta; label) vs MI(other K-dim compressions; label)","generated_at":"2026-05-03T18:25:39Z","builder_version":"build_mutual_information v0.1"}