{"scene_id":"salinas-a-corrected","topic_count":6,"n_documents":1320,"label_entropy_nats":1.791759,"label_entropy_bits":2.584962,"method_mi":{"theta":{"label_entropy_nats":1.791759,"per_feature_mi_sum_nats":8.273762,"joint_mi_clipped_to_label_entropy":1.791759,"conditional_entropy_proxy_H_y_given_x":0.0,"per_feature_mi":[1.314687,1.309286,1.352626,1.505941,1.297313,1.493909],"latent_dim":6},"dense_ae_8":{"label_entropy_nats":1.791759,"per_feature_mi_sum_nats":4.581641,"joint_mi_clipped_to_label_entropy":1.791759,"conditional_entropy_proxy_H_y_given_x":0.0,"per_feature_mi":[0.0,1.466905,1.484239,0.009805,8e-05,0.309096,0.0,1.311516],"latent_dim":8},"ica_10":{"label_entropy_nats":1.791759,"per_feature_mi_sum_nats":4.924944,"joint_mi_clipped_to_label_entropy":1.791759,"conditional_entropy_proxy_H_y_given_x":0.0,"per_feature_mi":[0.268389,0.190821,1.158479,0.223244,0.641372,0.264142,1.137102,0.436495,0.419352,0.185548],"latent_dim":10},"nmf_20":{"label_entropy_nats":1.791759,"per_feature_mi_sum_nats":16.058721,"joint_mi_clipped_to_label_entropy":1.791759,"conditional_entropy_proxy_H_y_given_x":0.0,"per_feature_mi":[1.347133,1.303008,1.04805,0.908059,0.920531,0.815942,0.787326,0.665115,0.707474,0.636606,0.748524,0.673359,0.779018,0.796505,0.789806,0.826801,0.62074,0.497401,0.468904,0.718418],"latent_dim":20},"nmf_8":{"label_entropy_nats":1.791759,"per_feature_mi_sum_nats":8.937481,"joint_mi_clipped_to_label_entropy":1.791759,"conditional_entropy_proxy_H_y_given_x":0.0,"per_feature_mi":[1.511032,1.441076,1.063378,1.167294,1.149438,1.16984,0.659513,0.775909],"latent_dim":8},"pca_10":{"label_entropy_nats":1.791759,"per_feature_mi_sum_nats":7.653802,"joint_mi_clipped_to_label_entropy":1.791759,"conditional_entropy_proxy_H_y_given_x":0.0,"per_feature_mi":[1.433829,1.097814,1.108802,1.339665,0.89679,0.651373,0.482686,0.250643,0.133452,0.258749],"latent_dim":10},"pca_3":{"label_entropy_nats":1.791759,"per_feature_mi_sum_nats":3.640753,"joint_mi_clipped_to_label_entropy":1.791759,"conditional_entropy_proxy_H_y_given_x":0.0,"per_feature_mi":[1.434081,1.09787,1.108802],"latent_dim":3},"pca_30":{"label_entropy_nats":1.791759,"per_feature_mi_sum_nats":10.906179,"joint_mi_clipped_to_label_entropy":1.791759,"conditional_entropy_proxy_H_y_given_x":0.0,"per_feature_mi":[1.434081,1.097802,1.108802,1.339564,0.896839,0.650954,0.482147,0.251475,0.134297,0.257768,0.216829,0.132334,0.096636,0.178614,0.183654,0.185086,0.157518,0.140954,0.171525,0.155797,0.178865,0.181584,0.168257,0.107151,0.181168,0.176159,0.185162,0.126402,0.148298,0.180457],"latent_dim":30}},"ranking_by_joint_mi":[{"method":"theta","latent_dim":6,"joint_mi_clipped":1.791759,"fraction_of_label_entropy_recovered":1.0},{"method":"dense_ae_8","latent_dim":8,"joint_mi_clipped":1.791759,"fraction_of_label_entropy_recovered":1.0},{"method":"ica_10","latent_dim":10,"joint_mi_clipped":1.791759,"fraction_of_label_entropy_recovered":1.0},{"method":"nmf_20","latent_dim":20,"joint_mi_clipped":1.791759,"fraction_of_label_entropy_recovered":1.0},{"method":"nmf_8","latent_dim":8,"joint_mi_clipped":1.791759,"fraction_of_label_entropy_recovered":1.0},{"method":"pca_10","latent_dim":10,"joint_mi_clipped":1.791759,"fraction_of_label_entropy_recovered":1.0},{"method":"pca_3","latent_dim":3,"joint_mi_clipped":1.791759,"fraction_of_label_entropy_recovered":1.0},{"method":"pca_30","latent_dim":30,"joint_mi_clipped":1.791759,"fraction_of_label_entropy_recovered":1.0}],"framework_axis":"B-4 (master plan Addendum B Axis D): MI(theta; label) vs MI(other K-dim compressions; label)","generated_at":"2026-05-03T18:25:38Z","builder_version":"build_mutual_information v0.1"}