{"scene_id":"salinas-a-corrected","topic_count":6,"n_documents":1320,"label_entropy_nats":1.791759,"label_entropy_bits":2.584962,"method_mi":{"theta":{"label_entropy_nats":1.791759,"per_feature_mi_sum_nats":8.273762,"joint_mi_clipped_to_label_entropy":1.791759,"conditional_entropy_proxy_H_y_given_x":0.0,"per_feature_mi":[1.314687,1.309286,1.352626,1.505941,1.297313,1.493909],"latent_dim":6},"beta_vae_16":{"label_entropy_nats":1.791759,"per_feature_mi_sum_nats":22.548148,"joint_mi_clipped_to_label_entropy":1.791759,"conditional_entropy_proxy_H_y_given_x":0.0,"per_feature_mi":[1.381367,1.311141,1.572278,1.522187,1.437756,1.460747,1.263026,1.192662,1.455724,1.442209,1.53189,1.298269,1.412673,1.461746,1.432242,1.372231],"latent_dim":16},"beta_vae_32":{"label_entropy_nats":1.791759,"per_feature_mi_sum_nats":46.18788,"joint_mi_clipped_to_label_entropy":1.791759,"conditional_entropy_proxy_H_y_given_x":0.0,"per_feature_mi":[1.438647,1.481132,1.419458,1.521365,1.413521,1.438041,1.442343,1.58886,1.390022,1.441803,1.430342,1.440334,1.421243,1.442591,1.450573,1.432189,1.436522,1.445972,1.424621,1.436602,1.241146,1.437394,1.427703,1.444131,1.417245,1.600646,1.406674,1.44345,1.441234,1.426758,1.525663,1.439659],"latent_dim":32},"beta_vae_4":{"label_entropy_nats":1.791759,"per_feature_mi_sum_nats":5.292922,"joint_mi_clipped_to_label_entropy":1.791759,"conditional_entropy_proxy_H_y_given_x":0.0,"per_feature_mi":[1.439596,1.427693,1.4534,0.972233],"latent_dim":4},"beta_vae_8":{"label_entropy_nats":1.791759,"per_feature_mi_sum_nats":10.779804,"joint_mi_clipped_to_label_entropy":1.791759,"conditional_entropy_proxy_H_y_given_x":0.0,"per_feature_mi":[1.358696,1.131225,1.366432,1.25621,1.405719,1.394252,1.412106,1.455164],"latent_dim":8},"beta_vae_b16_8":{"label_entropy_nats":1.791759,"per_feature_mi_sum_nats":10.582807,"joint_mi_clipped_to_label_entropy":1.791759,"conditional_entropy_proxy_H_y_given_x":0.0,"per_feature_mi":[1.358378,1.385776,1.39844,1.436706,1.31144,1.362007,0.910281,1.419779],"latent_dim":8},"beta_vae_b1_8":{"label_entropy_nats":1.791759,"per_feature_mi_sum_nats":10.022838,"joint_mi_clipped_to_label_entropy":1.791759,"conditional_entropy_proxy_H_y_given_x":0.0,"per_feature_mi":[1.090219,1.191121,0.978969,1.171531,1.424463,1.38526,1.468629,1.312646],"latent_dim":8},"beta_vae_b2_8":{"label_entropy_nats":1.791759,"per_feature_mi_sum_nats":10.318851,"joint_mi_clipped_to_label_entropy":1.791759,"conditional_entropy_proxy_H_y_given_x":0.0,"per_feature_mi":[0.951357,1.238111,1.216906,1.308868,1.438299,1.5344,1.413288,1.217622],"latent_dim":8},"beta_vae_b8_8":{"label_entropy_nats":1.791759,"per_feature_mi_sum_nats":10.965077,"joint_mi_clipped_to_label_entropy":1.791759,"conditional_entropy_proxy_H_y_given_x":0.0,"per_feature_mi":[1.229477,1.455061,1.433259,1.462347,1.282564,1.321905,1.362934,1.417529],"latent_dim":8},"cae_1d_10":{"label_entropy_nats":1.791759,"per_feature_mi_sum_nats":14.003346,"joint_mi_clipped_to_label_entropy":1.791759,"conditional_entropy_proxy_H_y_given_x":0.0,"per_feature_mi":[1.396983,1.383162,1.337095,1.341049,1.450373,1.323092,1.406415,1.43612,1.491998,1.437061],"latent_dim":10},"cae_1d_12":{"label_entropy_nats":1.791759,"per_feature_mi_sum_nats":16.888743,"joint_mi_clipped_to_label_entropy":1.791759,"conditional_entropy_proxy_H_y_given_x":0.0,"per_feature_mi":[1.32928,1.499109,1.328448,1.489059,1.467601,1.521208,0.987841,1.453215,1.590651,1.357305,1.383324,1.481702],"latent_dim":12},"cae_1d_16":{"label_entropy_nats":1.791759,"per_feature_mi_sum_nats":22.798313,"joint_mi_clipped_to_label_entropy":1.791759,"conditional_entropy_proxy_H_y_given_x":0.0,"per_feature_mi":[1.446825,1.371582,1.419345,1.519434,1.500368,1.403072,1.357226,1.369447,1.480285,1.479923,1.457624,1.41568,1.378207,1.422278,1.44369,1.333328],"latent_dim":16},"cae_1d_32":{"label_entropy_nats":1.791759,"per_feature_mi_sum_nats":44.724395,"joint_mi_clipped_to_label_entropy":1.791759,"conditional_entropy_proxy_H_y_given_x":0.0,"per_feature_mi":[1.465572,1.317884,1.521439,1.394481,1.526066,1.38847,1.500359,1.375254,1.514051,1.469621,1.284712,1.326864,1.314869,1.310142,1.451434,1.466405,1.319403,1.476066,1.4762,1.158255,1.443709,1.387953,1.456779,1.485691,1.243815,1.051702,1.519461,1.433583,1.452907,1.395145,1.400187,1.395914],"latent_dim":32},"cae_1d_4":{"label_entropy_nats":1.791759,"per_feature_mi_sum_nats":5.576573,"joint_mi_clipped_to_label_entropy":1.791759,"conditional_entropy_proxy_H_y_given_x":0.0,"per_feature_mi":[1.327066,1.322898,1.479375,1.447234],"latent_dim":4},"cae_1d_6":{"label_entropy_nats":1.791759,"per_feature_mi_sum_nats":8.541017,"joint_mi_clipped_to_label_entropy":1.791759,"conditional_entropy_proxy_H_y_given_x":0.0,"per_feature_mi":[1.498546,1.438476,1.368783,1.508129,1.367655,1.359428],"latent_dim":6},"cae_1d_8":{"label_entropy_nats":1.791759,"per_feature_mi_sum_nats":10.872731,"joint_mi_clipped_to_label_entropy":1.791759,"conditional_entropy_proxy_H_y_given_x":0.0,"per_feature_mi":[1.405582,1.321495,1.499312,1.330334,1.011858,1.463967,1.426989,1.413194],"latent_dim":8},"cae_2d_16":{"label_entropy_nats":1.791759,"per_feature_mi_sum_nats":16.451963,"joint_mi_clipped_to_label_entropy":1.791759,"conditional_entropy_proxy_H_y_given_x":0.0,"per_feature_mi":[1.045135,0.789491,1.203624,1.091769,0.526369,1.232935,1.320576,1.161075,1.107023,0.463759,1.091015,1.054121,0.920143,1.099856,1.202955,1.142117],"latent_dim":16},"cae_2d_32":{"label_entropy_nats":1.791759,"per_feature_mi_sum_nats":33.803849,"joint_mi_clipped_to_label_entropy":1.791759,"conditional_entropy_proxy_H_y_given_x":0.0,"per_feature_mi":[1.087696,1.096213,1.029835,0.763936,0.974602,1.111114,1.037238,1.231419,1.26942,0.57955,1.094706,1.101642,0.841944,1.282118,1.049122,1.191974,0.987884,1.041495,1.169907,0.558573,1.195701,1.068179,1.206507,1.050456,0.952811,1.121296,1.106327,1.10368,1.147171,1.30684,0.96834,1.076153],"latent_dim":32},"cae_2d_4":{"label_entropy_nats":1.791759,"per_feature_mi_sum_nats":4.4826,"joint_mi_clipped_to_label_entropy":1.791759,"conditional_entropy_proxy_H_y_given_x":0.0,"per_feature_mi":[1.039434,1.081821,1.08475,1.276595],"latent_dim":4},"cae_2d_8":{"label_entropy_nats":1.791759,"per_feature_mi_sum_nats":7.758355,"joint_mi_clipped_to_label_entropy":1.791759,"conditional_entropy_proxy_H_y_given_x":0.0,"per_feature_mi":[1.100109,1.132364,0.822422,1.228081,0.791923,0.73862,0.635984,1.308852],"latent_dim":8},"cae_3d_16":{"label_entropy_nats":1.791759,"per_feature_mi_sum_nats":18.580215,"joint_mi_clipped_to_label_entropy":1.791759,"conditional_entropy_proxy_H_y_given_x":0.0,"per_feature_mi":[1.196094,1.116469,0.797643,1.122664,1.095354,1.344384,0.80225,1.192943,1.244398,1.186346,1.236596,1.420802,1.177041,1.279697,1.191579,1.175956],"latent_dim":16},"cae_3d_32":{"label_entropy_nats":1.791759,"per_feature_mi_sum_nats":38.403255,"joint_mi_clipped_to_label_entropy":1.791759,"conditional_entropy_proxy_H_y_given_x":0.0,"per_feature_mi":[1.277129,1.180507,1.38338,1.169526,1.452088,1.081006,1.414125,1.335605,0.925505,1.175444,1.177199,1.068396,1.183242,1.218138,1.27396,1.2172,0.855228,1.376286,1.243368,0.935737,1.111297,1.364935,1.20392,1.291994,1.219976,1.096327,1.174882,1.160409,1.184921,1.328013,1.136467,1.187045],"latent_dim":32},"cae_3d_4":{"label_entropy_nats":1.791759,"per_feature_mi_sum_nats":4.812552,"joint_mi_clipped_to_label_entropy":1.791759,"conditional_entropy_proxy_H_y_given_x":0.0,"per_feature_mi":[1.117639,1.337809,1.121291,1.235813],"latent_dim":4},"cae_3d_8":{"label_entropy_nats":1.791759,"per_feature_mi_sum_nats":8.085578,"joint_mi_clipped_to_label_entropy":1.791759,"conditional_entropy_proxy_H_y_given_x":0.0,"per_feature_mi":[1.048984,0.481007,1.046088,0.517578,1.212751,1.227117,1.343021,1.209033],"latent_dim":8},"dense_ae_16":{"label_entropy_nats":1.791759,"per_feature_mi_sum_nats":9.979116,"joint_mi_clipped_to_label_entropy":1.791759,"conditional_entropy_proxy_H_y_given_x":0.0,