{"scene_id":"salinas-corrected","topic_count":12,"n_documents":3520,"label_entropy_nats":2.772589,"label_entropy_bits":4.0,"method_mi":{"theta":{"label_entropy_nats":2.772589,"per_feature_mi_sum_nats":19.660487,"joint_mi_clipped_to_label_entropy":2.772589,"conditional_entropy_proxy_H_y_given_x":0.0,"per_feature_mi":[1.700628,1.527739,1.659046,1.398723,1.639871,1.835718,1.967019,1.336521,1.919549,1.568373,1.54697,1.56033],"latent_dim":12},"beta_vae_8":{"label_entropy_nats":2.772589,"per_feature_mi_sum_nats":13.848345,"joint_mi_clipped_to_label_entropy":2.772589,"conditional_entropy_proxy_H_y_given_x":0.0,"per_feature_mi":[1.694441,1.648082,1.927598,2.018749,2.040836,1.484915,1.519631,1.514093],"latent_dim":8},"cae_1d_8":{"label_entropy_nats":2.772589,"per_feature_mi_sum_nats":14.212266,"joint_mi_clipped_to_label_entropy":2.772589,"conditional_entropy_proxy_H_y_given_x":0.0,"per_feature_mi":[1.833438,1.81684,1.467495,1.855482,1.523884,1.977344,1.753834,1.983949],"latent_dim":8},"cae_2d_8":{"label_entropy_nats":2.772589,"per_feature_mi_sum_nats":11.515396,"joint_mi_clipped_to_label_entropy":2.772589,"conditional_entropy_proxy_H_y_given_x":0.0,"per_feature_mi":[1.66981,1.640983,1.127284,1.62629,1.237218,1.41505,1.141861,1.656901],"latent_dim":8},"cae_3d_8":{"label_entropy_nats":2.772589,"per_feature_mi_sum_nats":10.436187,"joint_mi_clipped_to_label_entropy":2.772589,"conditional_entropy_proxy_H_y_given_x":0.0,"per_feature_mi":[1.140844,0.83636,1.181028,1.025989,1.520158,1.573984,1.825328,1.332497],"latent_dim":8},"dense_ae_8":{"label_entropy_nats":2.772589,"per_feature_mi_sum_nats":4.891117,"joint_mi_clipped_to_label_entropy":2.772589,"conditional_entropy_proxy_H_y_given_x":0.0,"per_feature_mi":[0.0,1.849492,0.005934,0.010735,0.006627,1.109678,0.0,1.908651],"latent_dim":8},"ica_10":{"label_entropy_nats":2.772589,"per_feature_mi_sum_nats":7.23757,"joint_mi_clipped_to_label_entropy":2.772589,"conditional_entropy_proxy_H_y_given_x":0.0,"per_feature_mi":[0.534305,1.071008,1.545929,0.233956,0.145668,0.640828,0.609118,0.950633,0.583412,0.922712],"latent_dim":10},"nmf_20":{"label_entropy_nats":2.772589,"per_feature_mi_sum_nats":19.043143,"joint_mi_clipped_to_label_entropy":2.772589,"conditional_entropy_proxy_H_y_given_x":0.0,"per_feature_mi":[1.673317,1.589982,1.070053,1.130036,1.102573,0.973297,0.875066,1.043312,0.688921,1.012125,0.405969,0.854009,0.789335,1.241211,0.537897,0.988764,0.746085,0.592329,0.891964,0.836899],"latent_dim":20},"nmf_8":{"label_entropy_nats":2.772589,"per_feature_mi_sum_nats":11.091699,"joint_mi_clipped_to_label_entropy":2.772589,"conditional_entropy_proxy_H_y_given_x":0.0,"per_feature_mi":[1.708748,1.644228,1.430322,1.224074,1.501539,1.156936,1.217178,1.208674],"latent_dim":8},"pca_10":{"label_entropy_nats":2.772589,"per_feature_mi_sum_nats":9.373047,"joint_mi_clipped_to_label_entropy":2.772589,"conditional_entropy_proxy_H_y_given_x":0.0,"per_feature_mi":[1.982159,1.466497,1.346073,1.274509,1.159033,0.77702,0.535913,0.27868,0.379454,0.173708],"latent_dim":10},"pca_3":{"label_entropy_nats":2.772589,"per_feature_mi_sum_nats":4.794623,"joint_mi_clipped_to_label_entropy":2.772589,"conditional_entropy_proxy_H_y_given_x":0.0,"per_feature_mi":[1.982159,1.46639,1.346073],"latent_dim":3},"pca_30":{"label_entropy_nats":2.772589,"per_feature_mi_sum_nats":14.074941,"joint_mi_clipped_to_label_entropy":2.772589,"conditional_entropy_proxy_H_y_given_x":0.0,"per_feature_mi":[1.982159,1.46639,1.346056,1.274509,1.159033,0.777032,0.535887,0.278754,0.379471,0.173703,0.223537,0.355566,0.572732,0.215781,0.618045,0.199079,0.247136,0.294841,0.199232,0.288239,0.14521,0.146439,0.1482,0.187822,0.152182,0.159763,0.126164,0.128002,0.152482,0.141494],"latent_dim":30}},"ranking_by_joint_mi":[{"method":"theta","latent_dim":12,"joint_mi_clipped":2.772589,"fraction_of_label_entropy_recovered":1.0},{"method":"beta_vae_8","latent_dim":8,"joint_mi_clipped":2.772589,"fraction_of_label_entropy_recovered":1.0},{"method":"cae_1d_8","latent_dim":8,"joint_mi_clipped":2.772589,"fraction_of_label_entropy_recovered":1.0},{"method":"cae_2d_8","latent_dim":8,"joint_mi_clipped":2.772589,"fraction_of_label_entropy_recovered":1.0},{"method":"cae_3d_8","latent_dim":8,"joint_mi_clipped":2.772589,"fraction_of_label_entropy_recovered":1.0},{"method":"dense_ae_8","latent_dim":8,"joint_mi_clipped":2.772589,"fraction_of_label_entropy_recovered":1.0},{"method":"ica_10","latent_dim":10,"joint_mi_clipped":2.772589,"fraction_of_label_entropy_recovered":1.0},{"method":"nmf_20","latent_dim":20,"joint_mi_clipped":2.772589,"fraction_of_label_entropy_recovered":1.0},{"method":"nmf_8","latent_dim":8,"joint_mi_clipped":2.772589,"fraction_of_label_entropy_recovered":1.0},{"method":"pca_10","latent_dim":10,"joint_mi_clipped":2.772589,"fraction_of_label_entropy_recovered":1.0},{"method":"pca_3","latent_dim":3,"joint_mi_clipped":2.772589,"fraction_of_label_entropy_recovered":1.0},{"method":"pca_30","latent_dim":30,"joint_mi_clipped":2.772589,"fraction_of_label_entropy_recovered":1.0}],"framework_axis":"B-4 (master plan Addendum B Axis D): MI(theta; label) vs MI(other K-dim compressions; label)","generated_at":"2026-05-06T05:17:20Z","builder_version":"build_mutual_information v0.1"}