{"scene_id":"salinas-corrected","topic_count":12,"n_documents":3520,"label_entropy_nats":2.772589,"label_entropy_bits":4.0,"method_mi":{"theta":{"label_entropy_nats":2.772589,"per_feature_mi_sum_nats":19.660487,"joint_mi_clipped_to_label_entropy":2.772589,"conditional_entropy_proxy_H_y_given_x":0.0,"per_feature_mi":[1.700628,1.527739,1.659046,1.398723,1.639871,1.835718,1.967019,1.336521,1.919549,1.568373,1.54697,1.56033],"latent_dim":12},"beta_vae_16":{"label_entropy_nats":2.772589,"per_feature_mi_sum_nats":27.987471,"joint_mi_clipped_to_label_entropy":2.772589,"conditional_entropy_proxy_H_y_given_x":0.0,"per_feature_mi":[1.903669,1.750465,1.522437,1.882335,1.665246,1.921431,1.709607,1.854062,2.000458,1.522796,1.845208,1.758618,1.649943,1.93299,1.525554,1.542654],"latent_dim":16},"beta_vae_32":{"label_entropy_nats":2.772589,"per_feature_mi_sum_nats":57.062657,"joint_mi_clipped_to_label_entropy":2.772589,"conditional_entropy_proxy_H_y_given_x":0.0,"per_feature_mi":[1.366255,1.882699,2.072947,1.818079,2.000661,2.059028,1.532721,1.64077,1.720359,1.522377,2.017773,2.017556,1.94669,1.961346,1.558966,1.852983,1.648004,1.665878,1.748217,1.922164,1.829353,1.766436,1.54903,1.313121,1.821396,1.390876,1.896793,2.079952,2.063356,1.768216,1.616127,2.012529],"latent_dim":32},"beta_vae_4":{"label_entropy_nats":2.772589,"per_feature_mi_sum_nats":7.640655,"joint_mi_clipped_to_label_entropy":2.772589,"conditional_entropy_proxy_H_y_given_x":0.0,"per_feature_mi":[2.01318,1.625771,2.046048,1.955655],"latent_dim":4},"beta_vae_8":{"label_entropy_nats":2.772589,"per_feature_mi_sum_nats":13.848345,"joint_mi_clipped_to_label_entropy":2.772589,"conditional_entropy_proxy_H_y_given_x":0.0,"per_feature_mi":[1.694441,1.648082,1.927598,2.018749,2.040836,1.484915,1.519631,1.514093],"latent_dim":8},"beta_vae_b16_8":{"label_entropy_nats":2.772589,"per_feature_mi_sum_nats":0.015796,"joint_mi_clipped_to_label_entropy":0.015796,"conditional_entropy_proxy_H_y_given_x":2.756793,"per_feature_mi":[0.0,0.0,0.005934,0.009862,0.0,0.0,0.0,0.0],"latent_dim":8},"beta_vae_b1_8":{"label_entropy_nats":2.772589,"per_feature_mi_sum_nats":13.98257,"joint_mi_clipped_to_label_entropy":2.772589,"conditional_entropy_proxy_H_y_given_x":0.0,"per_feature_mi":[2.017047,1.698595,1.533264,1.788111,1.684705,1.679127,1.721267,1.860453],"latent_dim":8},"beta_vae_b2_8":{"label_entropy_nats":2.772589,"per_feature_mi_sum_nats":13.593694,"joint_mi_clipped_to_label_entropy":2.772589,"conditional_entropy_proxy_H_y_given_x":0.0,"per_feature_mi":[1.854544,1.336957,2.054825,2.005348,1.751898,1.391882,1.645933,1.552307],"latent_dim":8},"beta_vae_b8_8":{"label_entropy_nats":2.772589,"per_feature_mi_sum_nats":0.016668,"joint_mi_clipped_to_label_entropy":0.016668,"conditional_entropy_proxy_H_y_given_x":2.755921,"per_feature_mi":[0.0,0.0,0.005934,0.010735,0.0,0.0,0.0,0.0],"latent_dim":8},"cae_1d_16":{"label_entropy_nats":2.772589,"per_feature_mi_sum_nats":28.863886,"joint_mi_clipped_to_label_entropy":2.772589,"conditional_entropy_proxy_H_y_given_x":0.0,"per_feature_mi":[1.885877,1.771465,1.668532,1.962782,1.783299,1.957963,1.750193,1.683135,1.364822,1.770934,1.917961,1.803808,1.845969,1.980874,1.831506,1.884767],"latent_dim":16},"cae_1d_32":{"label_entropy_nats":2.772589,"per_feature_mi_sum_nats":55.664527,"joint_mi_clipped_to_label_entropy":2.772589,"conditional_entropy_proxy_H_y_given_x":0.0,"per_feature_mi":[1.669567,1.844335,1.868548,1.931545,1.498737,1.857151,1.80038,1.868793,1.711626,1.644419,1.292682,1.892102,1.693106,1.800814,1.803948,1.840738,1.959594,1.628069,1.932795,1.399905,1.700775,1.849848,1.781662,1.90583,1.76206,1.186886,1.845278,1.761469,1.625399,1.830515,1.500525,1.975425],"latent_dim":32},"cae_1d_4":{"label_entropy_nats":2.772589,"per_feature_mi_sum_nats":6.848378,"joint_mi_clipped_to_label_entropy":2.772589,"conditional_entropy_proxy_H_y_given_x":0.0,"per_feature_mi":[1.648694,1.671967,1.502841,2.024877],"latent_dim":4},"cae_1d_8":{"label_entropy_nats":2.772589,"per_feature_mi_sum_nats":14.212266,"joint_mi_clipped_to_label_entropy":2.772589,"conditional_entropy_proxy_H_y_given_x":0.0,"per_feature_mi":[1.833438,1.81684,1.467495,1.855482,1.523884,1.977344,1.753834,1.983949],"latent_dim":8},"cae_2d_16":{"label_entropy_nats":2.772589,"per_feature_mi_sum_nats":22.340099,"joint_mi_clipped_to_label_entropy":2.772589,"conditional_entropy_proxy_H_y_given_x":0.0,"per_feature_mi":[1.478915,0.884715,1.652855,1.457859,0.716662,1.662103,1.658477,1.226392,1.797876,1.011456,1.346611,1.525887,0.903765,1.645055,1.6337,1.737772],"latent_dim":16},"cae_2d_32":{"label_entropy_nats":2.772589,"per_feature_mi_sum_nats":43.872727,"joint_mi_clipped_to_label_entropy":2.772589,"conditional_entropy_proxy_H_y_given_x":0.0,"per_feature_mi":[1.588168,1.516177,1.344455,1.230389,1.448287,1.755466,1.438025,0.748054,1.478309,1.725174,1.357326,0.988735,0.543649,1.49128,1.465524,1.440935,1.23557,1.500067,1.372721,0.978065,1.439615,1.354263,1.551777,1.638632,0.9491,1.542569,1.784993,1.651811,1.519325,1.651274,1.228273,0.914722],"latent_dim":32},"cae_2d_4":{"label_entropy_nats":2.772589,"per_feature_mi_sum_nats":5.466405,"joint_mi_clipped_to_label_entropy":2.772589,"conditional_entropy_proxy_H_y_given_x":0.0,"per_feature_mi":[0.861343,1.297545,1.520607,1.786911],"latent_dim":4},"cae_2d_8":{"label_entropy_nats":2.772589,"per_feature_mi_sum_nats":11.515396,"joint_mi_clipped_to_label_entropy":2.772589,"conditional_entropy_proxy_H_y_given_x":0.0,"per_feature_mi":[1.66981,1.640983,1.127284,1.62629,1.237218,1.41505,1.141861,1.656901],"latent_dim":8},"cae_3d_16":{"label_entropy_nats":2.772589,"per_feature_mi_sum_nats":22.488273,"joint_mi_clipped_to_label_entropy":2.772589,"conditional_entropy_proxy_H_y_given_x":0.0,"per_feature_mi":[1.459861,1.239065,0.556169,1.074273,1.236223,1.777271,1.207093,1.233786,1.699862,1.55053,1.469499,1.829398,1.533341,1.670211,1.41158,1.54011],"latent_dim":16},"cae_3d_32":{"label_entropy_nats":2.772589,"per_feature_mi_sum_nats":46.255383,"joint_mi_clipped_to_label_entropy":2.772589,"conditional_entropy_proxy_H_y_given_x":0.0,"per_feature_mi":[1.420939,1.409552,1.816283,1.333523,1.508518,1.140056,1.709693,1.718571,0.895163,1.219591,1.157113,1.392569,1.676935,1.56524,1.647763,1.189664,1.158435,1.589337,1.645613,1.759976,0.959553,1.760549,1.523851,1.639623,1.557425,1.144444,1.378264,1.522922,1.561506,1.659706,0.934915,1.658092],"latent_dim":32},"cae_3d_4":{"label_entropy_nats":2.772589,"per_feature_mi_sum_nats":6.094644,"joint_mi_clipped_to_label_entropy":2.772589,"conditional_entropy_proxy_H_y_given_x":0.0,"per_feature_mi":[1.71417,1.192385,1.489481,1.698609],"latent_dim":4},"cae_3d_8":{"label_entropy_nats":2.772589,"per_feature_mi_sum_nats":10.436187,"joint_mi_clipped_to_label_entropy":2.772589,"conditional_entropy_proxy_H_y_given_x":0.0,"per_feature_mi":[1.140844,0.83636,1.181028,1.025989,1.520158,1.573984,1.825328,1.332497],"latent_dim":8},"dense_ae_8":{"label_entropy_nats":2.772589,"per_feature_mi_sum_nats":4.891117,"joint_mi_clipped_to_label_entropy":2.772589,"conditional_entropy_proxy_H_y_given_x":0.0,"per_feature_mi":[0.0,1.849492,0.005934,0.010735,0.006627,1.109678,0.0,1.908651],"latent_dim":8},"ica_10":{"label_entropy_nats":2.772589,"per_feature_mi_sum_nats":7.23757,"joint_mi_clipped_to_label_entropy":2.772589,"conditional_entropy_proxy_H_y_given_x":0.0,"per_feature_mi":[0.534305,1.071008,1.545929,0.233956,0.145668,0.640828,0.609118,0.950633,0.583412,0.922712],"latent_dim":10},"nmf_20":{"label_entropy_nats":2.772589,"per_feature_mi_sum_nats":19.043143,"joint_mi_clipped_to_label_entropy":2.772589,"conditional_entropy_proxy_H_y_given_x":0.0,"per_feature_mi":[1.673317,1.589982,1.070053,1.130036,1.102573,0.973297,0.875066,1.043312,0.688921,1.012125,0.405969,0.854009,0.789335,1.241211,0.537897,0.988764,0.746085,0.592329,0.891964,0.836899],"latent_dim":20},"nmf_8":{"label_entropy_nats":2.772589,"per_feature_mi_sum_nats":11.091699,"joint_mi_clipped_to_label_entropy":2.772589,"conditional_entropy_proxy_H_y_given_x":0.0,