{"scene_id":"salinas-a-corrected","topic_count":6,"n_documents":1320,"label_entropy_nats":1.791759,"label_entropy_bits":2.584962,"method_mi":{"theta":{"label_entropy_nats":1.791759,"per_feature_mi_sum_nats":8.273762,"joint_mi_clipped_to_label_entropy":1.791759,"conditional_entropy_proxy_H_y_given_x":0.0,"per_feature_mi":[1.314687,1.309286,1.352626,1.505941,1.297313,1.493909],"latent_dim":6},"beta_vae_16":{"label_entropy_nats":1.791759,"per_feature_mi_sum_nats":22.548148,"joint_mi_clipped_to_label_entropy":1.791759,"conditional_entropy_proxy_H_y_given_x":0.0,"per_feature_mi":[1.381367,1.311141,1.572278,1.522187,1.437756,1.460747,1.263026,1.192662,1.455724,1.442209,1.53189,1.298269,1.412673,1.461746,1.432242,1.372231],"latent_dim":16},"beta_vae_32":{"label_entropy_nats":1.791759,"per_feature_mi_sum_nats":46.18788,"joint_mi_clipped_to_label_entropy":1.791759,"conditional_entropy_proxy_H_y_given_x":0.0,"per_feature_mi":[1.438647,1.481132,1.419458,1.521365,1.413521,1.438041,1.442343,1.58886,1.390022,1.441803,1.430342,1.440334,1.421243,1.442591,1.450573,1.432189,1.436522,1.445972,1.424621,1.436602,1.241146,1.437394,1.427703,1.444131,1.417245,1.600646,1.406674,1.44345,1.441234,1.426758,1.525663,1.439659],"latent_dim":32},"beta_vae_4":{"label_entropy_nats":1.791759,"per_feature_mi_sum_nats":5.292922,"joint_mi_clipped_to_label_entropy":1.791759,"conditional_entropy_proxy_H_y_given_x":0.0,"per_feature_mi":[1.439596,1.427693,1.4534,0.972233],"latent_dim":4},"beta_vae_8":{"label_entropy_nats":1.791759,"per_feature_mi_sum_nats":10.779804,"joint_mi_clipped_to_label_entropy":1.791759,"conditional_entropy_proxy_H_y_given_x":0.0,"per_feature_mi":[1.358696,1.131225,1.366432,1.25621,1.405719,1.394252,1.412106,1.455164],"latent_dim":8},"cae_1d_16":{"label_entropy_nats":1.791759,"per_feature_mi_sum_nats":22.798313,"joint_mi_clipped_to_label_entropy":1.791759,"conditional_entropy_proxy_H_y_given_x":0.0,"per_feature_mi":[1.446825,1.371582,1.419345,1.519434,1.500368,1.403072,1.357226,1.369447,1.480285,1.479923,1.457624,1.41568,1.378207,1.422278,1.44369,1.333328],"latent_dim":16},"cae_1d_32":{"label_entropy_nats":1.791759,"per_feature_mi_sum_nats":44.724395,"joint_mi_clipped_to_label_entropy":1.791759,"conditional_entropy_proxy_H_y_given_x":0.0,"per_feature_mi":[1.465572,1.317884,1.521439,1.394481,1.526066,1.38847,1.500359,1.375254,1.514051,1.469621,1.284712,1.326864,1.314869,1.310142,1.451434,1.466405,1.319403,1.476066,1.4762,1.158255,1.443709,1.387953,1.456779,1.485691,1.243815,1.051702,1.519461,1.433583,1.452907,1.395145,1.400187,1.395914],"latent_dim":32},"cae_1d_4":{"label_entropy_nats":1.791759,"per_feature_mi_sum_nats":5.576573,"joint_mi_clipped_to_label_entropy":1.791759,"conditional_entropy_proxy_H_y_given_x":0.0,"per_feature_mi":[1.327066,1.322898,1.479375,1.447234],"latent_dim":4},"cae_1d_8":{"label_entropy_nats":1.791759,"per_feature_mi_sum_nats":10.872731,"joint_mi_clipped_to_label_entropy":1.791759,"conditional_entropy_proxy_H_y_given_x":0.0,"per_feature_mi":[1.405582,1.321495,1.499312,1.330334,1.011858,1.463967,1.426989,1.413194],"latent_dim":8},"cae_2d_8":{"label_entropy_nats":1.791759,"per_feature_mi_sum_nats":7.758355,"joint_mi_clipped_to_label_entropy":1.791759,"conditional_entropy_proxy_H_y_given_x":0.0,"per_feature_mi":[1.100109,1.132364,0.822422,1.228081,0.791923,0.73862,0.635984,1.308852],"latent_dim":8},"cae_3d_8":{"label_entropy_nats":1.791759,"per_feature_mi_sum_nats":8.085578,"joint_mi_clipped_to_label_entropy":1.791759,"conditional_entropy_proxy_H_y_given_x":0.0,"per_feature_mi":[1.048984,0.481007,1.046088,0.517578,1.212751,1.227117,1.343021,1.209033],"latent_dim":8},"dense_ae_8":{"label_entropy_nats":1.791759,"per_feature_mi_sum_nats":4.581641,"joint_mi_clipped_to_label_entropy":1.791759,"conditional_entropy_proxy_H_y_given_x":0.0,"per_feature_mi":[0.0,1.466905,1.484239,0.009805,8e-05,0.309096,0.0,1.311516],"latent_dim":8},"ica_10":{"label_entropy_nats":1.791759,"per_feature_mi_sum_nats":4.924944,"joint_mi_clipped_to_label_entropy":1.791759,"conditional_entropy_proxy_H_y_given_x":0.0,"per_feature_mi":[0.268389,0.190821,1.158479,0.223244,0.641372,0.264142,1.137102,0.436495,0.419352,0.185548],"latent_dim":10},"nmf_20":{"label_entropy_nats":1.791759,"per_feature_mi_sum_nats":16.058721,"joint_mi_clipped_to_label_entropy":1.791759,"conditional_entropy_proxy_H_y_given_x":0.0,"per_feature_mi":[1.347133,1.303008,1.04805,0.908059,0.920531,0.815942,0.787326,0.665115,0.707474,0.636606,0.748524,0.673359,0.779018,0.796505,0.789806,0.826801,0.62074,0.497401,0.468904,0.718418],"latent_dim":20},"nmf_8":{"label_entropy_nats":1.791759,"per_feature_mi_sum_nats":8.937481,"joint_mi_clipped_to_label_entropy":1.791759,"conditional_entropy_proxy_H_y_given_x":0.0,"per_feature_mi":[1.511032,1.441076,1.063378,1.167294,1.149438,1.16984,0.659513,0.775909],"latent_dim":8},"pca_10":{"label_entropy_nats":1.791759,"per_feature_mi_sum_nats":7.653802,"joint_mi_clipped_to_label_entropy":1.791759,"conditional_entropy_proxy_H_y_given_x":0.0,"per_feature_mi":[1.433829,1.097814,1.108802,1.339665,0.89679,0.651373,0.482686,0.250643,0.133452,0.258749],"latent_dim":10},"pca_3":{"label_entropy_nats":1.791759,"per_feature_mi_sum_nats":3.640753,"joint_mi_clipped_to_label_entropy":1.791759,"conditional_entropy_proxy_H_y_given_x":0.0,"per_feature_mi":[1.434081,1.09787,1.108802],"latent_dim":3},"pca_30":{"label_entropy_nats":1.791759,"per_feature_mi_sum_nats":10.906179,"joint_mi_clipped_to_label_entropy":1.791759,"conditional_entropy_proxy_H_y_given_x":0.0,"per_feature_mi":[1.434081,1.097802,1.108802,1.339564,0.896839,0.650954,0.482147,0.251475,0.134297,0.257768,0.216829,0.132334,0.096636,0.178614,0.183654,0.185086,0.157518,0.140954,0.171525,0.155797,0.178865,0.181584,0.168257,0.107151,0.181168,0.176159,0.185162,0.126402,0.148298,0.180457],"latent_dim":30}},"ranking_by_joint_mi":[{"method":"theta","latent_dim":6,"joint_mi_clipped":1.791759,"fraction_of_label_entropy_recovered":1.0},{"method":"beta_vae_16","latent_dim":16,"joint_mi_clipped":1.791759,"fraction_of_label_entropy_recovered":1.0},{"method":"beta_vae_32","latent_dim":32,"joint_mi_clipped":1.791759,"fraction_of_label_entropy_recovered":1.0},{"method":"beta_vae_4","latent_dim":4,"joint_mi_clipped":1.791759,"fraction_of_label_entropy_recovered":1.0},{"method":"beta_vae_8","latent_dim":8,"joint_mi_clipped":1.791759,"fraction_of_label_entropy_recovered":1.0},{"method":"cae_1d_16","latent_dim":16,"joint_mi_clipped":1.791759,"fraction_of_label_entropy_recovered":1.0},{"method":"cae_1d_32","latent_dim":32,"joint_mi_clipped":1.791759,"fraction_of_label_entropy_recovered":1.0},{"method":"cae_1d_4","latent_dim":4,"joint_mi_clipped":1.791759,"fraction_of_label_entropy_recovered":1.0},{"method":"cae_1d_8","latent_dim":8,"joint_mi_clipped":1.791759,"fraction_of_label_entropy_recovered":1.0},{"method":"cae_2d_8","latent_dim":8,"joint_mi_clipped":1.791759,"fraction_of_label_entropy_recovered":1.0},{"method":"cae_3d_8","latent_dim":8,"joint_mi_clipped":1.791759,"fraction_of_label_entropy_recovered":1.0},{"method":"dense_ae_8","latent_dim":8,"joint_mi_clipped":1.791759,"fraction_of_label_entropy_recovered":1.0},{"method":"ica_10","latent_dim":10,"joint_mi_clipped":1.791759,"fraction_of_label_entropy_recovered":1.0},{"method":"nmf_20","latent_dim":20,"joint_mi_clipped":1.791759,"fraction_of_label_entropy_recovered":1.0},{"method":"nmf_8","latent_dim":8,"joint_mi_clipped":1.791759,"fraction_of_label_entropy_recovered":1.0},{"method":"pca_10","latent_dim":10,"joint_mi_clipped":1.791759,"fraction_of_label_entropy_recovered":1.0},{"method":"pca_3","latent_dim":3,"joint_mi_clipped":1.791759,"fraction_of_label_entropy_recovered":1.0},{"method":"pca_30","latent_dim":30,"joint_mi_clipped":1.791759,"fraction_of_label_entropy_recovered":1.0}],"framework_axis":"B-4 (master plan Addendum B Axis D): MI(theta; label) vs MI(other K-dim compressions; label)","generated_at":"2026-05-06T07:03:15Z","builder_version":"build_mutual_information v0.1"}