{"subset_code":"MINERAL1","mask_id":"top_50_fisher","mask_label":"Top-50 between-covariate variance bands","mask_description":"Top-50 bands by between-covariate variance ratio. HIDSAG analogue of the labelled-scene Fisher selector \u2014 replaces Fisher discriminant on labels with between-covariate-group variance share.","modality":"swir_low","topic_count":6,"document_count":99,"vocabulary_size":50,"n_bands_full":268,"n_bands_kept":50,"kept_band_indices":[63,67,81,82,83,84,85,86,87,88,89,90,91,92,93,94,95,96,97,98,99,100,101,102,103,104,105,106,107,108,109,110,111,112,113,114,115,116,117,118,119,120,121,122,123,124,125,126,127,128],"wavelengths_nm_kept_first_last":[1356.42,1722.78],"wavelengths_nm_kept":[1356.42,1379.0,1458.01,1463.66,1469.3,1474.94,1480.58,1486.22,1491.86,1497.5,1503.14,1508.78,1514.42,1520.05,1525.69,1531.33,1536.97,1542.6,1548.24,1553.87,1559.51,1565.15,1570.78,1576.42,1582.05,1587.68,1593.32,1598.95,1604.58,1610.22,1615.85,1621.48,1627.11,1632.74,1638.37,1644.0,1649.63,1655.26,1660.89,1666.52,1672.15,1677.77,1683.4,1689.03,1694.65,1700.28,1705.91,1711.53,1717.16,1722.78],"topic_prevalence":[0.207032,0.014531,0.19221,0.274079,0.297977,0.014171],"topic_distance_cosine":[[0.0,0.014018,0.016775,0.018204,0.022734,0.007352],[0.014018,0.0,0.018682,0.023688,0.019838,0.011736],[0.016775,0.018682,0.0,0.031029,0.032991,0.014714],[0.018204,0.023688,0.031029,0.0,0.026865,0.012652],[0.022734,0.019838,0.032991,0.026865,0.0,0.01423],[0.007352,0.011736,0.014714,0.012652,0.01423,0.0]],"top_words_per_topic_lambda_05":[["swir_1469nm","swir_1700nm","swir_1475nm","swir_1582nm","swir_1672nm","swir_1576nm","swir_1633nm","swir_1514nm","swir_1695nm","swir_1509nm","swir_1492nm","swir_1638nm","swir_1644nm","swir_1678nm","swir_1616nm"],["swir_1554nm","swir_1582nm","swir_1576nm","swir_1475nm","swir_1695nm","swir_1706nm","swir_1520nm","swir_1498nm","swir_1672nm","swir_1621nm","swir_1492nm","swir_1723nm","swir_1712nm","swir_1667nm","swir_1526nm"],["swir_1610nm","swir_1638nm","swir_1582nm","swir_1520nm","swir_1616nm","swir_1492nm","swir_1605nm","swir_1356nm","swir_1509nm","swir_1486nm","swir_1526nm","swir_1475nm","swir_1588nm","swir_1712nm","swir_1667nm"],["swir_1458nm","swir_1503nm","swir_1650nm","swir_1683nm","swir_1678nm","swir_1548nm","swir_1469nm","swir_1565nm","swir_1464nm","swir_1695nm","swir_1379nm","swir_1481nm","swir_1514nm","swir_1661nm","swir_1689nm"],["swir_1723nm","swir_1717nm","swir_1571nm","swir_1560nm","swir_1492nm","swir_1554nm","swir_1621nm","swir_1700nm","swir_1599nm","swir_1706nm","swir_1627nm","swir_1644nm","swir_1655nm","swir_1498nm","swir_1543nm"],["swir_1700nm","swir_1695nm","swir_1661nm","swir_1481nm","swir_1560nm","swir_1712nm","swir_1379nm","swir_1475nm","swir_1667nm","swir_1616nm","swir_1531nm","swir_1576nm","swir_1498nm","swir_1356nm","swir_1610nm"]],"p_covariate_given_topic_dominant":[[{"covariate":"P2","count":7,"p":1.0},{"covariate":"P1","count":0,"p":0.0},{"covariate":"P3","count":0,"p":0.0}],[],[],[{"covariate":"P2","count":1,"p":0.5},{"covariate":"P3","count":1,"p":0.5},{"covariate":"P1","count":0,"p":0.0}],[{"covariate":"P1","count":33,"p":0.36666666666666664},{"covariate":"P3","count":32,"p":0.35555555555555557},{"covariate":"P2","count":25,"p":0.2777777777777778}],[]],"docs_per_topic_dominant":[7,0,0,2,90,0],"perplexity_train":53.14497406904953,"mean_confidence":0.29807454347610474,"doc_names":["M1-0001__m0__01","M1-0002__m0__01","M1-0003__m0__01","M1-0004__m0__01","M1-0005__m0__01","M1-0006__m0__01","M1-0007__m0__01","M1-0008__m0__01","M1-0009__m0__01","M1-0010__m0__01","M1-0011__m0__01","M1-0012__m0__01","M1-0013__m0__01","M1-0014__m0__01","M1-0015__m0__01","M1-0016__m0__01","M1-0017__m0__01","M1-0018__m0__01","M1-0019__m0__01","M1-0020__m0__01","M1-0021__m0__01","M1-0022__m0__01","M1-0023__m0__01","M1-0024__m0__01","M1-0025__m0__01","M1-0026__m0__01","M1-0027__m0__01","M1-0028__m0__01","M1-0029__m0__01","M1-0030__m0__01","M1-0031__m0__01","M1-0032__m0__01","M1-0033__m0__01","M1-0034__m0__01","M1-0035__m0__01","M1-0036__m0__01","M1-0037__m0__01","M1-0038__m0__01","M1-0039__m0__01","M1-0040__m0__01","M1-0041__m0__01","M1-0042__m0__01","M1-0043__m0__01","M1-0044__m0__01","M1-0045__m0__01","M1-0046__m0__01","M1-0047__m0__01","M1-0048__m0__01","M1-0049__m0__01","M1-0050__m0__01","M1-0051__m0__01","M1-0052__m0__01","M1-0053__m0__01","M1-0054__m0__01","M1-0055__m0__01","M1-0056__m0__01","M1-0057__m0__01","M1-0058__m0__01","M1-0059__m0__01","M1-0060__m0__01","M1-0061__m0__01","M1-0062__m0__01","M1-0063__m0__01","M1-0064__m0__01","M1-0065__m0__01","M1-0066__m0__01","M1-0067__m0__01","M1-0068__m0__01","M1-0069__m0__01","M1-0070__m0__01","M1-0071__m0__01","M1-0072__m0__01","M1-0073__m0__01","M1-0074__m0__01","M1-0075__m0__01","M1-0076__m0__01","M1-0077__m0__01","M1-0078__m0__01","M1-0079__m0__01","M1-0080__m0__01","M1-0081__m0__01","M1-0082__m0__01","M1-0083__m0__01","M1-0084__m0__01","M1-0085__m0__01","M1-0086__m0__01","M1-0087__m0__01","M1-0088__m0__01","M1-0089__m0__01","M1-0090__m0__01","M1-0091__m0__01","M1-0092__m0__01","M1-0093__m0__01","M1-0094__m0__01","M1-0095__m0__01","M1-0096__m0__01","M1-0097__m0__01","M1-0098__m0__01","M1-0099__m0__01"],"sample_names":["M1-0001","M1-0002","M1-0003","M1-0004","M1-0005","M1-0006","M1-0007","M1-0008","M1-0009","M1-0010","M1-0011","M1-0012","M1-0013","M1-0014","M1-0015","M1-0016","M1-0017","M1-0018","M1-0019","M1-0020","M1-0021","M1-0022","M1-0023","M1-0024","M1-0025","M1-0026","M1-0027","M1-0028","M1-0029","M1-0030","M1-0031","M1-0032","M1-0033","M1-0034","M1-0035","M1-0036","M1-0037","M1-0038","M1-0039","M1-0040","M1-0041","M1-0042","M1-0043","M1-0044","M1-0045","M1-0046","M1-0047","M1-0048","M1-0049","M1-0050","M1-0051","M1-0052","M1-0053","M1-0054","M1-0055","M1-0056","M1-0057","M1-0058","M1-0059","M1-0060","M1-0061","M1-0062","M1-0063","M1-0064","M1-0065","M1-0066","M1-0067","M1-0068","M1-0069","M1-0070","M1-0071","M1-0072","M1-0073","M1-0074","M1-0075","M1-0076","M1-0077","M1-0078","M1-0079","M1-0080","M1-0081","M1-0082","M1-0083","M1-0084","M1-0085","M1-0086","M1-0087","M1-0088","M1-0089","M1-0090","M1-0091","M1-0092","M1-0093","M1-0094","M1-0095","M1-0096","M1-0097","M1-0098","M1-0099"],"covariates":["P1","P2","P3","P1","P2","P3","P1","P2","P3","P1","P2","P3","P1","P2","P3","P1","P2","P3","P1","P2","P3","P1","P2","P3","P1","P2","P3","P1","P2","P3","P1","P2","P3","P1","P2","P3","P1","P2","P3","P1","P2","P3","P1","P2","P3","P1","P2","P3","P1","P2","P3","P1","P2","P3","P1","P2","P3","P1","P2","P3","P1","P2","P3","P1","P2","P3","P1","P2","P3","P1","P2","P3","P1","P2","P3","P1","P2","P3","P1","P2","P3","P1","P2","P3","P1","P2","P3","P1","P2","P3","P1","P2","P3","P1","P2","P3","P1","P2","P3"],