{"subset_code":"PORPHYRY","mask_id":"top_50_fisher","mask_label":"Top-50 between-covariate variance bands","mask_description":"Top-50 bands by between-covariate variance ratio. HIDSAG analogue of the labelled-scene Fisher selector \u2014 replaces Fisher discriminant on labels with between-covariate-group variance share.","modality":"swir_low","topic_count":6,"document_count":56,"vocabulary_size":50,"n_bands_full":268,"n_bands_kept":50,"kept_band_indices":[73,74,162,163,164,165,166,167,168,169,210,211,212,214,215,233,234,235,236,237,238,239,240,241,242,243,244,245,246,247,248,249,250,251,252,253,254,255,256,257,258,259,260,261,262,263,264,265,266,267],"wavelengths_nm_kept_first_last":[1412.87,2499.26],"wavelengths_nm_kept":[1412.87,1418.52,1913.73,1919.34,1924.95,1930.55,1936.16,1941.76,1947.37,1952.97,2182.28,2187.86,2193.44,2204.59,2210.17,2310.46,2316.02,2321.58,2327.15,2332.71,2338.27,2343.84,2349.4,2354.96,2360.52,2366.07,2371.63,2377.19,2382.75,2388.3,2393.86,2399.41,2404.97,2410.52,2416.07,2421.62,2427.17,2432.72,2438.27,2443.82,2449.37,2454.92,2460.46,2466.01,2471.55,2477.1,2482.64,2488.18,2493.72,2499.26],"topic_prevalence":[0.01791,0.017829,0.238168,0.368785,0.339546,0.017762],"topic_distance_cosine":[[0.0,0.005087,0.016742,0.015822,0.01458,0.003874],[0.005087,0.0,0.020521,0.017078,0.0118,0.003205],[0.016742,0.020521,0.0,0.03452,0.041222,0.022381],[0.015822,0.017078,0.03452,0.0,0.036078,0.014528],[0.01458,0.0118,0.041222,0.036078,0.0,0.009274],[0.003874,0.003205,0.022381,0.014528,0.009274,0.0]],"top_words_per_topic_lambda_05":[["swir_1925nm","swir_1931nm","swir_1947nm","swir_1413nm","swir_2205nm","swir_2477nm","swir_1942nm","swir_2188nm","swir_2361nm","swir_1419nm","swir_2193nm","swir_2411nm","swir_2355nm","swir_2449nm","swir_2210nm"],["swir_2333nm","swir_2205nm","swir_1931nm","swir_1953nm","swir_1947nm","swir_2210nm","swir_2361nm","swir_1914nm","swir_1919nm","swir_2355nm","swir_1925nm","swir_2399nm","swir_2322nm","swir_2483nm","swir_1419nm"],["swir_1947nm","swir_1413nm","swir_1931nm","swir_1942nm","swir_2388nm","swir_1419nm","swir_2361nm","swir_1936nm","swir_2416nm","swir_1953nm","swir_2205nm","swir_2188nm","swir_1925nm","swir_2394nm","swir_2383nm"],["swir_1914nm","swir_1925nm","swir_1919nm","swir_1936nm","swir_1419nm","swir_1942nm","swir_1931nm","swir_1953nm","swir_2327nm","swir_2182nm","swir_2193nm","swir_2460nm","swir_2322nm","swir_2344nm","swir_2316nm"],["swir_2499nm","swir_2477nm","swir_2494nm","swir_1947nm","swir_1413nm","swir_2338nm","swir_2333nm","swir_2483nm","swir_2377nm","swir_2322nm","swir_2188nm","swir_2349nm","swir_2399nm","swir_2316nm","swir_2422nm"],["swir_1936nm","swir_1419nm","swir_1413nm","swir_1931nm","swir_2210nm","swir_1953nm","swir_1914nm","swir_2338nm","swir_2477nm","swir_2438nm","swir_2472nm","swir_2310nm","swir_2205nm","swir_2394nm","swir_2355nm"]],"p_covariate_given_topic_dominant":[[{"covariate":"coarse","count":5,"p":1.0},{"covariate":"fine","count":0,"p":0.0}],[],[{"covariate":"coarse","count":1,"p":1.0},{"covariate":"fine","count":0,"p":0.0}],[{"covariate":"fine","count":19,"p":0.7037037037037037},{"covariate":"coarse","count":8,"p":0.2962962962962963}],[{"covariate":"fine","count":19,"p":0.8260869565217391},{"covariate":"coarse","count":4,"p":0.17391304347826086}],[]],"docs_per_topic_dominant":[5,0,1,27,23,0],"perplexity_train":52.92925386337436,"mean_confidence":0.4366781413555145,"doc_names":["POR-0001__m0__01","POR-0001__m1__02","POR-0002__m0__01","POR-0002__m1__02","POR-0003__m0__01","POR-0003__m1__02","POR-0004__m0__01","POR-0004__m1__02","POR-0005__m0__01","POR-0005__m1__02","POR-0006__m0__01","POR-0006__m1__02","POR-0007__m0__01","POR-0007__m1__02","POR-0008__m0__01","POR-0008__m1__02","POR-0009__m0__01","POR-0009__m1__02","POR-0010__m0__01","POR-0010__m1__02","POR-0011__m0__01","POR-0011__m1__02","POR-0012__m0__01","POR-0012__m1__02","POR-0013__m0__01","POR-0013__m1__02","POR-0014__m0__01","POR-0014__m1__02","POR-0015__m0__01","POR-0015__m1__02","POR-0016__m0__01","POR-0016__m1__02","POR-0017__m0__01","POR-0017__m1__02","POR-0018__m0__01","POR-0018__m1__02","POR-0019__m0__01","POR-0019__m1__02","POR-0020__m0__01","POR-0020__m1__02","POR-0021__m0__01","POR-0021__m1__02","POR-0022__m0__01","POR-0022__m1__02","POR-0023__m0__01","POR-0023__m1__02","POR-0024__m0__01","POR-0024__m1__02","POR-0025__m0__01","POR-0025__m1__02","POR-0026__m0__01","POR-0026__m1__02","POR-0027__m0__01","POR-0027__m1__02","POR-0028__m0__01","POR-0028__m1__02"],"sample_names":["POR-0001","POR-0001","POR-0002","POR-0002","POR-0003","POR-0003","POR-0004","POR-0004","POR-0005","POR-0005","POR-0006","POR-0006","POR-0007","POR-0007","POR-0008","POR-0008","POR-0009","POR-0009","POR-0010","POR-0010","POR-0011","POR-0011","POR-0012","POR-0012","POR-0013","POR-0013","POR-0014","POR-0014","POR-0015","POR-0015","POR-0016","POR-0016","POR-0017","POR-0017","POR-0018","POR-0018","POR-0019","POR-0019","POR-0020","POR-0020","POR-0021","POR-0021","POR-0022","POR-0022","POR-0023","POR-0023","POR-0024","POR-0024","POR-0025","POR-0025","POR-0026","POR-0026","POR-0027","POR-0027","POR-0028","POR-0028"],"covariates":["fine","fine","fine","fine","fine","fine","fine","fine","fine","fine","fine","fine","fine","fine","fine","fine","fine","fine","fine","fine","fine","fine","fine","fine","fine","fine","fine","fine","fine","fine","fine","fine","fine","fine","fine","fine","fine","fine","coarse","coarse","coarse","coarse","coarse","coarse","coarse","coarse","coarse","coarse","coarse","coarse","coarse","coarse","coarse","coarse","coarse","coarse"],"theta_per_doc":[[0.0008,0.0008,0.1695,0.2983,0.5297,0.0008],[0.0008,0.0008,0.1735,0.3261,0.498,0.0008],[0.0009,0.0009,0.187,0.3872,0.4231,0.0009],[0.0009,0.0009,0.1986,0.3748,0.424,0.0008],[0.001,0.0009,0.2364,0.461,0.2998,0.0009],[0.0009,0.0009,0.2373,0.4071,0.3529,0.0009],[0.001,0.0009,0.2045,0.3565,0.4362,0.0009],[0.001,0.001,0.2489,0.3976,0.3504,0.001],[0.0008,0.0008,0.1574,0.2847,0.5556,0.0008],[0.0008,0.0008,0.1658,0.2922,0.5396,0.0008],[0.0009,0.0009,0.2006,0.3544,0.4423,0.0009],[0.0009,0.0009,0.2214,0.3786,0.3972,0.0009],[0.0011,0.0011,0.3195,0.4768,0.2005,0.0011],[0.001,0.001,0.2386,0.4365,0.322,0.001],[0.001,0.0009,0.2719,0.4766,0.2487,0.0009],[0.0011,0.0011,0.2753,0.5042,0.2173,0.001],[0.0011,0.001,0.3038,0.5141,0.179,0.001],[0.001,0.001,0.3181,0.5,0.1788,0.001],[0.001,0.001,0.3036,0.4826,0.2108,0.001],[0.0011,0.0011,0.3216,0.4972,0.1779,0.0011],[0.0017,0.0017,0.1896,0.3521,0.4532,0.0017],[0.0017,0.0017,0.1859,0.3537,0.4553,0.0017],[0.0023,0.0022,0.2115,0.3095,0.4723,0.0022],[0.0023,0.0022,0.2115,0.3095,0.4723,0.0022],[0.0022,0.0022,0.2703,0.4048,0.3184,0.0021],[0.0022,0.0022,0.2752,0.4092,0.3091,0.0021],[0.0026,0.0025,0.2024,0.2935,0.4965,0.0025],[0.0024,0.0023,0.1607,0.3517,0.4806,0.0023],[0.0013,0.0013,0.2181,0.3693,0.4088,0.0013],[0.0013,0.0013,0.2181,0.3693,0.4088,0.0013],[0.0017,0.0017,0.1794,0.3626,0.453,0.0017],[0.0017,0.0016,0.2055,0.3324,0.4572,0.0016],[0.0018,0.0017,0.2622,0.3801,0.3524,0.0017],[0.0018,0.0018,0.2529,0.3946,0.3471,0.0017],[0.0018,0.0018,0.2529,0.3946,0.3471,0.0017],[0.0018,0.0018,0.2529,0.3946,0.3471,0.0017],[0.001,0.001,0.2295,0.422,0.3455,0.001],[0.0011,0.0011,0.306,0.4408,0.2499,0.0011],[0.1667,0.1667,0.1667,0.1667,0.1667,0.1667],[0.1667,0.1667,0.1667,0.1667,0.1667,0.1667],[0.1026,0.1001,0.4032,0.1282,0.1685,0.0974],[0.1667,0.1667,0.1667,0.1667,0.1667,0.1667],[0.1667,0.1667,0.1667,0.1667,0.1667,0.1667],[0.1667,0.1667,0.1667,0.1667,0.1667,0.1667],[0.0014,0.0013,0.1201,0.1509,0.7249,0.0013],[0.0015,0.0015,0.195,0.1688,0.6317,0.0015],[0.0009,0.0009,0.1965,0.3821,0.4187,0.0009],[0.0009,0.0009,0.177,0.357,0.4634,0.0008],[0.001,0.001,0.2323,0.4349,0.33,0.0009],[0.0009,0.0009,0.2148,0.4101,0.3723,0.0009],[0.0012,0.0011,0.3346,0.5331,0.1289,0.0011],[0.0012,0.0011,0.3243,0.5409,0.1313,0.0011],[0.0014,0.0013,0.3611,0.48,0.1549,0.0013],[0.0013,0.0013,0.3669,0.4613,0.1679,0.0013],[0.0015,0.0015,0.37,0.4602,0.1653,0.0015],[0.0015,0.0015,0.37,0.4602,0.1653,0.0015]],