{"scene_id":"botswana","n_documents":2775,"cae_1d_8":{"anomaly_indicator":"reconstruction_rmse","spearman_rho_vs_misclass":0.057792,"rmse_overall":{"median":0.013408,"p95":0.023669},"rmse_per_class":{"1":{"median":0.010801,"p95":0.017021,"n":220},"2":{"median":0.023977,"p95":0.035116,"n":101},"3":{"median":0.01578,"p95":0.02186,"n":220},"4":{"median":0.012613,"p95":0.016327,"n":215},"5":{"median":0.017428,"p95":0.027173,"n":220},"6":{"median":0.012781,"p95":0.018296,"n":220},"7":{"median":0.010501,"p95":0.016378,"n":220},"8":{"median":0.013261,"p95":0.019182,"n":203},"9":{"median":0.016174,"p95":0.022813,"n":220},"10":{"median":0.012803,"p95":0.018074,"n":220},"11":{"median":0.012419,"p95":0.017003,"n":220},"12":{"median":0.011818,"p95":0.015992,"n":181},"13":{"median":0.013219,"p95":0.01702,"n":220},"14":{"median":0.020703,"p95":0.043264,"n":95}},"n_misclassified":851},"beta_vae_8":{"anomaly_indicators":["reconstruction_rmse","kl_divergence"],"spearman_rho_rmse_vs_misclass":-0.388063,"spearman_rho_kl_vs_misclass":-0.463813,"rmse_overall":{"median":0.060389,"p95":0.249914},"kl_overall":{"median":2.6e-05,"p95":0.000681},"n_misclassified":2323},"framework_axis":"B-9 follow-up: deep-method anomaly indicators (CAE-1D recon RMSE; beta-VAE recon RMSE + KL) and Spearman rho vs theta-logistic misclassification on the same latent","generated_at":"2026-05-06T15:40:12Z","builder_version":"build_deep_anomaly v0.1"}