{"scene_id":"botswana","n_documents":2775,"cae_1d_8":{"anomaly_indicator":"reconstruction_rmse","spearman_rho_vs_misclass":0.058421,"rmse_overall":{"median":0.01343,"p95":0.023728},"rmse_per_class":{"1":{"median":0.010913,"p95":0.017072,"n":220},"2":{"median":0.023907,"p95":0.035124,"n":101},"3":{"median":0.015765,"p95":0.021889,"n":220},"4":{"median":0.012635,"p95":0.01632,"n":215},"5":{"median":0.017446,"p95":0.027182,"n":220},"6":{"median":0.012829,"p95":0.018441,"n":220},"7":{"median":0.010518,"p95":0.016405,"n":220},"8":{"median":0.013353,"p95":0.019249,"n":203},"9":{"median":0.016288,"p95":0.022872,"n":220},"10":{"median":0.012845,"p95":0.018112,"n":220},"11":{"median":0.012402,"p95":0.017042,"n":220},"12":{"median":0.011947,"p95":0.016063,"n":181},"13":{"median":0.013277,"p95":0.017091,"n":220},"14":{"median":0.020778,"p95":0.043283,"n":95}},"n_misclassified":847},"beta_vae_8":{"anomaly_indicators":["reconstruction_rmse","kl_divergence"],"spearman_rho_rmse_vs_misclass":-0.382236,"spearman_rho_kl_vs_misclass":-0.437229,"rmse_overall":{"median":0.059691,"p95":0.251418},"kl_overall":{"median":5.9e-05,"p95":0.000674},"n_misclassified":2322},"framework_axis":"B-9 follow-up: deep-method anomaly indicators (CAE-1D recon RMSE; beta-VAE recon RMSE + KL) and Spearman rho vs theta-logistic misclassification on the same latent","generated_at":"2026-05-09T14:09:13Z","builder_version":"build_deep_anomaly v0.1"}