{"scene_id":"indian-pines-corrected","n_documents":2812,"cae_1d_8":{"anomaly_indicator":"reconstruction_rmse","spearman_rho_vs_misclass":-0.161143,"rmse_overall":{"median":0.023204,"p95":0.042237},"rmse_per_class":{"1":{"median":0.033412,"p95":0.036314,"n":46},"2":{"median":0.022457,"p95":0.03994,"n":220},"3":{"median":0.021079,"p95":0.038649,"n":220},"4":{"median":0.026467,"p95":0.045773,"n":220},"5":{"median":0.01871,"p95":0.029234,"n":220},"6":{"median":0.021436,"p95":0.030489,"n":220},"7":{"median":0.026326,"p95":0.029116,"n":28},"8":{"median":0.032618,"p95":0.036124,"n":220},"9":{"median":0.024323,"p95":0.02702,"n":20},"10":{"median":0.020804,"p95":0.042102,"n":220},"11":{"median":0.021795,"p95":0.03563,"n":220},"12":{"median":0.024531,"p95":0.05773,"n":220},"13":{"median":0.02542,"p95":0.030933,"n":205},"14":{"median":0.019223,"p95":0.02407,"n":220},"15":{"median":0.02203,"p95":0.037244,"n":220},"16":{"median":0.039605,"p95":0.052486,"n":93}},"n_misclassified":1586},"beta_vae_8":{"anomaly_indicators":["reconstruction_rmse","kl_divergence"],"spearman_rho_rmse_vs_misclass":-0.358976,"spearman_rho_kl_vs_misclass":-0.342517,"rmse_overall":{"median":0.07976,"p95":0.146251},"kl_overall":{"median":0.000253,"p95":0.001156},"n_misclassified":2354},"framework_axis":"B-9 follow-up: deep-method anomaly indicators (CAE-1D recon RMSE; beta-VAE recon RMSE + KL) and Spearman rho vs theta-logistic misclassification on the same latent","generated_at":"2026-05-06T15:37:51Z","builder_version":"build_deep_anomaly v0.1"}