{"scene_id":"indian-pines-corrected","n_documents":2812,"cae_1d_8":{"anomaly_indicator":"reconstruction_rmse","spearman_rho_vs_misclass":-0.162177,"rmse_overall":{"median":0.023205,"p95":0.042233},"rmse_per_class":{"1":{"median":0.033391,"p95":0.036297,"n":46},"2":{"median":0.022469,"p95":0.039932,"n":220},"3":{"median":0.021086,"p95":0.038631,"n":220},"4":{"median":0.026458,"p95":0.045776,"n":220},"5":{"median":0.01871,"p95":0.029239,"n":220},"6":{"median":0.02142,"p95":0.03049,"n":220},"7":{"median":0.026343,"p95":0.029118,"n":28},"8":{"median":0.032609,"p95":0.036144,"n":220},"9":{"median":0.024343,"p95":0.027033,"n":20},"10":{"median":0.020818,"p95":0.042061,"n":220},"11":{"median":0.021803,"p95":0.035614,"n":220},"12":{"median":0.024554,"p95":0.057663,"n":220},"13":{"median":0.025437,"p95":0.030959,"n":205},"14":{"median":0.019217,"p95":0.024096,"n":220},"15":{"median":0.022045,"p95":0.037244,"n":220},"16":{"median":0.03961,"p95":0.052476,"n":93}},"n_misclassified":1587},"beta_vae_8":{"anomaly_indicators":["reconstruction_rmse","kl_divergence"],"spearman_rho_rmse_vs_misclass":-0.310727,"spearman_rho_kl_vs_misclass":-0.412013,"rmse_overall":{"median":0.077127,"p95":0.154553},"kl_overall":{"median":0.000118,"p95":0.000288},"n_misclassified":2360},"framework_axis":"B-9 follow-up: deep-method anomaly indicators (CAE-1D recon RMSE; beta-VAE recon RMSE + KL) and Spearman rho vs theta-logistic misclassification on the same latent","generated_at":"2026-05-09T14:08:05Z","builder_version":"build_deep_anomaly v0.1"}