{"scene_id":"kennedy-space-center","n_documents":2686,"cae_1d_8":{"anomaly_indicator":"reconstruction_rmse","spearman_rho_vs_misclass":-0.386289,"rmse_overall":{"median":0.016169,"p95":0.056997},"rmse_per_class":{"1":{"median":0.012825,"p95":0.0167,"n":220},"2":{"median":0.024908,"p95":0.033772,"n":220},"3":{"median":0.012163,"p95":0.014173,"n":220},"4":{"median":0.010859,"p95":0.016439,"n":220},"5":{"median":0.01086,"p95":0.014332,"n":161},"6":{"median":0.01074,"p95":0.015087,"n":220},"7":{"median":0.0191,"p95":0.023786,"n":105},"8":{"median":0.021496,"p95":0.049113,"n":220},"9":{"median":0.014245,"p95":0.019418,"n":220},"10":{"median":0.049474,"p95":0.086366,"n":220},"11":{"median":0.017853,"p95":0.0494,"n":220},"12":{"median":0.047309,"p95":0.073105,"n":220},"13":{"median":0.045856,"p95":0.058928,"n":220}},"n_misclassified":946},"beta_vae_8":{"anomaly_indicators":["reconstruction_rmse","kl_divergence"],"spearman_rho_rmse_vs_misclass":-0.331747,"spearman_rho_kl_vs_misclass":-0.37755,"rmse_overall":{"median":0.09789,"p95":0.319991},"kl_overall":{"median":0.000592,"p95":0.004953},"n_misclassified":2022},"framework_axis":"B-9 follow-up: deep-method anomaly indicators (CAE-1D recon RMSE; beta-VAE recon RMSE + KL) and Spearman rho vs theta-logistic misclassification on the same latent","generated_at":"2026-05-09T14:08:58Z","builder_version":"build_deep_anomaly v0.1"}