{"scene_id":"kennedy-space-center","n_documents":2686,"cae_1d_8":{"anomaly_indicator":"reconstruction_rmse","spearman_rho_vs_misclass":-0.384916,"rmse_overall":{"median":0.016171,"p95":0.057003},"rmse_per_class":{"1":{"median":0.012835,"p95":0.016703,"n":220},"2":{"median":0.024913,"p95":0.033778,"n":220},"3":{"median":0.012167,"p95":0.014183,"n":220},"4":{"median":0.010864,"p95":0.016452,"n":220},"5":{"median":0.010872,"p95":0.01435,"n":161},"6":{"median":0.010748,"p95":0.015089,"n":220},"7":{"median":0.019102,"p95":0.02379,"n":105},"8":{"median":0.021505,"p95":0.049126,"n":220},"9":{"median":0.014245,"p95":0.019419,"n":220},"10":{"median":0.049473,"p95":0.086363,"n":220},"11":{"median":0.017852,"p95":0.049411,"n":220},"12":{"median":0.047314,"p95":0.073111,"n":220},"13":{"median":0.045856,"p95":0.058931,"n":220}},"n_misclassified":946},"beta_vae_8":{"anomaly_indicators":["reconstruction_rmse","kl_divergence"],"spearman_rho_rmse_vs_misclass":-0.476863,"spearman_rho_kl_vs_misclass":-0.429002,"rmse_overall":{"median":0.098417,"p95":0.323055},"kl_overall":{"median":0.000202,"p95":0.002926},"n_misclassified":2135},"framework_axis":"B-9 follow-up: deep-method anomaly indicators (CAE-1D recon RMSE; beta-VAE recon RMSE + KL) and Spearman rho vs theta-logistic misclassification on the same latent","generated_at":"2026-05-06T15:39:40Z","builder_version":"build_deep_anomaly v0.1"}