{"scene_id":"salinas-corrected","n_documents":3520,"cae_1d_8":{"anomaly_indicator":"reconstruction_rmse","spearman_rho_vs_misclass":-0.263483,"rmse_overall":{"median":0.012294,"p95":0.024324},"rmse_per_class":{"1":{"median":0.011536,"p95":0.012569,"n":220},"2":{"median":0.006762,"p95":0.008265,"n":220},"3":{"median":0.007467,"p95":0.014327,"n":220},"4":{"median":0.02616,"p95":0.034894,"n":220},"5":{"median":0.010043,"p95":0.011911,"n":220},"6":{"median":0.022649,"p95":0.025175,"n":220},"7":{"median":0.006614,"p95":0.007764,"n":220},"8":{"median":0.014744,"p95":0.020721,"n":220},"9":{"median":0.011947,"p95":0.017334,"n":220},"10":{"median":0.014351,"p95":0.017188,"n":220},"11":{"median":0.014002,"p95":0.017274,"n":220},"12":{"median":0.013508,"p95":0.016251,"n":220},"13":{"median":0.012578,"p95":0.013662,"n":220},"14":{"median":0.009852,"p95":0.011491,"n":220},"15":{"median":0.01482,"p95":0.018026,"n":220},"16":{"median":0.013101,"p95":0.018979,"n":220}},"n_misclassified":808},"beta_vae_8":{"anomaly_indicators":["reconstruction_rmse","kl_divergence"],"spearman_rho_rmse_vs_misclass":0.155604,"spearman_rho_kl_vs_misclass":0.15953,"rmse_overall":{"median":0.059395,"p95":0.09364},"kl_overall":{"median":0.299316,"p95":0.584582},"n_misclassified":2310},"framework_axis":"B-9 follow-up: deep-method anomaly indicators (CAE-1D recon RMSE; beta-VAE recon RMSE + KL) and Spearman rho vs theta-logistic misclassification on the same latent","generated_at":"2026-05-06T15:38:33Z","builder_version":"build_deep_anomaly v0.1"}