{"scene_id":"salinas-corrected","n_documents":3520,"cae_1d_8":{"anomaly_indicator":"reconstruction_rmse","spearman_rho_vs_misclass":-0.264855,"rmse_overall":{"median":0.012298,"p95":0.024288},"rmse_per_class":{"1":{"median":0.011537,"p95":0.012564,"n":220},"2":{"median":0.006773,"p95":0.008268,"n":220},"3":{"median":0.007495,"p95":0.014309,"n":220},"4":{"median":0.02613,"p95":0.034891,"n":220},"5":{"median":0.010055,"p95":0.011939,"n":220},"6":{"median":0.022645,"p95":0.025173,"n":220},"7":{"median":0.006625,"p95":0.007759,"n":220},"8":{"median":0.014749,"p95":0.020728,"n":220},"9":{"median":0.011974,"p95":0.017372,"n":220},"10":{"median":0.014344,"p95":0.017215,"n":220},"11":{"median":0.014006,"p95":0.017272,"n":220},"12":{"median":0.013492,"p95":0.016257,"n":220},"13":{"median":0.01257,"p95":0.013655,"n":220},"14":{"median":0.009849,"p95":0.011489,"n":220},"15":{"median":0.014835,"p95":0.01802,"n":220},"16":{"median":0.013077,"p95":0.018976,"n":220}},"n_misclassified":814},"beta_vae_8":{"anomaly_indicators":["reconstruction_rmse","kl_divergence"],"spearman_rho_rmse_vs_misclass":0.075515,"spearman_rho_kl_vs_misclass":0.173841,"rmse_overall":{"median":0.048295,"p95":0.092116},"kl_overall":{"median":0.345952,"p95":0.606291},"n_misclassified":2272},"framework_axis":"B-9 follow-up: deep-method anomaly indicators (CAE-1D recon RMSE; beta-VAE recon RMSE + KL) and Spearman rho vs theta-logistic misclassification on the same latent","generated_at":"2026-05-09T14:08:25Z","builder_version":"build_deep_anomaly v0.1"}