{"scene_id":"salinas-a-corrected","mask_id":"no_water","mask_label":"Water-bands removed (1350-1430 + 1800-1950 + 2480-2500 nm)","mask_description":"Drops atmospheric water-vapour absorption bands. Topics still see VNIR + SWIR but without the noisiest portions.","spatial_shape":[83,86],"topic_count":6,"document_count":1320,"vocabulary_size":180,"n_bands_full":204,"n_bands_kept":180,"kept_band_indices":[0,1,2,3,4,5,6,7,8,9,10,11,12,13,14,15,16,17,18,19,20,21,22,23,24,25,26,27,28,29,30,31,32,33,34,35,36,37,38,39,40,41,42,43,44,45,46,47,48,49,50,51,52,53,54,55,56,57,58,59,60,61,62,63,64,65,66,67,68,69,70,71,72,73,74,75,76,77,78,79,80,81,82,83,84,85,86,87,88,89,90,91,100,101,102,103,104,105,106,107,108,109,110,111,112,113,114,115,116,117,118,119,120,121,122,123,124,125,126,127,128,129,130,131,132,133,134,135,150,151,152,153,154,155,156,157,158,159,160,161,162,163,164,165,166,167,168,169,170,171,172,173,174,175,176,177,178,179,180,181,182,183,184,185,186,187,188,189,190,191,192,193,194,195,196,197,198,199,200,201],"wavelengths_nm_kept_first_last":[400.0,2479.310302734375],"wavelengths_nm_kept":[400.0,410.34,420.69,431.03,441.38,451.72,462.07,472.41,482.76,493.1,503.45,513.79,524.14,534.48,544.83,555.17,565.52,575.86,586.21,596.55,606.9,617.24,627.59,637.93,648.28,658.62,668.97,679.31,689.66,700.0,710.34,720.69,731.03,741.38,751.72,762.07,772.41,782.76,793.1,803.45,813.79,824.14,834.48,844.83,855.17,865.52,875.86,886.21,896.55,906.9,917.24,927.59,937.93,948.28,958.62,968.97,979.31,989.66,1000.0,1010.34,1020.69,1031.03,1041.38,1051.72,1062.07,1072.41,1082.76,1093.1,1103.45,1113.79,1124.14,1134.48,1144.83,1155.17,1165.52,1175.86,1186.21,1196.55,1206.9,1217.24,1227.59,1237.93,1248.28,1258.62,1268.97,1279.31,1289.66,1300.0,1310.34,1320.69,1331.03,1341.38,1434.48,1444.83,1455.17,1465.52,1475.86,1486.21,1496.55,1506.9,1517.24,1527.59,1537.93,1548.28,1558.62,1568.97,1579.31,1589.66,1600.0,1610.34,1620.69,1631.03,1641.38,1651.72,1662.07,1672.41,1682.76,1693.1,1703.45,1713.79,1724.14,1734.48,1744.83,1755.17,1765.52,1775.86,1786.21,1796.55,1951.72,1962.07,1972.41,1982.76,1993.1,2003.45,2013.79,2024.14,2034.48,2044.83,2055.17,2065.52,2075.86,2086.21,2096.55,2106.9,2117.24,2127.59,2137.93,2148.28,2158.62,2168.97,2179.31,2189.66,2200.0,2210.34,2220.69,2231.03,2241.38,2251.72,2262.07,2272.41,2282.76,2293.1,2303.45,2313.79,2324.14,2334.48,2344.83,2355.17,2365.52,2375.86,2386.21,2396.55,2406.9,2417.24,2427.59,2437.93,2448.28,2458.62,2468.97,2479.31],"topic_prevalence":[0.094497,0.072027,0.304265,0.099627,0.206711,0.222872],"topic_distance_cosine":[[0.0,0.036172,0.079921,0.02636,0.062901,0.163952],[0.036172,0.0,0.158093,0.043592,0.13263,0.080689],[0.079921,0.158093,0.0,0.079615,0.027263,0.392376],[0.02636,0.043592,0.079615,0.0,0.062302,0.177912],[0.062901,0.13263,0.027263,0.062302,0.0,0.33516],[0.163952,0.080689,0.392376,0.177912,0.33516,0.0]],"top_words_per_topic_lambda_05":[["1321nm","1300nm","0793nm","1310nm","1269nm","1331nm","0783nm","1259nm","1238nm","1341nm","0441nm","1290nm","1114nm","0607nm","1279nm"],["0793nm","1279nm","1331nm","1290nm","0803nm","1310nm","1083nm","1248nm","1103nm","1269nm","1114nm","0783nm","0814nm","1341nm","1093nm"],["0452nm","0586nm","2428nm","0462nm","2376nm","1610nm","0483nm","0628nm","1600nm","2293nm","0752nm","2324nm","2355nm","2366nm","2386nm"],["1341nm","1259nm","1300nm","1321nm","0576nm","0793nm","1310nm","0597nm","0617nm","1434nm","1269nm","0783nm","1248nm","1290nm","1238nm"],["0617nm","0721nm","0503nm","0555nm","0514nm","0566nm","0441nm","0524nm","0783nm","2314nm","0731nm","0545nm","0472nm","2407nm","0534nm"],["0855nm","0866nm","0845nm","0917nm","0959nm","0824nm","0907nm","0876nm","0948nm","0897nm","1000nm","1197nm","0938nm","0969nm","0928nm"]],"p_label_given_topic_dominant":[[{"label_id":1,"name":"Brocoli_green_weeds_1","count":1,"p":0.07142857142857142},{"label_id":2,"name":"Corn_senesced_green_weeds","count":0,"p":0.0},{"label_id":3,"name":"Lettuce_romaine_4wk","count":0,"p":0.0},{"label_id":4,"name":"Lettuce_romaine_5wk","count":0,"p":0.0},{"label_id":5,"name":"Lettuce_romaine_6wk","count":0,"p":0.0},{"label_id":6,"name":"Lettuce_romaine_7wk","count":0,"p":0.0},{"label_id":10,"name":"class_10","count":3,"p":0.21428571428571427},{"label_id":11,"name":"class_11","count":0,"p":0.0},{"label_id":12,"name":"class_12","count":0,"p":0.0},{"label_id":13,"name":"class_13","count":0,"p":0.0},{"label_id":14,"name":"class_14","count":10,"p":0.7142857142857143}],[{"label_id":1,"name":"Brocoli_green_weeds_1","count":0,"p":0.0},{"label_id":2,"name":"Corn_senesced_green_weeds","count":0,"p":0.0},{"label_id":3,"name":"Lettuce_romaine_4wk","count":0,"p":0.0},{"label_id":4,"name":"Lettuce_romaine_5wk","count":0,"p":0.0},{"label_id":5,"name":"Lettuce_romaine_6wk","count":0,"p":0.0},{"label_id":6,"name":"Lettuce_romaine_7wk","count":0,"p":0.0},{"label_id":10,"name":"class_10","count":0,"p":0.0},{"label_id":11,"name":"class_11","count":0,"p":0.0},{"label_id":12,"name":"class_12","count":0,"p":0.0},{"label_id":13,"name":"class_13","count":0,"p":0.0},{"label_id":14,"name":"class_14","count":15,"p":1.0}],[{"label_id":1,"name":"Brocoli_green_weeds_1","count":1,"p":0.0012484394506866417},{"label_id":2,"name":"Corn_senesced_green_weeds","count":0,"p":0.0},{"label_id":3,"name":"Lettuce_romaine_4wk","count":0,"p":0.0},{"label_id":4,"name":"Lettuce_romaine_5wk","count":0,"p":0.0},{"label_id":5,"name":"Lettuce_romaine_6wk","count":0,"p":0.0},{"label_id":6,"name":"Lettuce_romaine_7wk","count":0,"p":0.0},{"label_id":10,"name":"class_10","count":137,"p":0.17103620474406991},{"label_id":11,"name":"class_11","count":220,"p":0.2746566791510612},{"label_id":12,"name":"class_12","count":220,"p":0.2746566791510612},{"label_id":13,"name":"class_13","count":220,"p":0.2746566791510612},{"label_id":14,"name":"class_14","count":3,"p":0.003745318352059925}],[{"label_id":1,"name":"Brocoli_green_weeds_1","count":0,"p":0.0},{"label_id":2,"name":"Corn_senesced_green_weeds","count":0,"p":0.0},{"label_id":3,"name":"Lettuce_romaine_4wk","count":0,"p":0.0},{"label_id":4,"name":"Lettuce_romaine_5wk","count":0,"p":0.0},{"label_id":5,"name":"Lettuce_romaine_6wk","count":0,"p":0.0},{"label_id":6,"name":"Lettuce_romaine_7wk","count":0,"p":0.0},{"label_id":10,"name":"class_10","count":50,"p":0.6578947368421053},{"label_id":11,"name":"class_11","count":0,"p":0.0},{"label_id":12,"name":"class_12","count":0,"p":0.0},{"label_id":13,"name":"class_13","count":0,"p":0.0},{"label_id":14,"name":"class_14","count":26,"p":0.34210526315789475}],[{"label_id":1,"name":"Brocoli_green_weeds_1","count":0,"p":0.0},{"label_id":2,"name":"Corn_senesced_green_weeds","count":0,"p":0.0},{"label_id":3,"name":"Lettuce_romaine_4wk","count":0,"p":0.0},{"label_id":4,"name":"Lettuce_romaine_5wk","count":0,"p":0.0},{"label_id":5,"name":"Lettuce_romaine_6wk","count":0,"p":0.0},{"label_id":6,"name":"Lettuce_romaine_7wk","count":0,"p":0.0},{"label_id":10,"name":"class_10","count":30,"p":0.9090909090909091},{"label_id":11,"name":"class_11","count":0,"p":0.0},{"label_id":12,"name":"class_12","count":0,"p":0.0},{"label_id":13,"name":"class_13","count":0,"p":0.0},{"label_id":14,"name":"class_14","count":3,"p":0.09090909090909091}],[{"label_id":1,"name":"Brocoli_green_weeds_1","count":218,"p":0.5721784776902887},{"label_id":2,"name":"Corn_senesced_green_weeds","count":0,"p":0.0},{"label_id":3,"name":"Lettuce_romaine_4wk","count":0,"p":0.0},{"label_id":4,"name":"Lettuce_romaine_5wk","count":0,"p":0.0},{"label_id":5,"name":"Lettuce_romaine_6wk","count":0,"p":0.0},{"label_id":6,"name":"Lettuce_romaine_7wk","count":0,"p":0.0},{"label_id":10,"name":"class_10","count":0,"p":0.0},{"label_id":11,"name":"class_11","count":0,"p":0.0},{"label_id":12,"name":"class_12","count":0,"p":0.0},{"label_id":13,"name":"class_13","count":0,"p":0.0},{"label_id":14,"name":"class_14","count":163,"p":0.42782152230971127}]],"docs_per_topic_dominant":[14,15,801,76,33,381],"perplexity_train":148.25510483856166,"ari_dominant_vs_label":0.26766655426896063,