{"scene_id":"salinas-corrected","mask_id":"top_50_fisher","mask_label":"Top-50 Fisher-ratio bands","mask_description":"Keep only the 50 bands with the largest per-band Fisher discriminant ratio (from interpretability/band_cards). Topics built on the most label-discriminative subset.","spatial_shape":[512,217],"topic_count":12,"document_count":3520,"vocabulary_size":50,"n_bands_full":204,"n_bands_kept":50,"kept_band_indices":[8,9,10,11,12,13,14,15,16,17,18,19,20,21,22,23,24,25,26,27,28,29,39,40,41,42,43,44,45,46,47,48,49,50,51,52,53,54,55,56,57,58,59,60,61,71,72,73,74,75],"wavelengths_nm_kept_first_last":[482.75860595703125,1175.862060546875],"wavelengths_nm_kept":[482.76,493.1,503.45,513.79,524.14,534.48,544.83,555.17,565.52,575.86,586.21,596.55,606.9,617.24,627.59,637.93,648.28,658.62,668.97,679.31,689.66,700.0,803.45,813.79,824.14,834.48,844.83,855.17,865.52,875.86,886.21,896.55,906.9,917.24,927.59,937.93,948.28,958.62,968.97,979.31,989.66,1000.0,1010.34,1020.69,1031.03,1134.48,1144.83,1155.17,1165.52,1175.86],"topic_prevalence":[0.03829,0.050837,0.051083,0.043821,0.08793,0.071756,0.045668,0.037983,0.032337,0.054941,0.447255,0.038098],"topic_distance_cosine":[[0.0,0.08128,0.031779,0.020153,0.017538,0.115948,0.057619,0.048486,0.044183,0.091871,0.583518,0.017631],[0.08128,0.0,0.130261,0.084113,0.084003,0.034189,0.035051,0.071396,0.038208,0.063413,0.412434,0.064194],[0.031779,0.130261,0.0,0.058181,0.033863,0.181538,0.096158,0.087413,0.087896,0.132959,0.674163,0.046945],[0.020153,0.084113,0.058181,0.0,0.037473,0.11427,0.058904,0.050321,0.046723,0.082832,0.520004,0.017165],[0.017538,0.084003,0.033863,0.037473,0.0,0.141067,0.062618,0.073921,0.04588,0.112681,0.683402,0.022071],[0.115948,0.034189,0.181538,0.11427,0.141067,0.0,0.053472,0.088694,0.056151,0.077657,0.311238,0.104537],[0.057619,0.035051,0.096158,0.058904,0.062618,0.053472,0.0,0.06631,0.038377,0.063331,0.443033,0.057463],[0.048486,0.071396,0.087413,0.050321,0.073921,0.088694,0.06631,0.0,0.047104,0.045402,0.406826,0.037591],[0.044183,0.038208,0.087896,0.046723,0.04588,0.056151,0.038377,0.047104,0.0,0.060218,0.470733,0.038728],[0.091871,0.063413,0.132959,0.082832,0.112681,0.077657,0.063331,0.045402,0.060218,0.0,0.332241,0.083982],[0.583518,0.412434,0.674163,0.520004,0.683402,0.311238,0.443033,0.406826,0.470733,0.332241,0.0,0.550437],[0.017631,0.064194,0.046945,0.017165,0.022071,0.104537,0.057463,0.037591,0.038728,0.083982,0.550437,0.0]],"top_words_per_topic_lambda_05":[["1134nm","0814nm","0938nm","0824nm","1000nm","1010nm","0917nm","0886nm","1176nm","0990nm","0876nm","0928nm","0866nm","0855nm","0834nm"],["1145nm","1176nm","1155nm","0803nm","1021nm","1166nm","0959nm","1031nm","0928nm","0990nm","1010nm","1134nm","1000nm","0979nm","0969nm"],["0876nm","0824nm","0928nm","0886nm","0834nm","0866nm","0845nm","0855nm","0979nm","0897nm","0814nm","0959nm","0917nm","1155nm","0990nm"],["1000nm","1010nm","0845nm","0938nm","0948nm","1021nm","0855nm","0834nm","0897nm","1166nm","0803nm","0969nm","0814nm","0959nm","0886nm"],["1166nm","1176nm","1134nm","0938nm","1145nm","1010nm","0907nm","0803nm","1155nm","0814nm","0969nm","1000nm","0948nm","0855nm","0959nm"],["1134nm","1155nm","1166nm","1176nm","1031nm","0690nm","0969nm","1021nm","0700nm","1145nm","1010nm","0990nm","0979nm","1000nm","0948nm"],["0938nm","1000nm","0803nm","0948nm","1145nm","0990nm","0979nm","1010nm","1166nm","1031nm","0886nm","1021nm","0866nm","1155nm","1176nm"],["1134nm","0907nm","0866nm","0803nm","1145nm","0876nm","1176nm","0979nm","0990nm","0938nm","0948nm","0886nm","0917nm","1031nm","1166nm"],["1134nm","1010nm","1166nm","0959nm","1145nm","0969nm","0803nm","1155nm","0845nm","1000nm","0907nm","1021nm","1031nm","0866nm","0979nm"],["0803nm","0814nm","1176nm","1166nm","1155nm","1031nm","0834nm","1021nm","0597nm","0855nm","0586nm","0845nm","1145nm","1134nm","0928nm"],["0700nm","0690nm","0493nm","0483nm","0514nm","0503nm","0679nm","0524nm","0669nm","0534nm","0659nm","0545nm","0648nm","0638nm","0628nm"],["0969nm","0990nm","0907nm","1145nm","0917nm","0948nm","0897nm","0959nm","1155nm","1176nm","1031nm","0979nm","1166nm","0803nm","0845nm"]],"p_label_given_topic_dominant":[[{"label_id":1,"name":"Brocoli_green_weeds_1","count":2,"p":1.0},{"label_id":2,"name":"Brocoli_green_weeds_2","count":0,"p":0.0},{"label_id":3,"name":"Fallow","count":0,"p":0.0},{"label_id":4,"name":"Fallow_rough_plow","count":0,"p":0.0},{"label_id":5,"name":"Fallow_smooth","count":0,"p":0.0},{"label_id":6,"name":"Stubble","count":0,"p":0.0},{"label_id":7,"name":"Celery","count":0,"p":0.0},{"label_id":8,"name":"Grapes_untrained","count":0,"p":0.0},{"label_id":9,"name":"Soil_vinyard_develop","count":0,"p":0.0},{"label_id":10,"name":"Corn_senesced_green_weeds","count":0,"p":0.0},{"label_id":11,"name":"Lettuce_romaine_4wk","count":0,"p":0.0},{"label_id":12,"name":"Lettuce_romaine_5wk","count":0,"p":0.0},{"label_id":13,"name":"Lettuce_romaine_6wk","count":0,"p":0.0},{"label_id":14,"name":"Lettuce_romaine_7wk","count":0,"p":0.0},{"label_id":15,"name":"Vinyard_untrained","count":0,"p":0.0},{"label_id":16,"name":"Vinyard_vertical_trellis","count":0,"p":0.0}],[{"label_id":1,"name":"Brocoli_green_weeds_1","count":0,"p":0.0},{"label_id":2,"name":"Brocoli_green_weeds_2","count":0,"p":0.0},{"label_id":3,"name":"Fallow","count":0,"p":0.0},{"label_id":4,"name":"Fallow_rough_plow","count":0,"p":0.0},{"label_id":5,"name":"Fallow_smooth","count":0,"p":0.0},{"label_id":6,"name":"Stubble","count":0,"p":0.0},{"label_id":7,"name":"Celery","count":0,"p":0.0},{"label_id":8,"name":"Grapes_untrained","count":24,"p":0.5333333333333333},{"label_id":9,"name":"Soil_vinyard_develop","count":0,"p":0.0},{"label_id":10,"name":"Corn_senesced_green_weeds","count":0,"p":0.0},{"label_id":11,"name":"Lettuce_romaine_4wk","count":0,"p":0.0},{"label_id":12,"name":"Lettuce_romaine_5wk","count":0,"p":0.0},{"label_id":13,"name":"Lettuce_romaine_6wk","count":0,"p":0.0},{"label_id":14,"name":"Lettuce_romaine_7wk","count":0,"p":0.0},{"label_id":15,"name":"Vinyard_untrained","count":19,"p":0.4222222222222222},{"label_id":16,"name":"Vinyard_vertical_trellis","count":2,"p":0.044444444444444446}],[{"label_id":1,"name":"Brocoli_green_weeds_1","count":18,"p":0.75},{"label_id":2,"name":"Brocoli_green_weeds_2","count":0,"p":0.0},{"label_id":3,"name":"Fallow","count":0,"p":0.0},{"label_id":4,"name":"Fallow_rough_plow","count":0,"p":0.0},{"label_id":5,"name":"Fallow_smooth","count":0,"p":0.0},{"label_id":6,"name":"Stubble","count":0,"p":0.0},{"label_id":7,"name":"Celery","count":0,"p":0.0},{"label_id":8,"name":"Grapes_untrained","count":0,"p":0.0},{"label_id":9,"name":"Soil_vinyard_develop","count":0,"p":0.0},{"label_id":10,"name":"Corn_senesced_green_weeds","count":0,"p":0.0},{"label_id":11,"name":"Lettuce_romaine_4wk","count":0,"p":0.0},{"label_id":12,"name":"Lettuce_romaine_5wk","count":0,"p":0.0},{"label_id":13,"name":"Lettuce_romaine_6wk","count":0,"p":0.0},{"label_id":14,"name":"Lettuce_romaine_7wk","count":0,"p":0.0},{"label_id":15,"name":"Vinyard_untrained","count":0,"p":0.0},{"label_id":16,"name":"Vinyard_vertical_trellis","count":6,"p":0.25}],[{"label_id":1,"name":"Brocoli_green_weeds_1","count":92,"p":0.3006535947712418},{"label_id":2,"name":"Brocoli_green_weeds_2","count":214,"p":0.6993464052287581},{"label_id":3,"name":"Fallow","count":0,"p":0.0},{"label_id":4,"name":"Fallow_rough_plow","count":0,"p":0.0},{"label_id":5,"name":"Fallow_smooth","count":0,"p":0.0},{"label_id":6,"name":"Stubble","count":0,"p":0.0},{"label_id":7,"name":"Celery","count":0,"p":0.0},{"label_id":8,"name":"Grapes_untrained","count":0,"p":0.0},{"label_id":9,"name":"Soil_vinyard_develop","count":0,"p":0.0},{"label_id":10,"name":"Corn_senesced_green_weeds","count":0,"p":0.0},{"label_id":11,"name":"Lettuce_romaine_4wk","count":0,"p":0.0},{"label_id":12,"name":"Lettuce_romaine_5wk","count":0,"p":0.0},{"label_id":13,"name":"Lettuce_romaine_6wk","count":0,"p":0.0},{"label_id":14,"name":"Lettuce_romaine_7wk","count":0,"p":0.0},{"label_id":15,