{"scene_id":"botswana","mask_id":"no_water","mask_label":"Water-bands removed (1350-1430 + 1800-1950 + 2480-2500 nm)","mask_description":"Drops atmospheric water-vapour absorption bands. Topics still see VNIR + SWIR but without the noisiest portions.","spatial_shape":[1476,256],"topic_count":12,"document_count":2775,"vocabulary_size":127,"n_bands_full":145,"n_bands_kept":127,"kept_band_indices":[0,1,2,3,4,5,6,7,8,9,10,11,12,13,14,15,16,17,18,19,20,21,22,23,24,25,26,27,28,29,30,31,32,33,34,35,36,37,38,39,40,41,42,43,44,45,46,47,48,49,50,51,52,53,54,55,56,57,58,59,60,61,62,63,64,65,71,72,73,74,75,76,77,78,79,80,81,82,83,84,85,86,87,88,89,90,91,92,93,94,95,107,108,109,110,111,112,113,114,115,116,117,118,119,120,121,122,123,124,125,126,127,128,129,130,131,132,133,134,135,136,137,138,139,140,141,142],"wavelengths_nm_kept_first_last":[400.0,2470.833251953125],"wavelengths_nm_kept":[400.0,414.58,429.17,443.75,458.33,472.92,487.5,502.08,516.67,531.25,545.83,560.42,575.0,589.58,604.17,618.75,633.33,647.92,662.5,677.08,691.67,706.25,720.83,735.42,750.0,764.58,779.17,793.75,808.33,822.92,837.5,852.08,866.67,881.25,895.83,910.42,925.0,939.58,954.17,968.75,983.33,997.92,1012.5,1027.08,1041.67,1056.25,1070.83,1085.42,1100.0,1114.58,1129.17,1143.75,1158.33,1172.92,1187.5,1202.08,1216.67,1231.25,1245.83,1260.42,1275.0,1289.58,1304.17,1318.75,1333.33,1347.92,1435.42,1450.0,1464.58,1479.17,1493.75,1508.33,1522.92,1537.5,1552.08,1566.67,1581.25,1595.83,1610.42,1625.0,1639.58,1654.17,1668.75,1683.33,1697.92,1712.5,1727.08,1741.67,1756.25,1770.83,1785.42,1960.42,1975.0,1989.58,2004.17,2018.75,2033.33,2047.92,2062.5,2077.08,2091.67,2106.25,2120.83,2135.42,2150.0,2164.58,2179.17,2193.75,2208.33,2222.92,2237.5,2252.08,2266.67,2281.25,2295.83,2310.42,2325.0,2339.58,2354.17,2368.75,2383.33,2397.92,2412.5,2427.08,2441.67,2456.25,2470.83],"topic_prevalence":[0.071563,0.065826,0.060992,0.096038,0.136223,0.099944,0.074835,0.065819,0.065291,0.081611,0.121487,0.060372],"topic_distance_cosine":[[0.0,0.078083,0.053973,0.154236,0.201976,0.106198,0.048032,0.038741,0.075167,0.027959,0.02181,0.050526],[0.078083,0.0,0.032511,0.041562,0.060186,0.06578,0.045595,0.043858,0.028221,0.097154,0.118015,0.036113],[0.053973,0.032511,0.0,0.059542,0.100196,0.074187,0.037808,0.030799,0.025477,0.06819,0.092475,0.032328],[0.154236,0.041562,0.059542,0.0,0.036119,0.091219,0.089321,0.086785,0.045691,0.172715,0.210777,0.068036],[0.201976,0.060186,0.100196,0.036119,1e-06,0.088127,0.120299,0.138394,0.079386,0.223021,0.257235,0.107038],[0.106198,0.06578,0.074187,0.091219,0.088127,0.0,0.107638,0.102594,0.079914,0.111963,0.135765,0.061714],[0.048032,0.045595,0.037808,0.089321,0.120299,0.107638,0.0,0.035007,0.039333,0.066553,0.071921,0.047534],[0.038741,0.043858,0.030799,0.086785,0.138394,0.102594,0.035007,0.0,0.039717,0.047616,0.065302,0.032673],[0.075167,0.028221,0.025477,0.045691,0.079386,0.079914,0.039333,0.039717,0.0,0.08992,0.116382,0.033512],[0.027959,0.097154,0.06819,0.172715,0.223021,0.111963,0.066553,0.047616,0.08992,0.0,0.023327,0.060278],[0.02181,0.118015,0.092475,0.210777,0.257235,0.135765,0.071921,0.065302,0.116382,0.023327,0.0,0.083731],[0.050526,0.036113,0.032328,0.068036,0.107038,0.061714,0.047534,0.032673,0.033512,0.060278,0.083731,0.0]],"top_words_per_topic_lambda_05":[["1479nm","1523nm","1188nm","1056nm","1202nm","1508nm","0983nm","1552nm","1115nm","0998nm","1260nm","0896nm","1173nm","1071nm","1246nm"],["1990nm","1260nm","1479nm","1333nm","1115nm","1231nm","1435nm","1348nm","2092nm","2019nm","1246nm","1508nm","1450nm","1202nm","1100nm"],["1523nm","1465nm","1348nm","1304nm","1742nm","1435nm","1494nm","1450nm","1552nm","1246nm","1290nm","1975nm","1173nm","1202nm","1144nm"],["2004nm","2340nm","2354nm","2471nm","1975nm","2267nm","1742nm","1785nm","2033nm","1712nm","2281nm","2325nm","2223nm","1960nm","1494nm"],["2442nm","2062nm","2427nm","2048nm","2019nm","2456nm","2077nm","2135nm","2092nm","2194nm","2383nm","2471nm","2121nm","2369nm","2310nm"],["1217nm","0881nm","0619nm","0590nm","0983nm","1435nm","0779nm","0896nm","0648nm","0735nm","0969nm","0633nm","1231nm","0808nm","0823nm"],["1115nm","1538nm","1158nm","1100nm","1144nm","1494nm","1275nm","1465nm","1085nm","1552nm","1508nm","1129nm","2019nm","1071nm","1523nm"],["1217nm","1494nm","1275nm","1552nm","1479nm","1319nm","1202nm","1290nm","1508nm","1188nm","1435nm","1450nm","1071nm","1129nm","1727nm"],["1523nm","1610nm","1348nm","1435nm","1538nm","1479nm","1465nm","1275nm","1173nm","1450nm","1785nm","1508nm","1260nm","1990nm","1654nm"],["1275nm","1231nm","1129nm","1012nm","0925nm","0954nm","0940nm","1085nm","0867nm","1290nm","1246nm","1435nm","1056nm","1260nm","1304nm"],["1027nm","1042nm","1217nm","1115nm","0983nm","1100nm","0910nm","0969nm","0925nm","1144nm","0852nm","1173nm","0823nm","0896nm","1260nm"],["1260nm","1304nm","1085nm","1071nm","1508nm","1771nm","1290nm","1202nm","1333nm","1465nm","1100nm","1494nm","1990nm","1552nm","1319nm"]],"p_label_given_topic_dominant":[[{"label_id":1,"name":"Water","count":0,"p":0.0},{"label_id":2,"name":"Hippo grass","count":0,"p":0.0},{"label_id":3,"name":"Floodplain grasses 1","count":0,"p":0.0},{"label_id":4,"name":"Floodplain grasses 2","count":2,"p":0.2},{"label_id":5,"name":"Reeds","count":0,"p":0.0},{"label_id":6,"name":"Riparian","count":4,"p":0.4},{"label_id":7,"name":"Firescar","count":0,"p":0.0},{"label_id":8,"name":"Island interior","count":0,"p":0.0},{"label_id":9,"name":"Acacia woodlands","count":3,"p":0.3},{"label_id":10,"name":"Acacia shrublands","count":0,"p":0.0},{"label_id":11,"name":"Acacia grasslands","count":0,"p":0.0},{"label_id":12,"name":"Short mopane","count":0,"p":0.0},{"label_id":13,"name":"Mixed mopane","count":1,"p":0.1},{"label_id":14,"name":"Exposed soils","count":0,"p":0.0}],[{"label_id":1,"name":"Water","count":2,"p":0.4},{"label_id":2,"name":"Hippo grass","count":0,"p":0.0},{"label_id":3,"name":"Floodplain grasses 1","count":0,"p":0.0},{"label_id":4,"name":"Floodplain grasses 2","count":2,"p":0.4},{"label_id":5,"name":"Reeds","count":0,"p":0.0},{"label_id":6,"name":"Riparian","count":0,"p":0.0},{"label_id":7,"name":"Firescar","count":0,"p":0.0},{"label_id":8,"name":"Island interior","count":0,"p":0.0},{"label_id":9,"name":"Acacia woodlands","count":0,"p":0.0},{"label_id":10,"name":"Acacia shrublands","count":0,"p":0.0},{"label_id":11,"name":"Acacia grasslands","count":0,"p":0.0},{"label_id":12,"name":"Short mopane","count":0,"p":0.0},{"label_id":13,"name":"Mixed mopane","count":1,"p":0.2},{"label_id":14,"name":"Exposed soils","count":0,"p":0.0}],[{"label_id":1,"name":"Water","count":1,"p":0.1},{"label_id":2,"name":"Hippo grass","count":0,"p":0.0},{"label_id":3,"name":"Floodplain grasses 1","count":2,"p":0.2},{"label_id":4,"name":"Floodplain grasses 2","count":0,"p":0.0},{"label_id":5,"name":"Reeds","count":0,"p":0.0},{"label_id":6,"name":"Riparian","count":0,"p":0.0},{"label_id":7,"name":"Firescar","count":0,"p":0.0},{"label_id":8,"name":"Island interior","count":0,"p":0.0},{"label_id":9,"name":"Acacia woodlands","count":6,"p":0.6},{"label_id":10,"name":"Acacia shrublands","count":0,"p":0.0},{"label_id":11,"name":"Acacia grasslands","count":0,"p":0.0},{"label_id":12,"name":"Short mopane","count":0,"p":0.0},{"label_id":13,"name":"Mixed mopane","count":1,"p":0.1},{"label_id":14,"name":"Exposed soils","count":0,"p":0.0}],[{"label_id":1,"name":"Water","count":4,"p":0.013377926421404682},{"label_id":2,"name":"Hippo grass","count":0,"p":0.0},{"label_id":3,"name":"Floodplain grasses 1","count":161,"p":0.5384615384615384},{"label_id":4,"name":"Floodplain grasses 2","count":23,"p":0.07692307692307693},{"label_id":5,"name":"Reeds","count":0,"p":0.0},{"label_id":6,"name":"Riparian","count":0,"p":0.0},{"label_id":7,"name":"Firescar","count":0,"p":0.0},{"label_id":8,"name":"Island interior","count":2,"p":0.006688963210702341},{"label_id":9,"name":"Acacia woodlands","count":9,"p":0.030100334448160536},{"label_id":10,"name":"Acacia shrublands","count":72,"p":0.2408026755852843},{"label_id":11,