{"scene_id":"botswana","K":10,"seeds":[0,1,2,3,4,5,6],"wordification":"band-frequency","quantization_scale":12,"samples_per_class":220,"seed_pair_matched_cosine_mean":[[1.0,0.977517,0.983366,0.984776,0.984477,0.980092,0.983291],[0.977517,1.0,0.977125,0.976803,0.975305,0.981194,0.97749],[0.983366,0.977125,1.0,0.98132,0.981082,0.97945,0.981616],[0.984776,0.976803,0.98132,1.0,0.978798,0.978371,0.985332],[0.984477,0.975305,0.981082,0.978798,1.0,0.978949,0.982752],[0.980092,0.981194,0.97945,0.978371,0.978949,1.0,0.978557],[0.983291,0.97749,0.981616,0.985332,0.982752,0.978557,1.0]],"seed_pair_matched_cosine_min":[[1.0,0.953421,0.967806,0.972272,0.956854,0.952478,0.963778],[0.953421,1.0,0.922133,0.928454,0.94357,0.946849,0.945212],[0.967806,0.922133,1.0,0.95318,0.961367,0.961871,0.971094],[0.972272,0.928454,0.95318,1.0,0.949592,0.959797,0.974694],[0.956854,0.94357,0.961367,0.949592,1.0,0.951,0.961385],[0.952478,0.946849,0.961871,0.959797,0.951,1.0,0.948717],[0.963778,0.945212,0.971094,0.974694,0.961385,0.948717,1.0]],"seed_pair_matched_cosine_std":[[0.0,0.015553,0.009628,0.008998,0.012578,0.012087,0.009432],[0.015553,0.0,0.020825,0.018936,0.018405,0.014567,0.016171],[0.009628,0.020825,0.0,0.012658,0.011829,0.010577,0.009423],[0.008998,0.018936,0.012658,0.0,0.01545,0.012113,0.007472],[0.012578,0.018405,0.011829,0.01545,0.0,0.013092,0.010589],[0.012087,0.014567,0.010577,0.012113,0.013092,0.0,0.015012],[0.009432,0.016171,0.009423,0.007472,0.010589,0.015012,0.0]],"per_topic_matched_cosine_vs_seed0":[[1.0,1.0,1.0,1.0,1.0,1.0,1.0,1.0,1.0,1.0],[0.999372,0.987451,0.968117,0.953421,0.988967,0.986843,0.963646,0.974667,0.95695,0.995736],[0.999677,0.999831,0.977425,0.967806,0.985281,0.982637,0.981205,0.979506,0.974322,0.985968],[0.999134,0.999718,0.984427,0.972272,0.979851,0.986401,0.974424,0.980598,0.979497,0.991433],[0.999872,0.999781,0.974881,0.982688,0.991532,0.976885,0.981403,0.984758,0.956854,0.996121],[0.999737,0.985929,0.971284,0.976144,0.981319,0.978851,0.978807,0.983208,0.952478,0.993163],[0.999784,0.98574,0.982957,0.9785,0.988352,0.980668,0.979051,0.979005,0.963778,0.995079]],"per_topic_stability_summary":[{"topic_id":1,"median_matched_cosine_vs_seed0":0.999707,"min_matched_cosine_vs_seed0":0.999134,"std_matched_cosine_vs_seed0":0.000259},{"topic_id":2,"median_matched_cosine_vs_seed0":0.993584,"min_matched_cosine_vs_seed0":0.98574,"std_matched_cosine_vs_seed0":0.006724},{"topic_id":3,"median_matched_cosine_vs_seed0":0.976153,"min_matched_cosine_vs_seed0":0.968117,"std_matched_cosine_vs_seed0":0.005852},{"topic_id":4,"median_matched_cosine_vs_seed0":0.974208,"min_matched_cosine_vs_seed0":0.953421,"std_matched_cosine_vs_seed0":0.009454},{"topic_id":5,"median_matched_cosine_vs_seed0":0.986816,"min_matched_cosine_vs_seed0":0.979851,"std_matched_cosine_vs_seed0":0.004185},{"topic_id":6,"median_matched_cosine_vs_seed0":0.981653,"min_matched_cosine_vs_seed0":0.976885,"std_matched_cosine_vs_seed0":0.003676},{"topic_id":7,"median_matched_cosine_vs_seed0":0.978929,"min_matched_cosine_vs_seed0":0.963646,"std_matched_cosine_vs_seed0":0.006158},{"topic_id":8,"median_matched_cosine_vs_seed0":0.980052,"min_matched_cosine_vs_seed0":0.974667,"std_matched_cosine_vs_seed0":0.003226},{"topic_id":9,"median_matched_cosine_vs_seed0":0.960364,"min_matched_cosine_vs_seed0":0.952478,"std_matched_cosine_vs_seed0":0.009834},{"topic_id":10,"median_matched_cosine_vs_seed0":0.994121,"min_matched_cosine_vs_seed0":0.985968,"std_matched_cosine_vs_seed0":0.003499}],"scene_stability_summary":{"off_diagonal_mean":0.980365,"off_diagonal_min":0.975305,"off_diagonal_std":0.00281},"framework_axis":"B-6 (master plan Addendum B Axis A): topic stability via Hungarian-matched cosine across seeds \u2014 per-topic vector + agreement matrix","generated_at":"2026-05-06T18:13:01Z","builder_version":"build_topic_stability v0.1"}