{"scene_id":"botswana","K":12,"seeds":[0,1,2,3,4,5,6,7,8,9,10,11,12,13,14],"wordification":"band-frequency","quantization_scale":12,"samples_per_class":220,"seed_pair_matched_cosine_mean":[[1.0,0.977862,0.978843,0.983657,0.979167,0.977742,0.982109,0.980576,0.980609,0.976092,0.981562,0.981507,0.979124,0.978212,0.979209],[0.977862,1.0,0.974136,0.977054,0.975071,0.976255,0.978155,0.979216,0.974532,0.97834,0.976633,0.977587,0.97433,0.978368,0.977222],[0.978843,0.974136,1.0,0.976661,0.976899,0.976873,0.977937,0.977443,0.976843,0.974898,0.978338,0.973113,0.977186,0.976096,0.977832],[0.983657,0.977054,0.976661,1.0,0.976383,0.977288,0.982555,0.981537,0.976783,0.978055,0.979552,0.980277,0.976401,0.979638,0.98043],[0.979167,0.975071,0.976899,0.976383,1.0,0.975172,0.978777,0.974638,0.977371,0.970504,0.980027,0.971988,0.973924,0.977482,0.975411],[0.977742,0.976255,0.976873,0.977288,0.975172,1.0,0.977396,0.977747,0.976457,0.977427,0.977856,0.978397,0.975388,0.979641,0.977456],[0.982109,0.978155,0.977937,0.982555,0.978777,0.977396,1.0,0.981878,0.980249,0.977056,0.982528,0.978801,0.976977,0.977271,0.980574],[0.980576,0.979216,0.977443,0.981537,0.974638,0.977747,0.981878,1.0,0.976413,0.979992,0.978921,0.978564,0.977484,0.979585,0.980515],[0.980609,0.974532,0.976843,0.976783,0.977371,0.976457,0.980249,0.976413,1.0,0.975075,0.981013,0.976642,0.976995,0.976123,0.976934],[0.976092,0.97834,0.974898,0.978055,0.970504,0.977427,0.977056,0.979992,0.975075,1.0,0.973707,0.978722,0.973262,0.978653,0.976596],[0.981562,0.976633,0.978338,0.979552,0.980027,0.977856,0.982528,0.978921,0.981013,0.973707,1.0,0.973824,0.976091,0.977571,0.977278],[0.981507,0.977587,0.973113,0.980277,0.971988,0.978397,0.978801,0.978564,0.976642,0.978722,0.973824,1.0,0.976217,0.97645,0.978065],[0.979124,0.97433,0.977186,0.976401,0.973924,0.975388,0.976977,0.977484,0.976995,0.973262,0.976091,0.976217,1.0,0.976706,0.977475],[0.978212,0.978368,0.976096,0.979638,0.977482,0.979641,0.977271,0.979585,0.976123,0.978653,0.977571,0.97645,0.976706,1.0,0.976046],[0.979209,0.977222,0.977832,0.98043,0.975411,0.977456,0.980574,0.980515,0.976934,0.976596,0.977278,0.978065,0.977475,0.976046,1.0]],"seed_pair_matched_cosine_min":[[1.0,0.954054,0.956548,0.975269,0.945669,0.950651,0.96612,0.957729,0.958594,0.95369,0.964557,0.960594,0.936365,0.957588,0.967957],[0.954054,1.0,0.954438,0.953143,0.953532,0.945331,0.960431,0.962771,0.94825,0.965563,0.963026,0.944853,0.951328,0.968014,0.959428],[0.956548,0.954438,1.0,0.943488,0.956686,0.954043,0.952966,0.953386,0.954236,0.948489,0.948014,0.951048,0.95988,0.959788,0.964082],[0.975269,0.953143,0.943488,1.0,0.952185,0.947511,0.964249,0.962782,0.946583,0.953299,0.935331,0.964012,0.939645,0.947647,0.969613],[0.945669,0.953532,0.956686,0.952185,1.0,0.937834,0.950403,0.943241,0.949368,0.895956,0.963214,0.925535,0.94762,0.960196,0.947261],[0.950651,0.945331,0.954043,0.947511,0.937834,1.0,0.940479,0.962185,0.951579,0.944669,0.93755,0.961118,0.951751,0.959423,0.95769],[0.96612,0.960431,0.952966,0.964249,0.950403,0.940479,1.0,0.968425,0.958427,0.958022,0.967983,0.961873,0.954949,0.959023,0.949106],[0.957729,0.962771,0.953386,0.962782,0.943241,0.962185,0.968425,1.0,0.945604,0.965162,0.957221,0.960503,0.952788,0.971408,0.963941],[0.958594,0.94825,0.954236,0.946583,0.949368,0.951579,0.958427,0.945604,1.0,0.930896,0.939823,0.951362,0.939351,0.947985,0.957252],[0.95369,0.965563,0.948489,0.953299,0.895956,0.944669,0.958022,0.965162,0.930896,1.0,0.935231,0.966359,0.938076,0.959573,0.95158],[0.964557,0.963026,0.948014,0.935331,0.963214,0.93755,0.967983,0.957221,0.939823,0.935231,1.0,0.948334,0.930172,0.966085,0.943367],[0.960594,0.944853,0.951048,0.964012,0.925535,0.961118,0.961873,0.960503,0.951362,0.966359,0.948334,1.0,0.95063,0.955492,0.955764],[0.936365,0.951328,0.95988,0.939645,0.94762,0.951751,0.954949,0.952788,0.939351,0.938076,0.930172,0.95063,1.0,0.944131,0.957693],[0.957588,0.968014,0.959788,0.947647,0.960196,0.959423,0.959023,0.971408,0.947985,0.959573,0.966085,0.955492,0.944131,1.0,0.962606],[0.967957,0.959428,0.964082,0.969613,0.947261,0.95769,0.949106,0.963941,0.957252,0.95158,0.943367,0.955764,0.957693,0.962606,1.0]],"seed_pair_matched_cosine_std":[[0.0,0.013607,0.01126,0.008261,0.013664,0.012836,0.009846,0.012284,0.011382,0.011164,0.009655,0.010442,0.015435,0.009873,0.009676],[0.013607,0.0,0.012962,0.012659,0.013043,0.01419,0.011459,0.011891,0.015168,0.011133,0.010319,0.014442,0.014457,0.009593,0.012415],[0.01126,0.012962,0.0,0.013565,0.011269,0.012439,0.011606,0.012629,0.01205,0.01273,0.011957,0.012928,0.010494,0.01053,0.009432],[0.008261,0.012659,0.013565,0.0,0.011617,0.014077,0.010319,0.010019,0.01482,0.011492,0.01572,0.009932,0.015777,0.012121,0.009721],[0.013664,0.013043,0.011269,0.011617,0.0,0.015146,0.012803,0.016387,0.013593,0.025758,0.010224,0.019456,0.015091,0.009477,0.014229],[0.012836,0.01419,0.012439,0.014077,0.015146,0.0,0.013808,0.011843,0.01403,0.013319,0.014525,0.011105,0.013589,0.010057,0.010749],[0.009846,0.011459,0.011606,0.010319,0.012803,0.013808,0.0,0.009797,0.011924,0.012205,0.008658,0.010678,0.014562,0.01026,0.012666],[0.012284,0.011891,0.012629,0.010019,0.016387,0.011843,0.009797,0.0,0.014398,0.011519,0.011268,0.01204,0.013136,0.007423,0.010434],[0.011382,0.015168,0.01205,0.01482,0.013593,0.01403,0.011924,0.014398,0.0,0.015799,0.014461,0.013959,0.016516,0.013216,0.012209],[0.011164,0.011133,0.01273,0.011492,0.025758,0.013319,0.012205,0.011519,0.015799,0.0,0.017006,0.008575,0.015953,0.010224,0.012361],[0.009655,0.010319,0.011957,0.01572,0.010224,0.014525,0.008658,0.011268,0.014461,0.017006,0.0,0.014372,0.018566,0.009298,0.014048],[0.010442,0.014442,0.012928,0.009932,0.019456,0.011105,0.010678,0.01204,0.013959,0.008575,0.014372,0.0,0.012869,0.010286,0.011726],[0.015435,0.014457,0.010494,0.015777,0.015091,0.013589,0.014562,0.013136,0.016516,0.015953,0.018566,0.012869,0.0,0.01377,0.012439],[0.009873,0.009593,0.01053,0.012121,0.009477,0.010057,0.01026,0.007423,0.013216,0.010224,0.009298,0.010286,0.01377,0.0,0.009188],[0.009676,0.012415,0.009432,0.009721,0.014229,0.010749,0.012666,0.010434,0.012209,0.012361,0.014048,0.011726,0.012439,0.009188,0.0]],"per_topic_matched_cosine_vs_seed0":[[1.0,1.0,1.0,1.0,1.0,1.0,1.0,1.0,1.0,1.0,1.0,1.0],[0.999356,0.980452,0.96283,0.966617,0.954054,0.985272,0.972291,0.973492,0.969784,0.995408,0.978065,0.996721],[0.999886,0.985087,0.980526,0.973127,0.966115,0.984376,0.974555,0.976944,0.970407,0.990644,0.956548,0.9879],[0.999721,0.975536,0.980227,0.979309,0.980163,0.986926,0.975939,0.97943,0.975269,0.9932,0.980607,0.99756],[0.999923,0.991981,0.981325,0.980447,0.978572,0.974687,0.980015,0.980802,0.963323,0.994719,0.978539,0.945669],[0.999865,0.979135,0.977175,0.966117,0.972143,0.974393,0.969076,0.981281,0.950651,0.993692,0.976464,0.992909],[0.999776,0.985081,0.978202,0.979074,0.96612,0.983138,0.974841,0.977503,0.969117,0.992255,0.983476,0.99672],[0.999797,0.98541,0.978838,0.964262,0.978776,0.977905,0.957729,0.975258,0.981092,0.995605,0.973867,0.998377],[0.999837,0.989723,0.976321,0.958594,0.976163,0.982395,0.976135,0.981039,0.968598,0.985245,0.974034,0.999227],[0.999823,0.98072,0.974775,0.95369,0.962301,0.988985,0.97268,0.978622,0.970773,0.975756,0.978038,0.976939],[0.999728,0.988072,0.98096,0.981238,0.980593,0.984262,0.970776,0.976777,0.964557,0.986859,0.970641,0.994283],[0.99963,0.976153,0.976731,0.977974,0.960594,0.981092,0.976572,0.976073,0.978889,0.994495,0.982624,0.997253],[0.999635,0.989014,0.97813,0.967043,0.982816,0.984839,0.936365,0.982487,0.979966,0.971286,0.983849,0.994058],[0.998537,0.978534,0.975844,0.972659,0.982163,0.98247,0.957588,0.98311,0.965778,0.985288,0.974266,0.982308],[0.999349,0.977093,0.974361,0.978378,0.979619,0.980045,0.9707,0.97121,0.967957,0.971723,0.981824,0.998249]],"per_topic_stability_summary":[{"topic_id":1,"median_matched_cosine_vs_seed0":0.999752,"min_matched_cosine_vs_seed0":0.998537,"std_matched_cosine_vs_seed0":0.000349},{"topic_id":2,"median_matched_cosine_vs_seed0":0.9829,