{"scene_id":"botswana","K":14,"seeds":[0,1,2,3,4,5,6],"wordification":"band-frequency","quantization_scale":12,"samples_per_class":220,"seed_pair_matched_cosine_mean":[[1.0,0.97583,0.976939,0.982734,0.978178,0.974354,0.981458],[0.97583,1.0,0.97562,0.978127,0.977135,0.975674,0.976959],[0.976939,0.97562,1.0,0.974435,0.973322,0.971611,0.97766],[0.982734,0.978127,0.974435,1.0,0.978043,0.975482,0.980613],[0.978178,0.977135,0.973322,0.978043,1.0,0.974126,0.975929],[0.974354,0.975674,0.971611,0.975482,0.974126,1.0,0.97428],[0.981458,0.976959,0.97766,0.980613,0.975929,0.97428,1.0]],"seed_pair_matched_cosine_min":[[0.999999,0.955775,0.956002,0.973016,0.956823,0.945305,0.965875],[0.955775,1.0,0.944353,0.966065,0.95998,0.936687,0.958946],[0.956002,0.944353,1.0,0.959402,0.942089,0.932437,0.955533],[0.973016,0.966065,0.959402,1.0,0.962165,0.949476,0.96336],[0.956823,0.95998,0.942089,0.962165,1.0,0.940364,0.932581],[0.945305,0.936687,0.932437,0.949476,0.940364,1.0,0.929667],[0.965875,0.958946,0.955533,0.96336,0.932581,0.929667,1.0]],"seed_pair_matched_cosine_std":[[0.0,0.012581,0.012069,0.007756,0.010813,0.015381,0.008965],[0.012581,0.0,0.012041,0.010129,0.010956,0.01461,0.010994],[0.012069,0.012041,0.0,0.011319,0.013827,0.018164,0.011573],[0.007756,0.010129,0.011319,0.0,0.009446,0.011148,0.009183],[0.010813,0.010956,0.013827,0.009446,0.0,0.015526,0.014716],[0.015381,0.01461,0.018164,0.011148,0.015526,0.0,0.017916],[0.008965,0.010994,0.011573,0.009183,0.014716,0.017916,0.0]],"per_topic_matched_cosine_vs_seed0":[[1.0,1.0,1.0,1.0,1.0,1.0,1.0,1.0,1.0,0.999999,1.0,1.0,1.0,1.0],[0.999365,0.985065,0.955775,0.973565,0.97304,0.984518,0.969456,0.976556,0.967086,0.994919,0.978648,0.984325,0.958991,0.960317],[0.99976,0.986696,0.9687,0.970558,0.975312,0.979805,0.974379,0.970298,0.956002,0.986954,0.976985,0.997273,0.959734,0.974686],[0.999756,0.977636,0.980631,0.98036,0.977523,0.987733,0.979492,0.973016,0.979073,0.992739,0.982176,0.994973,0.979756,0.973419],[0.999902,0.988533,0.980977,0.975718,0.974449,0.975747,0.976545,0.969221,0.964038,0.994746,0.977145,0.956823,0.98079,0.979854],[0.999886,0.981592,0.964211,0.961614,0.9713,0.977673,0.967197,0.979294,0.951473,0.993067,0.97614,0.997278,0.974917,0.945305],[0.999805,0.975985,0.981203,0.98025,0.983409,0.98547,0.972308,0.976763,0.965875,0.988145,0.984034,0.997005,0.972428,0.977731]],"per_topic_stability_summary":[{"topic_id":1,"median_matched_cosine_vs_seed0":0.999783,"min_matched_cosine_vs_seed0":0.999365,"std_matched_cosine_vs_seed0":0.000179},{"topic_id":2,"median_matched_cosine_vs_seed0":0.983329,"min_matched_cosine_vs_seed0":0.975985,"std_matched_cosine_vs_seed0":0.004609},{"topic_id":3,"median_matched_cosine_vs_seed0":0.974665,"min_matched_cosine_vs_seed0":0.955775,"std_matched_cosine_vs_seed0":0.009786},{"topic_id":4,"median_matched_cosine_vs_seed0":0.974641,"min_matched_cosine_vs_seed0":0.961614,"std_matched_cosine_vs_seed0":0.00642},{"topic_id":5,"median_matched_cosine_vs_seed0":0.974881,"min_matched_cosine_vs_seed0":0.9713,"std_matched_cosine_vs_seed0":0.00389},{"topic_id":6,"median_matched_cosine_vs_seed0":0.982162,"min_matched_cosine_vs_seed0":0.975747,"std_matched_cosine_vs_seed0":0.004353},{"topic_id":7,"median_matched_cosine_vs_seed0":0.973343,"min_matched_cosine_vs_seed0":0.967197,"std_matched_cosine_vs_seed0":0.004144},{"topic_id":8,"median_matched_cosine_vs_seed0":0.974786,"min_matched_cosine_vs_seed0":0.969221,"std_matched_cosine_vs_seed0":0.00364},{"topic_id":9,"median_matched_cosine_vs_seed0":0.964956,"min_matched_cosine_vs_seed0":0.951473,"std_matched_cosine_vs_seed0":0.008766},{"topic_id":10,"median_matched_cosine_vs_seed0":0.992903,"min_matched_cosine_vs_seed0":0.986954,"std_matched_cosine_vs_seed0":0.003102},{"topic_id":11,"median_matched_cosine_vs_seed0":0.977896,"min_matched_cosine_vs_seed0":0.97614,"std_matched_cosine_vs_seed0":0.002916},{"topic_id":12,"median_matched_cosine_vs_seed0":0.995989,"min_matched_cosine_vs_seed0":0.956823,"std_matched_cosine_vs_seed0":0.014647},{"topic_id":13,"median_matched_cosine_vs_seed0":0.973672,"min_matched_cosine_vs_seed0":0.958991,"std_matched_cosine_vs_seed0":0.008765},{"topic_id":14,"median_matched_cosine_vs_seed0":0.974052,"min_matched_cosine_vs_seed0":0.945305,"std_matched_cosine_vs_seed0":0.012121}],"scene_stability_summary":{"off_diagonal_mean":0.976596,"off_diagonal_min":0.971611,"off_diagonal_std":0.002645},"framework_axis":"B-6 (master plan Addendum B Axis A): topic stability via Hungarian-matched cosine across seeds \u2014 per-topic vector + agreement matrix","generated_at":"2026-05-06T20:17:24Z","builder_version":"build_topic_stability v0.1"}