{"scene_id":"botswana","K":13,"seeds":[0,1,2,3,4,5,6],"wordification":"band-frequency","quantization_scale":12,"samples_per_class":220,"seed_pair_matched_cosine_mean":[[1.0,0.975852,0.97658,0.9829,0.978722,0.976634,0.981091],[0.975852,1.0,0.973595,0.976592,0.974736,0.974493,0.976362],[0.97658,0.973595,1.0,0.976248,0.9756,0.974791,0.977458],[0.9829,0.976592,0.976248,1.0,0.976619,0.977344,0.982405],[0.978722,0.974736,0.9756,0.976619,1.0,0.975028,0.977893],[0.976634,0.974493,0.974791,0.977344,0.975028,1.0,0.975261],[0.981091,0.976362,0.977458,0.982405,0.977893,0.975261,1.0]],"seed_pair_matched_cosine_min":[[1.0,0.948317,0.957943,0.964216,0.954877,0.951187,0.964784],[0.948317,1.0,0.961364,0.96527,0.94812,0.943845,0.956799],[0.957943,0.961364,1.0,0.96017,0.95726,0.940188,0.966483],[0.964216,0.96527,0.96017,0.999999,0.963589,0.943605,0.958616],[0.954877,0.94812,0.95726,0.963589,1.0,0.938924,0.959756],[0.951187,0.943845,0.940188,0.943605,0.938924,1.0,0.93235],[0.964784,0.956799,0.966483,0.958616,0.959756,0.93235,1.0]],"seed_pair_matched_cosine_std":[[0.0,0.014799,0.010953,0.009392,0.011515,0.012511,0.009973],[0.014799,0.0,0.011267,0.010254,0.014224,0.013832,0.011622],[0.010953,0.011267,0.0,0.009643,0.011477,0.013671,0.008748],[0.009392,0.010254,0.009643,0.0,0.01063,0.013789,0.010717],[0.011515,0.014224,0.011477,0.01063,0.0,0.013569,0.011034],[0.012511,0.013832,0.013671,0.013789,0.013569,0.0,0.014981],[0.009973,0.011622,0.008748,0.010717,0.011034,0.014981,0.0]],"per_topic_matched_cosine_vs_seed0":[[1.0,1.0,1.0,1.0,1.0,1.0,1.0,1.0,1.0,1.0,1.0,1.0,1.0],[0.999351,0.980356,0.963043,0.969562,0.961537,0.985032,0.948317,0.974517,0.969084,0.995249,0.979064,0.997013,0.963947],[0.999833,0.983847,0.980991,0.972947,0.970201,0.974236,0.976781,0.958337,0.97294,0.98988,0.957943,0.976916,0.980688],[0.999651,0.983684,0.979788,0.975361,0.964216,0.987183,0.979169,0.974088,0.979846,0.992277,0.98363,0.998281,0.980521],[0.999928,0.990435,0.980888,0.97743,0.976856,0.977005,0.977198,0.974395,0.964107,0.994848,0.983134,0.954877,0.972289],[0.999883,0.979558,0.97496,0.968853,0.972489,0.977102,0.967704,0.97939,0.951187,0.993214,0.965164,0.992671,0.974072],[0.999786,0.986643,0.976116,0.981757,0.966454,0.984488,0.97139,0.980007,0.964784,0.987065,0.98313,0.99645,0.976114]],"per_topic_stability_summary":[{"topic_id":1,"median_matched_cosine_vs_seed0":0.99981,"min_matched_cosine_vs_seed0":0.999351,"std_matched_cosine_vs_seed0":0.000194},{"topic_id":2,"median_matched_cosine_vs_seed0":0.983766,"min_matched_cosine_vs_seed0":0.979558,"std_matched_cosine_vs_seed0":0.003685},{"topic_id":3,"median_matched_cosine_vs_seed0":0.977952,"min_matched_cosine_vs_seed0":0.963043,"std_matched_cosine_vs_seed0":0.00622},{"topic_id":4,"median_matched_cosine_vs_seed0":0.974154,"min_matched_cosine_vs_seed0":0.968853,"std_matched_cosine_vs_seed0":0.004481},{"topic_id":5,"median_matched_cosine_vs_seed0":0.968328,"min_matched_cosine_vs_seed0":0.961537,"std_matched_cosine_vs_seed0":0.005157},{"topic_id":6,"median_matched_cosine_vs_seed0":0.980795,"min_matched_cosine_vs_seed0":0.974236,"std_matched_cosine_vs_seed0":0.004889},{"topic_id":7,"median_matched_cosine_vs_seed0":0.974085,"min_matched_cosine_vs_seed0":0.948317,"std_matched_cosine_vs_seed0":0.010481},{"topic_id":8,"median_matched_cosine_vs_seed0":0.974456,"min_matched_cosine_vs_seed0":0.958337,"std_matched_cosine_vs_seed0":0.007178},{"topic_id":9,"median_matched_cosine_vs_seed0":0.966934,"min_matched_cosine_vs_seed0":0.951187,"std_matched_cosine_vs_seed0":0.008832},{"topic_id":10,"median_matched_cosine_vs_seed0":0.992746,"min_matched_cosine_vs_seed0":0.987065,"std_matched_cosine_vs_seed0":0.002858},{"topic_id":11,"median_matched_cosine_vs_seed0":0.981097,"min_matched_cosine_vs_seed0":0.957943,"std_matched_cosine_vs_seed0":0.010085},{"topic_id":12,"median_matched_cosine_vs_seed0":0.99456,"min_matched_cosine_vs_seed0":0.954877,"std_matched_cosine_vs_seed0":0.01569},{"topic_id":13,"median_matched_cosine_vs_seed0":0.975093,"min_matched_cosine_vs_seed0":0.963947,"std_matched_cosine_vs_seed0":0.005679}],"scene_stability_summary":{"off_diagonal_mean":0.976962,"off_diagonal_min":0.973595,"off_diagonal_std":0.002435},"framework_axis":"B-6 (master plan Addendum B Axis A): topic stability via Hungarian-matched cosine across seeds \u2014 per-topic vector + agreement matrix","generated_at":"2026-05-06T19:35:37Z","builder_version":"build_topic_stability v0.1"}