{"scene_id":"botswana","K":12,"seeds":[0,1,2,3,4,5,6],"wordification":"band-frequency","quantization_scale":12,"samples_per_class":220,"seed_pair_matched_cosine_mean":[[1.0,0.977862,0.978843,0.983657,0.979167,0.977742,0.982109],[0.977862,1.0,0.974136,0.977054,0.975071,0.976255,0.978155],[0.978843,0.974136,1.0,0.976661,0.976899,0.976873,0.977937],[0.983657,0.977054,0.976661,1.0,0.976383,0.977288,0.982555],[0.979167,0.975071,0.976899,0.976383,1.0,0.975172,0.978777],[0.977742,0.976255,0.976873,0.977288,0.975172,1.0,0.977396],[0.982109,0.978155,0.977937,0.982555,0.978777,0.977396,1.0]],"seed_pair_matched_cosine_min":[[1.0,0.954054,0.956548,0.975269,0.945669,0.950651,0.96612],[0.954054,1.0,0.954438,0.953143,0.953532,0.945331,0.960431],[0.956548,0.954438,1.0,0.943488,0.956686,0.954043,0.952966],[0.975269,0.953143,0.943488,1.0,0.952185,0.947511,0.964249],[0.945669,0.953532,0.956686,0.952185,1.0,0.937834,0.950403],[0.950651,0.945331,0.954043,0.947511,0.937834,1.0,0.940479],[0.96612,0.960431,0.952966,0.964249,0.950403,0.940479,1.0]],"seed_pair_matched_cosine_std":[[0.0,0.013607,0.01126,0.008261,0.013664,0.012836,0.009846],[0.013607,0.0,0.012962,0.012659,0.013043,0.01419,0.011459],[0.01126,0.012962,0.0,0.013565,0.011269,0.012439,0.011606],[0.008261,0.012659,0.013565,0.0,0.011617,0.014077,0.010319],[0.013664,0.013043,0.011269,0.011617,0.0,0.015146,0.012803],[0.012836,0.01419,0.012439,0.014077,0.015146,0.0,0.013808],[0.009846,0.011459,0.011606,0.010319,0.012803,0.013808,0.0]],"per_topic_matched_cosine_vs_seed0":[[1.0,1.0,1.0,1.0,1.0,1.0,1.0,1.0,1.0,1.0,1.0,1.0],[0.999356,0.980452,0.96283,0.966617,0.954054,0.985272,0.972291,0.973492,0.969784,0.995408,0.978065,0.996721],[0.999886,0.985087,0.980526,0.973127,0.966115,0.984376,0.974555,0.976944,0.970407,0.990644,0.956548,0.9879],[0.999721,0.975536,0.980227,0.979309,0.980163,0.986926,0.975939,0.97943,0.975269,0.9932,0.980607,0.99756],[0.999923,0.991981,0.981325,0.980447,0.978572,0.974687,0.980015,0.980802,0.963323,0.994719,0.978539,0.945669],[0.999865,0.979135,0.977175,0.966117,0.972143,0.974393,0.969076,0.981281,0.950651,0.993692,0.976464,0.992909],[0.999776,0.985081,0.978202,0.979074,0.96612,0.983138,0.974841,0.977503,0.969117,0.992255,0.983476,0.99672]],"per_topic_stability_summary":[{"topic_id":1,"median_matched_cosine_vs_seed0":0.999821,"min_matched_cosine_vs_seed0":0.999356,"std_matched_cosine_vs_seed0":0.000191},{"topic_id":2,"median_matched_cosine_vs_seed0":0.982766,"min_matched_cosine_vs_seed0":0.975536,"std_matched_cosine_vs_seed0":0.005266},{"topic_id":3,"median_matched_cosine_vs_seed0":0.979214,"min_matched_cosine_vs_seed0":0.96283,"std_matched_cosine_vs_seed0":0.006368},{"topic_id":4,"median_matched_cosine_vs_seed0":0.976101,"min_matched_cosine_vs_seed0":0.966117,"std_matched_cosine_vs_seed0":0.005956},{"topic_id":5,"median_matched_cosine_vs_seed0":0.969132,"min_matched_cosine_vs_seed0":0.954054,"std_matched_cosine_vs_seed0":0.008798},{"topic_id":6,"median_matched_cosine_vs_seed0":0.983757,"min_matched_cosine_vs_seed0":0.974393,"std_matched_cosine_vs_seed0":0.005026},{"topic_id":7,"median_matched_cosine_vs_seed0":0.974698,"min_matched_cosine_vs_seed0":0.969076,"std_matched_cosine_vs_seed0":0.003339},{"topic_id":8,"median_matched_cosine_vs_seed0":0.978467,"min_matched_cosine_vs_seed0":0.973492,"std_matched_cosine_vs_seed0":0.002646},{"topic_id":9,"median_matched_cosine_vs_seed0":0.96945,"min_matched_cosine_vs_seed0":0.950651,"std_matched_cosine_vs_seed0":0.007864},{"topic_id":10,"median_matched_cosine_vs_seed0":0.993446,"min_matched_cosine_vs_seed0":0.990644,"std_matched_cosine_vs_seed0":0.001569},{"topic_id":11,"median_matched_cosine_vs_seed0":0.978302,"min_matched_cosine_vs_seed0":0.956548,"std_matched_cosine_vs_seed0":0.008809},{"topic_id":12,"median_matched_cosine_vs_seed0":0.994815,"min_matched_cosine_vs_seed0":0.945669,"std_matched_cosine_vs_seed0":0.018444}],"scene_stability_summary":{"off_diagonal_mean":0.977904,"off_diagonal_min":0.974136,"off_diagonal_std":0.002345},"framework_axis":"B-6 (master plan Addendum B Axis A): topic stability via Hungarian-matched cosine across seeds \u2014 per-topic vector + agreement matrix","generated_at":"2026-05-03T20:30:46Z","builder_version":"build_topic_stability v0.1"}