{"scene_id":"botswana","K":11,"seeds":[0,1,2,3,4,5,6],"wordification":"band-frequency","quantization_scale":12,"samples_per_class":220,"seed_pair_matched_cosine_mean":[[1.0,0.980458,0.980825,0.983677,0.97687,0.978473,0.984068],[0.980458,1.0,0.977176,0.977094,0.975322,0.977651,0.979928],[0.980825,0.977176,1.0,0.979163,0.976739,0.977816,0.979613],[0.983677,0.977094,0.979163,1.0,0.974298,0.977353,0.98327],[0.97687,0.975322,0.976739,0.974298,1.0,0.975582,0.978298],[0.978473,0.977651,0.977816,0.977353,0.975582,1.0,0.977354],[0.984068,0.979928,0.979613,0.98327,0.978298,0.977354,1.0]],"seed_pair_matched_cosine_min":[[1.0,0.958398,0.964824,0.968882,0.932972,0.951809,0.955492],[0.958398,1.0,0.961547,0.936575,0.950464,0.947279,0.953073],[0.964824,0.961547,1.0,0.952172,0.953839,0.954455,0.965488],[0.968882,0.936575,0.952172,1.0,0.955483,0.953769,0.970333],[0.932972,0.950464,0.953839,0.955483,1.0,0.946185,0.951681],[0.951809,0.947279,0.954455,0.953769,0.946185,1.0,0.936877],[0.955492,0.953073,0.965488,0.970333,0.951681,0.936877,1.0]],"seed_pair_matched_cosine_std":[[0.0,0.012639,0.010197,0.008959,0.017237,0.012188,0.011559],[0.012639,0.0,0.01253,0.01762,0.014409,0.016453,0.013568],[0.010197,0.01253,0.0,0.011444,0.012627,0.011314,0.009603],[0.008959,0.01762,0.011444,0.0,0.013707,0.0134,0.009437],[0.017237,0.014409,0.012627,0.013707,0.0,0.01392,0.01363],[0.012188,0.016453,0.011314,0.0134,0.01392,0.0,0.015847],[0.011559,0.013568,0.009603,0.009437,0.01363,0.015847,0.0]],"per_topic_matched_cosine_vs_seed0":[[1.0,1.0,1.0,1.0,1.0,1.0,1.0,1.0,1.0,1.0,1.0],[0.999434,0.99558,0.978621,0.962383,0.975937,0.986132,0.958398,0.976117,0.974878,0.996217,0.981337],[0.999765,0.990812,0.981216,0.966848,0.983929,0.984269,0.975954,0.977049,0.97297,0.991441,0.964824],[0.999205,0.996624,0.980876,0.968882,0.972408,0.987105,0.97941,0.979072,0.981566,0.991727,0.983578],[0.999819,0.932972,0.962095,0.98169,0.987103,0.976589,0.979349,0.984014,0.969189,0.995628,0.977122],[0.999741,0.986946,0.971912,0.972959,0.981989,0.978581,0.970125,0.982292,0.951809,0.99291,0.973943],[0.999764,0.995704,0.980333,0.982013,0.992443,0.983305,0.976014,0.979591,0.955492,0.993652,0.986439]],"per_topic_stability_summary":[{"topic_id":1,"median_matched_cosine_vs_seed0":0.999753,"min_matched_cosine_vs_seed0":0.999205,"std_matched_cosine_vs_seed0":0.000225},{"topic_id":2,"median_matched_cosine_vs_seed0":0.993196,"min_matched_cosine_vs_seed0":0.932972,"std_matched_cosine_vs_seed0":0.022674},{"topic_id":3,"median_matched_cosine_vs_seed0":0.979477,"min_matched_cosine_vs_seed0":0.962095,"std_matched_cosine_vs_seed0":0.006911},{"topic_id":4,"median_matched_cosine_vs_seed0":0.970921,"min_matched_cosine_vs_seed0":0.962383,"std_matched_cosine_vs_seed0":0.007332},{"topic_id":5,"median_matched_cosine_vs_seed0":0.982959,"min_matched_cosine_vs_seed0":0.972408,"std_matched_cosine_vs_seed0":0.006671},{"topic_id":6,"median_matched_cosine_vs_seed0":0.983787,"min_matched_cosine_vs_seed0":0.976589,"std_matched_cosine_vs_seed0":0.003837},{"topic_id":7,"median_matched_cosine_vs_seed0":0.975984,"min_matched_cosine_vs_seed0":0.958398,"std_matched_cosine_vs_seed0":0.007308},{"topic_id":8,"median_matched_cosine_vs_seed0":0.979332,"min_matched_cosine_vs_seed0":0.976117,"std_matched_cosine_vs_seed0":0.002757},{"topic_id":9,"median_matched_cosine_vs_seed0":0.971079,"min_matched_cosine_vs_seed0":0.951809,"std_matched_cosine_vs_seed0":0.010609},{"topic_id":10,"median_matched_cosine_vs_seed0":0.993281,"min_matched_cosine_vs_seed0":0.991441,"std_matched_cosine_vs_seed0":0.001808},{"topic_id":11,"median_matched_cosine_vs_seed0":0.979229,"min_matched_cosine_vs_seed0":0.964824,"std_matched_cosine_vs_seed0":0.00712}],"scene_stability_summary":{"off_diagonal_mean":0.97862,"off_diagonal_min":0.974298,"off_diagonal_std":0.002608},"framework_axis":"B-6 (master plan Addendum B Axis A): topic stability via Hungarian-matched cosine across seeds \u2014 per-topic vector + agreement matrix","generated_at":"2026-05-06T18:54:00Z","builder_version":"build_topic_stability v0.1"}