{"scene_id":"indian-pines-corrected","K":14,"seeds":[0,1,2,3,4,5,6],"wordification":"band-frequency","quantization_scale":12,"samples_per_class":220,"seed_pair_matched_cosine_mean":[[1.0,0.978838,0.966625,0.97928,0.974999,0.979883,0.977031],[0.978838,1.0,0.96896,0.982214,0.979082,0.980466,0.979235],[0.966625,0.96896,1.0,0.970297,0.968101,0.969781,0.966909],[0.97928,0.982214,0.970297,1.0,0.980497,0.984267,0.981198],[0.974999,0.979082,0.968101,0.980497,1.0,0.979685,0.977673],[0.979883,0.980466,0.969781,0.984267,0.979685,1.0,0.979868],[0.977031,0.979235,0.966909,0.981198,0.977673,0.979868,1.0]],"seed_pair_matched_cosine_min":[[1.0,0.945551,0.815649,0.957582,0.947624,0.962107,0.950358],[0.945551,1.0,0.82193,0.970503,0.960425,0.972561,0.968154],[0.815649,0.82193,0.999999,0.816292,0.798938,0.819086,0.810952],[0.957582,0.970503,0.816292,0.999999,0.959949,0.969465,0.970263],[0.947624,0.960425,0.798938,0.959949,1.0,0.959453,0.959115],[0.962107,0.972561,0.819086,0.969465,0.959453,1.0,0.96794],[0.950358,0.968154,0.810952,0.970263,0.959115,0.96794,0.999999]],"seed_pair_matched_cosine_std":[[0.0,0.012182,0.042596,0.009999,0.012332,0.009003,0.013064],[0.012182,0.0,0.041795,0.00858,0.011433,0.008362,0.009661],[0.042596,0.041795,0.0,0.043692,0.047982,0.042809,0.044154],[0.009999,0.00858,0.043692,0.0,0.011325,0.008184,0.008653],[0.012332,0.011433,0.047982,0.011325,0.0,0.012326,0.010684],[0.009003,0.008362,0.042809,0.008184,0.012326,0.0,0.009403],[0.013064,0.009661,0.044154,0.008653,0.010684,0.009403,0.0]],"per_topic_matched_cosine_vs_seed0":[[1.0,1.0,1.0,1.0,1.0,1.0,1.0,1.0,1.0,1.0,1.0,1.0,1.0,1.0],[0.977372,0.993843,0.993538,0.974931,0.981472,0.987095,0.975721,0.970173,0.975704,0.975199,0.996649,0.975994,0.980491,0.945551],[0.972668,0.965901,0.978641,0.979998,0.977308,0.97452,0.983096,0.977682,0.972814,0.974474,0.99592,0.970982,0.815649,0.993096],[0.98167,0.957582,0.987715,0.975567,0.98178,0.985216,0.978354,0.969214,0.983074,0.968745,0.996992,0.971597,0.979117,0.9933],[0.976511,0.970933,0.984113,0.974833,0.947624,0.963662,0.979499,0.963772,0.979983,0.968527,0.996693,0.966773,0.984566,0.9925],[0.974141,0.962107,0.986078,0.980725,0.981533,0.981639,0.980339,0.975639,0.983065,0.970937,0.997262,0.967995,0.983843,0.993059],[0.96174,0.950358,0.994109,0.977903,0.986786,0.981796,0.979586,0.974475,0.980029,0.971981,0.995714,0.958693,0.971715,0.993544]],"per_topic_stability_summary":[{"topic_id":1,"median_matched_cosine_vs_seed0":0.975326,"min_matched_cosine_vs_seed0":0.96174,"std_matched_cosine_vs_seed0":0.006173},{"topic_id":2,"median_matched_cosine_vs_seed0":0.964004,"min_matched_cosine_vs_seed0":0.950358,"std_matched_cosine_vs_seed0":0.013702},{"topic_id":3,"median_matched_cosine_vs_seed0":0.986897,"min_matched_cosine_vs_seed0":0.978641,"std_matched_cosine_vs_seed0":0.005355},{"topic_id":4,"median_matched_cosine_vs_seed0":0.976735,"min_matched_cosine_vs_seed0":0.974833,"std_matched_cosine_vs_seed0":0.002383},{"topic_id":5,"median_matched_cosine_vs_seed0":0.981502,"min_matched_cosine_vs_seed0":0.947624,"std_matched_cosine_vs_seed0":0.01302},{"topic_id":6,"median_matched_cosine_vs_seed0":0.981718,"min_matched_cosine_vs_seed0":0.963662,"std_matched_cosine_vs_seed0":0.007898},{"topic_id":7,"median_matched_cosine_vs_seed0":0.979542,"min_matched_cosine_vs_seed0":0.975721,"std_matched_cosine_vs_seed0":0.002206},{"topic_id":8,"median_matched_cosine_vs_seed0":0.972324,"min_matched_cosine_vs_seed0":0.963772,"std_matched_cosine_vs_seed0":0.00466},{"topic_id":9,"median_matched_cosine_vs_seed0":0.980006,"min_matched_cosine_vs_seed0":0.972814,"std_matched_cosine_vs_seed0":0.003746},{"topic_id":10,"median_matched_cosine_vs_seed0":0.971459,"min_matched_cosine_vs_seed0":0.968527,"std_matched_cosine_vs_seed0":0.002562},{"topic_id":11,"median_matched_cosine_vs_seed0":0.996671,"min_matched_cosine_vs_seed0":0.995714,"std_matched_cosine_vs_seed0":0.000552},{"topic_id":12,"median_matched_cosine_vs_seed0":0.969488,"min_matched_cosine_vs_seed0":0.958693,"std_matched_cosine_vs_seed0":0.005341},{"topic_id":13,"median_matched_cosine_vs_seed0":0.979804,"min_matched_cosine_vs_seed0":0.815649,"std_matched_cosine_vs_seed0":0.061373},{"topic_id":14,"median_matched_cosine_vs_seed0":0.993078,"min_matched_cosine_vs_seed0":0.945551,"std_matched_cosine_vs_seed0":0.017723}],"scene_stability_summary":{"off_diagonal_mean":0.976423,"off_diagonal_min":0.966625,"off_diagonal_std":0.005396},"framework_axis":"B-6 (master plan Addendum B Axis A): topic stability via Hungarian-matched cosine across seeds \u2014 per-topic vector + agreement matrix","generated_at":"2026-05-06T19:43:42Z","builder_version":"build_topic_stability v0.1"}