{"scene_id":"indian-pines-corrected","K":11,"seeds":[0,1,2,3,4,5,6],"wordification":"band-frequency","quantization_scale":12,"samples_per_class":220,"seed_pair_matched_cosine_mean":[[1.0,0.98248,0.981905,0.984086,0.984638,0.983779,0.984679],[0.98248,1.0,0.979912,0.984341,0.980626,0.983878,0.980236],[0.981905,0.979912,1.0,0.98307,0.981989,0.98318,0.980935],[0.984086,0.984341,0.98307,1.0,0.982296,0.987205,0.984054],[0.984638,0.980626,0.981989,0.982296,1.0,0.981304,0.983256],[0.983779,0.983878,0.98318,0.987205,0.981304,1.0,0.983535],[0.984679,0.980236,0.980935,0.984054,0.983256,0.983535,1.0]],"seed_pair_matched_cosine_min":[[1.0,0.958896,0.96786,0.970762,0.97757,0.96404,0.976761],[0.958896,1.0,0.962295,0.973375,0.964321,0.969682,0.964028],[0.96786,0.962295,1.0,0.956037,0.960992,0.965565,0.95801],[0.970762,0.973375,0.956037,1.0,0.959792,0.975891,0.969335],[0.97757,0.964321,0.960992,0.959792,1.0,0.961604,0.974079],[0.96404,0.969682,0.965565,0.975891,0.961604,1.0,0.974755],[0.976761,0.964028,0.95801,0.969335,0.974079,0.974755,1.0]],"seed_pair_matched_cosine_std":[[0.0,0.012291,0.00973,0.008968,0.007569,0.010109,0.007602],[0.012291,0.0,0.009286,0.007634,0.009771,0.008263,0.010024],[0.00973,0.009286,0.0,0.011783,0.012132,0.009945,0.01134],[0.008968,0.007634,0.011783,0.0,0.012389,0.007456,0.009385],[0.007569,0.009771,0.012132,0.012389,0.0,0.012248,0.009008],[0.010109,0.008263,0.009945,0.007456,0.012248,0.0,0.008361],[0.007602,0.010024,0.01134,0.009385,0.009008,0.008361,0.0]],"per_topic_matched_cosine_vs_seed0":[[1.0,1.0,1.0,1.0,1.0,1.0,1.0,1.0,1.0,1.0,1.0],[0.982233,0.999839,0.989502,0.980146,0.988753,0.988136,0.98654,0.961354,0.958896,0.976154,0.995722],[0.981083,0.99866,0.975538,0.96786,0.985165,0.98698,0.975917,0.975758,0.982537,0.971902,0.99956],[0.982616,0.999815,0.987166,0.970762,0.984985,0.989749,0.975051,0.979481,0.980257,0.975827,0.999237],[0.982802,0.999703,0.980536,0.981274,0.977711,0.978646,0.986,0.986547,0.980835,0.97757,0.999398],[0.973258,0.999805,0.984473,0.983279,0.977559,0.989683,0.988805,0.9829,0.96404,0.978527,0.999238],[0.981083,0.999665,0.979458,0.981736,0.980149,0.980757,0.988725,0.984624,0.976761,0.979125,0.99939]],"per_topic_stability_summary":[{"topic_id":1,"median_matched_cosine_vs_seed0":0.981658,"min_matched_cosine_vs_seed0":0.973258,"std_matched_cosine_vs_seed0":0.003314},{"topic_id":2,"median_matched_cosine_vs_seed0":0.999754,"min_matched_cosine_vs_seed0":0.99866,"std_matched_cosine_vs_seed0":0.000417},{"topic_id":3,"median_matched_cosine_vs_seed0":0.982505,"min_matched_cosine_vs_seed0":0.975538,"std_matched_cosine_vs_seed0":0.004758},{"topic_id":4,"median_matched_cosine_vs_seed0":0.98071,"min_matched_cosine_vs_seed0":0.96786,"std_matched_cosine_vs_seed0":0.005929},{"topic_id":5,"median_matched_cosine_vs_seed0":0.982567,"min_matched_cosine_vs_seed0":0.977559,"std_matched_cosine_vs_seed0":0.004187},{"topic_id":6,"median_matched_cosine_vs_seed0":0.987558,"min_matched_cosine_vs_seed0":0.978646,"std_matched_cosine_vs_seed0":0.004359},{"topic_id":7,"median_matched_cosine_vs_seed0":0.98627,"min_matched_cosine_vs_seed0":0.975051,"std_matched_cosine_vs_seed0":0.005771},{"topic_id":8,"median_matched_cosine_vs_seed0":0.981191,"min_matched_cosine_vs_seed0":0.961354,"std_matched_cosine_vs_seed0":0.008407},{"topic_id":9,"median_matched_cosine_vs_seed0":0.978509,"min_matched_cosine_vs_seed0":0.958896,"std_matched_cosine_vs_seed0":0.00907},{"topic_id":10,"median_matched_cosine_vs_seed0":0.976862,"min_matched_cosine_vs_seed0":0.971902,"std_matched_cosine_vs_seed0":0.002375},{"topic_id":11,"median_matched_cosine_vs_seed0":0.999314,"min_matched_cosine_vs_seed0":0.995722,"std_matched_cosine_vs_seed0":0.001362}],"scene_stability_summary":{"off_diagonal_mean":0.982923,"off_diagonal_min":0.979912,"off_diagonal_std":0.001716},"framework_axis":"B-6 (master plan Addendum B Axis A): topic stability via Hungarian-matched cosine across seeds \u2014 per-topic vector + agreement matrix","generated_at":"2026-05-06T18:21:03Z","builder_version":"build_topic_stability v0.1"}