{"scene_id":"indian-pines-corrected","K":12,"seeds":[0,1,2,3,4,5,6],"wordification":"band-frequency","quantization_scale":12,"samples_per_class":220,"seed_pair_matched_cosine_mean":[[1.0,0.983292,0.982136,0.9837,0.981105,0.982598,0.981658],[0.983292,1.0,0.982177,0.984187,0.980606,0.982775,0.980519],[0.982136,0.982177,1.0,0.981821,0.979548,0.981402,0.979807],[0.9837,0.984187,0.981821,1.0,0.983846,0.985265,0.983723],[0.981105,0.980606,0.979548,0.983846,1.0,0.980259,0.980472],[0.982598,0.982775,0.981402,0.985265,0.980259,1.0,0.982789],[0.981658,0.980519,0.979807,0.983723,0.980472,0.982789,1.0]],"seed_pair_matched_cosine_min":[[1.0,0.969546,0.970732,0.969686,0.962148,0.964952,0.958838],[0.969546,1.0,0.966288,0.975062,0.960576,0.970706,0.963477],[0.970732,0.966288,1.0,0.971357,0.960319,0.962173,0.964903],[0.969686,0.975062,0.971357,1.0,0.968629,0.971123,0.974636],[0.962148,0.960576,0.960319,0.968629,1.0,0.95873,0.962218],[0.964952,0.970706,0.962173,0.971123,0.95873,1.0,0.973726],[0.958838,0.963477,0.964903,0.974636,0.962218,0.973726,1.0]],"seed_pair_matched_cosine_std":[[0.0,0.008359,0.008327,0.008574,0.010136,0.010385,0.009996],[0.008359,0.0,0.008908,0.007489,0.012126,0.008304,0.010401],[0.008327,0.008908,0.0,0.007874,0.011826,0.00948,0.009086],[0.008574,0.007489,0.007874,0.0,0.009562,0.00819,0.0079],[0.010136,0.012126,0.011826,0.009562,0.0,0.013122,0.010682],[0.010385,0.008304,0.00948,0.00819,0.013122,0.0,0.008346],[0.009996,0.010401,0.009086,0.0079,0.010682,0.008346,0.0]],"per_topic_matched_cosine_vs_seed0":[[1.0,1.0,1.0,1.0,1.0,1.0,1.0,1.0,1.0,1.0,1.0,1.0],[0.976467,0.99982,0.988637,0.978521,0.988482,0.98533,0.9857,0.980603,0.974757,0.969546,0.994447,0.9772],[0.9821,0.999691,0.984801,0.970732,0.990173,0.989094,0.973234,0.973714,0.981526,0.97227,0.987119,0.981174],[0.981194,0.999861,0.983743,0.980207,0.986009,0.990171,0.986886,0.97982,0.971919,0.97832,0.996586,0.969686],[0.976384,0.999622,0.980668,0.980751,0.962148,0.984789,0.984173,0.98523,0.981153,0.974388,0.996492,0.967465],[0.964952,0.999802,0.984531,0.983132,0.987021,0.990667,0.987708,0.973918,0.97197,0.981068,0.997001,0.969411],[0.980692,0.999594,0.979139,0.98081,0.982255,0.980487,0.987546,0.983475,0.976135,0.974295,0.996634,0.958838]],"per_topic_stability_summary":[{"topic_id":1,"median_matched_cosine_vs_seed0":0.978579,"min_matched_cosine_vs_seed0":0.964952,"std_matched_cosine_vs_seed0":0.005817},{"topic_id":2,"median_matched_cosine_vs_seed0":0.999746,"min_matched_cosine_vs_seed0":0.999594,"std_matched_cosine_vs_seed0":0.000102},{"topic_id":3,"median_matched_cosine_vs_seed0":0.984137,"min_matched_cosine_vs_seed0":0.979139,"std_matched_cosine_vs_seed0":0.00306},{"topic_id":4,"median_matched_cosine_vs_seed0":0.980479,"min_matched_cosine_vs_seed0":0.970732,"std_matched_cosine_vs_seed0":0.003947},{"topic_id":5,"median_matched_cosine_vs_seed0":0.986515,"min_matched_cosine_vs_seed0":0.962148,"std_matched_cosine_vs_seed0":0.0095},{"topic_id":6,"median_matched_cosine_vs_seed0":0.987212,"min_matched_cosine_vs_seed0":0.980487,"std_matched_cosine_vs_seed0":0.003597},{"topic_id":7,"median_matched_cosine_vs_seed0":0.986293,"min_matched_cosine_vs_seed0":0.973234,"std_matched_cosine_vs_seed0":0.005053},{"topic_id":8,"median_matched_cosine_vs_seed0":0.980212,"min_matched_cosine_vs_seed0":0.973714,"std_matched_cosine_vs_seed0":0.00437},{"topic_id":9,"median_matched_cosine_vs_seed0":0.975446,"min_matched_cosine_vs_seed0":0.971919,"std_matched_cosine_vs_seed0":0.003899},{"topic_id":10,"median_matched_cosine_vs_seed0":0.974341,"min_matched_cosine_vs_seed0":0.969546,"std_matched_cosine_vs_seed0":0.003784},{"topic_id":11,"median_matched_cosine_vs_seed0":0.996539,"min_matched_cosine_vs_seed0":0.987119,"std_matched_cosine_vs_seed0":0.003496},{"topic_id":12,"median_matched_cosine_vs_seed0":0.969549,"min_matched_cosine_vs_seed0":0.958838,"std_matched_cosine_vs_seed0":0.007139}],"scene_stability_summary":{"off_diagonal_mean":0.98208,"off_diagonal_min":0.979548,"off_diagonal_std":0.001535},"framework_axis":"B-6 (master plan Addendum B Axis A): topic stability via Hungarian-matched cosine across seeds \u2014 per-topic vector + agreement matrix","generated_at":"2026-05-03T19:52:40Z","builder_version":"build_topic_stability v0.1"}