{"scene_id":"indian-pines-corrected","K":13,"seeds":[0,1,2,3,4,5,6],"wordification":"band-frequency","quantization_scale":12,"samples_per_class":220,"seed_pair_matched_cosine_mean":[[1.0,0.981967,0.969935,0.981851,0.97863,0.982184,0.979578],[0.981967,1.0,0.971027,0.98308,0.979941,0.981504,0.979126],[0.969935,0.971027,1.0,0.970128,0.966811,0.970392,0.966814],[0.981851,0.98308,0.970128,1.0,0.981285,0.984999,0.981775],[0.97863,0.979941,0.966811,0.981285,1.0,0.979524,0.979009],[0.982184,0.981504,0.970392,0.984999,0.979524,1.0,0.98152],[0.979578,0.979126,0.966814,0.981775,0.979009,0.98152,1.0]],"seed_pair_matched_cosine_min":[[1.0,0.970454,0.828063,0.967766,0.95321,0.969882,0.958933],[0.970454,1.0,0.82993,0.973896,0.960578,0.970846,0.965771],[0.828063,0.82993,1.0,0.820466,0.800681,0.819325,0.815138],[0.967766,0.973896,0.820466,1.0,0.963301,0.97057,0.972198],[0.95321,0.960578,0.800681,0.963301,1.0,0.948174,0.961187],[0.969882,0.970846,0.819325,0.97057,0.948174,1.0,0.96964],[0.958933,0.965771,0.815138,0.972198,0.961187,0.96964,1.0]],"seed_pair_matched_cosine_std":[[0.0,0.008064,0.041823,0.009175,0.01194,0.00887,0.010753],[0.008064,0.0,0.041594,0.007583,0.012161,0.008575,0.00993],[0.041823,0.041594,0.0,0.044036,0.049119,0.044495,0.04472],[0.009175,0.007583,0.044036,0.0,0.011264,0.008414,0.008057],[0.01194,0.012161,0.049119,0.011264,0.0,0.013528,0.010236],[0.00887,0.008575,0.044495,0.008414,0.013528,0.0,0.008709],[0.010753,0.00993,0.04472,0.008057,0.010236,0.008709,0.0]],"per_topic_matched_cosine_vs_seed0":[[1.0,1.0,1.0,1.0,1.0,1.0,1.0,1.0,1.0,1.0,1.0,1.0,1.0],[0.976574,0.999688,0.981488,0.980097,0.984228,0.981479,0.979704,0.970454,0.972523,0.979565,0.997083,0.977387,0.985299],[0.981278,0.999435,0.983708,0.987551,0.982375,0.981817,0.971944,0.974477,0.97199,0.976824,0.997009,0.972682,0.828063],[0.980038,0.999531,0.976014,0.977992,0.985874,0.984643,0.987958,0.972332,0.979665,0.967766,0.997984,0.971228,0.983038],[0.983341,0.999554,0.979899,0.979507,0.95321,0.967695,0.981815,0.970916,0.977587,0.972703,0.997723,0.970338,0.987905],[0.981602,0.999625,0.980965,0.971804,0.985757,0.976236,0.985648,0.974336,0.980667,0.975697,0.998279,0.969882,0.987893],[0.982649,0.999226,0.973282,0.975854,0.988811,0.972755,0.988177,0.971193,0.975582,0.976091,0.996973,0.958933,0.974982]],"per_topic_stability_summary":[{"topic_id":1,"median_matched_cosine_vs_seed0":0.98144,"min_matched_cosine_vs_seed0":0.976574,"std_matched_cosine_vs_seed0":0.002203},{"topic_id":2,"median_matched_cosine_vs_seed0":0.999543,"min_matched_cosine_vs_seed0":0.999226,"std_matched_cosine_vs_seed0":0.000149},{"topic_id":3,"median_matched_cosine_vs_seed0":0.980432,"min_matched_cosine_vs_seed0":0.973282,"std_matched_cosine_vs_seed0":0.00352},{"topic_id":4,"median_matched_cosine_vs_seed0":0.978749,"min_matched_cosine_vs_seed0":0.971804,"std_matched_cosine_vs_seed0":0.004779},{"topic_id":5,"median_matched_cosine_vs_seed0":0.984992,"min_matched_cosine_vs_seed0":0.95321,"std_matched_cosine_vs_seed0":0.012155},{"topic_id":6,"median_matched_cosine_vs_seed0":0.978857,"min_matched_cosine_vs_seed0":0.967695,"std_matched_cosine_vs_seed0":0.005855},{"topic_id":7,"median_matched_cosine_vs_seed0":0.983731,"min_matched_cosine_vs_seed0":0.971944,"std_matched_cosine_vs_seed0":0.005651},{"topic_id":8,"median_matched_cosine_vs_seed0":0.971762,"min_matched_cosine_vs_seed0":0.970454,"std_matched_cosine_vs_seed0":0.001604},{"topic_id":9,"median_matched_cosine_vs_seed0":0.976584,"min_matched_cosine_vs_seed0":0.97199,"std_matched_cosine_vs_seed0":0.003302},{"topic_id":10,"median_matched_cosine_vs_seed0":0.975894,"min_matched_cosine_vs_seed0":0.967766,"std_matched_cosine_vs_seed0":0.003723},{"topic_id":11,"median_matched_cosine_vs_seed0":0.997403,"min_matched_cosine_vs_seed0":0.996973,"std_matched_cosine_vs_seed0":0.000514},{"topic_id":12,"median_matched_cosine_vs_seed0":0.970783,"min_matched_cosine_vs_seed0":0.958933,"std_matched_cosine_vs_seed0":0.005565},{"topic_id":13,"median_matched_cosine_vs_seed0":0.984169,"min_matched_cosine_vs_seed0":0.828063,"std_matched_cosine_vs_seed0":0.058212}],"scene_stability_summary":{"off_diagonal_mean":0.97767,"off_diagonal_min":0.966811,"off_diagonal_std":0.005629},"framework_axis":"B-6 (master plan Addendum B Axis A): topic stability via Hungarian-matched cosine across seeds \u2014 per-topic vector + agreement matrix","generated_at":"2026-05-06T19:01:56Z","builder_version":"build_topic_stability v0.1"}