{"scene_id":"indian-pines-corrected","K":12,"seeds":[0,1,2,3,4,5,6,7,8,9,10,11,12,13,14],"wordification":"band-frequency","quantization_scale":12,"samples_per_class":220,"seed_pair_matched_cosine_mean":[[1.0,0.983292,0.982136,0.9837,0.981105,0.982598,0.981658,0.980632,0.981447,0.976417,0.981382,0.97722,0.979727,0.981448,0.981496],[0.983292,1.0,0.982177,0.984187,0.980606,0.982775,0.980519,0.98038,0.980433,0.974976,0.981179,0.977212,0.978444,0.983118,0.980186],[0.982136,0.982177,1.0,0.981821,0.979548,0.981402,0.979807,0.982024,0.981215,0.976285,0.98172,0.976781,0.977555,0.982152,0.981403],[0.9837,0.984187,0.981821,1.0,0.983846,0.985265,0.983723,0.98046,0.983186,0.977908,0.9836,0.978639,0.980689,0.982565,0.982141],[0.981105,0.980606,0.979548,0.983846,1.0,0.980259,0.980472,0.978678,0.983741,0.980812,0.981975,0.975255,0.980588,0.980389,0.981611],[0.982598,0.982775,0.981402,0.985265,0.980259,1.0,0.982789,0.980994,0.982333,0.977843,0.983808,0.978045,0.979994,0.981283,0.981744],[0.981658,0.980519,0.979807,0.983723,0.980472,0.982789,1.0,0.978986,0.98228,0.976685,0.982279,0.979462,0.978804,0.979176,0.982427],[0.980632,0.98038,0.982024,0.98046,0.978678,0.980994,0.978986,1.0,0.980624,0.978294,0.980276,0.976088,0.979813,0.980537,0.980112],[0.981447,0.980433,0.981215,0.983186,0.983741,0.982333,0.98228,0.980624,1.0,0.978882,0.984455,0.978835,0.981275,0.980286,0.983752],[0.976417,0.974976,0.976285,0.977908,0.980812,0.977843,0.976685,0.978294,0.978882,1.0,0.978277,0.973624,0.979437,0.976348,0.978554],[0.981382,0.981179,0.98172,0.9836,0.981975,0.983808,0.982279,0.980276,0.984455,0.978277,1.0,0.980534,0.98024,0.980984,0.983136],[0.97722,0.977212,0.976781,0.978639,0.975255,0.978045,0.979462,0.976088,0.978835,0.973624,0.980534,1.0,0.97711,0.974914,0.978826],[0.979727,0.978444,0.977555,0.980689,0.980588,0.979994,0.978804,0.979813,0.981275,0.979437,0.98024,0.97711,1.0,0.978456,0.97901],[0.981448,0.983118,0.982152,0.982565,0.980389,0.981283,0.979176,0.980537,0.980286,0.976348,0.980984,0.974914,0.978456,1.0,0.980596],[0.981496,0.980186,0.981403,0.982141,0.981611,0.981744,0.982427,0.980112,0.983752,0.978554,0.983136,0.978826,0.97901,0.980596,1.0]],"seed_pair_matched_cosine_min":[[1.0,0.969546,0.970732,0.969686,0.962148,0.964952,0.958838,0.964799,0.963356,0.940466,0.960211,0.934645,0.938069,0.969165,0.959337],[0.969546,1.0,0.966288,0.975062,0.960576,0.970706,0.963477,0.960935,0.962248,0.904918,0.969836,0.941488,0.928484,0.973951,0.960285],[0.970732,0.966288,1.0,0.971357,0.960319,0.962173,0.964903,0.960109,0.960795,0.915172,0.968812,0.940902,0.936087,0.971251,0.965922],[0.969686,0.975062,0.971357,1.0,0.968629,0.971123,0.974636,0.957552,0.973222,0.921034,0.970485,0.943195,0.950376,0.97146,0.960393],[0.962148,0.960576,0.960319,0.968629,1.0,0.95873,0.962218,0.94709,0.969145,0.942932,0.968568,0.945214,0.957888,0.962882,0.960259],[0.964952,0.970706,0.962173,0.971123,0.95873,1.0,0.973726,0.967876,0.963521,0.925261,0.966544,0.951072,0.945987,0.966154,0.965652],[0.958838,0.963477,0.964903,0.974636,0.962218,0.973726,1.0,0.963645,0.972239,0.936803,0.967611,0.949365,0.95781,0.962862,0.96796],[0.964799,0.960935,0.960109,0.957552,0.94709,0.967876,0.963645,1.0,0.95389,0.940049,0.95673,0.936113,0.932491,0.967518,0.956886],[0.963356,0.962248,0.960795,0.973222,0.969145,0.963521,0.972239,0.95389,1.0,0.933936,0.972544,0.948118,0.959777,0.96561,0.968839],[0.940466,0.904918,0.915172,0.921034,0.942932,0.925261,0.936803,0.940049,0.933936,1.0,0.941812,0.926995,0.944989,0.91417,0.943794],[0.960211,0.969836,0.968812,0.970485,0.968568,0.966544,0.967611,0.95673,0.972544,0.941812,1.0,0.95421,0.958389,0.972625,0.971188],[0.934645,0.941488,0.940902,0.943195,0.945214,0.951072,0.949365,0.936113,0.948118,0.926995,0.95421,1.0,0.953086,0.935381,0.950259],[0.938069,0.928484,0.936087,0.950376,0.957888,0.945987,0.95781,0.932491,0.959777,0.944989,0.958389,0.953086,1.0,0.949717,0.958804],[0.969165,0.973951,0.971251,0.97146,0.962882,0.966154,0.962862,0.967518,0.96561,0.91417,0.972625,0.935381,0.949717,1.0,0.959133],[0.959337,0.960285,0.965922,0.960393,0.960259,0.965652,0.96796,0.956886,0.968839,0.943794,0.971188,0.950259,0.958804,0.959133,1.0]],"seed_pair_matched_cosine_std":[[0.0,0.008359,0.008327,0.008574,0.010136,0.010385,0.009996,0.009032,0.010272,0.014406,0.010049,0.015835,0.015069,0.008284,0.011507],[0.008359,0.0,0.008908,0.007489,0.012126,0.008304,0.010401,0.009545,0.010366,0.023291,0.009143,0.013291,0.017403,0.007446,0.009185],[0.008327,0.008908,0.0,0.007874,0.011826,0.00948,0.009086,0.010099,0.010512,0.020045,0.008994,0.014019,0.015526,0.007995,0.009626],[0.008574,0.007489,0.007874,0.0,0.009562,0.00819,0.0079,0.011342,0.00838,0.01957,0.009666,0.013857,0.013209,0.008064,0.010785],[0.010136,0.012126,0.011826,0.009562,0.0,0.013122,0.010682,0.014689,0.008867,0.014322,0.010917,0.015882,0.0123,0.010901,0.011274],[0.010385,0.008304,0.00948,0.00819,0.013122,0.0,0.008346,0.010137,0.010023,0.018296,0.009532,0.01266,0.01386,0.00956,0.010712],[0.009996,0.010401,0.009086,0.0079,0.010682,0.008346,0.0,0.009707,0.008551,0.016249,0.009511,0.014383,0.011283,0.009483,0.009246],[0.009032,0.009545,0.010099,0.011342,0.014689,0.010137,0.009707,0.0,0.011577,0.015948,0.011249,0.015445,0.016414,0.008642,0.011817],[0.010272,0.010366,0.010512,0.00838,0.008867,0.010023,0.008551,0.011577,0.0,0.016106,0.008423,0.014004,0.011278,0.009733,0.009316],[0.014406,0.023291,0.020045,0.01957,0.014322,0.018296,0.016249,0.015948,0.016106,0.0,0.015379,0.021324,0.01419,0.020026,0.015552],[0.010049,0.009143,0.008994,0.009666,0.010917,0.009532,0.009511,0.011249,0.008423,0.015379,0.0,0.012026,0.012022,0.008489,0.009307],[0.015835,0.013291,0.014019,0.013857,0.015882,0.01266,0.014383,0.015445,0.014004,0.021324,0.012026,0.0,0.012784,0.015468,0.013023],[0.015069,0.017403,0.015526,0.013209,0.0123,0.01386,0.011283,0.016414,0.011278,0.01419,0.012022,0.012784,0.0,0.013552,0.012493],[0.008284,0.007446,0.007995,0.008064,0.010901,0.00956,0.009483,0.008642,0.009733,0.020026,0.008489,0.015468,0.013552,0.0,0.009981],[0.011507,0.009185,0.009626,0.010785,0.011274,0.010712,0.009246,0.011817,0.009316,0.015552,0.009307,0.013023,0.012493,0.009981,0.0]],"per_topic_matched_cosine_vs_seed0":[[1.0,1.0,1.0,1.0,1.0,1.0,1.0,1.0,1.0,1.0,1.0,1.0],[0.976467,0.99982,0.988637,0.978521,0.988482,0.98533,0.9857,0.980603,0.974757,0.969546,0.994447,0.9772],[0.9821,0.999691,0.984801,0.970732,0.990173,0.989094,0.973234,0.973714,0.981526,0.97227,0.987119,0.981174],[0.981194,0.999861,0.983743,0.980207,0.986009,0.990171,0.986886,0.97982,0.971919,0.97832,0.996586,0.969686],[0.976384,0.999622,0.980668,0.980751,0.962148,0.984789,0.984173,0.98523,0.981153,0.974388,0.996492,0.967465],[0.964952,0.999802,0.984531,0.983132,0.987021,0.990667,0.987708,0.973918,0.97197,0.981068,0.997001,0.969411],[0.980692,0.999594,0.979139,0.98081,0.982255,0.980487,0.987546,0.983475,0.976135,0.974295,0.996634,0.958838],[0.964799,0.999148,0.9753,0.971611,0.984577,0.99154,0.974189,0.982,0.981552,0.973979,0.981027,0.987866],[0.975931,0.999825,0.98357,0.978363,0.987369,0.991108,0.981023,0.970527,0.974364,0.97553,0.996405,0.963356],[0.965448,0.997934,0.982689,0.979275,0.973952,0.980244,0.940466,0.969959,0.982691,0.978298,0.996711,0.969338],[0.974682,0.999841,0.976048,0.977467,0.986531,0.987729,0.977877,0.979902,0.981672,0.977763,0.996865,0.960211],[0.974674,0.999226,0.934645,0.966852,0.981074,0.990379,0.978644,0.975827,0.977537,0.982536,0.995259,0.969993],[0.974901,0.999453,0.978502,0.977855,0.988848,0.990539,0.982836,0.980982,0.976336,0.971767,0.996633,0.938069],[0.979001,0.999734,0.983883,0.975389,0.984169,0.981307,0.985716,0.973417,0.969165,0.971563,0.991475,0.982552],[0.980004,0.99985,0.984865,0.979639,0.991805,0.989372,0.975691,0.966722,0.982452,0.97167,0.99654,0.959337]],"per_topic_stability_summary":[{"topic_id":1,"median_matched_cosine_vs_seed0":0.976158,"min_matched_cosine_vs_seed0":0.964799,"std_matched_cosine_vs_seed0":0.005754},{"topic_id":2,"median_matched_cosine_vs_seed0":0.999713,