{"scene_id":"indian-pines-corrected","K":10,"seeds":[0,1,2,3,4,5,6],"wordification":"band-frequency","quantization_scale":12,"samples_per_class":220,"seed_pair_matched_cosine_mean":[[1.0,0.982053,0.981462,0.984394,0.982497,0.981948,0.983648],[0.982053,1.0,0.979695,0.986086,0.975967,0.983586,0.981528],[0.981462,0.979695,1.0,0.98146,0.984278,0.984686,0.980673],[0.984394,0.986086,0.98146,1.0,0.979667,0.984976,0.983414],[0.982497,0.975967,0.984278,0.979667,1.0,0.979992,0.981647],[0.981948,0.983586,0.984686,0.984976,0.979992,1.0,0.98253],[0.983648,0.981528,0.980673,0.983414,0.981647,0.98253,1.0]],"seed_pair_matched_cosine_min":[[1.0,0.964646,0.968558,0.964923,0.953755,0.964761,0.969978],[0.964646,1.0,0.956926,0.970395,0.945121,0.971056,0.966316],[0.968558,0.956926,1.0,0.964985,0.962863,0.970776,0.957143],[0.964923,0.970395,0.964985,1.0,0.947489,0.973106,0.959728],[0.953755,0.945121,0.962863,0.947489,1.0,0.954991,0.949192],[0.964761,0.971056,0.970776,0.973106,0.954991,1.0,0.970014],[0.969978,0.966316,0.957143,0.959728,0.949192,0.970014,1.0]],"seed_pair_matched_cosine_std":[[0.0,0.010458,0.010289,0.01014,0.012304,0.011679,0.008915],[0.010458,0.0,0.012713,0.007608,0.015554,0.008438,0.010784],[0.010289,0.012713,0.0,0.009912,0.011083,0.009568,0.012007],[0.01014,0.007608,0.009912,0.0,0.013953,0.008452,0.011573],[0.012304,0.015554,0.011083,0.013953,0.0,0.015821,0.013838],[0.011679,0.008438,0.009568,0.008452,0.015821,0.0,0.00927],[0.008915,0.010784,0.012007,0.011573,0.013838,0.00927,0.0]],"per_topic_matched_cosine_vs_seed0":[[1.0,1.0,1.0,1.0,1.0,1.0,1.0,1.0,1.0,1.0],[0.97922,0.99978,0.969481,0.986354,0.984598,0.980759,0.987383,0.973051,0.964646,0.995252],[0.985861,0.998502,0.971959,0.968558,0.977267,0.978866,0.983969,0.980522,0.969704,0.999414],[0.971364,0.99983,0.991056,0.987388,0.988507,0.964923,0.983422,0.979618,0.981634,0.996197],[0.953755,0.997362,0.986815,0.98835,0.97363,0.980194,0.9802,0.987262,0.97809,0.999309],[0.976866,0.999752,0.98577,0.984456,0.987807,0.972569,0.965216,0.982972,0.964761,0.999315],[0.980869,0.999764,0.980911,0.986697,0.978538,0.969978,0.985441,0.97821,0.977402,0.998675]],"per_topic_stability_summary":[{"topic_id":1,"median_matched_cosine_vs_seed0":0.978043,"min_matched_cosine_vs_seed0":0.953755,"std_matched_cosine_vs_seed0":0.010308},{"topic_id":2,"median_matched_cosine_vs_seed0":0.999758,"min_matched_cosine_vs_seed0":0.997362,"std_matched_cosine_vs_seed0":0.000932},{"topic_id":3,"median_matched_cosine_vs_seed0":0.98334,"min_matched_cosine_vs_seed0":0.969481,"std_matched_cosine_vs_seed0":0.007875},{"topic_id":4,"median_matched_cosine_vs_seed0":0.986525,"min_matched_cosine_vs_seed0":0.968558,"std_matched_cosine_vs_seed0":0.006844},{"topic_id":5,"median_matched_cosine_vs_seed0":0.981568,"min_matched_cosine_vs_seed0":0.97363,"std_matched_cosine_vs_seed0":0.00558},{"topic_id":6,"median_matched_cosine_vs_seed0":0.975718,"min_matched_cosine_vs_seed0":0.964923,"std_matched_cosine_vs_seed0":0.005867},{"topic_id":7,"median_matched_cosine_vs_seed0":0.983696,"min_matched_cosine_vs_seed0":0.965216,"std_matched_cosine_vs_seed0":0.007359},{"topic_id":8,"median_matched_cosine_vs_seed0":0.98007,"min_matched_cosine_vs_seed0":0.973051,"std_matched_cosine_vs_seed0":0.00434},{"topic_id":9,"median_matched_cosine_vs_seed0":0.973553,"min_matched_cosine_vs_seed0":0.964646,"std_matched_cosine_vs_seed0":0.006681},{"topic_id":10,"median_matched_cosine_vs_seed0":0.998992,"min_matched_cosine_vs_seed0":0.995252,"std_matched_cosine_vs_seed0":0.001668}],"scene_stability_summary":{"off_diagonal_mean":0.982199,"off_diagonal_min":0.975967,"off_diagonal_std":0.002231},"framework_axis":"B-6 (master plan Addendum B Axis A): topic stability via Hungarian-matched cosine across seeds \u2014 per-topic vector + agreement matrix","generated_at":"2026-05-06T17:36:02Z","builder_version":"build_topic_stability v0.1"}