{"scene_id":"kennedy-space-center","K":14,"seeds":[0,1,2,3,4,5,6],"wordification":"band-frequency","quantization_scale":12,"samples_per_class":220,"seed_pair_matched_cosine_mean":[[1.0,0.980447,0.980483,0.962154,0.981935,0.913247,0.982012],[0.980447,1.0,0.976578,0.956407,0.975744,0.911691,0.976572],[0.980483,0.976578,1.0,0.963796,0.98035,0.909261,0.981997],[0.962154,0.956407,0.963796,1.0,0.963549,0.951733,0.96424],[0.981935,0.975744,0.98035,0.963549,1.0,0.908532,0.982525],[0.913247,0.911691,0.909261,0.951733,0.908532,1.0,0.910434],[0.982012,0.976572,0.981997,0.96424,0.982525,0.910434,1.0]],"seed_pair_matched_cosine_min":[[1.0,0.97207,0.970475,0.716802,0.965874,0.025771,0.970301],[0.97207,1.0,0.940388,0.729727,0.90691,0.028351,0.924462],[0.970475,0.940388,1.0,0.725104,0.968627,0.027799,0.971327],[0.716802,0.729727,0.725104,1.0,0.719953,0.630152,0.729399],[0.965874,0.90691,0.968627,0.719953,1.0,0.016872,0.976064],[0.025771,0.028351,0.027799,0.630152,0.016872,1.0,0.018783],[0.970301,0.924462,0.971327,0.729399,0.976064,0.018783,0.999999]],"seed_pair_matched_cosine_std":[[0.0,0.008284,0.008384,0.068503,0.009073,0.246346,0.008321],[0.008284,0.0,0.0134,0.06553,0.020846,0.245285,0.01686],[0.008384,0.0134,0.0,0.066656,0.008991,0.24487,0.008035],[0.068503,0.06553,0.066656,0.0,0.067961,0.090515,0.065515],[0.009073,0.020846,0.008991,0.067961,0.0,0.247951,0.007512],[0.246346,0.245285,0.24487,0.090515,0.247951,0.0,0.247576],[0.008321,0.01686,0.008035,0.065515,0.007512,0.247576,0.0]],"per_topic_matched_cosine_vs_seed0":[[1.0,1.0,1.0,1.0,1.0,1.0,1.0,1.0,1.0,1.0,1.0,1.0,1.0,1.0],[0.981002,0.977693,0.973535,0.999917,0.977008,0.979069,0.978829,0.973029,0.976777,0.981673,0.97207,0.980089,0.999223,0.97634],[0.981307,0.978596,0.980232,0.999724,0.978659,0.983298,0.981055,0.977171,0.976901,0.970475,0.971081,0.974991,0.998463,0.974809],[0.979548,0.981053,0.968357,0.997702,0.975967,0.977965,0.978977,0.972555,0.979714,0.716802,0.981614,0.985506,0.997666,0.976724],[0.979992,0.982757,0.983697,0.999754,0.982762,0.986996,0.979348,0.965874,0.9771,0.980469,0.967291,0.981022,0.999101,0.980925],[0.982777,0.979825,0.98052,0.999593,0.981513,0.975547,0.979957,0.984388,0.978903,0.978654,0.025771,0.983659,0.999213,0.955136],[0.981032,0.977212,0.980639,0.999971,0.980082,0.985352,0.980423,0.970301,0.982027,0.971752,0.976934,0.978135,0.999725,0.984578]],"per_topic_stability_summary":[{"topic_id":1,"median_matched_cosine_vs_seed0":0.981017,"min_matched_cosine_vs_seed0":0.979548,"std_matched_cosine_vs_seed0":0.001029},{"topic_id":2,"median_matched_cosine_vs_seed0":0.97921,"min_matched_cosine_vs_seed0":0.977212,"std_matched_cosine_vs_seed0":0.001934},{"topic_id":3,"median_matched_cosine_vs_seed0":0.980376,"min_matched_cosine_vs_seed0":0.968357,"std_matched_cosine_vs_seed0":0.00522},{"topic_id":4,"median_matched_cosine_vs_seed0":0.999739,"min_matched_cosine_vs_seed0":0.997702,"std_matched_cosine_vs_seed0":0.000789},{"topic_id":5,"median_matched_cosine_vs_seed0":0.97937,"min_matched_cosine_vs_seed0":0.975967,"std_matched_cosine_vs_seed0":0.00239},{"topic_id":6,"median_matched_cosine_vs_seed0":0.981183,"min_matched_cosine_vs_seed0":0.975547,"std_matched_cosine_vs_seed0":0.004124},{"topic_id":7,"median_matched_cosine_vs_seed0":0.979653,"min_matched_cosine_vs_seed0":0.978829,"std_matched_cosine_vs_seed0":0.000796},{"topic_id":8,"median_matched_cosine_vs_seed0":0.972792,"min_matched_cosine_vs_seed0":0.965874,"std_matched_cosine_vs_seed0":0.005783},{"topic_id":9,"median_matched_cosine_vs_seed0":0.978001,"min_matched_cosine_vs_seed0":0.976777,"std_matched_cosine_vs_seed0":0.001894},{"topic_id":10,"median_matched_cosine_vs_seed0":0.975203,"min_matched_cosine_vs_seed0":0.716802,"std_matched_cosine_vs_seed0":0.096914},{"topic_id":11,"median_matched_cosine_vs_seed0":0.971575,"min_matched_cosine_vs_seed0":0.025771,"std_matched_cosine_vs_seed0":0.353338},{"topic_id":12,"median_matched_cosine_vs_seed0":0.980555,"min_matched_cosine_vs_seed0":0.974991,"std_matched_cosine_vs_seed0":0.00345},{"topic_id":13,"median_matched_cosine_vs_seed0":0.999157,"min_matched_cosine_vs_seed0":0.997666,"std_matched_cosine_vs_seed0":0.000663},{"topic_id":14,"median_matched_cosine_vs_seed0":0.976532,"min_matched_cosine_vs_seed0":0.955136,"std_matched_cosine_vs_seed0":0.009362}],"scene_stability_summary":{"off_diagonal_mean":0.957795,"off_diagonal_min":0.908532,"off_diagonal_std":0.027804},"framework_axis":"B-6 (master plan Addendum B Axis A): topic stability via Hungarian-matched cosine across seeds \u2014 per-topic vector + agreement matrix","generated_at":"2026-05-06T20:09:58Z","builder_version":"build_topic_stability v0.1"}