{"scene_id":"kennedy-space-center","K":12,"seeds":[0,1,2,3,4,5,6],"wordification":"band-frequency","quantization_scale":12,"samples_per_class":220,"seed_pair_matched_cosine_mean":[[1.0,0.981255,0.982362,0.979831,0.9824,0.885248,0.981764],[0.981255,1.0,0.980395,0.976642,0.982028,0.881922,0.979984],[0.982362,0.980395,1.0,0.980482,0.982217,0.884929,0.982383],[0.979831,0.976642,0.980482,1.0,0.978319,0.890707,0.981675],[0.9824,0.982028,0.982217,0.978319,1.0,0.882169,0.983142],[0.885248,0.881922,0.884929,0.890707,0.882169,1.0,0.884698],[0.981764,0.979984,0.982383,0.981675,0.983142,0.884698,1.0]],"seed_pair_matched_cosine_min":[[1.0,0.970313,0.972033,0.946522,0.969615,0.030142,0.964349],[0.970313,1.0,0.969759,0.929444,0.970755,0.029023,0.960147],[0.972033,0.969759,1.0,0.950705,0.972015,0.035182,0.971125],[0.946522,0.929444,0.950705,1.0,0.927802,0.109489,0.958201],[0.969615,0.970755,0.972015,0.927802,1.0,0.02724,0.97168],[0.030142,0.029023,0.035182,0.109489,0.02724,1.0,0.030939],[0.964349,0.960147,0.971125,0.958201,0.97168,0.030939,1.0]],"seed_pair_matched_cosine_std":[[0.0,0.008527,0.008256,0.012902,0.008539,0.262923,0.009785],[0.008527,0.0,0.009446,0.016636,0.009013,0.26247,0.010407],[0.008256,0.009446,0.0,0.012256,0.008892,0.261055,0.009092],[0.012902,0.016636,0.012256,0.0,0.01695,0.24124,0.010444],[0.008539,0.009013,0.008892,0.01695,0.0,0.264334,0.008066],[0.262923,0.26247,0.261055,0.24124,0.264334,0.0,0.261724],[0.009785,0.010407,0.009092,0.010444,0.008066,0.261724,0.0]],"per_topic_matched_cosine_vs_seed0":[[1.0,1.0,1.0,1.0,1.0,1.0,1.0,1.0,1.0,1.0,1.0,1.0],[0.978853,0.980112,0.998044,0.999916,0.977242,0.977142,0.979155,0.974911,0.97538,0.983085,0.970313,0.98091],[0.980307,0.976584,0.997594,0.999668,0.981138,0.986909,0.975119,0.972033,0.976205,0.980049,0.97804,0.984703],[0.979972,0.982178,0.995559,0.999229,0.976675,0.979624,0.978927,0.967566,0.979291,0.946522,0.983421,0.989013],[0.982331,0.984975,0.998528,0.999888,0.976074,0.980746,0.977863,0.975322,0.979911,0.97874,0.969615,0.984809],[0.985376,0.977694,0.997344,0.948255,0.982483,0.981314,0.030142,0.983258,0.977263,0.981555,0.796497,0.981791],[0.982186,0.976769,0.999288,0.999945,0.982813,0.978609,0.980474,0.964349,0.980072,0.98231,0.96927,0.98508]],"per_topic_stability_summary":[{"topic_id":1,"median_matched_cosine_vs_seed0":0.981247,"min_matched_cosine_vs_seed0":0.978853,"std_matched_cosine_vs_seed0":0.002119},{"topic_id":2,"median_matched_cosine_vs_seed0":0.978903,"min_matched_cosine_vs_seed0":0.976584,"std_matched_cosine_vs_seed0":0.003068},{"topic_id":3,"median_matched_cosine_vs_seed0":0.997819,"min_matched_cosine_vs_seed0":0.995559,"std_matched_cosine_vs_seed0":0.001158},{"topic_id":4,"median_matched_cosine_vs_seed0":0.999778,"min_matched_cosine_vs_seed0":0.948255,"std_matched_cosine_vs_seed0":0.019185},{"topic_id":5,"median_matched_cosine_vs_seed0":0.97919,"min_matched_cosine_vs_seed0":0.976074,"std_matched_cosine_vs_seed0":0.002808},{"topic_id":6,"median_matched_cosine_vs_seed0":0.980185,"min_matched_cosine_vs_seed0":0.977142,"std_matched_cosine_vs_seed0":0.003085},{"topic_id":7,"median_matched_cosine_vs_seed0":0.978395,"min_matched_cosine_vs_seed0":0.030142,"std_matched_cosine_vs_seed0":0.353364},{"topic_id":8,"median_matched_cosine_vs_seed0":0.973472,"min_matched_cosine_vs_seed0":0.964349,"std_matched_cosine_vs_seed0":0.006049},{"topic_id":9,"median_matched_cosine_vs_seed0":0.978277,"min_matched_cosine_vs_seed0":0.97538,"std_matched_cosine_vs_seed0":0.001837},{"topic_id":10,"median_matched_cosine_vs_seed0":0.980802,"min_matched_cosine_vs_seed0":0.946522,"std_matched_cosine_vs_seed0":0.012983},{"topic_id":11,"median_matched_cosine_vs_seed0":0.969964,"min_matched_cosine_vs_seed0":0.796497,"std_matched_cosine_vs_seed0":0.066402},{"topic_id":12,"median_matched_cosine_vs_seed0":0.984756,"min_matched_cosine_vs_seed0":0.98091,"std_matched_cosine_vs_seed0":0.002614}],"scene_stability_summary":{"off_diagonal_mean":0.95355,"off_diagonal_min":0.881922,"off_diagonal_std":0.043441},"framework_axis":"B-6 (master plan Addendum B Axis A): topic stability via Hungarian-matched cosine across seeds \u2014 per-topic vector + agreement matrix","generated_at":"2026-05-03T20:23:51Z","builder_version":"build_topic_stability v0.1"}