{"scene_id":"kennedy-space-center","K":12,"seeds":[0,1,2,3,4,5,6,7,8,9,10,11,12,13,14],"wordification":"band-frequency","quantization_scale":12,"samples_per_class":220,"seed_pair_matched_cosine_mean":[[1.0,0.981255,0.982362,0.979831,0.9824,0.885248,0.981764,0.981989,0.980804,0.981812,0.983033,0.983348,0.966493,0.984184,0.980683],[0.981255,1.0,0.980395,0.976642,0.982028,0.881922,0.979984,0.981197,0.981904,0.980235,0.982058,0.980716,0.965752,0.982927,0.980326],[0.982362,0.980395,1.0,0.980482,0.982217,0.884929,0.982383,0.981893,0.980305,0.981778,0.982098,0.982544,0.967543,0.983027,0.981733],[0.979831,0.976642,0.980482,1.0,0.978319,0.890707,0.981675,0.980038,0.975032,0.983301,0.980921,0.980256,0.974984,0.981572,0.981025],[0.9824,0.982028,0.982217,0.978319,1.0,0.882169,0.983142,0.982807,0.98242,0.982348,0.982446,0.982565,0.965708,0.982314,0.983153],[0.885248,0.881922,0.884929,0.890707,0.882169,1.0,0.884698,0.882967,0.881557,0.888309,0.882564,0.883515,0.901827,0.885763,0.883143],[0.981764,0.979984,0.982383,0.981675,0.983142,0.884698,1.0,0.982319,0.980693,0.983568,0.982812,0.983052,0.970252,0.98284,0.983633],[0.981989,0.981197,0.981893,0.980038,0.982807,0.882967,0.982319,1.0,0.980851,0.980902,0.982268,0.982048,0.969777,0.982773,0.980903],[0.980804,0.981904,0.980305,0.975032,0.98242,0.881557,0.980693,0.980851,1.0,0.979818,0.982661,0.980525,0.961691,0.981368,0.980221],[0.981812,0.980235,0.981778,0.983301,0.982348,0.888309,0.983568,0.980902,0.979818,1.0,0.98333,0.982692,0.973052,0.983271,0.983312],[0.983033,0.982058,0.982098,0.980921,0.982446,0.882564,0.982812,0.982268,0.982661,0.98333,1.0,0.982273,0.969229,0.984286,0.98278],[0.983348,0.980716,0.982544,0.980256,0.982565,0.883515,0.983052,0.982048,0.980525,0.982692,0.982273,1.0,0.967203,0.982506,0.981564],[0.966493,0.965752,0.967543,0.974984,0.965708,0.901827,0.970252,0.969777,0.961691,0.973052,0.969229,0.967203,1.0,0.970501,0.969109],[0.984184,0.982927,0.983027,0.981572,0.982314,0.885763,0.98284,0.982773,0.981368,0.983271,0.984286,0.982506,0.970501,1.0,0.981384],[0.980683,0.980326,0.981733,0.981025,0.983153,0.883143,0.983633,0.980903,0.980221,0.983312,0.98278,0.981564,0.969109,0.981384,1.0]],"seed_pair_matched_cosine_min":[[1.0,0.970313,0.972033,0.946522,0.969615,0.030142,0.964349,0.969158,0.968952,0.967987,0.973737,0.971676,0.879409,0.97559,0.966633],[0.970313,1.0,0.969759,0.929444,0.970755,0.029023,0.960147,0.962873,0.974957,0.961816,0.970452,0.966818,0.886831,0.969639,0.956294],[0.972033,0.969759,1.0,0.950705,0.972015,0.035182,0.971125,0.969675,0.969639,0.969741,0.965058,0.972146,0.906144,0.970992,0.972495],[0.946522,0.929444,0.950705,1.0,0.927802,0.109489,0.958201,0.94705,0.897336,0.972765,0.952294,0.954933,0.905504,0.967036,0.95558],[0.969615,0.970755,0.972015,0.927802,1.0,0.02724,0.97168,0.97148,0.974728,0.960293,0.973133,0.971821,0.874315,0.967674,0.970156],[0.030142,0.029023,0.035182,0.109489,0.02724,1.0,0.030939,0.026491,0.024522,0.116684,0.032,0.028088,0.261287,0.108839,0.025491],[0.964349,0.960147,0.971125,0.958201,0.97168,0.030939,1.0,0.959268,0.965089,0.973153,0.963286,0.973583,0.89322,0.966007,0.974431],[0.969158,0.962873,0.969675,0.94705,0.97148,0.026491,0.959268,1.0,0.968079,0.968264,0.969804,0.973705,0.903383,0.967535,0.958215],[0.968952,0.974957,0.969639,0.897336,0.974728,0.024522,0.965089,0.968079,1.0,0.94099,0.972103,0.968642,0.73851,0.960286,0.954874],[0.967987,0.961816,0.969741,0.972765,0.960293,0.116684,0.973153,0.968264,0.94099,1.0,0.974744,0.975503,0.892875,0.975201,0.968184],[0.973737,0.970452,0.965058,0.952294,0.973133,0.032,0.963286,0.969804,0.972103,0.974744,1.0,0.96895,0.908062,0.975532,0.966034],[0.971676,0.966818,0.972146,0.954933,0.971821,0.028088,0.973583,0.973705,0.968642,0.975503,0.96895,1.0,0.884683,0.97298,0.972889],[0.879409,0.886831,0.906144,0.905504,0.874315,0.261287,0.89322,0.903383,0.73851,0.892875,0.908062,0.884683,1.0,0.906251,0.904216],[0.97559,0.969639,0.970992,0.967036,0.967674,0.108839,0.966007,0.967535,0.960286,0.975201,0.975532,0.97298,0.906251,0.999999,0.962752],[0.966633,0.956294,0.972495,0.95558,0.970156,0.025491,0.974431,0.958215,0.954874,0.968184,0.966034,0.972889,0.904216,0.962752,1.0]],"seed_pair_matched_cosine_std":[[0.0,0.008527,0.008256,0.012902,0.008539,0.262923,0.009785,0.009102,0.009591,0.009473,0.007606,0.008212,0.033462,0.006972,0.00943],[0.008527,0.0,0.009446,0.016636,0.009013,0.26247,0.010407,0.009991,0.008233,0.010101,0.009299,0.009413,0.032769,0.009455,0.011441],[0.008256,0.009446,0.0,0.012256,0.008892,0.261055,0.009092,0.009618,0.009276,0.008959,0.009535,0.008194,0.028384,0.00874,0.008779],[0.012902,0.016636,0.012256,0.0,0.01695,0.24124,0.010444,0.01289,0.024746,0.008151,0.011354,0.010584,0.022102,0.009845,0.010979],[0.008539,0.009013,0.008892,0.01695,0.0,0.264334,0.008066,0.00845,0.008172,0.010092,0.008307,0.008168,0.0361,0.008871,0.008287],[0.262923,0.26247,0.261055,0.24124,0.264334,0.0,0.261724,0.263314,0.26425,0.237447,0.261955,0.262532,0.2011,0.239511,0.263684],[0.009785,0.010407,0.009092,0.010444,0.008066,0.261724,0.0,0.010059,0.010035,0.008541,0.00932,0.008405,0.028714,0.009182,0.007911],[0.009102,0.009991,0.009618,0.01289,0.00845,0.263314,0.010059,0.0,0.009188,0.009717,0.008901,0.008345,0.02952,0.009434,0.010598],[0.009591,0.008233,0.009276,0.024746,0.008172,0.26425,0.010035,0.009188,0.0,0.014539,0.008186,0.009535,0.067834,0.009944,0.011701],[0.009473,0.010101,0.008959,0.008151,0.010092,0.237447,0.008541,0.009717,0.014539,0.0,0.007727,0.008123,0.026029,0.008065,0.00978],[0.007606,0.009299,0.009535,0.011354,0.008307,0.261955,0.00932,0.008901,0.008186,0.007727,0.0,0.008778,0.02729,0.007685,0.009266],[0.008212,0.009413,0.008194,0.010584,0.008168,0.262532,0.008405,0.008345,0.009535,0.008123,0.008778,0.0,0.031237,0.008443,0.008616],[0.033462,0.032769,0.028384,0.022102,0.0361,0.2011,0.028714,0.02952,0.067834,0.026029,0.02729,0.031237,0.0,0.02441,0.027207],[0.006972,0.009455,0.00874,0.009845,0.008871,0.239511,0.009182,0.009434,0.009944,0.008065,0.007685,0.008443,0.02441,0.0,0.010034],[0.00943,0.011441,0.008779,0.010979,0.008287,0.263684,0.007911,0.010598,0.011701,0.00978,0.009266,0.008616,0.027207,0.010034,0.0]],"per_topic_matched_cosine_vs_seed0":[[1.0,1.0,1.0,1.0,1.0,1.0,1.0,1.0,1.0,1.0,1.0,1.0],[0.978853,0.980112,0.998044,0.999916,0.977242,0.977142,0.979155,0.974911,0.97538,0.983085,0.970313,0.98091],[0.980307,0.976584,0.997594,0.999668,0.981138,0.986909,0.975119,0.972033,0.976205,0.980049,0.97804,0.984703],[0.979972,0.982178,0.995559,0.999229,0.976675,0.979624,0.978927,0.967566,0.979291,0.946522,0.983421,0.989013],[0.982331,0.984975,0.998528,0.999888,0.976074,0.980746,0.977863,0.975322,0.979911,0.97874,0.969615,0.984809],[0.985376,0.977694,0.997344,0.948255,0.982483,0.981314,0.030142,0.983258,0.977263,0.981555,0.796497,0.981791],[0.982186,0.976769,0.999288,0.999945,0.982813,0.978609,0.980474,0.964349,0.980072,0.98231,0.96927,0.98508],[0.983959,0.979192,0.998043,0.99981,0.982488,0.98351,0.978822,0.969158,0.971328,0.983166,0.971328,0.983058],[0.979535,0.980361,0.999286,0.999926,0.973696,0.980983,0.981797,0.96932,0.979805,0.972793,0.968952,0.983198],[0.981412,0.984082,0.998991,0.999945,0.978348,0.980817,0.97718,0.967987,0.980947,0.970914,0.973508,0.987611],[0.982811,0.982059,0.997199,0.999731,0.982375,0.979849,0.983075,0.975484,0.975532,0.981212,0.973737,0.983329],[0.987501,0.978891,0.999746,0.999972,0.977994,0.97819,0.979494,0.971676,0.982745,0.983424,0.98106,0.979486],[0.981528,0.978046,0.879409,0.99729,0.979644,0.982061,0.980594,0.972349,0.975477,0.909022,0.975039,0.987457],[0.979062,0.979989,0.997661,0.999712,0.982108,0.981869,0.982545,0.982892,0.980559,0.981319,0.97559,0.986907],[0.978227,0.976041,0.998043,0.999904,0.979562,0.981105,0.980553,0.97145,0.972919,0.978615,0.966633,0.985147]],"per_topic_stability_summary":[{"topic_id":1,"median_matched_cosine_vs_seed0":0.98147,"min_matched_cosine_vs_seed0":0.978227,"std_matched_cosine_vs_seed0":0.002549},{"topic_id":2,"median_matched_cosine_vs_seed0":0.979591,