{"scene_id":"kennedy-space-center","K":10,"seeds":[0,1,2,3,4,5,6],"wordification":"band-frequency","quantization_scale":12,"samples_per_class":220,"seed_pair_matched_cosine_mean":[[1.0,0.981778,0.983334,0.981152,0.968455,0.980329,0.98482],[0.981778,1.0,0.982659,0.976437,0.966366,0.975281,0.982549],[0.983334,0.982659,1.0,0.980961,0.963891,0.97902,0.982872],[0.981152,0.976437,0.980961,1.0,0.96107,0.981197,0.983306],[0.968455,0.966366,0.963891,0.96107,1.0,0.959513,0.964202],[0.980329,0.975281,0.97902,0.981197,0.959513,1.0,0.98113],[0.98482,0.982549,0.982872,0.983306,0.964202,0.98113,1.0]],"seed_pair_matched_cosine_min":[[1.0,0.969788,0.975606,0.957766,0.803166,0.963923,0.967326],[0.969788,1.0,0.973114,0.916241,0.821044,0.940781,0.967099],[0.975606,0.973114,1.0,0.954308,0.78816,0.967729,0.972011],[0.957766,0.916241,0.954308,1.0,0.756521,0.972949,0.969266],[0.803166,0.821044,0.78816,0.756521,1.0,0.7618,0.76302],[0.963923,0.940781,0.967729,0.972949,0.7618,1.0,0.957099],[0.967326,0.967099,0.972011,0.969266,0.76302,0.957099,1.0]],"seed_pair_matched_cosine_std":[[0.0,0.009198,0.008197,0.011421,0.05548,0.0071,0.009223],[0.009198,0.0,0.009095,0.021864,0.049268,0.013166,0.009568],[0.008197,0.009095,0.0,0.011979,0.059069,0.007696,0.008976],[0.011421,0.021864,0.011979,0.0,0.068541,0.006467,0.009737],[0.05548,0.049268,0.059069,0.068541,0.0,0.066225,0.067387],[0.0071,0.013166,0.007696,0.006467,0.066225,0.0,0.009441],[0.009223,0.009568,0.008976,0.009737,0.067387,0.009441,0.0]],"per_topic_matched_cosine_vs_seed0":[[1.0,1.0,1.0,1.0,1.0,1.0,1.0,1.0,1.0,1.0],[0.979248,0.98249,0.998067,0.999901,0.977364,0.977636,0.981014,0.976704,0.97557,0.969788],[0.984805,0.979749,0.997674,0.99975,0.976018,0.982005,0.978134,0.975606,0.977092,0.982504],[0.987927,0.978911,0.996804,0.999865,0.98211,0.980392,0.978937,0.971753,0.977059,0.957766],[0.986062,0.983678,0.999742,0.996681,0.980249,0.989559,0.978674,0.803166,0.981226,0.985514],[0.985811,0.981164,0.993305,0.978554,0.980916,0.983684,0.977058,0.963923,0.977339,0.981536],[0.988714,0.97685,0.999551,0.999961,0.984058,0.983348,0.981958,0.967326,0.981863,0.984569]],"per_topic_stability_summary":[{"topic_id":1,"median_matched_cosine_vs_seed0":0.985936,"min_matched_cosine_vs_seed0":0.979248,"std_matched_cosine_vs_seed0":0.00306},{"topic_id":2,"median_matched_cosine_vs_seed0":0.980457,"min_matched_cosine_vs_seed0":0.97685,"std_matched_cosine_vs_seed0":0.00227},{"topic_id":3,"median_matched_cosine_vs_seed0":0.99787,"min_matched_cosine_vs_seed0":0.993305,"std_matched_cosine_vs_seed0":0.002147},{"topic_id":4,"median_matched_cosine_vs_seed0":0.999807,"min_matched_cosine_vs_seed0":0.978554,"std_matched_cosine_vs_seed0":0.007794},{"topic_id":5,"median_matched_cosine_vs_seed0":0.980583,"min_matched_cosine_vs_seed0":0.976018,"std_matched_cosine_vs_seed0":0.002725},{"topic_id":6,"median_matched_cosine_vs_seed0":0.982676,"min_matched_cosine_vs_seed0":0.977636,"std_matched_cosine_vs_seed0":0.003648},{"topic_id":7,"median_matched_cosine_vs_seed0":0.978805,"min_matched_cosine_vs_seed0":0.977058,"std_matched_cosine_vs_seed0":0.001679},{"topic_id":8,"median_matched_cosine_vs_seed0":0.969539,"min_matched_cosine_vs_seed0":0.803166,"std_matched_cosine_vs_seed0":0.062728},{"topic_id":9,"median_matched_cosine_vs_seed0":0.977216,"min_matched_cosine_vs_seed0":0.97557,"std_matched_cosine_vs_seed0":0.002331},{"topic_id":10,"median_matched_cosine_vs_seed0":0.98202,"min_matched_cosine_vs_seed0":0.957766,"std_matched_cosine_vs_seed0":0.010022}],"scene_stability_summary":{"off_diagonal_mean":0.976206,"off_diagonal_min":0.959513,"off_diagonal_std":0.008209},"framework_axis":"B-6 (master plan Addendum B Axis A): topic stability via Hungarian-matched cosine across seeds \u2014 per-topic vector + agreement matrix","generated_at":"2026-05-06T18:05:04Z","builder_version":"build_topic_stability v0.1"}