{"scene_id":"kennedy-space-center","K":11,"seeds":[0,1,2,3,4,5,6],"wordification":"band-frequency","quantization_scale":12,"samples_per_class":220,"seed_pair_matched_cosine_mean":[[1.0,0.980553,0.982058,0.979877,0.976333,0.8942,0.98372],[0.980553,1.0,0.979588,0.972764,0.974423,0.889163,0.980082],[0.982058,0.979588,1.0,0.978827,0.971338,0.893189,0.982831],[0.979877,0.972764,0.978827,1.0,0.972446,0.900628,0.982341],[0.976333,0.974423,0.971338,0.972446,1.0,0.893296,0.973562],[0.8942,0.889163,0.893189,0.900628,0.893296,1.0,0.893662],[0.98372,0.980082,0.982831,0.982341,0.973562,0.893662,1.0]],"seed_pair_matched_cosine_min":[[1.0,0.965228,0.975191,0.949433,0.900128,0.041469,0.96936],[0.965228,1.0,0.962776,0.896106,0.922108,0.028424,0.959043],[0.975191,0.962776,1.0,0.936189,0.876721,0.029332,0.97219],[0.949433,0.896106,0.936189,1.0,0.858754,0.136463,0.965558],[0.900128,0.922108,0.876721,0.858754,1.0,0.028809,0.858656],[0.041469,0.028424,0.029332,0.136463,0.028809,1.0,0.029463],[0.96936,0.959043,0.97219,0.965558,0.858656,0.029463,1.0]],"seed_pair_matched_cosine_std":[[0.0,0.009889,0.008143,0.012525,0.025579,0.269748,0.008673],[0.009889,0.0,0.010549,0.026076,0.022637,0.272432,0.010969],[0.008143,0.010549,0.0,0.015974,0.031584,0.273254,0.009238],[0.012525,0.026076,0.015974,0.0,0.036658,0.241691,0.009732],[0.025579,0.022637,0.031584,0.036658,0.0,0.273514,0.037013],[0.269748,0.272432,0.273254,0.241691,0.273514,0.0,0.273407],[0.008673,0.010969,0.009238,0.009732,0.037013,0.273407,0.0]],"per_topic_matched_cosine_vs_seed0":[[1.0,1.0,1.0,1.0,1.0,1.0,1.0,1.0,1.0,1.0,1.0],[0.978993,0.982062,0.997998,0.999886,0.977631,0.979081,0.979742,0.979632,0.976728,0.965228,0.969102],[0.982898,0.979951,0.997497,0.999667,0.975191,0.981681,0.977015,0.975479,0.976384,0.979295,0.977583],[0.985254,0.979498,0.995258,0.999547,0.980072,0.982562,0.976797,0.968907,0.97865,0.949433,0.982667],[0.982601,0.983317,0.999263,0.999235,0.984142,0.98889,0.979035,0.900128,0.977372,0.972806,0.972878],[0.98574,0.98178,0.994229,0.968321,0.982283,0.982147,0.974228,0.969064,0.978245,0.978691,0.041469],[0.986164,0.976565,0.999299,0.999947,0.982004,0.985156,0.979316,0.96936,0.980517,0.9837,0.978888]],"per_topic_stability_summary":[{"topic_id":1,"median_matched_cosine_vs_seed0":0.984076,"min_matched_cosine_vs_seed0":0.978993,"std_matched_cosine_vs_seed0":0.00247},{"topic_id":2,"median_matched_cosine_vs_seed0":0.980865,"min_matched_cosine_vs_seed0":0.976565,"std_matched_cosine_vs_seed0":0.002191},{"topic_id":3,"median_matched_cosine_vs_seed0":0.997748,"min_matched_cosine_vs_seed0":0.994229,"std_matched_cosine_vs_seed0":0.001913},{"topic_id":4,"median_matched_cosine_vs_seed0":0.999607,"min_matched_cosine_vs_seed0":0.968321,"std_matched_cosine_vs_seed0":0.01168},{"topic_id":5,"median_matched_cosine_vs_seed0":0.981038,"min_matched_cosine_vs_seed0":0.975191,"std_matched_cosine_vs_seed0":0.003023},{"topic_id":6,"median_matched_cosine_vs_seed0":0.982355,"min_matched_cosine_vs_seed0":0.979081,"std_matched_cosine_vs_seed0":0.003082},{"topic_id":7,"median_matched_cosine_vs_seed0":0.978025,"min_matched_cosine_vs_seed0":0.974228,"std_matched_cosine_vs_seed0":0.001911},{"topic_id":8,"median_matched_cosine_vs_seed0":0.969212,"min_matched_cosine_vs_seed0":0.900128,"std_matched_cosine_vs_seed0":0.027257},{"topic_id":9,"median_matched_cosine_vs_seed0":0.977809,"min_matched_cosine_vs_seed0":0.976384,"std_matched_cosine_vs_seed0":0.001381},{"topic_id":10,"median_matched_cosine_vs_seed0":0.975748,"min_matched_cosine_vs_seed0":0.949433,"std_matched_cosine_vs_seed0":0.01147},{"topic_id":11,"median_matched_cosine_vs_seed0":0.975231,"min_matched_cosine_vs_seed0":0.041469,"std_matched_cosine_vs_seed0":0.348389}],"scene_stability_summary":{"off_diagonal_mean":0.954042,"off_diagonal_min":0.889163,"off_diagonal_std":0.038157},"framework_axis":"B-6 (master plan Addendum B Axis A): topic stability via Hungarian-matched cosine across seeds \u2014 per-topic vector + agreement matrix","generated_at":"2026-05-06T18:46:43Z","builder_version":"build_topic_stability v0.1"}