{"scene_id":"kennedy-space-center","K":13,"seeds":[0,1,2,3,4,5,6],"wordification":"band-frequency","quantization_scale":12,"samples_per_class":220,"seed_pair_matched_cosine_mean":[[1.0,0.982453,0.980823,0.964077,0.98238,0.905599,0.981316],[0.982453,1.0,0.980317,0.961999,0.980595,0.903669,0.978992],[0.980823,0.980317,1.0,0.965887,0.981772,0.90424,0.981925],[0.964077,0.961999,0.965887,1.0,0.965874,0.947276,0.967082],[0.98238,0.980595,0.981772,0.965874,1.0,0.904978,0.982879],[0.905599,0.903669,0.90424,0.947276,0.904978,1.0,0.906909],[0.981316,0.978992,0.981925,0.967082,0.982879,0.906909,1.0]],"seed_pair_matched_cosine_min":[[1.0,0.972429,0.970211,0.757785,0.969424,0.025594,0.963253],[0.972429,1.0,0.970086,0.771017,0.961229,0.028486,0.965146],[0.970211,0.970086,1.0,0.766985,0.971119,0.019984,0.971814],[0.757785,0.771017,0.766985,1.0,0.769824,0.579167,0.765575],[0.969424,0.961229,0.971119,0.769824,1.0,0.017392,0.973408],[0.025594,0.028486,0.019984,0.579167,0.017392,1.0,0.103447],[0.963253,0.965146,0.971814,0.765575,0.973408,0.103447,1.0]],"seed_pair_matched_cosine_std":[[0.0,0.008923,0.008563,0.060141,0.008333,0.254394,0.009179],[0.008923,0.0,0.008942,0.056399,0.010073,0.25304,0.010086],[0.008563,0.008942,0.0,0.057984,0.00824,0.255741,0.008306],[0.060141,0.056399,0.057984,0.0,0.057148,0.107245,0.058593],[0.008333,0.010073,0.00824,0.057148,0.0,0.256595,0.007809],[0.254394,0.25304,0.255741,0.107245,0.256595,0.0,0.232466],[0.009179,0.010086,0.008306,0.058593,0.007809,0.232466,0.0]],"per_topic_matched_cosine_vs_seed0":[[1.0,1.0,1.0,1.0,1.0,1.0,1.0,1.0,1.0,1.0,1.0,1.0,1.0],[0.981404,0.978774,0.973691,0.999984,0.977604,0.976927,0.978919,0.994244,0.976071,0.98237,0.972429,0.98016,0.999315],[0.981425,0.978671,0.97616,0.999739,0.976719,0.984398,0.981446,0.974504,0.976895,0.976943,0.970211,0.974872,0.99872],[0.981219,0.981258,0.964269,0.998294,0.976604,0.978375,0.978881,0.975726,0.981367,0.757785,0.981977,0.9796,0.997651],[0.979851,0.983241,0.983665,0.999907,0.983373,0.981083,0.979605,0.969424,0.974142,0.980704,0.975571,0.980985,0.999393],[0.984018,0.979083,0.980951,0.99948,0.979607,0.94841,0.980513,0.955321,0.979363,0.978472,0.025594,0.98276,0.999213],[0.979918,0.976171,0.978758,0.99998,0.981782,0.982181,0.980603,0.976987,0.981597,0.963253,0.975666,0.980641,0.999565]],"per_topic_stability_summary":[{"topic_id":1,"median_matched_cosine_vs_seed0":0.981312,"min_matched_cosine_vs_seed0":0.979851,"std_matched_cosine_vs_seed0":0.00138},{"topic_id":2,"median_matched_cosine_vs_seed0":0.978929,"min_matched_cosine_vs_seed0":0.976171,"std_matched_cosine_vs_seed0":0.002219},{"topic_id":3,"median_matched_cosine_vs_seed0":0.977459,"min_matched_cosine_vs_seed0":0.964269,"std_matched_cosine_vs_seed0":0.006238},{"topic_id":4,"median_matched_cosine_vs_seed0":0.999823,"min_matched_cosine_vs_seed0":0.998294,"std_matched_cosine_vs_seed0":0.000594},{"topic_id":5,"median_matched_cosine_vs_seed0":0.978606,"min_matched_cosine_vs_seed0":0.976604,"std_matched_cosine_vs_seed0":0.002571},{"topic_id":6,"median_matched_cosine_vs_seed0":0.979729,"min_matched_cosine_vs_seed0":0.94841,"std_matched_cosine_vs_seed0":0.012239},{"topic_id":7,"median_matched_cosine_vs_seed0":0.980059,"min_matched_cosine_vs_seed0":0.978881,"std_matched_cosine_vs_seed0":0.000939},{"topic_id":8,"median_matched_cosine_vs_seed0":0.975115,"min_matched_cosine_vs_seed0":0.955321,"std_matched_cosine_vs_seed0":0.011482},{"topic_id":9,"median_matched_cosine_vs_seed0":0.978129,"min_matched_cosine_vs_seed0":0.974142,"std_matched_cosine_vs_seed0":0.002757},{"topic_id":10,"median_matched_cosine_vs_seed0":0.977707,"min_matched_cosine_vs_seed0":0.757785,"std_matched_cosine_vs_seed0":0.08169},{"topic_id":11,"median_matched_cosine_vs_seed0":0.974,"min_matched_cosine_vs_seed0":0.025594,"std_matched_cosine_vs_seed0":0.353905},{"topic_id":12,"median_matched_cosine_vs_seed0":0.980401,"min_matched_cosine_vs_seed0":0.974872,"std_matched_cosine_vs_seed0":0.002426},{"topic_id":13,"median_matched_cosine_vs_seed0":0.999264,"min_matched_cosine_vs_seed0":0.997651,"std_matched_cosine_vs_seed0":0.000647}],"scene_stability_summary":{"off_diagonal_mean":0.957669,"off_diagonal_min":0.903669,"off_diagonal_std":0.03074},"framework_axis":"B-6 (master plan Addendum B Axis A): topic stability via Hungarian-matched cosine across seeds \u2014 per-topic vector + agreement matrix","generated_at":"2026-05-06T19:28:03Z","builder_version":"build_topic_stability v0.1"}