{"scene_id":"pavia-university","K":9,"seeds":[0,1,2,3,4,5,6],"wordification":"band-frequency","quantization_scale":12,"samples_per_class":220,"seed_pair_matched_cosine_mean":[[1.0,0.958896,0.93631,0.959864,0.9639,0.932964,0.968707],[0.958896,1.0,0.93668,0.961228,0.979863,0.923835,0.979774],[0.93631,0.93668,1.0,0.960249,0.934642,0.931045,0.945846],[0.959864,0.961228,0.960249,1.0,0.967115,0.962956,0.974613],[0.9639,0.979863,0.934642,0.967115,1.0,0.938445,0.981341],[0.932964,0.923835,0.931045,0.962956,0.938445,1.0,0.946806],[0.968707,0.979774,0.945846,0.974613,0.981341,0.946806,1.0]],"seed_pair_matched_cosine_min":[[1.0,0.845834,0.749307,0.83956,0.895366,0.714489,0.826366],[0.845834,1.0,0.734633,0.81681,0.952542,0.533587,0.960362],[0.749307,0.734633,1.0,0.784669,0.740067,0.762633,0.757035],[0.83956,0.81681,0.784669,1.0,0.882501,0.865454,0.923751],[0.895366,0.952542,0.740067,0.882501,1.0,0.625908,0.952902],[0.714489,0.533587,0.762633,0.865454,0.625908,1.0,0.672768],[0.826366,0.960362,0.757035,0.923751,0.952902,0.672768,1.0]],"seed_pair_matched_cosine_std":[[0.0,0.045244,0.079869,0.046098,0.030667,0.087871,0.05126],[0.045244,0.0,0.09698,0.054096,0.014555,0.13985,0.012975],[0.079869,0.09698,0.0,0.063711,0.087594,0.090227,0.077163],[0.046098,0.054096,0.063711,0.0,0.033608,0.040361,0.021982],[0.030667,0.014555,0.087594,0.033608,0.0,0.111238,0.013303],[0.087871,0.13985,0.090227,0.040361,0.111238,0.0,0.097622],[0.05126,0.012975,0.077163,0.021982,0.013303,0.097622,0.0]],"per_topic_matched_cosine_vs_seed0":[[1.0,1.0,1.0,1.0,1.0,1.0,1.0,1.0,1.0],[0.939428,0.845834,0.978099,0.999707,0.994035,0.99593,0.943559,0.955283,0.978195],[0.923008,0.85315,0.980339,0.999734,0.995113,0.998666,0.749307,0.94735,0.980122],[0.957561,0.83956,0.966049,0.999764,0.992852,0.999369,0.976737,0.954032,0.952854],[0.954418,0.895366,0.975997,0.999287,0.976314,0.996063,0.934006,0.977792,0.965854],[0.714489,0.855049,0.97546,0.999327,0.931573,0.996506,0.963306,0.979335,0.981634],[0.988212,0.826366,0.980436,0.999828,0.986967,0.998451,0.994284,0.96995,0.973865]],"per_topic_stability_summary":[{"topic_id":1,"median_matched_cosine_vs_seed0":0.946923,"min_matched_cosine_vs_seed0":0.714489,"std_matched_cosine_vs_seed0":0.090887},{"topic_id":2,"median_matched_cosine_vs_seed0":0.849492,"min_matched_cosine_vs_seed0":0.826366,"std_matched_cosine_vs_seed0":0.021367},{"topic_id":3,"median_matched_cosine_vs_seed0":0.977048,"min_matched_cosine_vs_seed0":0.966049,"std_matched_cosine_vs_seed0":0.004868},{"topic_id":4,"median_matched_cosine_vs_seed0":0.999721,"min_matched_cosine_vs_seed0":0.999287,"std_matched_cosine_vs_seed0":0.000216},{"topic_id":5,"median_matched_cosine_vs_seed0":0.989909,"min_matched_cosine_vs_seed0":0.931573,"std_matched_cosine_vs_seed0":0.022347},{"topic_id":6,"median_matched_cosine_vs_seed0":0.997478,"min_matched_cosine_vs_seed0":0.99593,"std_matched_cosine_vs_seed0":0.001371},{"topic_id":7,"median_matched_cosine_vs_seed0":0.953433,"min_matched_cosine_vs_seed0":0.749307,"std_matched_cosine_vs_seed0":0.081871},{"topic_id":8,"median_matched_cosine_vs_seed0":0.962616,"min_matched_cosine_vs_seed0":0.94735,"std_matched_cosine_vs_seed0":0.012338},{"topic_id":9,"median_matched_cosine_vs_seed0":0.97603,"min_matched_cosine_vs_seed0":0.952854,"std_matched_cosine_vs_seed0":0.010041}],"scene_stability_summary":{"off_diagonal_mean":0.954528,"off_diagonal_min":0.923835,"off_diagonal_std":0.017516},"framework_axis":"B-6 (master plan Addendum B Axis A): topic stability via Hungarian-matched cosine across seeds \u2014 per-topic vector + agreement matrix","generated_at":"2026-05-03T20:15:52Z","builder_version":"build_topic_stability v0.1"}