{"scene_id":"pavia-university","K":10,"seeds":[0,1,2,3,4,5,6],"wordification":"band-frequency","quantization_scale":12,"samples_per_class":220,"seed_pair_matched_cosine_mean":[[1.0,0.955848,0.946395,0.95383,0.96718,0.952537,0.963182],[0.955848,1.0,0.973542,0.980399,0.977025,0.97029,0.976397],[0.946395,0.973542,1.0,0.986246,0.972913,0.975416,0.970375],[0.95383,0.980399,0.986246,1.0,0.981305,0.976043,0.977775],[0.96718,0.977025,0.972913,0.981305,1.0,0.982492,0.986533],[0.952537,0.97029,0.975416,0.976043,0.982492,1.0,0.981441],[0.963182,0.976397,0.970375,0.977775,0.986533,0.981441,1.0]],"seed_pair_matched_cosine_min":[[1.0,0.838254,0.842925,0.818149,0.876094,0.82576,0.821952],[0.838254,1.0,0.9152,0.957111,0.95107,0.901153,0.937823],[0.842925,0.9152,1.0,0.976181,0.915612,0.935919,0.912906],[0.818149,0.957111,0.976181,1.0,0.961914,0.952059,0.956564],[0.876094,0.95107,0.915612,0.961914,1.0,0.957657,0.970947],[0.82576,0.901153,0.935919,0.952059,0.957657,1.0,0.949061],[0.821952,0.937823,0.912906,0.956564,0.970947,0.949061,1.0]],"seed_pair_matched_cosine_std":[[0.0,0.048283,0.050682,0.054107,0.035256,0.048522,0.050081],[0.048283,0.0,0.029179,0.013722,0.015028,0.027103,0.017476],[0.050682,0.029179,0.0,0.008314,0.024979,0.020544,0.026007],[0.054107,0.013722,0.008314,0.0,0.011501,0.017139,0.014426],[0.035256,0.015028,0.024979,0.011501,0.0,0.013022,0.010621],[0.048522,0.027103,0.020544,0.017139,0.013022,0.0,0.014471],[0.050081,0.017476,0.026007,0.014426,0.010621,0.014471,0.0]],"per_topic_matched_cosine_vs_seed0":[[1.0,1.0,1.0,1.0,1.0,1.0,1.0,1.0,1.0,1.0],[0.918348,0.838254,0.979052,0.999656,0.994217,0.996691,0.935857,0.984256,0.981311,0.930841],[0.88227,0.842925,0.979776,0.999408,0.994793,0.996709,0.934944,0.916473,0.9778,0.938854],[0.892393,0.818149,0.982047,0.999607,0.993273,0.995747,0.96912,0.978936,0.951196,0.95783],[0.937023,0.876094,0.980601,0.999566,0.977165,0.996868,0.995473,0.968668,0.980006,0.960342],[0.912552,0.82576,0.969141,0.998901,0.969278,0.996283,0.946949,0.982749,0.970079,0.953678],[0.956164,0.821952,0.980335,0.999655,0.987204,0.997993,0.994726,0.975671,0.974677,0.943442]],"per_topic_stability_summary":[{"topic_id":1,"median_matched_cosine_vs_seed0":0.91545,"min_matched_cosine_vs_seed0":0.88227,"std_matched_cosine_vs_seed0":0.025054},{"topic_id":2,"median_matched_cosine_vs_seed0":0.832007,"min_matched_cosine_vs_seed0":0.818149,"std_matched_cosine_vs_seed0":0.019463},{"topic_id":3,"median_matched_cosine_vs_seed0":0.980055,"min_matched_cosine_vs_seed0":0.969141,"std_matched_cosine_vs_seed0":0.00428},{"topic_id":4,"median_matched_cosine_vs_seed0":0.999586,"min_matched_cosine_vs_seed0":0.998901,"std_matched_cosine_vs_seed0":0.000266},{"topic_id":5,"median_matched_cosine_vs_seed0":0.990239,"min_matched_cosine_vs_seed0":0.969278,"std_matched_cosine_vs_seed0":0.009634},{"topic_id":6,"median_matched_cosine_vs_seed0":0.9967,"min_matched_cosine_vs_seed0":0.995747,"std_matched_cosine_vs_seed0":0.000681},{"topic_id":7,"median_matched_cosine_vs_seed0":0.958035,"min_matched_cosine_vs_seed0":0.934944,"std_matched_cosine_vs_seed0":0.025429},{"topic_id":8,"median_matched_cosine_vs_seed0":0.977303,"min_matched_cosine_vs_seed0":0.916473,"std_matched_cosine_vs_seed0":0.023507},{"topic_id":9,"median_matched_cosine_vs_seed0":0.976239,"min_matched_cosine_vs_seed0":0.951196,"std_matched_cosine_vs_seed0":0.010219},{"topic_id":10,"median_matched_cosine_vs_seed0":0.94856,"min_matched_cosine_vs_seed0":0.930841,"std_matched_cosine_vs_seed0":0.010634}],"scene_stability_summary":{"off_diagonal_mean":0.97177,"off_diagonal_min":0.946395,"off_diagonal_std":0.01115},"framework_axis":"B-6 (master plan Addendum B Axis A): topic stability via Hungarian-matched cosine across seeds \u2014 per-topic vector + agreement matrix","generated_at":"2026-05-06T19:20:23Z","builder_version":"build_topic_stability v0.1"}