{"scene_id":"pavia-university","K":11,"seeds":[0,1,2,3,4,5,6],"wordification":"band-frequency","quantization_scale":12,"samples_per_class":220,"seed_pair_matched_cosine_mean":[[1.0,0.958425,0.933187,0.94506,0.957571,0.95404,0.966293],[0.958425,1.0,0.930697,0.970222,0.978244,0.969446,0.976658],[0.933187,0.930697,1.0,0.960042,0.931431,0.925399,0.93154],[0.94506,0.970222,0.960042,1.0,0.97049,0.967409,0.970331],[0.957571,0.978244,0.931431,0.97049,1.0,0.973458,0.983486],[0.95404,0.969446,0.925399,0.967409,0.973458,1.0,0.979588],[0.966293,0.976658,0.93154,0.970331,0.983486,0.979588,1.0]],"seed_pair_matched_cosine_min":[[1.0,0.832376,0.730329,0.811586,0.797779,0.814691,0.843789],[0.832376,1.0,0.605878,0.904288,0.955466,0.884924,0.945977],[0.730329,0.605878,1.0,0.749333,0.70042,0.623514,0.622007],[0.811586,0.904288,0.749333,1.0,0.931994,0.919813,0.89984],[0.797779,0.955466,0.70042,0.931994,1.0,0.907418,0.958233],[0.814691,0.884924,0.623514,0.919813,0.907418,1.0,0.945436],[0.843789,0.945977,0.622007,0.89984,0.958233,0.945436,1.0]],"seed_pair_matched_cosine_std":[[0.0,0.04693,0.079555,0.05823,0.05455,0.049404,0.041805],[0.04693,0.0,0.120149,0.028788,0.014579,0.030306,0.014713],[0.079555,0.120149,0.0,0.067719,0.101791,0.116692,0.112754],[0.05823,0.028788,0.067719,0.0,0.02239,0.025023,0.026135],[0.05455,0.014579,0.101791,0.02239,0.0,0.025355,0.012774],[0.049404,0.030306,0.116692,0.025023,0.025355,0.0,0.015926],[0.041805,0.014713,0.112754,0.026135,0.012774,0.015926,0.0]],"per_topic_matched_cosine_vs_seed0":[[1.0,1.0,1.0,1.0,1.0,1.0,1.0,1.0,1.0,1.0,1.0],[0.944621,0.832376,0.976627,0.999685,0.992816,0.998498,0.937998,0.982936,0.981353,0.919961,0.975809],[0.906108,0.834978,0.97749,0.999587,0.994793,0.99844,0.931719,0.972186,0.978863,0.730329,0.940566],[0.8685,0.811586,0.98018,0.999803,0.993612,0.998566,0.968821,0.900894,0.959123,0.933216,0.981354],[0.930029,0.797779,0.979302,0.999646,0.970805,0.995269,0.994794,0.974063,0.97809,0.940598,0.972901],[0.926167,0.814691,0.966901,0.998942,0.968404,0.998345,0.940263,0.981643,0.980313,0.942023,0.976745],[0.967083,0.843789,0.978704,0.999631,0.976913,0.998789,0.994412,0.974395,0.972716,0.940944,0.981846]],"per_topic_stability_summary":[{"topic_id":1,"median_matched_cosine_vs_seed0":0.928098,"min_matched_cosine_vs_seed0":0.8685,"std_matched_cosine_vs_seed0":0.030883},{"topic_id":2,"median_matched_cosine_vs_seed0":0.823534,"min_matched_cosine_vs_seed0":0.797779,"std_matched_cosine_vs_seed0":0.015799},{"topic_id":3,"median_matched_cosine_vs_seed0":0.978097,"min_matched_cosine_vs_seed0":0.966901,"std_matched_cosine_vs_seed0":0.004461},{"topic_id":4,"median_matched_cosine_vs_seed0":0.999639,"min_matched_cosine_vs_seed0":0.998942,"std_matched_cosine_vs_seed0":0.00028},{"topic_id":5,"median_matched_cosine_vs_seed0":0.984865,"min_matched_cosine_vs_seed0":0.968404,"std_matched_cosine_vs_seed0":0.011156},{"topic_id":6,"median_matched_cosine_vs_seed0":0.998469,"min_matched_cosine_vs_seed0":0.995269,"std_matched_cosine_vs_seed0":0.001222},{"topic_id":7,"median_matched_cosine_vs_seed0":0.954542,"min_matched_cosine_vs_seed0":0.931719,"std_matched_cosine_vs_seed0":0.026253},{"topic_id":8,"median_matched_cosine_vs_seed0":0.974229,"min_matched_cosine_vs_seed0":0.900894,"std_matched_cosine_vs_seed0":0.028658},{"topic_id":9,"median_matched_cosine_vs_seed0":0.978476,"min_matched_cosine_vs_seed0":0.959123,"std_matched_cosine_vs_seed0":0.007641},{"topic_id":10,"median_matched_cosine_vs_seed0":0.936907,"min_matched_cosine_vs_seed0":0.730329,"std_matched_cosine_vs_seed0":0.076781},{"topic_id":11,"median_matched_cosine_vs_seed0":0.976277,"min_matched_cosine_vs_seed0":0.940566,"std_matched_cosine_vs_seed0":0.014196}],"scene_stability_summary":{"off_diagonal_mean":0.958715,"off_diagonal_min":0.925399,"off_diagonal_std":0.018081},"framework_axis":"B-6 (master plan Addendum B Axis A): topic stability via Hungarian-matched cosine across seeds \u2014 per-topic vector + agreement matrix","generated_at":"2026-05-06T20:02:06Z","builder_version":"build_topic_stability v0.1"}