{"scene_id":"pavia-university","K":8,"seeds":[0,1,2,3,4,5,6],"wordification":"band-frequency","quantization_scale":12,"samples_per_class":220,"seed_pair_matched_cosine_mean":[[1.0,0.955282,0.962554,0.94256,0.954724,0.966478,0.971183],[0.955282,1.0,0.971668,0.982745,0.960964,0.968667,0.972718],[0.962554,0.971668,1.0,0.961189,0.987298,0.978987,0.981341],[0.94256,0.982745,0.961189,1.0,0.949947,0.966757,0.966256],[0.954724,0.960964,0.987298,0.949947,1.0,0.97289,0.979528],[0.966478,0.968667,0.978987,0.966757,0.97289,1.0,0.98579],[0.971183,0.972718,0.981341,0.966256,0.979528,0.98579,1.0]],"seed_pair_matched_cosine_min":[[1.0,0.87329,0.858258,0.817209,0.819315,0.860457,0.846584],[0.87329,1.0,0.863484,0.947994,0.802301,0.922777,0.899494],[0.858258,0.863484,1.0,0.809289,0.976074,0.953871,0.959932],[0.817209,0.947994,0.809289,1.0,0.734592,0.880984,0.843286],[0.819315,0.802301,0.976074,0.734592,1.0,0.933699,0.952665],[0.860457,0.922777,0.953871,0.880984,0.933699,1.0,0.967372],[0.846584,0.899494,0.959932,0.843286,0.952665,0.967372,1.0]],"seed_pair_matched_cosine_std":[[0.0,0.046702,0.043534,0.066987,0.054993,0.043308,0.048369],[0.046702,0.0,0.041785,0.01611,0.060795,0.027889,0.02937],[0.043534,0.041785,0.0,0.059248,0.008429,0.017475,0.013193],[0.066987,0.01611,0.059248,0.0,0.082113,0.036892,0.047953],[0.054993,0.060795,0.008429,0.082113,0.0,0.021813,0.015878],[0.043308,0.027889,0.017475,0.036892,0.021813,0.0,0.011668],[0.048369,0.02937,0.013193,0.047953,0.015878,0.011668,0.0]],"per_topic_matched_cosine_vs_seed0":[[1.0,1.0,1.0,1.0,1.0,1.0,1.0,1.0],[0.87329,0.885585,0.978678,0.999703,0.992879,0.998287,0.963205,0.950626],[0.969713,0.858258,0.978359,0.999564,0.995047,0.998105,0.948206,0.95318],[0.817209,0.845728,0.945623,0.999578,0.994635,0.997476,0.982404,0.95783],[0.954286,0.819315,0.975446,0.999347,0.990955,0.995492,0.936619,0.966336],[0.989765,0.860457,0.97699,0.999784,0.946618,0.999599,0.969778,0.988832],[0.995915,0.846584,0.968954,0.999886,0.990422,0.999503,0.995171,0.973026]],"per_topic_stability_summary":[{"topic_id":1,"median_matched_cosine_vs_seed0":0.962,"min_matched_cosine_vs_seed0":0.817209,"std_matched_cosine_vs_seed0":0.065769},{"topic_id":2,"median_matched_cosine_vs_seed0":0.852421,"min_matched_cosine_vs_seed0":0.819315,"std_matched_cosine_vs_seed0":0.019887},{"topic_id":3,"median_matched_cosine_vs_seed0":0.976218,"min_matched_cosine_vs_seed0":0.945623,"std_matched_cosine_vs_seed0":0.011664},{"topic_id":4,"median_matched_cosine_vs_seed0":0.99964,"min_matched_cosine_vs_seed0":0.999347,"std_matched_cosine_vs_seed0":0.000173},{"topic_id":5,"median_matched_cosine_vs_seed0":0.991917,"min_matched_cosine_vs_seed0":0.946618,"std_matched_cosine_vs_seed0":0.017291},{"topic_id":6,"median_matched_cosine_vs_seed0":0.998196,"min_matched_cosine_vs_seed0":0.995492,"std_matched_cosine_vs_seed0":0.001381},{"topic_id":7,"median_matched_cosine_vs_seed0":0.966492,"min_matched_cosine_vs_seed0":0.936619,"std_matched_cosine_vs_seed0":0.019672},{"topic_id":8,"median_matched_cosine_vs_seed0":0.962083,"min_matched_cosine_vs_seed0":0.950626,"std_matched_cosine_vs_seed0":0.013114}],"scene_stability_summary":{"off_diagonal_mean":0.968549,"off_diagonal_min":0.94256,"off_diagonal_std":0.01164},"framework_axis":"B-6 (master plan Addendum B Axis A): topic stability via Hungarian-matched cosine across seeds \u2014 per-topic vector + agreement matrix","generated_at":"2026-05-06T18:39:09Z","builder_version":"build_topic_stability v0.1"}