{"scene_id":"pavia-university","K":7,"seeds":[0,1,2,3,4,5,6],"wordification":"band-frequency","quantization_scale":12,"samples_per_class":220,"seed_pair_matched_cosine_mean":[[1.0,0.959199,0.948647,0.93657,0.961737,0.969819,0.979615],[0.959199,1.0,0.987051,0.978236,0.939013,0.944301,0.975804],[0.948647,0.987051,1.0,0.98622,0.936508,0.942472,0.975182],[0.93657,0.978236,0.98622,1.0,0.930589,0.939925,0.964679],[0.961737,0.939013,0.936508,0.930589,1.0,0.983747,0.96612],[0.969819,0.944301,0.942472,0.939925,0.983747,1.0,0.974825],[0.979615,0.975804,0.975182,0.964679,0.96612,0.974825,1.0]],"seed_pair_matched_cosine_min":[[1.0,0.817394,0.802066,0.78179,0.895063,0.929409,0.928236],[0.817394,1.0,0.951307,0.944287,0.669586,0.747262,0.926198],[0.802066,0.951307,1.0,0.957317,0.648498,0.732399,0.912967],[0.78179,0.944287,0.957317,1.0,0.631756,0.719066,0.898092],[0.895063,0.669586,0.648498,0.631756,1.0,0.958259,0.872686],[0.929409,0.747262,0.732399,0.719066,0.958259,1.0,0.93261],[0.928236,0.926198,0.912967,0.898092,0.872686,0.93261,1.0]],"seed_pair_matched_cosine_std":[[0.0,0.059341,0.064433,0.070936,0.036779,0.024632,0.02377],[0.059341,0.0,0.015566,0.019658,0.11045,0.085244,0.022831],[0.064433,0.015566,0.0,0.01431,0.117963,0.088095,0.027275],[0.070936,0.019658,0.01431,0.0,0.122688,0.091989,0.036663],[0.036779,0.11045,0.117963,0.122688,0.0,0.013403,0.041115],[0.024632,0.085244,0.088095,0.091989,0.013403,0.0,0.023265],[0.02377,0.022831,0.027275,0.036663,0.041115,0.023265,0.0]],"per_topic_matched_cosine_vs_seed0":[[1.0,1.0,1.0,1.0,1.0,1.0,1.0],[0.817394,0.961445,0.977237,0.999634,0.989584,0.998089,0.971011],[0.802066,0.93841,0.940132,0.999585,0.99287,0.997611,0.969854],[0.78179,0.917983,0.941779,0.99956,0.993092,0.996586,0.925202],[0.927031,0.895063,0.974846,0.999329,0.994431,0.993127,0.948334],[0.976668,0.929409,0.983122,0.999669,0.949869,0.997882,0.95211],[0.971939,0.928236,0.971389,0.999765,0.990551,0.999729,0.995696]],"per_topic_stability_summary":[{"topic_id":1,"median_matched_cosine_vs_seed0":0.872213,"min_matched_cosine_vs_seed0":0.78179,"std_matched_cosine_vs_seed0":0.081288},{"topic_id":2,"median_matched_cosine_vs_seed0":0.928822,"min_matched_cosine_vs_seed0":0.895063,"std_matched_cosine_vs_seed0":0.020054},{"topic_id":3,"median_matched_cosine_vs_seed0":0.973117,"min_matched_cosine_vs_seed0":0.940132,"std_matched_cosine_vs_seed0":0.017191},{"topic_id":4,"median_matched_cosine_vs_seed0":0.99961,"min_matched_cosine_vs_seed0":0.999329,"std_matched_cosine_vs_seed0":0.000134},{"topic_id":5,"median_matched_cosine_vs_seed0":0.99171,"min_matched_cosine_vs_seed0":0.949869,"std_matched_cosine_vs_seed0":0.015824},{"topic_id":6,"median_matched_cosine_vs_seed0":0.997747,"min_matched_cosine_vs_seed0":0.993127,"std_matched_cosine_vs_seed0":0.002032},{"topic_id":7,"median_matched_cosine_vs_seed0":0.960982,"min_matched_cosine_vs_seed0":0.925202,"std_matched_cosine_vs_seed0":0.021989}],"scene_stability_summary":{"off_diagonal_mean":0.960965,"off_diagonal_min":0.930589,"off_diagonal_std":0.018299},"framework_axis":"B-6 (master plan Addendum B Axis A): topic stability via Hungarian-matched cosine across seeds \u2014 per-topic vector + agreement matrix","generated_at":"2026-05-06T17:55:24Z","builder_version":"build_topic_stability v0.1"}