{"scene_id":"pavia-university","K":9,"seeds":[0,1,2,3,4,5,6,7,8,9,10,11,12,13,14],"wordification":"band-frequency","quantization_scale":12,"samples_per_class":220,"seed_pair_matched_cosine_mean":[[1.0,0.958896,0.93631,0.959864,0.9639,0.932964,0.968707,0.957861,0.952527,0.932316,0.969619,0.967924,0.958957,0.954185,0.935576],[0.958896,1.0,0.93668,0.961228,0.979863,0.923835,0.979774,0.98282,0.955167,0.935873,0.978682,0.976428,0.975374,0.929336,0.940485],[0.93631,0.93668,1.0,0.960249,0.934642,0.931045,0.945846,0.937713,0.957129,0.935426,0.937582,0.940183,0.944016,0.926463,0.931068],[0.959864,0.961228,0.960249,1.0,0.967115,0.962956,0.974613,0.968712,0.981044,0.971286,0.964594,0.969568,0.979782,0.960216,0.961865],[0.9639,0.979863,0.934642,0.967115,1.0,0.938445,0.981341,0.986207,0.959983,0.949358,0.984191,0.982363,0.978141,0.941542,0.965318],[0.932964,0.923835,0.931045,0.962956,0.938445,1.0,0.946806,0.938441,0.97631,0.970587,0.93141,0.940633,0.945393,0.96505,0.964031],[0.968707,0.979774,0.945846,0.974613,0.981341,0.946806,1.0,0.98388,0.970341,0.94946,0.972456,0.987613,0.976941,0.937006,0.95521],[0.957861,0.98282,0.937713,0.968712,0.986207,0.938441,0.98388,1.0,0.963066,0.948911,0.979592,0.980236,0.979793,0.93593,0.959992],[0.952527,0.955167,0.957129,0.981044,0.959983,0.97631,0.970341,0.963066,1.0,0.974945,0.955862,0.964264,0.967737,0.964548,0.958211],[0.932316,0.935873,0.935426,0.971286,0.949358,0.970587,0.94946,0.948911,0.974945,1.0,0.945354,0.944419,0.96228,0.970773,0.966412],[0.969619,0.978682,0.937582,0.964594,0.984191,0.93141,0.972456,0.979592,0.955862,0.945354,1.0,0.970024,0.98161,0.94783,0.952093],[0.967924,0.976428,0.940183,0.969568,0.982363,0.940633,0.987613,0.980236,0.964264,0.944419,0.970024,1.0,0.971855,0.933987,0.960274],[0.958957,0.975374,0.944016,0.979782,0.978141,0.945393,0.976941,0.979793,0.967737,0.96228,0.98161,0.971855,1.0,0.95102,0.956345],[0.954185,0.929336,0.926463,0.960216,0.941542,0.96505,0.937006,0.93593,0.964548,0.970773,0.94783,0.933987,0.95102,1.0,0.942577],[0.935576,0.940485,0.931068,0.961865,0.965318,0.964031,0.95521,0.959992,0.958211,0.966412,0.952093,0.960274,0.956345,0.942577,1.0]],"seed_pair_matched_cosine_min":[[1.0,0.845834,0.749307,0.83956,0.895366,0.714489,0.826366,0.828336,0.810824,0.76891,0.917128,0.837626,0.861354,0.754586,0.762326],[0.845834,1.0,0.734633,0.81681,0.952542,0.533587,0.960362,0.960604,0.743093,0.578558,0.951367,0.940313,0.936568,0.576678,0.616671],[0.749307,0.734633,1.0,0.784669,0.740067,0.762633,0.757035,0.727298,0.784429,0.74915,0.760311,0.754605,0.741644,0.735193,0.716022],[0.83956,0.81681,0.784669,1.0,0.882501,0.865454,0.923751,0.885634,0.961243,0.903806,0.893466,0.896911,0.939088,0.880997,0.821769],[0.895366,0.952542,0.740067,0.882501,1.0,0.625908,0.952902,0.97321,0.810941,0.726045,0.972532,0.944565,0.958396,0.682626,0.822912],[0.714489,0.533587,0.762633,0.865454,0.625908,1.0,0.672768,0.615641,0.940537,0.934894,0.62568,0.643861,0.751463,0.893399,0.905103],[0.826366,0.960362,0.757035,0.923751,0.952902,0.672768,1.0,0.958565,0.860741,0.741928,0.931936,0.972165,0.937551,0.719963,0.773609],[0.828336,0.960604,0.727298,0.885634,0.97321,0.615641,0.958565,1.0,0.812741,0.698896,0.945908,0.94871,0.953982,0.668134,0.771032],[0.810824,0.743093,0.784429,0.961243,0.810941,0.940537,0.860741,0.812741,1.0,0.944145,0.823472,0.828474,0.915805,0.854794,0.780832],[0.76891,0.578558,0.74915,0.903806,0.726045,0.934894,0.741928,0.698896,0.944145,1.0,0.695316,0.736956,0.802212,0.868272,0.852619],[0.917128,0.951367,0.760311,0.893466,0.972532,0.62568,0.931936,0.945908,0.823472,0.695316,1.0,0.923005,0.950801,0.673747,0.744745],[0.837626,0.940313,0.754605,0.896911,0.944565,0.643861,0.972165,0.94871,0.828474,0.736956,0.923005,1.0,0.944707,0.69863,0.813471],[0.861354,0.936568,0.741644,0.939088,0.958396,0.751463,0.937551,0.953982,0.915805,0.802212,0.950801,0.944707,1.0,0.791024,0.783627],[0.754586,0.576678,0.735193,0.880997,0.682626,0.893399,0.719963,0.668134,0.854794,0.868272,0.673747,0.69863,0.791024,1.0,0.754569],[0.762326,0.616671,0.716022,0.821769,0.822912,0.905103,0.773609,0.771032,0.780832,0.852619,0.744745,0.813471,0.783627,0.754569,1.0]],"seed_pair_matched_cosine_std":[[0.0,0.045244,0.079869,0.046098,0.030667,0.087871,0.05126,0.048603,0.057293,0.078095,0.024738,0.047282,0.042069,0.073474,0.077053],[0.045244,0.0,0.09698,0.054096,0.014555,0.13985,0.012975,0.012414,0.075716,0.127063,0.014091,0.019283,0.017971,0.128617,0.115042],[0.079869,0.09698,0.0,0.063711,0.087594,0.090227,0.077163,0.090405,0.065458,0.089786,0.076692,0.083792,0.077979,0.093359,0.100075],[0.046098,0.054096,0.063711,0.0,0.033608,0.040361,0.021982,0.033208,0.014214,0.028009,0.031481,0.028857,0.018296,0.041406,0.051503],[0.030667,0.014555,0.087594,0.033608,0.0,0.111238,0.013303,0.009944,0.054017,0.079784,0.009604,0.016515,0.014736,0.093754,0.051303],[0.087871,0.13985,0.090227,0.040361,0.111238,0.0,0.097622,0.114823,0.019743,0.020019,0.109507,0.105734,0.072251,0.036078,0.027832],[0.05126,0.012975,0.077163,0.021982,0.013303,0.097622,0.0,0.01316,0.039903,0.076434,0.023561,0.010046,0.019625,0.084937,0.066094],[0.048603,0.012414,0.090405,0.033208,0.009944,0.114823,0.01316,0.0,0.054344,0.088961,0.01736,0.016646,0.013753,0.103647,0.067627],[0.057293,0.075716,0.065458,0.014214,0.054017,0.019743,0.039903,0.054344,0.0,0.018396,0.05076,0.049038,0.029007,0.040942,0.063939],[0.078095,0.127063,0.089786,0.028009,0.079784,0.020019,0.076434,0.088961,0.018396,0.0,0.090013,0.076942,0.057601,0.037953,0.041492],[0.024738,0.014091,0.076692,0.031481,0.009604,0.109507,0.023561,0.01736,0.05076,0.090013,0.0,0.023805,0.014265,0.097202,0.074628],[0.047282,0.019283,0.083792,0.028857,0.016515,0.105734,0.010046,0.016646,0.049038,0.076942,0.023805,0.0,0.019326,0.090203,0.054398],[0.042069,0.017971,0.077979,0.018296,0.014736,0.072251,0.019625,0.013753,0.029007,0.057601,0.014265,0.019326,0.0,0.062595,0.062421],[0.073474,0.128617,0.093359,0.041406,0.093754,0.036078,0.084937,0.103647,0.040942,0.037953,0.097202,0.090203,0.062595,0.0,0.074848],[0.077053,0.115042,0.100075,0.051503,0.051303,0.027832,0.066094,0.067627,0.063939,0.041492,0.074628,0.054398,0.062421,0.074848,0.0]],"per_topic_matched_cosine_vs_seed0":[[1.0,1.0,1.0,1.0,1.0,1.0,1.0,1.0,1.0],[0.939428,0.845834,0.978099,0.999707,0.994035,0.99593,0.943559,0.955283,0.978195],[0.923008,0.85315,0.980339,0.999734,0.995113,0.998666,0.749307,0.94735,0.980122],[0.957561,0.83956,0.966049,0.999764,0.992852,0.999369,0.976737,0.954032,0.952854],[0.954418,0.895366,0.975997,0.999287,0.976314,0.996063,0.934006,0.977792,0.965854],[0.714489,0.855049,0.97546,0.999327,0.931573,0.996506,0.963306,0.979335,0.981634],[0.988212,0.826366,0.980436,0.999828,0.986967,0.998451,0.994284,0.96995,0.973865],[0.969674,0.828336,0.964011,0.999434,0.969621,0.996427,0.941619,0.971124,0.980499],[0.901054,0.810824,0.959237,0.999696,0.987804,0.998818,0.966772,0.972281,0.976256],[0.76891,0.822911,0.971281,0.999616,0.994226,0.996836,0.913282,0.967509,0.956277],[0.977495,0.958686,0.96903,0.999424,0.983677,0.997928,0.917128,0.978259,0.944949],[0.965862,0.837626,0.978794,0.999728,0.987474,0.995897,0.994937,0.97556,0.975442],[0.992897,0.861354,0.967714,0.999599,0.984477,0.999667,0.940831,0.954516,0.929556],[0.754586,0.993353,0.977823,0.999497,0.99339,0.992843,0.928241,0.981462,0.966474],[0.762326,0.836047,0.965875,0.993414,0.978215,0.999551,0.932545,0.980769,0.971444]],"per_topic_stability_summary":[{"topic_id":1,"median_matched_cosine_vs_seed0":0.946923,"min_matched_cosine_vs_seed0":0.714489,"std_matched_cosine_vs_seed0":0.096954},{"topic_id":2,"median_matched_cosine_vs_seed0":0.842697,"min_matched_cosine_vs_seed0":0.810824,"std_matched_cosine_vs_seed0":0.051007},{"topic_id":3,"median_matched_cosine_vs_seed0":0.97337,"min_matched_cosine_vs_seed0":0.959237,"std_matched_cosine_vs_seed0":0.006617},{"topic_id":4,"median_matched_cosine_vs_seed0":0.999607,"min_matched_cosine_vs_seed0":0.993414,"std_matched_cosine_vs_seed0":0.001598},{"topic_id":5,"median_matched_cosine_vs_seed0":0.987221,