{"scene_id":"salinas-a-corrected","K":8,"seeds":[0,1,2,3,4,5,6],"wordification":"band-frequency","quantization_scale":12,"samples_per_class":220,"seed_pair_matched_cosine_mean":[[1.0,0.983031,0.984119,0.986713,0.984853,0.983315,0.981507],[0.983031,1.0,0.984639,0.984762,0.979737,0.97865,0.978379],[0.984119,0.984639,1.0,0.985271,0.980997,0.978835,0.977294],[0.986713,0.984762,0.985271,1.0,0.986104,0.984465,0.982717],[0.984853,0.979737,0.980997,0.986104,1.0,0.985024,0.983349],[0.983315,0.97865,0.978835,0.984465,0.985024,1.0,0.987001],[0.981507,0.978379,0.977294,0.982717,0.983349,0.987001,1.0]],"seed_pair_matched_cosine_min":[[1.0,0.971412,0.972661,0.973789,0.974754,0.970635,0.957657],[0.971412,1.0,0.977198,0.970831,0.96201,0.942037,0.956319],[0.972661,0.977198,1.0,0.968053,0.96578,0.950909,0.957165],[0.973789,0.970831,0.968053,1.0,0.973367,0.973896,0.966284],[0.974754,0.96201,0.96578,0.973367,1.0,0.978153,0.963007],[0.970635,0.942037,0.950909,0.973896,0.978153,1.0,0.979188],[0.957657,0.956319,0.957165,0.966284,0.963007,0.979188,1.0]],"seed_pair_matched_cosine_std":[[0.0,0.00878,0.008979,0.008168,0.008015,0.009815,0.011645],[0.00878,0.0,0.007394,0.00826,0.012092,0.016751,0.013803],[0.008979,0.007394,0.0,0.008717,0.010722,0.014376,0.012964],[0.008168,0.00826,0.008717,0.0,0.00762,0.008544,0.00992],[0.008015,0.012092,0.010722,0.00762,0.0,0.006754,0.00959],[0.009815,0.016751,0.014376,0.008544,0.006754,0.0,0.006123],[0.011645,0.013803,0.012964,0.00992,0.00959,0.006123,0.0]],"per_topic_matched_cosine_vs_seed0":[[1.0,1.0,1.0,1.0,1.0,1.0,1.0,1.0],[0.971412,0.976522,0.979594,0.975663,0.981463,0.990229,0.989814,0.999552],[0.977331,0.978284,0.972661,0.977479,0.982628,0.994355,0.99058,0.999635],[0.984167,0.976529,0.973789,0.986641,0.986755,0.991163,0.994954,0.999704],[0.977651,0.974754,0.978398,0.980624,0.985632,0.991949,0.990045,0.999772],[0.970635,0.973866,0.975268,0.98502,0.980189,0.985494,0.996327,0.99972],[0.982689,0.977102,0.980054,0.977027,0.98492,0.957657,0.992882,0.999728]],"per_topic_stability_summary":[{"topic_id":1,"median_matched_cosine_vs_seed0":0.977491,"min_matched_cosine_vs_seed0":0.970635,"std_matched_cosine_vs_seed0":0.005089},{"topic_id":2,"median_matched_cosine_vs_seed0":0.976525,"min_matched_cosine_vs_seed0":0.973866,"std_matched_cosine_vs_seed0":0.001466},{"topic_id":3,"median_matched_cosine_vs_seed0":0.976833,"min_matched_cosine_vs_seed0":0.972661,"std_matched_cosine_vs_seed0":0.002867},{"topic_id":4,"median_matched_cosine_vs_seed0":0.979051,"min_matched_cosine_vs_seed0":0.975663,"std_matched_cosine_vs_seed0":0.004137},{"topic_id":5,"median_matched_cosine_vs_seed0":0.983774,"min_matched_cosine_vs_seed0":0.980189,"std_matched_cosine_vs_seed0":0.002344},{"topic_id":6,"median_matched_cosine_vs_seed0":0.990696,"min_matched_cosine_vs_seed0":0.957657,"std_matched_cosine_vs_seed0":0.012576},{"topic_id":7,"median_matched_cosine_vs_seed0":0.991731,"min_matched_cosine_vs_seed0":0.989814,"std_matched_cosine_vs_seed0":0.002507},{"topic_id":8,"median_matched_cosine_vs_seed0":0.999712,"min_matched_cosine_vs_seed0":0.999552,"std_matched_cosine_vs_seed0":7.2e-05}],"scene_stability_summary":{"off_diagonal_mean":0.982893,"off_diagonal_min":0.977294,"off_diagonal_std":0.002832},"framework_axis":"B-6 (master plan Addendum B Axis A): topic stability via Hungarian-matched cosine across seeds \u2014 per-topic vector + agreement matrix","generated_at":"2026-05-06T19:57:14Z","builder_version":"build_topic_stability v0.1"}