{"scene_id":"salinas-a-corrected","K":7,"seeds":[0,1,2,3,4,5,6],"wordification":"band-frequency","quantization_scale":12,"samples_per_class":220,"seed_pair_matched_cosine_mean":[[1.0,0.981941,0.987637,0.985469,0.987159,0.988831,0.987673],[0.981941,1.0,0.983868,0.984682,0.981797,0.979059,0.979728],[0.987637,0.983868,1.0,0.987406,0.98801,0.986585,0.986303],[0.985469,0.984682,0.987406,1.0,0.98636,0.984792,0.983271],[0.987159,0.981797,0.98801,0.98636,1.0,0.987249,0.986516],[0.988831,0.979059,0.986585,0.984792,0.987249,1.0,0.988853],[0.987673,0.979728,0.986303,0.983271,0.986516,0.988853,1.0]],"seed_pair_matched_cosine_min":[[1.0,0.959414,0.974064,0.96861,0.973193,0.970672,0.972908],[0.959414,1.0,0.967689,0.964869,0.962578,0.942382,0.958811],[0.974064,0.967689,1.0,0.976857,0.977586,0.97433,0.977423],[0.96861,0.964869,0.976857,1.0,0.962871,0.96631,0.955642],[0.973193,0.962578,0.977586,0.962871,0.999999,0.977625,0.969855],[0.970672,0.942382,0.97433,0.96631,0.977625,1.0,0.98151],[0.972908,0.958811,0.977423,0.955642,0.969855,0.98151,1.0]],"seed_pair_matched_cosine_std":[[0.0,0.013572,0.008806,0.010702,0.008421,0.009265,0.00932],[0.013572,0.0,0.010467,0.010162,0.013058,0.017857,0.013957],[0.008806,0.010467,0.0,0.00669,0.007163,0.008047,0.006929],[0.010702,0.010162,0.00669,0.0,0.011213,0.010399,0.013312],[0.008421,0.013058,0.007163,0.011213,0.0,0.007328,0.009043],[0.009265,0.017857,0.008047,0.010399,0.007328,0.0,0.005923],[0.00932,0.013957,0.006929,0.013312,0.009043,0.005923,0.0]],"per_topic_matched_cosine_vs_seed0":[[1.0,1.0,1.0,1.0,1.0,1.0,1.0],[0.996146,0.972674,0.972728,0.959414,0.981306,0.999696,0.99162],[0.994313,0.974064,0.98547,0.986237,0.977901,0.999812,0.995659],[0.985386,0.971861,0.96861,0.987505,0.989229,0.999804,0.995886],[0.986412,0.973193,0.980323,0.98585,0.987755,0.999729,0.996854],[0.99606,0.970672,0.985665,0.984647,0.987815,0.999916,0.997039],[0.993992,0.972908,0.989616,0.988433,0.97508,0.999927,0.993755]],"per_topic_stability_summary":[{"topic_id":1,"median_matched_cosine_vs_seed0":0.994152,"min_matched_cosine_vs_seed0":0.985386,"std_matched_cosine_vs_seed0":0.004434},{"topic_id":2,"median_matched_cosine_vs_seed0":0.972791,"min_matched_cosine_vs_seed0":0.970672,"std_matched_cosine_vs_seed0":0.001068},{"topic_id":3,"median_matched_cosine_vs_seed0":0.982897,"min_matched_cosine_vs_seed0":0.96861,"std_matched_cosine_vs_seed0":0.007486},{"topic_id":4,"median_matched_cosine_vs_seed0":0.986044,"min_matched_cosine_vs_seed0":0.959414,"std_matched_cosine_vs_seed0":0.010178},{"topic_id":5,"median_matched_cosine_vs_seed0":0.98453,"min_matched_cosine_vs_seed0":0.97508,"std_matched_cosine_vs_seed0":0.005416},{"topic_id":6,"median_matched_cosine_vs_seed0":0.999808,"min_matched_cosine_vs_seed0":0.999696,"std_matched_cosine_vs_seed0":8.6e-05},{"topic_id":7,"median_matched_cosine_vs_seed0":0.995772,"min_matched_cosine_vs_seed0":0.99162,"std_matched_cosine_vs_seed0":0.001901}],"scene_stability_summary":{"off_diagonal_mean":0.98539,"off_diagonal_min":0.979059,"off_diagonal_std":0.002766},"framework_axis":"B-6 (master plan Addendum B Axis A): topic stability via Hungarian-matched cosine across seeds \u2014 per-topic vector + agreement matrix","generated_at":"2026-05-06T19:15:30Z","builder_version":"build_topic_stability v0.1"}