{"scene_id":"salinas-a-corrected","K":4,"seeds":[0,1,2,3,4,5,6],"wordification":"band-frequency","quantization_scale":12,"samples_per_class":220,"seed_pair_matched_cosine_mean":[[1.0,0.99317,0.990823,0.993194,0.993863,0.993047,0.992673],[0.99317,1.0,0.993921,0.994661,0.994777,0.995631,0.993673],[0.990823,0.993921,1.0,0.99314,0.994127,0.994039,0.99132],[0.993194,0.994661,0.99314,1.0,0.995152,0.994013,0.993427],[0.993863,0.994777,0.994127,0.995152,1.0,0.994541,0.994584],[0.993047,0.995631,0.994039,0.994013,0.994541,1.0,0.994922],[0.992673,0.993673,0.99132,0.993427,0.994584,0.994922,1.0]],"seed_pair_matched_cosine_min":[[1.0,0.987495,0.977327,0.988735,0.987878,0.987237,0.986934],[0.987495,1.0,0.986265,0.990611,0.989831,0.990198,0.98907],[0.977327,0.986265,0.999999,0.983377,0.986038,0.98899,0.981617],[0.988735,0.990611,0.983377,1.0,0.990219,0.989705,0.988731],[0.987878,0.989831,0.986038,0.990219,1.0,0.990566,0.990008],[0.987237,0.990198,0.98899,0.989705,0.990566,1.0,0.98824],[0.986934,0.98907,0.981617,0.988731,0.990008,0.98824,1.0]],"seed_pair_matched_cosine_std":[[0.0,0.004885,0.008329,0.004452,0.00478,0.004433,0.004994],[0.004885,0.0,0.005111,0.003144,0.003398,0.003415,0.004614],[0.008329,0.005111,0.0,0.006009,0.005059,0.004624,0.006489],[0.004452,0.003144,0.006009,0.0,0.003367,0.00363,0.003955],[0.00478,0.003398,0.005059,0.003367,0.0,0.00337,0.003408],[0.004433,0.003415,0.004624,0.00363,0.00337,0.0,0.00448],[0.004994,0.004614,0.006489,0.003955,0.003408,0.00448,0.0]],"per_topic_matched_cosine_vs_seed0":[[1.0,1.0,1.0,1.0],[0.9996,0.989503,0.987495,0.996081],[0.999594,0.977327,0.991282,0.995088],[0.999457,0.988735,0.989247,0.995338],[0.999633,0.987878,0.990635,0.997304],[0.99956,0.991651,0.987237,0.99374],[0.999633,0.989092,0.986934,0.995031]],"per_topic_stability_summary":[{"topic_id":1,"median_matched_cosine_vs_seed0":0.999597,"min_matched_cosine_vs_seed0":0.999457,"std_matched_cosine_vs_seed0":6e-05},{"topic_id":2,"median_matched_cosine_vs_seed0":0.988914,"min_matched_cosine_vs_seed0":0.977327,"std_matched_cosine_vs_seed0":0.004634},{"topic_id":3,"median_matched_cosine_vs_seed0":0.988371,"min_matched_cosine_vs_seed0":0.986934,"std_matched_cosine_vs_seed0":0.001701},{"topic_id":4,"median_matched_cosine_vs_seed0":0.995213,"min_matched_cosine_vs_seed0":0.99374,"std_matched_cosine_vs_seed0":0.001086}],"scene_stability_summary":{"off_diagonal_mean":0.993747,"off_diagonal_min":0.990823,"off_diagonal_std":0.001148},"framework_axis":"B-6 (master plan Addendum B Axis A): topic stability via Hungarian-matched cosine across seeds \u2014 per-topic vector + agreement matrix","generated_at":"2026-05-06T17:49:17Z","builder_version":"build_topic_stability v0.1"}