{"scene_id":"salinas-corrected","K":14,"seeds":[0,1,2,3,4,5,6],"wordification":"band-frequency","quantization_scale":12,"samples_per_class":220,"seed_pair_matched_cosine_mean":[[1.0,0.980432,0.977698,0.978985,0.980355,0.974045,0.979269],[0.980432,1.0,0.974837,0.977042,0.980049,0.969908,0.974734],[0.977698,0.974837,1.0,0.978375,0.974593,0.974612,0.975443],[0.978985,0.977042,0.978375,1.0,0.976906,0.975285,0.979322],[0.980355,0.980049,0.974593,0.976906,1.0,0.967057,0.977269],[0.974045,0.969908,0.974612,0.975285,0.967057,1.0,0.974033],[0.979269,0.974734,0.975443,0.979322,0.977269,0.974033,1.0]],"seed_pair_matched_cosine_min":[[1.0,0.965168,0.955526,0.961633,0.959834,0.956243,0.964518],[0.965168,1.0,0.947056,0.955512,0.960738,0.94555,0.952969],[0.955526,0.947056,0.999999,0.954567,0.921095,0.950854,0.942247],[0.961633,0.955512,0.954567,1.0,0.951297,0.94538,0.968387],[0.959834,0.960738,0.921095,0.951297,1.0,0.90995,0.923813],[0.956243,0.94555,0.950854,0.94538,0.90995,1.0,0.950007],[0.964518,0.952969,0.942247,0.968387,0.923813,0.950007,1.0]],"seed_pair_matched_cosine_std":[[0.0,0.00922,0.011305,0.007822,0.010733,0.013591,0.008984],[0.00922,0.0,0.01464,0.011753,0.010495,0.015582,0.011976],[0.011305,0.01464,0.0,0.012277,0.020311,0.014312,0.014944],[0.007822,0.011753,0.012277,0.0,0.012681,0.015377,0.007713],[0.010733,0.010495,0.020311,0.012681,0.0,0.021563,0.016897],[0.013591,0.015582,0.014312,0.015377,0.021563,0.0,0.011606],[0.008984,0.011976,0.014944,0.007713,0.016897,0.011606,0.0]],"per_topic_matched_cosine_vs_seed0":[[1.0,1.0,1.0,1.0,1.0,1.0,1.0,1.0,1.0,1.0,1.0,1.0,1.0,1.0],[0.965168,0.984363,0.970391,0.985473,0.983047,0.980395,0.9719,0.996444,0.986737,0.974246,0.998674,0.97999,0.974028,0.975186],[0.968804,0.978514,0.973113,0.974854,0.984158,0.988194,0.955526,0.999502,0.967824,0.968406,0.994623,0.975994,0.972644,0.985614],[0.984954,0.975202,0.961633,0.987791,0.981572,0.97426,0.972958,0.99216,0.982474,0.97555,0.987534,0.98028,0.979896,0.969528],[0.959834,0.973826,0.973981,0.989184,0.967456,0.984059,0.98725,0.99867,0.988247,0.976995,0.998196,0.973133,0.976134,0.978005],[0.97673,0.958315,0.956243,0.988562,0.983733,0.974918,0.960608,0.999589,0.957857,0.969775,0.994738,0.976731,0.977071,0.961756],[0.981153,0.976331,0.974627,0.964518,0.980972,0.989509,0.970599,0.998679,0.985155,0.981549,0.988196,0.966499,0.978714,0.973263]],"per_topic_stability_summary":[{"topic_id":1,"median_matched_cosine_vs_seed0":0.972767,"min_matched_cosine_vs_seed0":0.959834,"std_matched_cosine_vs_seed0":0.0089},{"topic_id":2,"median_matched_cosine_vs_seed0":0.975766,"min_matched_cosine_vs_seed0":0.958315,"std_matched_cosine_vs_seed0":0.007954},{"topic_id":3,"median_matched_cosine_vs_seed0":0.971752,"min_matched_cosine_vs_seed0":0.956243,"std_matched_cosine_vs_seed0":0.006948},{"topic_id":4,"median_matched_cosine_vs_seed0":0.986632,"min_matched_cosine_vs_seed0":0.964518,"std_matched_cosine_vs_seed0":0.009097},{"topic_id":5,"median_matched_cosine_vs_seed0":0.982309,"min_matched_cosine_vs_seed0":0.967456,"std_matched_cosine_vs_seed0":0.00579},{"topic_id":6,"median_matched_cosine_vs_seed0":0.982227,"min_matched_cosine_vs_seed0":0.97426,"std_matched_cosine_vs_seed0":0.005938},{"topic_id":7,"median_matched_cosine_vs_seed0":0.971249,"min_matched_cosine_vs_seed0":0.955526,"std_matched_cosine_vs_seed0":0.010064},{"topic_id":8,"median_matched_cosine_vs_seed0":0.998674,"min_matched_cosine_vs_seed0":0.99216,"std_matched_cosine_vs_seed0":0.002606},{"topic_id":9,"median_matched_cosine_vs_seed0":0.983815,"min_matched_cosine_vs_seed0":0.957857,"std_matched_cosine_vs_seed0":0.011268},{"topic_id":10,"median_matched_cosine_vs_seed0":0.974898,"min_matched_cosine_vs_seed0":0.968406,"std_matched_cosine_vs_seed0":0.004407},{"topic_id":11,"median_matched_cosine_vs_seed0":0.994681,"min_matched_cosine_vs_seed0":0.987534,"std_matched_cosine_vs_seed0":0.004382},{"topic_id":12,"median_matched_cosine_vs_seed0":0.976363,"min_matched_cosine_vs_seed0":0.966499,"std_matched_cosine_vs_seed0":0.004679},{"topic_id":13,"median_matched_cosine_vs_seed0":0.976603,"min_matched_cosine_vs_seed0":0.972644,"std_matched_cosine_vs_seed0":0.002511},{"topic_id":14,"median_matched_cosine_vs_seed0":0.974225,"min_matched_cosine_vs_seed0":0.961756,"std_matched_cosine_vs_seed0":0.007334}],"scene_stability_summary":{"off_diagonal_mean":0.976202,"off_diagonal_min":0.967057,"off_diagonal_std":0.003304},"framework_axis":"B-6 (master plan Addendum B Axis A): topic stability via Hungarian-matched cosine across seeds \u2014 per-topic vector + agreement matrix","generated_at":"2026-05-06T19:53:52Z","builder_version":"build_topic_stability v0.1"}