{"scene_id":"salinas-a-corrected","K":6,"seeds":[0,1,2,3,4,5,6,7,8,9,10,11,12,13,14],"wordification":"band-frequency","quantization_scale":12,"samples_per_class":220,"seed_pair_matched_cosine_mean":[[1.0,0.988607,0.989002,0.989808,0.989227,0.98491,0.987483,0.981965,0.988391,0.986968,0.987665,0.987493,0.988452,0.983127,0.988741],[0.988607,1.0,0.987491,0.987781,0.985358,0.980339,0.983401,0.979626,0.984799,0.983186,0.984801,0.984133,0.985419,0.982894,0.984992],[0.989002,0.987491,1.0,0.988618,0.988669,0.984788,0.986873,0.981612,0.987371,0.983613,0.987106,0.987112,0.988145,0.983855,0.986624],[0.989808,0.987781,0.988618,1.0,0.987998,0.983719,0.985104,0.980924,0.986962,0.983971,0.986752,0.986987,0.989755,0.984804,0.986277],[0.989227,0.985358,0.988669,0.987998,1.0,0.988246,0.989749,0.984423,0.987093,0.985571,0.989854,0.988176,0.989086,0.981678,0.988986],[0.98491,0.980339,0.984788,0.983719,0.988246,1.0,0.989322,0.990934,0.984916,0.987561,0.989674,0.982795,0.983244,0.972758,0.989154],[0.987483,0.983401,0.986873,0.985104,0.989749,0.989322,1.0,0.987652,0.986552,0.988376,0.990757,0.985702,0.985047,0.974142,0.990392],[0.981965,0.979626,0.981612,0.980924,0.984423,0.990934,0.987652,1.0,0.981822,0.984605,0.990154,0.981554,0.980859,0.970557,0.986365],[0.988391,0.984799,0.987371,0.986962,0.987093,0.984916,0.986552,0.981822,1.0,0.985753,0.985286,0.986137,0.986864,0.981132,0.988516],[0.986968,0.983186,0.983613,0.983971,0.985571,0.987561,0.988376,0.984605,0.985753,1.0,0.985863,0.982807,0.982583,0.973452,0.988734],[0.987665,0.984801,0.987106,0.986752,0.989854,0.989674,0.990757,0.990154,0.985286,0.985863,1.0,0.987398,0.986632,0.979037,0.98806],[0.987493,0.984133,0.987112,0.986987,0.988176,0.982795,0.985702,0.981554,0.986137,0.982807,0.987398,1.0,0.987895,0.981554,0.987205],[0.988452,0.985419,0.988145,0.989755,0.989086,0.983244,0.985047,0.980859,0.986864,0.982583,0.986632,0.987895,1.0,0.984177,0.986301],[0.983127,0.982894,0.983855,0.984804,0.981678,0.972758,0.974142,0.970557,0.981132,0.973452,0.979037,0.981554,0.984177,1.0,0.976847],[0.988741,0.984992,0.986624,0.986277,0.988986,0.989154,0.990392,0.986365,0.988516,0.988734,0.98806,0.987205,0.986301,0.976847,1.0]],"seed_pair_matched_cosine_min":[[1.0,0.977335,0.975895,0.979528,0.981408,0.972716,0.976364,0.963607,0.981632,0.977987,0.975264,0.980373,0.979537,0.965433,0.980241],[0.977335,1.0,0.978008,0.978274,0.962633,0.938303,0.953512,0.950304,0.962833,0.953068,0.958366,0.963361,0.973726,0.962843,0.957237],[0.975895,0.978008,1.0,0.976424,0.977368,0.968333,0.977604,0.958131,0.976819,0.971461,0.975679,0.974047,0.98054,0.972275,0.976627],[0.979528,0.978274,0.976424,1.0,0.96465,0.964077,0.957532,0.957256,0.978279,0.97111,0.961535,0.978311,0.979409,0.969891,0.976159],[0.981408,0.962633,0.977368,0.96465,1.0,0.97724,0.979945,0.96186,0.980875,0.972689,0.980199,0.97681,0.980511,0.962122,0.978454],[0.972716,0.938303,0.968333,0.964077,0.97724,1.0,0.975021,0.980296,0.962076,0.967038,0.982772,0.969581,0.970205,0.949542,0.974854],[0.976364,0.953512,0.977604,0.957532,0.979945,0.975021,0.999999,0.963688,0.977004,0.978131,0.982226,0.974662,0.970664,0.935357,0.981734],[0.963607,0.950304,0.958131,0.957256,0.96186,0.980296,0.963688,1.0,0.962681,0.963715,0.978402,0.960164,0.960605,0.945939,0.964736],[0.981632,0.962833,0.976819,0.978279,0.980875,0.962076,0.977004,0.962681,1.0,0.979425,0.974705,0.975014,0.978866,0.966697,0.982211],[0.977987,0.953068,0.971461,0.97111,0.972689,0.967038,0.978131,0.963715,0.979425,1.0,0.973776,0.973159,0.970014,0.938986,0.97713],[0.975264,0.958366,0.975679,0.961535,0.980199,0.982772,0.982226,0.978402,0.974705,0.973776,1.0,0.975844,0.972035,0.959468,0.976779],[0.980373,0.963361,0.974047,0.978311,0.97681,0.969581,0.974662,0.960164,0.975014,0.973159,0.975844,1.0,0.980399,0.972658,0.976892],[0.979537,0.973726,0.98054,0.979409,0.980511,0.970205,0.970664,0.960605,0.978866,0.970014,0.972035,0.980399,1.0,0.974874,0.978948],[0.965433,0.962843,0.972275,0.969891,0.962122,0.949542,0.935357,0.945939,0.966697,0.938986,0.959468,0.972658,0.974874,1.0,0.952335],[0.980241,0.957237,0.976627,0.976159,0.978454,0.974854,0.981734,0.964736,0.982211,0.97713,0.976779,0.976892,0.978948,0.952335,1.0]],"seed_pair_matched_cosine_std":[[0.0,0.007761,0.007447,0.007076,0.006385,0.010912,0.007006,0.01305,0.006418,0.006835,0.008152,0.006768,0.006415,0.01002,0.006597],[0.007761,0.0,0.008228,0.008272,0.011869,0.020826,0.014606,0.017755,0.011495,0.014979,0.013921,0.010876,0.008248,0.010958,0.013777],[0.007447,0.008228,0.0,0.007439,0.007442,0.011269,0.00726,0.015528,0.007925,0.0095,0.008524,0.008008,0.006035,0.009216,0.007796],[0.007076,0.008272,0.007439,0.0,0.011805,0.013058,0.013316,0.015346,0.008006,0.010038,0.013171,0.008415,0.006628,0.009334,0.009237],[0.006385,0.011869,0.007442,0.011805,0.0,0.008181,0.006299,0.012584,0.005947,0.009343,0.007281,0.007111,0.006608,0.012469,0.006913],[0.010912,0.020826,0.011269,0.013058,0.008181,0.0,0.007898,0.007444,0.011988,0.010524,0.007125,0.010893,0.010894,0.018318,0.008785],[0.007006,0.014606,0.00726,0.013316,0.006299,0.007898,0.0,0.011929,0.006759,0.00799,0.005887,0.008235,0.008574,0.022537,0.006606],[0.01305,0.017755,0.015528,0.015346,0.012584,0.007444,0.011929,0.0,0.013256,0.012859,0.008097,0.01382,0.013443,0.021142,0.012216],[0.006418,0.011495,0.007925,0.008006,0.005947,0.011988,0.006759,0.013256,0.0,0.007013,0.008926,0.00743,0.006567,0.010822,0.00592],[0.006835,0.014979,0.0095,0.010038,0.009343,0.010524,0.00799,0.012859,0.007013,0.0,0.008834,0.009809,0.00988,0.019887,0.008271],[0.008152,0.013921,0.008524,0.013171,0.007281,0.007125,0.005887,0.008097,0.008926,0.008834,0.0,0.00818,0.010139,0.014522,0.008608],[0.006768,0.010876,0.008008,0.008415,0.007111,0.010893,0.008235,0.01382,0.00743,0.009809,0.00818,0.0,0.006749,0.009482,0.007485],[0.006415,0.008248,0.006035,0.006628,0.006608,0.010894,0.008574,0.013443,0.006567,0.00988,0.010139,0.006749,0.0,0.007924,0.007441],[0.01002,0.010958,0.009216,0.009334,0.012469,0.018318,0.022537,0.021142,0.010822,0.019887,0.014522,0.009482,0.007924,0.0,0.015219],[0.006597,0.013777,0.007796,0.009237,0.006913,0.008785,0.006606,0.012216,0.00592,0.008271,0.008608,0.007485,0.007441,0.015219,0.0]],"per_topic_matched_cosine_vs_seed0":[[1.0,1.0,1.0,1.0,1.0,1.0],[0.997459,0.987387,0.98633,0.977335,0.983447,0.999684],[0.994709,0.985077,0.990043,0.988714,0.975895,0.999577],[0.996778,0.982834,0.989684,0.990356,0.979528,0.999669],[0.994293,0.983063,0.990742,0.986214,0.981408,0.999641],[0.994476,0.974276,0.992432,0.975777,0.972716,0.999783],[0.990504,0.985569,0.98775,0.984924,0.976364,0.999789],[0.991592,0.990291,0.963607,0.978734,0.967881,0.999683],[0.99385,0.982632,0.987288,0.985262,0.981632,0.999681],[0.989024,0.98808,0.977987,0.981628,0.985355,0.999738],[0.994983,0.989729,0.983136,0.983128,0.975264,0.999749],[0.992755,0.983914,0.986735,0.981537,0.980373,0.999643],[0.988915,0.982987,0.987393,0.992466,0.979537,0.999413],[0.965433,0.978941,0.987453,0.984722,0.983255,0.998955],[0.994563,0.980241,0.988813,0.985012,0.984129,0.999686]],"per_topic_stability_summary":[{"topic_id":1,"median_matched_cosine_vs_seed0":0.994071,"min_matched_cosine_vs_seed0":0.965433,"std_matched_cosine_vs_seed0":0.007616},{"topic_id":2,"median_matched_cosine_vs_seed0":0.983488,"min_matched_cosine_vs_seed0":0.974276,"std_matched_cosine_vs_seed0":0.00417},{"topic_id":3,"median_matched_cosine_vs_seed0":0.987423,"min_matched_cosine_vs_seed0":0.963607,"std_matched_cosine_vs_seed0":0.006987},{"topic_id":4,"median_matched_cosine_vs_seed0":0.984823,"min_matched_cosine_vs_seed0":0.975777,"std_matched_cosine_vs_seed0":0.004594},{"topic_id":5,"median_matched_cosine_vs_seed0":0.979955,"min_matched_cosine_vs_seed0":0.967881,"std_matched_cosine_vs_seed0":0.004731},{"topic_id":6,"median_matched_cosine_vs_seed0":0.999682,"min_matched_cosine_vs_seed0":0.998955,"std_matched_cosine_vs_seed0":0.000206}],"scene_stability_summary":{"off_diagonal_mean":0.985464,"off_diagonal_min":0.970557,"off_diagonal_std":0.003807},