{"scene_id":"salinas-corrected","K":10,"seeds":[0,1,2,3,4,5,6],"wordification":"band-frequency","quantization_scale":12,"samples_per_class":220,"seed_pair_matched_cosine_mean":[[1.0,0.977881,0.984231,0.985146,0.985249,0.973618,0.981116],[0.977881,1.0,0.982167,0.982243,0.977662,0.977723,0.981201],[0.984231,0.982167,1.0,0.985775,0.982341,0.977085,0.982502],[0.985146,0.982243,0.985775,1.0,0.983418,0.980483,0.981462],[0.985249,0.977662,0.982341,0.983418,1.0,0.968678,0.983529],[0.973618,0.977723,0.977085,0.980483,0.968678,1.0,0.968165],[0.981116,0.981201,0.982502,0.981462,0.983529,0.968165,1.0]],"seed_pair_matched_cosine_min":[[1.0,0.941561,0.973197,0.968265,0.974689,0.948018,0.959979],[0.941561,1.0,0.957304,0.956673,0.93782,0.955312,0.952145],[0.973197,0.957304,1.0,0.971379,0.958934,0.951198,0.96638],[0.968265,0.956673,0.971379,1.0,0.967133,0.95552,0.958506],[0.974689,0.93782,0.958934,0.967133,0.999999,0.941946,0.965868],[0.948018,0.955312,0.951198,0.95552,0.941946,1.0,0.932666],[0.959979,0.952145,0.96638,0.958506,0.965868,0.932666,1.0]],"seed_pair_matched_cosine_std":[[0.0,0.014747,0.008657,0.008498,0.007693,0.01541,0.011364],[0.014747,0.0,0.011589,0.010749,0.015761,0.011926,0.011809],[0.008657,0.011589,0.0,0.008295,0.012762,0.015254,0.009829],[0.008498,0.010749,0.008295,0.0,0.010031,0.013044,0.011435],[0.007693,0.015761,0.012762,0.010031,0.0,0.020024,0.009593],[0.01541,0.011926,0.015254,0.013044,0.020024,0.0,0.019004],[0.011364,0.011809,0.009829,0.011435,0.009593,0.019004,0.0]],"per_topic_matched_cosine_vs_seed0":[[1.0,1.0,1.0,1.0,1.0,1.0,1.0,1.0,1.0,1.0],[0.984002,0.972521,0.941561,0.97418,0.981151,0.98746,0.983824,0.998801,0.967653,0.987659],[0.984994,0.976543,0.978497,0.973779,0.991578,0.989801,0.973197,0.999838,0.980653,0.993428],[0.986721,0.982874,0.981795,0.974802,0.991336,0.992113,0.986073,0.999902,0.968265,0.987581],[0.980813,0.979618,0.985922,0.977291,0.991616,0.988068,0.974689,0.999712,0.980371,0.994394],[0.95587,0.967229,0.989622,0.958707,0.948018,0.980069,0.980969,0.999641,0.971968,0.984085],[0.982773,0.959979,0.987742,0.985426,0.985536,0.962459,0.98043,0.996078,0.97667,0.994063]],"per_topic_stability_summary":[{"topic_id":1,"median_matched_cosine_vs_seed0":0.983388,"min_matched_cosine_vs_seed0":0.95587,"std_matched_cosine_vs_seed0":0.01059},{"topic_id":2,"median_matched_cosine_vs_seed0":0.974532,"min_matched_cosine_vs_seed0":0.959979,"std_matched_cosine_vs_seed0":0.007712},{"topic_id":3,"median_matched_cosine_vs_seed0":0.983858,"min_matched_cosine_vs_seed0":0.941561,"std_matched_cosine_vs_seed0":0.016502},{"topic_id":4,"median_matched_cosine_vs_seed0":0.974491,"min_matched_cosine_vs_seed0":0.958707,"std_matched_cosine_vs_seed0":0.007916},{"topic_id":5,"median_matched_cosine_vs_seed0":0.988436,"min_matched_cosine_vs_seed0":0.948018,"std_matched_cosine_vs_seed0":0.015482},{"topic_id":6,"median_matched_cosine_vs_seed0":0.987764,"min_matched_cosine_vs_seed0":0.962459,"std_matched_cosine_vs_seed0":0.01004},{"topic_id":7,"median_matched_cosine_vs_seed0":0.9807,"min_matched_cosine_vs_seed0":0.973197,"std_matched_cosine_vs_seed0":0.004601},{"topic_id":8,"median_matched_cosine_vs_seed0":0.999677,"min_matched_cosine_vs_seed0":0.996078,"std_matched_cosine_vs_seed0":0.001355},{"topic_id":9,"median_matched_cosine_vs_seed0":0.974319,"min_matched_cosine_vs_seed0":0.967653,"std_matched_cosine_vs_seed0":0.005305},{"topic_id":10,"median_matched_cosine_vs_seed0":0.990544,"min_matched_cosine_vs_seed0":0.984085,"std_matched_cosine_vs_seed0":0.003951}],"scene_stability_summary":{"off_diagonal_mean":0.98008,"off_diagonal_min":0.968165,"off_diagonal_std":0.004823},"framework_axis":"B-6 (master plan Addendum B Axis A): topic stability via Hungarian-matched cosine across seeds \u2014 per-topic vector + agreement matrix","generated_at":"2026-05-06T17:46:02Z","builder_version":"build_topic_stability v0.1"}