{"scene_id":"salinas-corrected","K":12,"seeds":[0,1,2,3,4,5,6],"wordification":"band-frequency","quantization_scale":12,"samples_per_class":220,"seed_pair_matched_cosine_mean":[[1.0,0.98001,0.979653,0.980744,0.979189,0.973209,0.980092],[0.98001,1.0,0.979439,0.980321,0.981409,0.969848,0.978453],[0.979653,0.979439,1.0,0.980535,0.978666,0.975091,0.980456],[0.980744,0.980321,0.980535,1.0,0.980734,0.975397,0.984683],[0.979189,0.981409,0.978666,0.980734,1.0,0.964331,0.982118],[0.973209,0.969848,0.975091,0.975397,0.964331,1.0,0.975245],[0.980092,0.978453,0.980456,0.984683,0.982118,0.975245,1.0]],"seed_pair_matched_cosine_min":[[1.0,0.966117,0.960978,0.961574,0.962899,0.939371,0.946991],[0.966117,1.0,0.955939,0.962789,0.964467,0.945005,0.957225],[0.960978,0.955939,0.999999,0.956841,0.954532,0.943897,0.967725],[0.961574,0.962789,0.956841,1.0,0.956198,0.936423,0.970889],[0.962899,0.964467,0.954532,0.956198,1.0,0.931789,0.962389],[0.939371,0.945005,0.943897,0.936423,0.931789,1.0,0.92417],[0.946991,0.957225,0.967725,0.970889,0.962389,0.92417,1.0]],"seed_pair_matched_cosine_std":[[0.0,0.009747,0.011574,0.009296,0.01105,0.016479,0.012507],[0.009747,0.0,0.011686,0.010141,0.00958,0.015092,0.010311],[0.011574,0.011686,0.0,0.009806,0.013108,0.015543,0.008672],[0.009296,0.010141,0.009806,0.0,0.012138,0.01696,0.006328],[0.01105,0.00958,0.013108,0.012138,0.0,0.020162,0.008924],[0.016479,0.015092,0.015543,0.01696,0.020162,0.0,0.019344],[0.012507,0.010311,0.008672,0.006328,0.008924,0.019344,0.0]],"per_topic_matched_cosine_vs_seed0":[[1.0,1.0,1.0,1.0,1.0,1.0,1.0,1.0,1.0,1.0,1.0,1.0],[0.978111,0.966117,0.971962,0.968432,0.984169,0.979848,0.980531,0.997334,0.981191,0.972679,0.999289,0.980454],[0.965063,0.960978,0.984438,0.984358,0.979631,0.990431,0.975957,0.999848,0.977191,0.967594,0.996368,0.973978],[0.98469,0.979014,0.977853,0.961574,0.987979,0.988267,0.977143,0.993264,0.983071,0.969028,0.993662,0.973378],[0.978261,0.963133,0.983914,0.983371,0.962899,0.978651,0.983428,0.998568,0.977284,0.972199,0.99848,0.970074],[0.957453,0.939371,0.984389,0.973864,0.960639,0.986919,0.983379,0.999801,0.973829,0.965217,0.992528,0.961125],[0.982277,0.972037,0.984389,0.975148,0.987708,0.990006,0.982349,0.999263,0.982998,0.970944,0.986999,0.946991]],"per_topic_stability_summary":[{"topic_id":1,"median_matched_cosine_vs_seed0":0.978186,"min_matched_cosine_vs_seed0":0.957453,"std_matched_cosine_vs_seed0":0.009755},{"topic_id":2,"median_matched_cosine_vs_seed0":0.964625,"min_matched_cosine_vs_seed0":0.939371,"std_matched_cosine_vs_seed0":0.012309},{"topic_id":3,"median_matched_cosine_vs_seed0":0.984151,"min_matched_cosine_vs_seed0":0.971962,"std_matched_cosine_vs_seed0":0.004739},{"topic_id":4,"median_matched_cosine_vs_seed0":0.974506,"min_matched_cosine_vs_seed0":0.961574,"std_matched_cosine_vs_seed0":0.007964},{"topic_id":5,"median_matched_cosine_vs_seed0":0.9819,"min_matched_cosine_vs_seed0":0.960639,"std_matched_cosine_vs_seed0":0.011254},{"topic_id":6,"median_matched_cosine_vs_seed0":0.987593,"min_matched_cosine_vs_seed0":0.978651,"std_matched_cosine_vs_seed0":0.004707},{"topic_id":7,"median_matched_cosine_vs_seed0":0.98144,"min_matched_cosine_vs_seed0":0.975957,"std_matched_cosine_vs_seed0":0.002949},{"topic_id":8,"median_matched_cosine_vs_seed0":0.998916,"min_matched_cosine_vs_seed0":0.993264,"std_matched_cosine_vs_seed0":0.002289},{"topic_id":9,"median_matched_cosine_vs_seed0":0.979237,"min_matched_cosine_vs_seed0":0.973829,"std_matched_cosine_vs_seed0":0.003413},{"topic_id":10,"median_matched_cosine_vs_seed0":0.969986,"min_matched_cosine_vs_seed0":0.965217,"std_matched_cosine_vs_seed0":0.002633},{"topic_id":11,"median_matched_cosine_vs_seed0":0.995015,"min_matched_cosine_vs_seed0":0.986999,"std_matched_cosine_vs_seed0":0.004145},{"topic_id":12,"median_matched_cosine_vs_seed0":0.971726,"min_matched_cosine_vs_seed0":0.946991,"std_matched_cosine_vs_seed0":0.010894}],"scene_stability_summary":{"off_diagonal_mean":0.978077,"off_diagonal_min":0.964331,"off_diagonal_std":0.004474},"framework_axis":"B-6 (master plan Addendum B Axis A): topic stability via Hungarian-matched cosine across seeds \u2014 per-topic vector + agreement matrix","generated_at":"2026-05-03T20:05:38Z","builder_version":"build_topic_stability v0.1"}