{"scene_id":"salinas-corrected","K":11,"seeds":[0,1,2,3,4,5,6],"wordification":"band-frequency","quantization_scale":12,"samples_per_class":220,"seed_pair_matched_cosine_mean":[[1.0,0.980756,0.979568,0.979135,0.982141,0.974555,0.978882],[0.980756,1.0,0.979598,0.979019,0.979762,0.972242,0.976404],[0.979568,0.979598,1.0,0.98221,0.978718,0.979636,0.981901],[0.979135,0.979019,0.98221,1.0,0.981485,0.977713,0.984545],[0.982141,0.979762,0.978718,0.981485,1.0,0.969054,0.983077],[0.974555,0.972242,0.979636,0.977713,0.969054,1.0,0.97748],[0.978882,0.976404,0.981901,0.984545,0.983077,0.97748,1.0]],"seed_pair_matched_cosine_min":[[1.0,0.968927,0.955787,0.960309,0.962678,0.95568,0.933511],[0.968927,1.0,0.965971,0.957259,0.966869,0.943091,0.939791],[0.955787,0.965971,1.0,0.969796,0.946411,0.962618,0.964593],[0.960309,0.957259,0.969796,1.0,0.958485,0.946803,0.969064],[0.962678,0.966869,0.946411,0.958485,1.0,0.929994,0.958961],[0.95568,0.943091,0.962618,0.946803,0.929994,1.0,0.958773],[0.933511,0.939791,0.964593,0.969064,0.958961,0.958773,1.0]],"seed_pair_matched_cosine_std":[[0.0,0.010196,0.012782,0.011026,0.010328,0.015003,0.016689],[0.010196,0.0,0.010412,0.010589,0.010361,0.015183,0.016548],[0.012782,0.010412,0.0,0.008256,0.014256,0.010474,0.010143],[0.011026,0.010589,0.008256,0.0,0.009763,0.013535,0.007385],[0.010328,0.010361,0.014256,0.009763,0.0,0.020664,0.010279],[0.015003,0.015183,0.010474,0.013535,0.020664,0.0,0.011242],[0.016689,0.016548,0.010143,0.007385,0.010279,0.011242,0.0]],"per_topic_matched_cosine_vs_seed0":[[1.0,1.0,1.0,1.0,1.0,1.0,1.0,1.0,1.0,1.0,1.0],[0.974565,0.973226,0.976286,0.970726,0.97602,0.988315,0.986958,0.998207,0.975857,0.968927,0.999233],[0.985453,0.955787,0.975479,0.971332,0.987621,0.990311,0.976671,0.999827,0.969801,0.967154,0.995814],[0.98494,0.963926,0.976032,0.960309,0.98695,0.986978,0.975958,0.993021,0.982365,0.966384,0.99362],[0.97886,0.962678,0.984623,0.98181,0.989141,0.97842,0.983644,0.999165,0.974174,0.972551,0.998484],[0.956894,0.964112,0.984606,0.973819,0.95568,0.986374,0.984657,0.999797,0.958614,0.962887,0.992666],[0.982529,0.974495,0.978136,0.975611,0.987774,0.989834,0.981184,0.999292,0.933511,0.970183,0.995156]],"per_topic_stability_summary":[{"topic_id":1,"median_matched_cosine_vs_seed0":0.980695,"min_matched_cosine_vs_seed0":0.956894,"std_matched_cosine_vs_seed0":0.009819},{"topic_id":2,"median_matched_cosine_vs_seed0":0.964019,"min_matched_cosine_vs_seed0":0.955787,"std_matched_cosine_vs_seed0":0.006417},{"topic_id":3,"median_matched_cosine_vs_seed0":0.977211,"min_matched_cosine_vs_seed0":0.975479,"std_matched_cosine_vs_seed0":0.003919},{"topic_id":4,"median_matched_cosine_vs_seed0":0.972576,"min_matched_cosine_vs_seed0":0.960309,"std_matched_cosine_vs_seed0":0.006467},{"topic_id":5,"median_matched_cosine_vs_seed0":0.987286,"min_matched_cosine_vs_seed0":0.95568,"std_matched_cosine_vs_seed0":0.011944},{"topic_id":6,"median_matched_cosine_vs_seed0":0.987647,"min_matched_cosine_vs_seed0":0.97842,"std_matched_cosine_vs_seed0":0.003963},{"topic_id":7,"median_matched_cosine_vs_seed0":0.982414,"min_matched_cosine_vs_seed0":0.975958,"std_matched_cosine_vs_seed0":0.004051},{"topic_id":8,"median_matched_cosine_vs_seed0":0.999228,"min_matched_cosine_vs_seed0":0.993021,"std_matched_cosine_vs_seed0":0.002385},{"topic_id":9,"median_matched_cosine_vs_seed0":0.971988,"min_matched_cosine_vs_seed0":0.933511,"std_matched_cosine_vs_seed0":0.016103},{"topic_id":10,"median_matched_cosine_vs_seed0":0.96804,"min_matched_cosine_vs_seed0":0.962887,"std_matched_cosine_vs_seed0":0.00305},{"topic_id":11,"median_matched_cosine_vs_seed0":0.995485,"min_matched_cosine_vs_seed0":0.992666,"std_matched_cosine_vs_seed0":0.00238}],"scene_stability_summary":{"off_diagonal_mean":0.978947,"off_diagonal_min":0.969054,"off_diagonal_std":0.003532},"framework_axis":"B-6 (master plan Addendum B Axis A): topic stability via Hungarian-matched cosine across seeds \u2014 per-topic vector + agreement matrix","generated_at":"2026-05-06T18:31:13Z","builder_version":"build_topic_stability v0.1"}