{"scene_id":"salinas-corrected","K":12,"seeds":[0,1,2,3,4,5,6,7,8,9,10,11,12,13,14],"wordification":"band-frequency","quantization_scale":12,"samples_per_class":220,"seed_pair_matched_cosine_mean":[[1.0,0.98001,0.979653,0.980744,0.979189,0.973209,0.980092,0.979813,0.979056,0.975925,0.980376,0.978392,0.976458,0.978262,0.979408],[0.98001,1.0,0.979439,0.980321,0.981409,0.969848,0.978453,0.978111,0.978837,0.978017,0.981075,0.978908,0.98035,0.978361,0.979401],[0.979653,0.979439,1.0,0.980535,0.978666,0.975091,0.980456,0.977852,0.976993,0.980357,0.980444,0.978562,0.978817,0.981246,0.979126],[0.980744,0.980321,0.980535,1.0,0.980734,0.975397,0.984683,0.981981,0.979998,0.982528,0.984346,0.978575,0.980194,0.982918,0.981192],[0.979189,0.981409,0.978666,0.980734,1.0,0.964331,0.982118,0.981604,0.981791,0.977441,0.979903,0.97821,0.983783,0.977801,0.982053],[0.973209,0.969848,0.975091,0.975397,0.964331,1.0,0.975245,0.969561,0.96938,0.975846,0.97579,0.970518,0.969579,0.976898,0.968257],[0.980092,0.978453,0.980456,0.984683,0.982118,0.975245,1.0,0.981213,0.981244,0.980982,0.982672,0.977991,0.983123,0.984205,0.980838],[0.979813,0.978111,0.977852,0.981981,0.981604,0.969561,0.981213,1.0,0.980362,0.978739,0.981509,0.97752,0.981777,0.98032,0.980624],[0.979056,0.978837,0.976993,0.979998,0.981791,0.96938,0.981244,0.980362,1.0,0.976188,0.980689,0.979501,0.97843,0.978175,0.980538],[0.975925,0.978017,0.980357,0.982528,0.977441,0.975846,0.980982,0.978739,0.976188,1.0,0.981191,0.978215,0.97986,0.98038,0.981361],[0.980376,0.981075,0.980444,0.984346,0.979903,0.97579,0.982672,0.981509,0.980689,0.981191,1.0,0.978638,0.980134,0.982827,0.979917],[0.978392,0.978908,0.978562,0.978575,0.97821,0.970518,0.977991,0.97752,0.979501,0.978215,0.978638,1.0,0.977783,0.97707,0.98021],[0.976458,0.98035,0.978817,0.980194,0.983783,0.969579,0.983123,0.981777,0.97843,0.97986,0.980134,0.977783,1.0,0.980547,0.98108],[0.978262,0.978361,0.981246,0.982918,0.977801,0.976898,0.984205,0.98032,0.978175,0.98038,0.982827,0.97707,0.980547,1.0,0.979687],[0.979408,0.979401,0.979126,0.981192,0.982053,0.968257,0.980838,0.980624,0.980538,0.981361,0.979917,0.98021,0.98108,0.979687,1.0]],"seed_pair_matched_cosine_min":[[1.0,0.966117,0.960978,0.961574,0.962899,0.939371,0.946991,0.964362,0.953094,0.955223,0.954712,0.946659,0.941657,0.94891,0.954478],[0.966117,1.0,0.955939,0.962789,0.964467,0.945005,0.957225,0.963864,0.954566,0.95731,0.96505,0.959304,0.958665,0.963335,0.963109],[0.960978,0.955939,0.999999,0.956841,0.954532,0.943897,0.967725,0.948524,0.941721,0.962562,0.950593,0.945561,0.958521,0.960321,0.952246],[0.961574,0.962789,0.956841,1.0,0.956198,0.936423,0.970889,0.973405,0.958918,0.963237,0.962053,0.95073,0.95867,0.972041,0.950394],[0.962899,0.964467,0.954532,0.956198,1.0,0.931789,0.962389,0.969817,0.940617,0.957177,0.949111,0.947717,0.96932,0.930279,0.971487],[0.939371,0.945005,0.943897,0.936423,0.931789,1.0,0.92417,0.938484,0.906854,0.946338,0.951277,0.939102,0.936692,0.948375,0.934953],[0.946991,0.957225,0.967725,0.970889,0.962389,0.92417,1.0,0.947953,0.962545,0.965512,0.948154,0.944281,0.966514,0.972768,0.961352],[0.964362,0.963864,0.948524,0.973405,0.969817,0.938484,0.947953,1.0,0.960089,0.966084,0.95058,0.945999,0.963779,0.955378,0.963719],[0.953094,0.954566,0.941721,0.958918,0.940617,0.906854,0.962545,0.960089,0.999999,0.945397,0.952056,0.931137,0.942139,0.921059,0.940883],[0.955223,0.95731,0.962562,0.963237,0.957177,0.946338,0.965512,0.966084,0.945397,1.0,0.967962,0.957678,0.964956,0.967089,0.954886],[0.954712,0.96505,0.950593,0.962053,0.949111,0.951277,0.948154,0.95058,0.952056,0.967962,0.999999,0.944008,0.962405,0.968252,0.953222],[0.946659,0.959304,0.945561,0.95073,0.947717,0.939102,0.944281,0.945999,0.931137,0.957678,0.944008,1.0,0.946266,0.941853,0.954267],[0.941657,0.958665,0.958521,0.95867,0.96932,0.936692,0.966514,0.963779,0.942139,0.964956,0.962405,0.946266,1.0,0.95616,0.965481],[0.94891,0.963335,0.960321,0.972041,0.930279,0.948375,0.972768,0.955378,0.921059,0.967089,0.968252,0.941853,0.95616,1.0,0.949943],[0.954478,0.963109,0.952246,0.950394,0.971487,0.934953,0.961352,0.963719,0.940883,0.954886,0.953222,0.954267,0.965481,0.949943,1.0]],"seed_pair_matched_cosine_std":[[0.0,0.009747,0.011574,0.009296,0.01105,0.016479,0.012507,0.010007,0.011982,0.01162,0.011444,0.01389,0.013908,0.012444,0.011825],[0.009747,0.0,0.011686,0.010141,0.00958,0.015092,0.010311,0.010172,0.012417,0.010407,0.010026,0.010944,0.01155,0.01121,0.008111],[0.011574,0.011686,0.0,0.009806,0.013108,0.015543,0.008672,0.014687,0.014573,0.009263,0.012512,0.01262,0.010655,0.010433,0.011123],[0.009296,0.010141,0.009806,0.0,0.012138,0.01696,0.006328,0.006635,0.011222,0.007918,0.008016,0.011885,0.009498,0.006217,0.010217],[0.01105,0.00958,0.013108,0.012138,0.0,0.020162,0.008924,0.008428,0.014108,0.011593,0.013138,0.011736,0.008246,0.015702,0.006828],[0.016479,0.015092,0.015543,0.01696,0.020162,0.0,0.019344,0.018687,0.023707,0.013376,0.014933,0.018106,0.016506,0.012835,0.016635],[0.012507,0.010311,0.008672,0.006328,0.008924,0.019344,0.0,0.012895,0.010069,0.008292,0.012772,0.013976,0.008264,0.007586,0.009036],[0.010007,0.010172,0.014687,0.006635,0.008428,0.018687,0.012895,0.0,0.010556,0.009603,0.013339,0.013012,0.00888,0.011737,0.008829],[0.011982,0.012417,0.014573,0.011222,0.014108,0.023707,0.010069,0.010556,0.0,0.015991,0.012593,0.016802,0.013709,0.019292,0.015486],[0.01162,0.010407,0.009263,0.007918,0.011593,0.013376,0.008292,0.009603,0.015991,0.0,0.007862,0.010547,0.008237,0.00833,0.010316],[0.011444,0.010026,0.012512,0.008016,0.013138,0.014933,0.012772,0.013339,0.012593,0.007862,0.0,0.013083,0.009476,0.009064,0.013011],[0.01389,0.010944,0.01262,0.011885,0.011736,0.018106,0.013976,0.013012,0.016802,0.010547,0.013083,0.0,0.01236,0.014582,0.010732],[0.013908,0.01155,0.010655,0.009498,0.008246,0.016506,0.008264,0.00888,0.013709,0.008237,0.009476,0.01236,0.0,0.01164,0.008027],[0.012444,0.01121,0.010433,0.006217,0.015702,0.012835,0.007586,0.011737,0.019292,0.00833,0.009064,0.014582,0.01164,0.0,0.01386],[0.011825,0.008111,0.011123,0.010217,0.006828,0.016635,0.009036,0.008829,0.015486,0.010316,0.013011,0.010732,0.008027,0.01386,0.0]],"per_topic_matched_cosine_vs_seed0":[[1.0,1.0,1.0,1.0,1.0,1.0,1.0,1.0,1.0,1.0,1.0,1.0],[0.978111,0.966117,0.971962,0.968432,0.984169,0.979848,0.980531,0.997334,0.981191,0.972679,0.999289,0.980454],[0.965063,0.960978,0.984438,0.984358,0.979631,0.990431,0.975957,0.999848,0.977191,0.967594,0.996368,0.973978],[0.98469,0.979014,0.977853,0.961574,0.987979,0.988267,0.977143,0.993264,0.983071,0.969028,0.993662,0.973378],[0.978261,0.963133,0.983914,0.983371,0.962899,0.978651,0.983428,0.998568,0.977284,0.972199,0.99848,0.970074],[0.957453,0.939371,0.984389,0.973864,0.960639,0.986919,0.983379,0.999801,0.973829,0.965217,0.992528,0.961125],[0.982277,0.972037,0.984389,0.975148,0.987708,0.990006,0.982349,0.999263,0.982998,0.970944,0.986999,0.946991],[0.979139,0.973219,0.977288,0.964362,0.97846,0.993685,0.971145,0.998184,0.979908,0.97131,0.994698,0.976362],[0.978716,0.96531,0.977101,0.976664,0.953094,0.980546,0.989522,0.999592,0.983359,0.972081,0.994812,0.977876],[0.981181,0.97158,0.979815,0.96131,0.955223,0.981696,0.977808,0.996083,0.980955,0.96566,0.992368,0.967427],[0.983871,0.954712,0.983719,0.982939,0.982847,0.979512,0.984945,0.999049,0.975928,0.972816,0.99664,0.967531],[0.971697,0.946659,0.976403,0.960941,0.980151,0.988719,0.989985,0.998456,0.979828,0.971505,0.993967,0.982392],[0.984439,0.971745,0.978031,0.965859,0.98185,0.974709,0.975819,0.998756,0.977424,0.971845,0.995369,0.941657],[0.977201,0.968668,0.979383,0.972585,0.974949,0.990929,0.979459,0.999212,0.984341,0.97183,0.991674,0.94891],[0.984928,0.972055,0.964185,0.98244,0.954478,0.990686,0.983842,0.996493,0.983279,0.968956,0.992366,0.979186]],"per_topic_stability_summary":[{"topic_id":1,"median_matched_cosine_vs_seed0":0.978927,"min_matched_cosine_vs_seed0":0.957453,"std_matched_cosine_vs_seed0":0.007686},{"topic_id":2,"median_matched_cosine_vs_seed0":0.967392,