{"scene_id":"salinas-corrected","K":13,"seeds":[0,1,2,3,4,5,6],"wordification":"band-frequency","quantization_scale":12,"samples_per_class":220,"seed_pair_matched_cosine_mean":[[1.0,0.979887,0.979592,0.980824,0.978816,0.977116,0.979729],[0.979887,1.0,0.977192,0.980274,0.980204,0.971291,0.976962],[0.979592,0.977192,1.0,0.980232,0.973933,0.976166,0.97874],[0.980824,0.980274,0.980232,1.0,0.978093,0.976948,0.979939],[0.978816,0.980204,0.973933,0.978093,1.0,0.968815,0.976404],[0.977116,0.971291,0.976166,0.976948,0.968815,1.0,0.97585],[0.979729,0.976962,0.97874,0.979939,0.976404,0.97585,1.0]],"seed_pair_matched_cosine_min":[[1.0,0.965651,0.96027,0.970838,0.959579,0.940268,0.967599],[0.965651,1.0,0.945984,0.96591,0.959861,0.952554,0.95156],[0.96027,0.945984,1.0,0.966694,0.931378,0.923011,0.944822],[0.970838,0.96591,0.966694,1.0,0.947235,0.953328,0.963406],[0.959579,0.959861,0.931378,0.947235,1.0,0.931995,0.917833],[0.940268,0.952554,0.923011,0.953328,0.931995,1.0,0.932219],[0.967599,0.95156,0.944822,0.963406,0.917833,0.932219,1.0]],"seed_pair_matched_cosine_std":[[0.0,0.009756,0.011385,0.00729,0.011785,0.013694,0.007121],[0.009756,0.0,0.015098,0.009099,0.011316,0.014818,0.012212],[0.011385,0.015098,0.0,0.009127,0.020368,0.017556,0.012036],[0.00729,0.009099,0.009127,0.0,0.014611,0.013293,0.009046],[0.011785,0.011316,0.020368,0.014611,0.0,0.018178,0.019406],[0.013694,0.014818,0.017556,0.013293,0.018178,0.0,0.016328],[0.007121,0.012212,0.012036,0.009046,0.019406,0.016328,0.0]],"per_topic_matched_cosine_vs_seed0":[[1.0,1.0,1.0,1.0,1.0,1.0,1.0,1.0,1.0,1.0,1.0,1.0,1.0],[0.979793,0.973508,0.973436,0.965651,0.984028,0.980673,0.983654,0.99649,0.985155,0.966503,0.998227,0.981475,0.969934],[0.969201,0.96027,0.980809,0.981367,0.984746,0.987225,0.990821,0.999552,0.964757,0.966654,0.992963,0.981304,0.975034],[0.985861,0.979735,0.973151,0.985046,0.98402,0.971079,0.974518,0.993031,0.981284,0.975271,0.993276,0.970838,0.983606],[0.959579,0.969455,0.974504,0.988073,0.966358,0.982153,0.985782,0.998653,0.987314,0.972405,0.99797,0.966794,0.97557],[0.984166,0.971897,0.97506,0.940268,0.983941,0.976274,0.969452,0.999819,0.98091,0.972256,0.995386,0.974977,0.978104],[0.985428,0.975185,0.979021,0.978708,0.985289,0.970416,0.967599,0.994908,0.981264,0.973099,0.987185,0.977343,0.981031]],"per_topic_stability_summary":[{"topic_id":1,"median_matched_cosine_vs_seed0":0.98198,"min_matched_cosine_vs_seed0":0.959579,"std_matched_cosine_vs_seed0":0.009767},{"topic_id":2,"median_matched_cosine_vs_seed0":0.972703,"min_matched_cosine_vs_seed0":0.96027,"std_matched_cosine_vs_seed0":0.005996},{"topic_id":3,"median_matched_cosine_vs_seed0":0.974782,"min_matched_cosine_vs_seed0":0.973151,"std_matched_cosine_vs_seed0":0.002889},{"topic_id":4,"median_matched_cosine_vs_seed0":0.980038,"min_matched_cosine_vs_seed0":0.940268,"std_matched_cosine_vs_seed0":0.01633},{"topic_id":5,"median_matched_cosine_vs_seed0":0.984024,"min_matched_cosine_vs_seed0":0.966358,"std_matched_cosine_vs_seed0":0.006743},{"topic_id":6,"median_matched_cosine_vs_seed0":0.978473,"min_matched_cosine_vs_seed0":0.970416,"std_matched_cosine_vs_seed0":0.006026},{"topic_id":7,"median_matched_cosine_vs_seed0":0.979086,"min_matched_cosine_vs_seed0":0.967599,"std_matched_cosine_vs_seed0":0.008639},{"topic_id":8,"median_matched_cosine_vs_seed0":0.997572,"min_matched_cosine_vs_seed0":0.993031,"std_matched_cosine_vs_seed0":0.002502},{"topic_id":9,"median_matched_cosine_vs_seed0":0.981274,"min_matched_cosine_vs_seed0":0.964757,"std_matched_cosine_vs_seed0":0.007262},{"topic_id":10,"median_matched_cosine_vs_seed0":0.97233,"min_matched_cosine_vs_seed0":0.966503,"std_matched_cosine_vs_seed0":0.003299},{"topic_id":11,"median_matched_cosine_vs_seed0":0.994331,"min_matched_cosine_vs_seed0":0.987185,"std_matched_cosine_vs_seed0":0.003729},{"topic_id":12,"median_matched_cosine_vs_seed0":0.97616,"min_matched_cosine_vs_seed0":0.966794,"std_matched_cosine_vs_seed0":0.005332},{"topic_id":13,"median_matched_cosine_vs_seed0":0.976837,"min_matched_cosine_vs_seed0":0.969934,"std_matched_cosine_vs_seed0":0.00441}],"scene_stability_summary":{"off_diagonal_mean":0.977477,"off_diagonal_min":0.968815,"off_diagonal_std":0.003019},"framework_axis":"B-6 (master plan Addendum B Axis A): topic stability via Hungarian-matched cosine across seeds \u2014 per-topic vector + agreement matrix","generated_at":"2026-05-06T19:12:01Z","builder_version":"build_topic_stability v0.1"}