{"scene_id":"salinas-a-corrected","mask_id":"vnir","mask_label":"VNIR-only (400-1100 nm)","mask_description":"Visible + near-infrared bands only. Removes SWIR signal so topics can only express visible-light + chlorophyll-region absorption.","spatial_shape":[83,86],"topic_count":6,"document_count":1320,"vocabulary_size":68,"n_bands_full":204,"n_bands_kept":68,"kept_band_indices":[0,1,2,3,4,5,6,7,8,9,10,11,12,13,14,15,16,17,18,19,20,21,22,23,24,25,26,27,28,29,30,31,32,33,34,35,36,37,38,39,40,41,42,43,44,45,46,47,48,49,50,51,52,53,54,55,56,57,58,59,60,61,62,63,64,65,66,67],"wavelengths_nm_kept_first_last":[400.0,1093.1033935546875],"wavelengths_nm_kept":[400.0,410.34,420.69,431.03,441.38,451.72,462.07,472.41,482.76,493.1,503.45,513.79,524.14,534.48,544.83,555.17,565.52,575.86,586.21,596.55,606.9,617.24,627.59,637.93,648.28,658.62,668.97,679.31,689.66,700.0,710.34,720.69,731.03,741.38,751.72,762.07,772.41,782.76,793.1,803.45,813.79,824.14,834.48,844.83,855.17,865.52,875.86,886.21,896.55,906.9,917.24,927.59,937.93,948.28,958.62,968.97,979.31,989.66,1000.0,1010.34,1020.69,1031.03,1041.38,1051.72,1062.07,1072.41,1082.76,1093.1],"topic_prevalence":[0.232107,0.112776,0.108419,0.16285,0.15877,0.225078],"topic_distance_cosine":[[0.0,0.049738,0.187888,0.028323,0.024199,0.298215],[0.049738,0.0,0.093891,0.036816,0.038212,0.172226],[0.187888,0.093891,0.0,0.147107,0.143867,0.039682],[0.028323,0.036816,0.147107,0.0,0.018284,0.257012],[0.024199,0.038212,0.143867,0.018284,0.0,0.252963],[0.298215,0.172226,0.039682,0.257012,0.252963,0.0]],"top_words_per_topic_lambda_05":[["0524nm","0648nm","0452nm","0441nm","0700nm","0710nm","0607nm","0472nm","0514nm","0752nm","0462nm","0669nm","0534nm","0555nm","0431nm"],["0793nm","0462nm","0783nm","0597nm","0617nm","0607nm","1083nm","0452nm","0441nm","0628nm","0772nm","0534nm","1031nm","0690nm","0410nm"],["0793nm","1093nm","0803nm","1072nm","0814nm","1062nm","0824nm","0969nm","1021nm","0783nm","0928nm","0990nm","1041nm","0576nm","0938nm"],["0679nm","0586nm","0566nm","0721nm","0690nm","0783nm","0638nm","0793nm","0628nm","0462nm","0555nm","0503nm","0545nm","0483nm","0514nm"],["0493nm","0628nm","0576nm","0472nm","0566nm","0638nm","0783nm","0503nm","0483nm","0617nm","0597nm","0762nm","0659nm","0772nm","0586nm"],["0834nm","0959nm","0845nm","0855nm","1010nm","0886nm","0866nm","0907nm","0876nm","0917nm","1000nm","0948nm","0897nm","0979nm","0938nm"]],"p_label_given_topic_dominant":[[{"label_id":1,"name":"Brocoli_green_weeds_1","count":1,"p":0.0015015015015015015},{"label_id":2,"name":"Corn_senesced_green_weeds","count":0,"p":0.0},{"label_id":3,"name":"Lettuce_romaine_4wk","count":0,"p":0.0},{"label_id":4,"name":"Lettuce_romaine_5wk","count":0,"p":0.0},{"label_id":5,"name":"Lettuce_romaine_6wk","count":0,"p":0.0},{"label_id":6,"name":"Lettuce_romaine_7wk","count":0,"p":0.0},{"label_id":10,"name":"class_10","count":126,"p":0.1891891891891892},{"label_id":11,"name":"class_11","count":217,"p":0.3258258258258258},{"label_id":12,"name":"class_12","count":210,"p":0.3153153153153153},{"label_id":13,"name":"class_13","count":111,"p":0.16666666666666666},{"label_id":14,"name":"class_14","count":1,"p":0.0015015015015015015}],[{"label_id":1,"name":"Brocoli_green_weeds_1","count":0,"p":0.0},{"label_id":2,"name":"Corn_senesced_green_weeds","count":0,"p":0.0},{"label_id":3,"name":"Lettuce_romaine_4wk","count":0,"p":0.0},{"label_id":4,"name":"Lettuce_romaine_5wk","count":0,"p":0.0},{"label_id":5,"name":"Lettuce_romaine_6wk","count":0,"p":0.0},{"label_id":6,"name":"Lettuce_romaine_7wk","count":0,"p":0.0},{"label_id":10,"name":"class_10","count":12,"p":0.3076923076923077},{"label_id":11,"name":"class_11","count":0,"p":0.0},{"label_id":12,"name":"class_12","count":0,"p":0.0},{"label_id":13,"name":"class_13","count":27,"p":0.6923076923076923},{"label_id":14,"name":"class_14","count":0,"p":0.0}],[{"label_id":1,"name":"Brocoli_green_weeds_1","count":0,"p":0.0},{"label_id":2,"name":"Corn_senesced_green_weeds","count":0,"p":0.0},{"label_id":3,"name":"Lettuce_romaine_4wk","count":0,"p":0.0},{"label_id":4,"name":"Lettuce_romaine_5wk","count":0,"p":0.0},{"label_id":5,"name":"Lettuce_romaine_6wk","count":0,"p":0.0},{"label_id":6,"name":"Lettuce_romaine_7wk","count":0,"p":0.0},{"label_id":10,"name":"class_10","count":16,"p":0.2},{"label_id":11,"name":"class_11","count":0,"p":0.0},{"label_id":12,"name":"class_12","count":0,"p":0.0},{"label_id":13,"name":"class_13","count":1,"p":0.0125},{"label_id":14,"name":"class_14","count":63,"p":0.7875}],[{"label_id":1,"name":"Brocoli_green_weeds_1","count":0,"p":0.0},{"label_id":2,"name":"Corn_senesced_green_weeds","count":0,"p":0.0},{"label_id":3,"name":"Lettuce_romaine_4wk","count":0,"p":0.0},{"label_id":4,"name":"Lettuce_romaine_5wk","count":0,"p":0.0},{"label_id":5,"name":"Lettuce_romaine_6wk","count":0,"p":0.0},{"label_id":6,"name":"Lettuce_romaine_7wk","count":0,"p":0.0},{"label_id":10,"name":"class_10","count":62,"p":0.43356643356643354},{"label_id":11,"name":"class_11","count":3,"p":0.02097902097902098},{"label_id":12,"name":"class_12","count":9,"p":0.06293706293706294},{"label_id":13,"name":"class_13","count":69,"p":0.4825174825174825},{"label_id":14,"name":"class_14","count":0,"p":0.0}],[{"label_id":1,"name":"Brocoli_green_weeds_1","count":0,"p":0.0},{"label_id":2,"name":"Corn_senesced_green_weeds","count":0,"p":0.0},{"label_id":3,"name":"Lettuce_romaine_4wk","count":0,"p":0.0},{"label_id":4,"name":"Lettuce_romaine_5wk","count":0,"p":0.0},{"label_id":5,"name":"Lettuce_romaine_6wk","count":0,"p":0.0},{"label_id":6,"name":"Lettuce_romaine_7wk","count":0,"p":0.0},{"label_id":10,"name":"class_10","count":1,"p":0.07142857142857142},{"label_id":11,"name":"class_11","count":0,"p":0.0},{"label_id":12,"name":"class_12","count":1,"p":0.07142857142857142},{"label_id":13,"name":"class_13","count":12,"p":0.8571428571428571},{"label_id":14,"name":"class_14","count":0,"p":0.0}],[{"label_id":1,"name":"Brocoli_green_weeds_1","count":219,"p":0.5793650793650794},{"label_id":2,"name":"Corn_senesced_green_weeds","count":0,"p":0.0},{"label_id":3,"name":"Lettuce_romaine_4wk","count":0,"p":0.0},{"label_id":4,"name":"Lettuce_romaine_5wk","count":0,"p":0.0},{"label_id":5,"name":"Lettuce_romaine_6wk","count":0,"p":0.0},{"label_id":6,"name":"Lettuce_romaine_7wk","count":0,"p":0.0},{"label_id":10,"name":"class_10","count":3,"p":0.007936507936507936},{"label_id":11,"name":"class_11","count":0,"p":0.0},{"label_id":12,"name":"class_12","count":0,"p":0.0},{"label_id":13,"name":"class_13","count":0,"p":0.0},{"label_id":14,"name":"class_14","count":156,"p":0.4126984126984127}]],"docs_per_topic_dominant":[666,39,80,143,14,378],"perplexity_train":66.7808686959132,"ari_dominant_vs_label":0.29305789378710856,"mean_confidence":0.42919421195983887,"lda_config":{"method":"sklearn.LatentDirichletAllocation online","max_iter":60,"doc_topic_prior":0.45,"topic_word_prior":0.2,"random_state":42,"wordification":"band-frequency","quantization_scale":12,"samples_per_class":220},"dominant_topic_map":{"format":"binary_uint8","shape":[83,86],"sentinel_unlabelled":255,"served_path":"data/derived/band_masks/salinas-a-corrected/vnir/dominant_topic_map.bin"},"theta_grid":{"format":"binary_float32","shape":[83,86,6],"dtype":"float32","sentinel":"all_zero_vector","byte_order":"little_endian","served_path":"data/derived/band_masks/salinas-a-corrected/vnir/theta_grid.bin"},"generated_at":"2026-05-13T02:08:40Z","builder_version":"build_band_masked_topic_models v0.1"}