{"scene_id":"pavia-university","mask_id":"no_water","mask_label":"Water-bands removed (1350-1430 + 1800-1950 + 2480-2500 nm)","mask_description":"Drops atmospheric water-vapour absorption bands. Topics still see VNIR + SWIR but without the noisiest portions.","spatial_shape":[610,340],"topic_count":9,"document_count":1980,"vocabulary_size":103,"n_bands_full":103,"n_bands_kept":103,"kept_band_indices":[0,1,2,3,4,5,6,7,8,9,10,11,12,13,14,15,16,17,18,19,20,21,22,23,24,25,26,27,28,29,30,31,32,33,34,35,36,37,38,39,40,41,42,43,44,45,46,47,48,49,50,51,52,53,54,55,56,57,58,59,60,61,62,63,64,65,66,67,68,69,70,71,72,73,74,75,76,77,78,79,80,81,82,83,84,85,86,87,88,89,90,91,92,93,94,95,96,97,98,99,100,101,102],"wavelengths_nm_kept_first_last":[430.0,860.0],"wavelengths_nm_kept":[430.0,434.22,438.43,442.65,446.86,451.08,455.29,459.51,463.73,467.94,472.16,476.37,480.59,484.8,489.02,493.24,497.45,501.67,505.88,510.1,514.31,518.53,522.75,526.96,531.18,535.39,539.61,543.82,548.04,552.25,556.47,560.69,564.9,569.12,573.33,577.55,581.76,585.98,590.2,594.41,598.63,602.84,607.06,611.27,615.49,619.71,623.92,628.14,632.35,636.57,640.78,645.0,649.22,653.43,657.65,661.86,666.08,670.29,674.51,678.73,682.94,687.16,691.37,695.59,699.8,704.02,708.24,712.45,716.67,720.88,725.1,729.31,733.53,737.75,741.96,746.18,750.39,754.61,758.82,763.04,767.25,771.47,775.69,779.9,784.12,788.33,792.55,796.76,800.98,805.2,809.41,813.63,817.84,822.06,826.27,830.49,834.71,838.92,843.14,847.35,851.57,855.78,860.0],"topic_prevalence":[0.137682,0.117915,0.161422,0.092616,0.056178,0.166975,0.110388,0.057994,0.098831],"topic_distance_cosine":[[0.0,0.026821,0.236341,0.032173,0.161599,0.438642,0.157463,0.148694,0.085093],[0.026821,0.0,0.248816,0.034173,0.139293,0.393618,0.155585,0.132661,0.089624],[0.236341,0.248816,0.0,0.261914,0.370956,0.577057,0.105717,0.355478,0.090749],[0.032173,0.034173,0.261914,0.0,0.105801,0.336678,0.15798,0.100554,0.107354],[0.161599,0.139293,0.370956,0.105801,0.0,0.099349,0.247756,0.033328,0.237433],[0.438642,0.393618,0.577057,0.336678,0.099349,0.0,0.482138,0.129529,0.510661],[0.157463,0.155585,0.105717,0.15798,0.247756,0.482138,0.0,0.239052,0.048476],[0.148694,0.132661,0.355478,0.100554,0.033328,0.129529,0.239052,0.0,0.225126],[0.085093,0.089624,0.090749,0.107354,0.237433,0.510661,0.048476,0.225126,0.0]],"top_words_per_topic_lambda_05":[["0662nm","0620nm","0649nm","0624nm","0675nm","0653nm","0632nm","0628nm","0658nm","0666nm","0637nm","0687nm","0607nm","0700nm","0683nm"],["0637nm","0645nm","0632nm","0641nm","0670nm","0658nm","0704nm","0679nm","0653nm","0691nm","0615nm","0611nm","0624nm","0620nm","0708nm"],["0430nm","0434nm","0438nm","0447nm","0443nm","0451nm","0455nm","0464nm","0468nm","0460nm","0472nm","0535nm","0497nm","0476nm","0489nm"],["0624nm","0653nm","0675nm","0615nm","0641nm","0666nm","0628nm","0649nm","0611nm","0662nm","0683nm","0725nm","0670nm","0637nm","0721nm"],["0843nm","0860nm","0856nm","0839nm","0852nm","0830nm","0793nm","0797nm","0847nm","0776nm","0814nm","0835nm","0771nm","0826nm","0734nm"],["0784nm","0852nm","0843nm","0839nm","0801nm","0847nm","0788nm","0856nm","0835nm","0780nm","0797nm","0830nm","0793nm","0814nm","0805nm"],["0556nm","0548nm","0523nm","0590nm","0544nm","0531nm","0506nm","0565nm","0502nm","0493nm","0573nm","0485nm","0552nm","0514nm","0510nm"],["0742nm","0729nm","0822nm","0738nm","0818nm","0809nm","0780nm","0856nm","0847nm","0826nm","0717nm","0721nm","0805nm","0784nm","0746nm"],["0628nm","0603nm","0645nm","0578nm","0569nm","0696nm","0632nm","0641nm","0476nm","0658nm","0582nm","0687nm","0615nm","0679nm","0691nm"]],"p_label_given_topic_dominant":[[{"label_id":1,"name":"Asphalt","count":139,"p":0.1952247191011236},{"label_id":2,"name":"Meadows","count":19,"p":0.026685393258426966},{"label_id":3,"name":"Gravel","count":211,"p":0.29634831460674155},{"label_id":4,"name":"Trees","count":0,"p":0.0},{"label_id":5,"name":"Painted metal sheets","count":0,"p":0.0},{"label_id":6,"name":"Bare Soil","count":53,"p":0.07443820224719101},{"label_id":7,"name":"Bitumen","count":78,"p":0.10955056179775281},{"label_id":8,"name":"Self-Blocking Bricks","count":206,"p":0.2893258426966292},{"label_id":9,"name":"Shadows","count":6,"p":0.008426966292134831}],[{"label_id":1,"name":"Asphalt","count":13,"p":0.08387096774193549},{"label_id":2,"name":"Meadows","count":6,"p":0.03870967741935484},{"label_id":3,"name":"Gravel","count":6,"p":0.03870967741935484},{"label_id":4,"name":"Trees","count":1,"p":0.0064516129032258064},{"label_id":5,"name":"Painted metal sheets","count":0,"p":0.0},{"label_id":6,"name":"Bare Soil","count":22,"p":0.14193548387096774},{"label_id":7,"name":"Bitumen","count":96,"p":0.6193548387096774},{"label_id":8,"name":"Self-Blocking Bricks","count":11,"p":0.07096774193548387},{"label_id":9,"name":"Shadows","count":0,"p":0.0}],[{"label_id":1,"name":"Asphalt","count":44,"p":0.16117216117216118},{"label_id":2,"name":"Meadows","count":0,"p":0.0},{"label_id":3,"name":"Gravel","count":3,"p":0.01098901098901099},{"label_id":4,"name":"Trees","count":0,"p":0.0},{"label_id":5,"name":"Painted metal sheets","count":28,"p":0.10256410256410256},{"label_id":6,"name":"Bare Soil","count":0,"p":0.0},{"label_id":7,"name":"Bitumen","count":17,"p":0.06227106227106227},{"label_id":8,"name":"Self-Blocking Bricks","count":1,"p":0.003663003663003663},{"label_id":9,"name":"Shadows","count":180,"p":0.6593406593406593}],[{"label_id":1,"name":"Asphalt","count":1,"p":0.1111111111111111},{"label_id":2,"name":"Meadows","count":1,"p":0.1111111111111111},{"label_id":3,"name":"Gravel","count":0,"p":0.0},{"label_id":4,"name":"Trees","count":0,"p":0.0},{"label_id":5,"name":"Painted metal sheets","count":0,"p":0.0},{"label_id":6,"name":"Bare Soil","count":6,"p":0.6666666666666666},{"label_id":7,"name":"Bitumen","count":0,"p":0.0},{"label_id":8,"name":"Self-Blocking Bricks","count":1,"p":0.1111111111111111},{"label_id":9,"name":"Shadows","count":0,"p":0.0}],[{"label_id":1,"name":"Asphalt","count":0,"p":0.0},{"label_id":2,"name":"Meadows","count":15,"p":0.39473684210526316},{"label_id":3,"name":"Gravel","count":0,"p":0.0},{"label_id":4,"name":"Trees","count":0,"p":0.0},{"label_id":5,"name":"Painted metal sheets","count":0,"p":0.0},{"label_id":6,"name":"Bare Soil","count":23,"p":0.6052631578947368},{"label_id":7,"name":"Bitumen","count":0,"p":0.0},{"label_id":8,"name":"Self-Blocking Bricks","count":0,"p":0.0},{"label_id":9,"name":"Shadows","count":0,"p":0.0}],[{"label_id":1,"name":"Asphalt","count":1,"p":0.00199203187250996},{"label_id":2,"name":"Meadows","count":154,"p":0.30677290836653387},{"label_id":3,"name":"Gravel","count":0,"p":0.0},{"label_id":4,"name":"Trees","count":219,"p":0.4362549800796813},{"label_id":5,"name":"Painted metal sheets","count":0,"p":0.0},{"label_id":6,"name":"Bare Soil","count":96,"p":0.19123505976095617},{"label_id":7,"name":"Bitumen","count":0,"p":0.0},{"label_id":8,"name":"Self-Blocking Bricks","count":0,"p":0.0},{"label_id":9,"name":"Shadows","count":32,"p":0.06374501992031872}],[{"label_id":1,"name":"Asphalt","count":4,"p":0.018691588785046728},{"label_id":2,"name":"Meadows","count":0,"p":0.0},{"label_id":3,"name":"Gravel","count":0,"p":0.0},{"label_id":4,"name":"Trees","count":0,"p":0.0},{"label_id":5,"name":"Painted metal sheets","count":192,"p":0.897196261682243},{"label_id":6,"name":"Bare Soil","count":0,"p":0.0},{"label_id":7,"name":"Bitumen","count":17,"p":0.0794392523364486},{"label_id":8,"name":"Self-Blocking Bricks","count":0,"p":0.0},{"label_id":9,"name":"Shadows","count":1,"p":0.004672897196261682}],[{"label_id":1,"name":"Asphalt","count":0,"p":0.0},{"label_id":2,"name":"Meadows","count":25,"p":0.5555555555555556},{"label_id":3,"name":"Gravel","count":0,"p":0.0},{"label_id":4,"name":"Trees","count":0,"p":0.0},{"label_id":5,"name":"Painted metal sheets","count":0,"p":0.0},{"label_id":6,"name":"Bare Soil","count":20,"p":0.4444444444444444},{"label_id":7,"name":"Bitumen","count":0,"p":0.0},{"label_id":8,"name":"Self-Blocking Bricks","count":0,