{"subset_code":"GEOCHEM","mask_id":"top_50_fisher","mask_label":"Top-50 between-covariate variance bands","mask_description":"Top-50 bands by between-covariate variance ratio. HIDSAG analogue of the labelled-scene Fisher selector \u2014 replaces Fisher discriminant on labels with between-covariate-group variance share.","modality":"swir_low","topic_count":5,"document_count":106,"vocabulary_size":50,"n_bands_full":268,"n_bands_kept":50,"kept_band_indices":[71,72,73,74,162,163,164,165,166,167,168,169,170,171,172,173,174,175,176,210,211,212,213,214,215,216,217,240,246,247,248,249,250,251,252,253,254,255,256,257,258,259,260,261,262,263,264,265,266,267],"wavelengths_nm_kept_first_last":[1401.58,2499.26],"wavelengths_nm_kept":[1401.58,1407.23,1412.87,1418.52,1913.73,1919.34,1924.95,1930.55,1936.16,1941.76,1947.37,1952.97,1958.58,1964.18,1969.78,1975.39,1980.99,1986.59,1992.19,2182.28,2187.86,2193.44,2199.01,2204.59,2210.17,2215.75,2221.32,2349.4,2382.75,2388.3,2393.86,2399.41,2404.97,2410.52,2416.07,2421.62,2427.17,2432.72,2438.27,2443.82,2449.37,2454.92,2460.46,2466.01,2471.55,2477.1,2482.64,2488.18,2493.72,2499.26],"topic_prevalence":[0.239076,0.005558,0.177858,0.280865,0.296644],"topic_distance_cosine":[[0.0,0.016518,0.018653,0.022993,0.035294],[0.016518,0.0,0.017879,0.022815,0.022269],[0.018653,0.017879,0.0,0.032005,0.034897],[0.022993,0.022815,0.032005,0.0,0.030085],[0.035294,0.022269,0.034897,0.030085,0.0]],"top_words_per_topic_lambda_05":[["swir_1914nm","swir_1919nm","swir_1936nm","swir_1953nm","swir_1959nm","swir_1402nm","swir_1964nm","swir_1987nm","swir_1931nm","swir_1975nm","swir_1970nm","swir_1925nm","swir_1981nm","swir_1407nm","swir_1419nm"],["swir_2182nm","swir_1919nm","swir_1942nm","swir_1964nm","swir_1413nm","swir_2210nm","swir_1936nm","swir_1419nm","swir_1970nm","swir_2205nm","swir_1987nm","swir_2472nm","swir_2483nm","swir_1953nm","swir_2399nm"],["swir_2388nm","swir_1964nm","swir_1936nm","swir_1402nm","swir_2210nm","swir_2416nm","swir_1931nm","swir_1953nm","swir_1970nm","swir_1919nm","swir_1407nm","swir_2383nm","swir_1925nm","swir_2394nm","swir_2216nm"],["swir_1413nm","swir_1947nm","swir_1419nm","swir_1407nm","swir_1914nm","swir_1992nm","swir_1925nm","swir_1959nm","swir_2427nm","swir_2460nm","swir_2455nm","swir_2193nm","swir_1931nm","swir_1981nm","swir_1975nm"],["swir_2499nm","swir_2494nm","swir_2199nm","swir_2188nm","swir_2182nm","swir_2399nm","swir_2349nm","swir_1936nm","swir_2477nm","swir_2405nm","swir_2422nm","swir_2483nm","swir_2433nm","swir_1942nm","swir_2466nm"]],"p_covariate_given_topic_dominant":[[{"covariate":"coarse","count":18,"p":0.9473684210526315},{"covariate":"fine","count":1,"p":0.05263157894736842}],[],[{"covariate":"coarse","count":2,"p":1.0},{"covariate":"fine","count":0,"p":0.0}],[{"covariate":"fine","count":21,"p":0.65625},{"covariate":"coarse","count":11,"p":0.34375}],[{"covariate":"fine","count":34,"p":0.6415094339622641},{"covariate":"coarse","count":19,"p":0.3584905660377358}]],"docs_per_topic_dominant":[19,0,2,32,53],"perplexity_train":53.19673447489666,"mean_confidence":0.38544726371765137,"doc_names":["GCH-0001__m0__01","GCH-0001__m1__02","GCH-0001__m2__03","GCH-0001__m3__04","GCH-0002__m0__01","GCH-0002__m1__02","GCH-0002__m2__03","GCH-0002__m3__04","GCH-0003__m0__01","GCH-0003__m1__02","GCH-0003__m2__03","GCH-0003__m3__04","GCH-0004__m0__01","GCH-0004__m1__02","GCH-0004__m2__03","GCH-0004__m3__04","GCH-0005__m0__01","GCH-0005__m1__02","GCH-0005__m2__03","GCH-0005__m3__04","GCH-0006__m0__01","GCH-0006__m1__02","GCH-0006__m2__03","GCH-0006__m3__04","GCH-0007__m0__01","GCH-0007__m1__02","GCH-0007__m2__03","GCH-0007__m3__04","GCH-0008__m0__01","GCH-0008__m1__02","GCH-0008__m2__03","GCH-0008__m3__04","GCH-0009__m0__01","GCH-0009__m1__02","GCH-0009__m2__03","GCH-0009__m3__04","GCH-0010__m0__01","GCH-0010__m1__02","GCH-0010__m2__03","GCH-0010__m3__04","GCH-0011__m0__01","GCH-0011__m1__02","GCH-0011__m2__03","GCH-0011__m3__04","GCH-0012__m0__01","GCH-0012__m1__02","GCH-0012__m2__03","GCH-0012__m3__04","GCH-0013__m0__01","GCH-0013__m1__02","GCH-0013__m2__03","GCH-0013__m3__04","GCH-0014__m0__01","GCH-0014__m1__02","GCH-0014__m2__03","GCH-0014__m3__04","GCH-0015__m0__01","GCH-0015__m1__02","GCH-0015__m2__03","GCH-0015__m3__04","GCH-0016__m0__01","GCH-0016__m1__02","GCH-0016__m2__03","GCH-0016__m3__04","GCH-0017__m0__01","GCH-0017__m1__02","GCH-0017__m2__03","GCH-0017__m3__04","GCH-0018__m0__01","GCH-0018__m1__02","GCH-0018__m2__03","GCH-0018__m3__04","GCH-0019__m0__01","GCH-0019__m1__02","GCH-0019__m2__03","GCH-0019__m3__04","GCH-0020__m0__01","GCH-0020__m1__02","GCH-0020__m2__03","GCH-0020__m3__04","GCH-0021__m0__01","GCH-0021__m1__02","GCH-0021__m2__03","GCH-0021__m3__04","GCH-0022__m0__01","GCH-0022__m1__02","GCH-0022__m2__03","GCH-0022__m3__04","GCH-0023__m0__01","GCH-0023__m1__02","GCH-0024__m0__01","GCH-0024__m1__02","GCH-0024__m2__03","GCH-0024__m3__04","GCH-0025__m0__01","GCH-0025__m1__02","GCH-0025__m2__03","GCH-0025__m3__04","GCH-0026__m0__01","GCH-0026__m1__02","GCH-0026__m2__03","GCH-0026__m3__04","GCH-0027__m0__01","GCH-0027__m1__02","GCH-0028__m0__01","GCH-0028__m1__02"],"sample_names":["GCH-0001","GCH-0001","GCH-0001","GCH-0001","GCH-0002","GCH-0002","GCH-0002","GCH-0002","GCH-0003","GCH-0003","GCH-0003","GCH-0003","GCH-0004","GCH-0004","GCH-0004","GCH-0004","GCH-0005","GCH-0005","GCH-0005","GCH-0005","GCH-0006","GCH-0006","GCH-0006","GCH-0006","GCH-0007","GCH-0007","GCH-0007","GCH-0007","GCH-0008","GCH-0008","GCH-0008","GCH-0008","GCH-0009","GCH-0009","GCH-0009","GCH-0009","GCH-0010","GCH-0010","GCH-0010","GCH-0010","GCH-0011","GCH-0011","GCH-0011","GCH-0011","GCH-0012","GCH-0012","GCH-0012","GCH-0012","GCH-0013","GCH-0013","GCH-0013","GCH-0013","GCH-0014","GCH-0014","GCH-0014","GCH-0014","GCH-0015","GCH-0015","GCH-0015","GCH-0015","GCH-0016","GCH-0016","GCH-0016","GCH-0016","GCH-0017","GCH-0017","GCH-0017","GCH-0017","GCH-0018","GCH-0018","GCH-0018","GCH-0018","GCH-0019","GCH-0019","GCH-0019","GCH-0019","GCH-0020","GCH-0020","GCH-0020","GCH-0020","GCH-0021","GCH-0021","GCH-0021","GCH-0021","GCH-0022","GCH-0022","GCH-0022","GCH-0022","GCH-0023","GCH-0023","GCH-0024","GCH-0024","GCH-0024","GCH-0024","GCH-0025","GCH-0025","GCH-0025","GCH-0025","GCH-0026","GCH-0026","GCH-0026","GCH-0026","GCH-0027","GCH-0027","GCH-0028","GCH-0028"],"covariates":["coarse","coarse","fine","fine","coarse","coarse","fine","fine","coarse","coarse","fine","fine","coarse","coarse","fine","fine","coarse","coarse","fine","fine","coarse","coarse","fine","fine","coarse","coarse","fine","fine","coarse","coarse","fine","fine","coarse","coarse","fine","fine","coarse","coarse","fine","fine","coarse","coarse","fine","fine","coarse","coarse","fine","fine","coarse","coarse","fine","fine","coarse","coarse","fine","fine","coarse","coarse","fine","fine","coarse","coarse","fine","fine","coarse","coarse","fine","fine","coarse","coarse","fine","fine","coarse","coarse","fine","fine","coarse","coarse","fine","fine","coarse","coarse","fine","fine","coarse","coarse","fine","fine","fine","fine","coarse","coarse","fine","fine","coarse","coarse","fine","fine","coarse","coarse","fine","fine","fine","fine","fine","fine"],