{"scene_id":"botswana","topic_count":12,"library_sensor_subset":"AVIRIS-Classic 1997 convolution","library_sample_names":["Asphalt GDS376 Blck Road old ASDFRa AREF","Concrete GDS375 Lt Gry Road","Goethite Thin Film WS222","Hematite Coatd Qtz BR93-25B","Alunite AL706 Na100","Ammonio-Illite/Smect GDS87","Calcite CO2004","Chlorite HS179.1B","Dolomite COD2005","Kaolinite CM3","Montmorillonite CM20","Muscovite CU93-1 low-Al Phyl","Antigorite+.2DryGrass"],"library_sample_groups":["urban material","urban material","oxide","oxide","alteration mineral","clay","carbonate","phyllosilicate","carbonate","clay","clay","mica / phyllosilicate","vegetation"],"library_sample_count":13,"topic_x_library_cosine":[[0.447208,0.631152,0.613331,0.435515,0.776998,0.87442,0.770678,0.48038,0.687677,0.77931,0.76644,0.751062,0.864108],[0.504821,0.691655,0.656989,0.487042,0.835741,0.903674,0.828101,0.547331,0.75559,0.832481,0.789632,0.818192,0.91116],[0.489234,0.691174,0.675617,0.471655,0.836941,0.916827,0.820366,0.528402,0.747938,0.83453,0.815821,0.789904,0.916743],[0.53824,0.721919,0.693902,0.542778,0.861822,0.940564,0.850567,0.574093,0.779681,0.863795,0.845319,0.842346,0.932942],[0.366355,0.581321,0.543745,0.328437,0.732445,0.830226,0.729926,0.414457,0.644681,0.725381,0.696118,0.713694,0.843839],[0.498833,0.706582,0.664764,0.44224,0.819853,0.881818,0.806588,0.543737,0.745651,0.808423,0.792628,0.79023,0.899727],[0.575042,0.764686,0.728237,0.542982,0.868001,0.926288,0.871945,0.616161,0.817689,0.870622,0.859585,0.856278,0.94254],[0.347147,0.571584,0.531716,0.28128,0.711503,0.807097,0.703782,0.397804,0.628819,0.707158,0.681635,0.682226,0.82292],[0.470218,0.667892,0.649081,0.453323,0.815303,0.906067,0.801327,0.507143,0.723222,0.815447,0.800525,0.777599,0.900659],[0.279511,0.481015,0.442009,0.218126,0.629909,0.74182,0.634885,0.324784,0.544345,0.631553,0.596889,0.623737,0.751116],[0.434007,0.619165,0.606807,0.412415,0.763917,0.860336,0.751533,0.465523,0.673027,0.768572,0.760121,0.721619,0.849125],[0.169096,0.34422,0.278827,0.104698,0.481455,0.581257,0.507429,0.219958,0.41292,0.475276,0.411699,0.522395,0.608125]],"topic_x_library_sam_radians":[[1.107155,0.887759,0.910525,1.120186,0.680913,0.506557,0.690892,1.069708,0.812511,0.677233,0.697516,0.721127,0.527421],[1.041622,0.807019,0.853979,1.062097,0.581316,0.442523,0.595085,0.991624,0.714242,0.587226,0.660588,0.612536,0.424705],[1.059585,0.807684,0.828995,1.07963,0.579127,0.410737,0.608746,1.014079,0.725846,0.583517,0.616649,0.660144,0.410948],[1.002449,0.764225,0.803902,0.997056,0.531944,0.34651,0.553734,0.9593,0.67664,0.528042,0.563635,0.569174,0.368297],[1.195708,0.950445,0.995903,1.236148,0.74889,0.591284,0.752582,1.143451,0.870191,0.759208,0.80082,0.776039,0.566399],[1.048544,0.78614,0.843619,1.112702,0.609642,0.491092,0.63244,0.995913,0.729285,0.629329,0.65569,0.659612,0.451652],[0.958141,0.700242,0.75505,0.996813,0.519633,0.386356,0.511635,0.906937,0.613411,0.514332,0.53634,0.542776,0.340644],[1.216269,0.962361,1.01017,1.285669,0.779161,0.631577,0.790089,1.161675,0.890763,0.785326,0.820801,0.819994,0.604264],[1.081258,0.839423,0.864421,1.100306,0.617544,0.436901,0.641286,1.03893,0.76234,0.617295,0.642626,0.679958,0.449512],[1.287512,1.068984,1.112959,1.350902,0.88936,0.735015,0.882937,1.240013,0.995188,0.887242,0.931178,0.897282,0.721046],[1.121861,0.903117,0.91876,1.145693,0.701434,0.534868,0.720414,1.08657,0.832502,0.694191,0.707296,0.764658,0.556469],[1.400884,1.219389,1.288224,1.465906,1.068482,0.950524,1.038598,1.349025,1.145138,1.075519,1.146478,1.021139,0.9171]],"top_n_per_topic":[[{"rank":0,"library_sample_id":"aviris1997-ammonio-illite-smect-gds87","name":"Ammonio-Illite/Smect GDS87","group":"clay","cosine":0.87442,"sam_radians":0.506557},{"rank":1,"library_sample_id":"aviris1997-antigorite-2drygrass","name":"Antigorite+.2DryGrass","group":"vegetation","cosine":0.864108,"sam_radians":0.527421},{"rank":2,"library_sample_id":"aviris1997-kaolinite-cm3","name":"Kaolinite CM3","group":"clay","cosine":0.77931,"sam_radians":0.677233},{"rank":3,"library_sample_id":"aviris1997-alunite-al706-na100","name":"Alunite AL706 Na100","group":"alteration mineral","cosine":0.776998,"sam_radians":0.680913},{"rank":4,"library_sample_id":"aviris1997-calcite-co2004","name":"Calcite CO2004","group":"carbonate","cosine":0.770678,"sam_radians":0.690892}],[{"rank":0,"library_sample_id":"aviris1997-antigorite-2drygrass","name":"Antigorite+.2DryGrass","group":"vegetation","cosine":0.91116,"sam_radians":0.424705},{"rank":1,"library_sample_id":"aviris1997-ammonio-illite-smect-gds87","name":"Ammonio-Illite/Smect GDS87","group":"clay","cosine":0.903674,"sam_radians":0.442523},{"rank":2,"library_sample_id":"aviris1997-alunite-al706-na100","name":"Alunite AL706 Na100","group":"alteration mineral","cosine":0.835741,"sam_radians":0.581316},{"rank":3,"library_sample_id":"aviris1997-kaolinite-cm3","name":"Kaolinite CM3","group":"clay","cosine":0.832481,"sam_radians":0.587226},{"rank":4,"library_sample_id":"aviris1997-calcite-co2004","name":"Calcite CO2004","group":"carbonate","cosine":0.828101,"sam_radians":0.595085}],[{"rank":0,"library_sample_id":"aviris1997-ammonio-illite-smect-gds87","name":"Ammonio-Illite/Smect GDS87","group":"clay","cosine":0.916827,"sam_radians":0.410737},{"rank":1,"library_sample_id":"aviris1997-antigorite-2drygrass","name":"Antigorite+.2DryGrass","group":"vegetation","cosine":0.916743,"sam_radians":0.410948},{"rank":2,"library_sample_id":"aviris1997-alunite-al706-na100","name":"Alunite AL706 Na100","group":"alteration mineral","cosine":0.836941,"sam_radians":0.579127},{"rank":3,"library_sample_id":"aviris1997-kaolinite-cm3","name":"Kaolinite CM3","group":"clay","cosine":0.83453,"sam_radians":0.583517},{"rank":4,"library_sample_id":"aviris1997-calcite-co2004","name":"Calcite CO2004","group":"carbonate","cosine":0.820366,"sam_radians":0.608746}],[{"rank":0,"library_sample_id":"aviris1997-ammonio-illite-smect-gds87","name":"Ammonio-Illite/Smect GDS87","group":"clay","cosine":0.940564,"sam_radians":0.34651},{"rank":1,"library_sample_id":"aviris1997-antigorite-2drygrass","name":"Antigorite+.2DryGrass","group":"vegetation","cosine":0.932942,"sam_radians":0.368297},{"rank":2,"library_sample_id":"aviris1997-kaolinite-cm3","name":"Kaolinite CM3","group":"clay","cosine":0.863795,"sam_radians":0.528042},{"rank":3,"library_sample_id":"aviris1997-alunite-al706-na100","name":"Alunite AL706 Na100","group":"alteration mineral","cosine":0.861822,"sam_radians":0.531944},{"rank":4,"library_sample_id":"aviris1997-calcite-co2004","name":"Calcite CO2004","group":"carbonate","cosine":0.850567,"sam_radians":0.553734}],[{"rank":0,"library_sample_id":"aviris1997-antigorite-2drygrass","name":"Antigorite+.2DryGrass","group":"vegetation","cosine":0.843839,"sam_radians":0.566399},{"rank":1,"library_sample_id":"aviris1997-ammonio-illite-smect-gds87","name":"Ammonio-Illite/Smect GDS87","group":"clay","cosine":0.830226,"sam_radians":0.591284},{"rank":2,"library_sample_id":"aviris1997-alunite-al706-na100","name":"Alunite AL706 Na100","group":"alteration mineral","cosine":0.732445,"sam_radians":0.74889},{"rank":3,"library_sample_id":"aviris1997-calcite-co2004","name":"Calcite CO2004","group":"carbonate","cosine":0.729926,"sam_radians":0.752582},{"rank":4,"library_sample_id":"aviris1997-kaolinite-cm3","name":"Kaolinite CM3","group":"clay","cosine":0.725381,"sam_radians":0.759208}],[{"rank":0,"library_sample_id":"aviris1997-antigorite-2drygrass","name":"Antigorite+.2DryGrass","group":"vegetation","cosine":0.899727,"sam_radians":0.451652},{"rank":1,"library_sample_id":"aviris1997-ammonio-illite-smect-gds87","name":"Ammonio-Illite/Smect GDS87","group":"clay","cosine":0.881818,"sam_radians":0.491092},{"rank":2,"library_sample_id":"aviris1997-alunite-al706-na100","name":"Alunite AL706 Na100","group":"alteration mineral","cosine":0.819853,"sam_radians":0.609642},{"rank":3,"library_sample_id":"aviris1997-kaolinite-cm3","name":"Kaolinite CM3","group":"clay",