{"scene_id":"indian-pines-corrected","topic_count":12,"library_sensor_subset":"AVIRIS-Classic 1997 convolution","library_sample_names":["Asphalt GDS376 Blck Road old ASDFRa AREF","Concrete GDS375 Lt Gry Road","Goethite Thin Film WS222","Hematite Coatd Qtz BR93-25B","Alunite AL706 Na100","Ammonio-Illite/Smect GDS87","Calcite CO2004","Chlorite HS179.1B","Dolomite COD2005","Kaolinite CM3","Montmorillonite CM20","Muscovite CU93-1 low-Al Phyl","Antigorite+.2DryGrass"],"library_sample_groups":["urban material","urban material","oxide","oxide","alteration mineral","clay","carbonate","phyllosilicate","carbonate","clay","clay","mica / phyllosilicate","vegetation"],"library_sample_count":13,"topic_x_library_cosine":[[0.462399,0.664854,0.634395,0.451097,0.810069,0.893374,0.787554,0.50225,0.716631,0.805655,0.803281,0.770474,0.890828],[0.446083,0.654415,0.62415,0.421853,0.799238,0.885474,0.775783,0.487058,0.706157,0.79687,0.794765,0.754659,0.883944],[0.450347,0.648109,0.618654,0.44076,0.796441,0.883805,0.778674,0.489062,0.701907,0.792004,0.787866,0.761345,0.880436],[0.405961,0.603332,0.582789,0.374504,0.747672,0.841891,0.729135,0.442068,0.65602,0.748819,0.748049,0.703016,0.836416],[0.503227,0.697365,0.660229,0.482301,0.826291,0.892509,0.817162,0.542725,0.75218,0.826668,0.820372,0.802,0.901912],[0.411266,0.613256,0.568367,0.395059,0.764299,0.850298,0.75476,0.456896,0.672599,0.754819,0.735622,0.745343,0.85938],[0.492515,0.698805,0.657206,0.443907,0.813421,0.884411,0.811364,0.537781,0.75106,0.812586,0.806903,0.789371,0.903999],[0.461677,0.664162,0.625903,0.444746,0.806104,0.884798,0.792236,0.504682,0.720425,0.801363,0.791273,0.780729,0.891013],[0.408935,0.593798,0.588397,0.385116,0.732741,0.826028,0.711275,0.437957,0.641971,0.735583,0.745669,0.678846,0.813112],[0.500653,0.699064,0.665808,0.473887,0.824161,0.897164,0.815172,0.540636,0.752427,0.8264,0.823665,0.79725,0.905157],[0.454197,0.659789,0.625837,0.442093,0.80525,0.88724,0.786806,0.496401,0.714578,0.8001,0.793487,0.769663,0.889796],[0.325924,0.5526,0.499264,0.270515,0.697942,0.790487,0.689308,0.380548,0.61214,0.689457,0.661795,0.678163,0.812091]],"topic_x_library_sam_radians":[[1.090098,0.843498,0.883571,1.102802,0.626526,0.465998,0.663967,1.044597,0.771837,0.634015,0.638013,0.691212,0.471632],[1.108413,0.857388,0.896754,1.135309,0.644769,0.483284,0.682842,1.062079,0.786741,0.648699,0.652176,0.715662,0.486567],[1.103643,0.865698,0.903768,1.114352,0.649409,0.486862,0.678247,1.059782,0.792725,0.656712,0.663461,0.705412,0.494014],[1.152766,0.923124,0.94864,1.186935,0.726247,0.570019,0.753739,1.112893,0.855262,0.724518,0.725679,0.791166,0.580085],[1.043468,0.799083,0.849673,1.067517,0.598306,0.467918,0.614326,0.997118,0.719432,0.597636,0.608735,0.640161,0.446621],[1.146954,0.91062,0.966277,1.164664,0.700843,0.554245,0.715509,1.096293,0.833082,0.715418,0.744211,0.729747,0.536739],[1.055819,0.797071,0.85369,1.110842,0.620787,0.485566,0.624315,1.002993,0.721131,0.622221,0.631907,0.661012,0.441763],[1.090911,0.844424,0.894508,1.109906,0.633257,0.484736,0.656331,1.041783,0.766382,0.641226,0.657909,0.674964,0.471226],[1.14951,0.935026,0.941722,1.175463,0.748455,0.598773,0.779485,1.117472,0.87373,0.74427,0.729257,0.824606,0.621317],[1.046443,0.796709,0.84222,1.077097,0.602076,0.457489,0.61777,0.999603,0.719057,0.598112,0.602952,0.64807,0.439046],[1.099326,0.850258,0.894593,1.112865,0.6347,0.479469,0.66518,1.051349,0.774776,0.643335,0.654279,0.692483,0.473899],[1.238807,0.985316,1.048047,1.296868,0.798276,0.659192,0.810263,1.180408,0.912032,0.810058,0.847586,0.825536,0.623069]],"top_n_per_topic":[[{"rank":0,"library_sample_id":"aviris1997-ammonio-illite-smect-gds87","name":"Ammonio-Illite/Smect GDS87","group":"clay","cosine":0.893374,"sam_radians":0.465998},{"rank":1,"library_sample_id":"aviris1997-antigorite-2drygrass","name":"Antigorite+.2DryGrass","group":"vegetation","cosine":0.890828,"sam_radians":0.471632},{"rank":2,"library_sample_id":"aviris1997-alunite-al706-na100","name":"Alunite AL706 Na100","group":"alteration mineral","cosine":0.810069,"sam_radians":0.626526},{"rank":3,"library_sample_id":"aviris1997-kaolinite-cm3","name":"Kaolinite CM3","group":"clay","cosine":0.805655,"sam_radians":0.634015},{"rank":4,"library_sample_id":"aviris1997-montmorillonite-cm20","name":"Montmorillonite CM20","group":"clay","cosine":0.803281,"sam_radians":0.638013}],[{"rank":0,"library_sample_id":"aviris1997-ammonio-illite-smect-gds87","name":"Ammonio-Illite/Smect GDS87","group":"clay","cosine":0.885474,"sam_radians":0.483284},{"rank":1,"library_sample_id":"aviris1997-antigorite-2drygrass","name":"Antigorite+.2DryGrass","group":"vegetation","cosine":0.883944,"sam_radians":0.486567},{"rank":2,"library_sample_id":"aviris1997-alunite-al706-na100","name":"Alunite AL706 Na100","group":"alteration mineral","cosine":0.799238,"sam_radians":0.644769},{"rank":3,"library_sample_id":"aviris1997-kaolinite-cm3","name":"Kaolinite CM3","group":"clay","cosine":0.79687,"sam_radians":0.648699},{"rank":4,"library_sample_id":"aviris1997-montmorillonite-cm20","name":"Montmorillonite CM20","group":"clay","cosine":0.794765,"sam_radians":0.652176}],[{"rank":0,"library_sample_id":"aviris1997-ammonio-illite-smect-gds87","name":"Ammonio-Illite/Smect GDS87","group":"clay","cosine":0.883805,"sam_radians":0.486862},{"rank":1,"library_sample_id":"aviris1997-antigorite-2drygrass","name":"Antigorite+.2DryGrass","group":"vegetation","cosine":0.880436,"sam_radians":0.494014},{"rank":2,"library_sample_id":"aviris1997-alunite-al706-na100","name":"Alunite AL706 Na100","group":"alteration mineral","cosine":0.796441,"sam_radians":0.649409},{"rank":3,"library_sample_id":"aviris1997-kaolinite-cm3","name":"Kaolinite CM3","group":"clay","cosine":0.792004,"sam_radians":0.656712},{"rank":4,"library_sample_id":"aviris1997-montmorillonite-cm20","name":"Montmorillonite CM20","group":"clay","cosine":0.787866,"sam_radians":0.663461}],[{"rank":0,"library_sample_id":"aviris1997-ammonio-illite-smect-gds87","name":"Ammonio-Illite/Smect GDS87","group":"clay","cosine":0.841891,"sam_radians":0.570019},{"rank":1,"library_sample_id":"aviris1997-antigorite-2drygrass","name":"Antigorite+.2DryGrass","group":"vegetation","cosine":0.836416,"sam_radians":0.580085},{"rank":2,"library_sample_id":"aviris1997-kaolinite-cm3","name":"Kaolinite CM3","group":"clay","cosine":0.748819,"sam_radians":0.724518},{"rank":3,"library_sample_id":"aviris1997-montmorillonite-cm20","name":"Montmorillonite CM20","group":"clay","cosine":0.748049,"sam_radians":0.725679},{"rank":4,"library_sample_id":"aviris1997-alunite-al706-na100","name":"Alunite AL706 Na100","group":"alteration mineral","cosine":0.747672,"sam_radians":0.726247}],[{"rank":0,"library_sample_id":"aviris1997-antigorite-2drygrass","name":"Antigorite+.2DryGrass","group":"vegetation","cosine":0.901912,"sam_radians":0.446621},{"rank":1,"library_sample_id":"aviris1997-ammonio-illite-smect-gds87","name":"Ammonio-Illite/Smect GDS87","group":"clay","cosine":0.892509,"sam_radians":0.467918},{"rank":2,"library_sample_id":"aviris1997-kaolinite-cm3","name":"Kaolinite CM3","group":"clay","cosine":0.826668,"sam_radians":0.597636},{"rank":3,"library_sample_id":"aviris1997-alunite-al706-na100","name":"Alunite AL706 Na100","group":"alteration mineral","cosine":0.826291,"sam_radians":0.598306},{"rank":4,"library_sample_id":"aviris1997-montmorillonite-cm20","name":"Montmorillonite CM20","group":"clay","cosine":0.820372,"sam_radians":0.608735}],[{"rank":0,"library_sample_id":"aviris1997-antigorite-2drygrass","name":"Antigorite+.2DryGrass","group":"vegetation","cosine":0.85938,"sam_radians":0.536739},{"rank":1,"library_sample_id":"aviris1997-ammonio-illite-smect-gds87","name":"Ammonio-Illite/Smect GDS87","group":"clay","cosine":0.850298,"sam_radians":0.554245},{"rank":2,"library_sample_id":"aviris1997-alunite-al706-na100","name":"Alunite AL706 Na100","group":"alteration mineral","cosine":0.764299,"sam_radians":0.700843},{"rank":3,"library_sample_id":"aviris1997-kaolinite-cm3",