{"scene_id":"kennedy-space-center","topic_count":12,"library_sensor_subset":"AVIRIS-Classic 1997 convolution","library_sample_names":["Asphalt GDS376 Blck Road old ASDFRa AREF","Concrete GDS375 Lt Gry Road","Goethite Thin Film WS222","Hematite Coatd Qtz BR93-25B","Alunite AL706 Na100","Ammonio-Illite/Smect GDS87","Calcite CO2004","Chlorite HS179.1B","Dolomite COD2005","Kaolinite CM3","Montmorillonite CM20","Muscovite CU93-1 low-Al Phyl","Antigorite+.2DryGrass"],"library_sample_groups":["urban material","urban material","oxide","oxide","alteration mineral","clay","carbonate","phyllosilicate","carbonate","clay","clay","mica / phyllosilicate","vegetation"],"library_sample_count":13,"topic_x_library_cosine":[[0.91865,0.977208,0.960666,0.874256,0.949514,0.887469,0.972712,0.937557,0.968498,0.934417,0.920143,0.946131,0.918847],[0.038778,0.041251,0.040552,0.036905,0.056364,0.092291,0.093853,0.039576,0.062562,0.057542,0.038843,0.116734,0.092236],[0.281198,0.259466,0.269297,0.239998,0.218064,0.174561,0.243231,0.287063,0.24802,0.214363,0.190658,0.218497,0.190489],[0.117779,0.085875,0.112485,0.08175,0.033261,0.028131,0.047973,0.122011,0.044122,0.030899,0.038963,0.029201,0.029129],[0.91865,0.977208,0.960666,0.874255,0.949513,0.887469,0.972712,0.937557,0.968498,0.934417,0.920143,0.946131,0.918847],[0.918649,0.977208,0.960666,0.874255,0.949514,0.88747,0.972712,0.937556,0.968498,0.934417,0.920144,0.946131,0.918848],[0.91865,0.977208,0.960666,0.874255,0.949512,0.887468,0.972711,0.937557,0.968497,0.934416,0.920142,0.94613,0.918847],[0.918649,0.977208,0.960666,0.874255,0.949513,0.887469,0.972712,0.937556,0.968498,0.934417,0.920144,0.946131,0.918848],[0.107555,0.081091,0.086404,0.083158,0.07774,0.035175,0.075606,0.108779,0.086441,0.075087,0.037402,0.086703,0.046956],[0.918649,0.977208,0.960666,0.874255,0.949514,0.88747,0.972712,0.937556,0.968498,0.934417,0.920144,0.946131,0.918848],[0.112265,0.106104,0.112552,0.078985,0.019727,0.015763,0.024247,0.112201,0.024128,0.019907,0.02949,0.023026,0.086832],[0.321348,0.313355,0.304267,0.293469,0.284575,0.233833,0.30518,0.323275,0.316658,0.289056,0.269528,0.310737,0.259943]],"topic_x_library_sam_radians":[[0.406147,0.21391,0.281405,0.506896,0.319115,0.478973,0.23415,0.355258,0.251669,0.364178,0.402351,0.329726,0.405647],[1.532009,1.529534,1.530233,1.533883,1.514403,1.478374,1.476805,1.53121,1.508194,1.513223,1.531944,1.453795,1.478429],[1.285754,1.308327,1.298133,1.328433,1.350966,1.395336,1.325101,1.279637,1.320161,1.354757,1.378964,1.350523,1.379136],[1.452743,1.484815,1.458073,1.488955,1.537529,1.542661,1.522805,1.44848,1.52666,1.539892,1.531823,1.541591,1.541663],[0.406147,0.213909,0.281405,0.506898,0.319116,0.478973,0.23415,0.355258,0.251669,0.364179,0.40235,0.329728,0.405647],[0.406149,0.21391,0.281405,0.506896,0.319115,0.478971,0.234149,0.35526,0.251669,0.364177,0.402348,0.329726,0.405645],[0.406147,0.21391,0.281405,0.506897,0.319118,0.478975,0.234154,0.355258,0.251673,0.364181,0.402352,0.329729,0.405647],[0.406149,0.21391,0.281406,0.506897,0.319115,0.478972,0.23415,0.35526,0.25167,0.364178,0.402349,0.329727,0.405646],[1.463033,1.489616,1.484284,1.487542,1.492977,1.535614,1.495118,1.461802,1.484247,1.495638,1.533385,1.483984,1.523823],[0.406149,0.21391,0.281406,0.506898,0.319115,0.478971,0.234149,0.35526,0.251669,0.364177,0.402348,0.329726,0.405645],[1.458295,1.464492,1.458005,1.491729,1.551068,1.555033,1.546547,1.458359,1.546665,1.550888,1.541302,1.547768,1.483855],[1.243643,1.252072,1.261628,1.272942,1.282233,1.334778,1.260669,1.241608,1.248592,1.277556,1.297894,1.254828,1.307833]],"top_n_per_topic":[[{"rank":0,"library_sample_id":"aviris1997-concrete-gds375-lt-gry-road","name":"Concrete GDS375 Lt Gry Road","group":"urban material","cosine":0.977208,"sam_radians":0.21391},{"rank":1,"library_sample_id":"aviris1997-calcite-co2004","name":"Calcite CO2004","group":"carbonate","cosine":0.972712,"sam_radians":0.23415},{"rank":2,"library_sample_id":"aviris1997-dolomite-cod2005","name":"Dolomite COD2005","group":"carbonate","cosine":0.968498,"sam_radians":0.251669},{"rank":3,"library_sample_id":"aviris1997-goethite-thin-film-ws222","name":"Goethite Thin Film WS222","group":"oxide","cosine":0.960666,"sam_radians":0.281405},{"rank":4,"library_sample_id":"aviris1997-alunite-al706-na100","name":"Alunite AL706 Na100","group":"alteration mineral","cosine":0.949514,"sam_radians":0.319115}],[{"rank":0,"library_sample_id":"aviris1997-muscovite-cu93-1-low-al-phyl","name":"Muscovite CU93-1 low-Al Phyl","group":"mica / phyllosilicate","cosine":0.116734,"sam_radians":1.453795},{"rank":1,"library_sample_id":"aviris1997-calcite-co2004","name":"Calcite CO2004","group":"carbonate","cosine":0.093853,"sam_radians":1.476805},{"rank":2,"library_sample_id":"aviris1997-ammonio-illite-smect-gds87","name":"Ammonio-Illite/Smect GDS87","group":"clay","cosine":0.092291,"sam_radians":1.478374},{"rank":3,"library_sample_id":"aviris1997-antigorite-2drygrass","name":"Antigorite+.2DryGrass","group":"vegetation","cosine":0.092236,"sam_radians":1.478429},{"rank":4,"library_sample_id":"aviris1997-dolomite-cod2005","name":"Dolomite COD2005","group":"carbonate","cosine":0.062562,"sam_radians":1.508194}],[{"rank":0,"library_sample_id":"aviris1997-chlorite-hs179-1b","name":"Chlorite HS179.1B","group":"phyllosilicate","cosine":0.287063,"sam_radians":1.279637},{"rank":1,"library_sample_id":"aviris1997-asphalt-gds376-blck-road-old-asdfra-aref","name":"Asphalt GDS376 Blck Road old ASDFRa AREF","group":"urban material","cosine":0.281198,"sam_radians":1.285754},{"rank":2,"library_sample_id":"aviris1997-goethite-thin-film-ws222","name":"Goethite Thin Film WS222","group":"oxide","cosine":0.269297,"sam_radians":1.298133},{"rank":3,"library_sample_id":"aviris1997-concrete-gds375-lt-gry-road","name":"Concrete GDS375 Lt Gry Road","group":"urban material","cosine":0.259466,"sam_radians":1.308327},{"rank":4,"library_sample_id":"aviris1997-dolomite-cod2005","name":"Dolomite COD2005","group":"carbonate","cosine":0.24802,"sam_radians":1.320161}],[{"rank":0,"library_sample_id":"aviris1997-chlorite-hs179-1b","name":"Chlorite HS179.1B","group":"phyllosilicate","cosine":0.122011,"sam_radians":1.44848},{"rank":1,"library_sample_id":"aviris1997-asphalt-gds376-blck-road-old-asdfra-aref","name":"Asphalt GDS376 Blck Road old ASDFRa AREF","group":"urban material","cosine":0.117779,"sam_radians":1.452743},{"rank":2,"library_sample_id":"aviris1997-goethite-thin-film-ws222","name":"Goethite Thin Film WS222","group":"oxide","cosine":0.112485,"sam_radians":1.458073},{"rank":3,"library_sample_id":"aviris1997-concrete-gds375-lt-gry-road","name":"Concrete GDS375 Lt Gry Road","group":"urban material","cosine":0.085875,"sam_radians":1.484815},{"rank":4,"library_sample_id":"aviris1997-hematite-coatd-qtz-br93-25b","name":"Hematite Coatd Qtz BR93-25B","group":"oxide","cosine":0.08175,"sam_radians":1.488955}],[{"rank":0,"library_sample_id":"aviris1997-concrete-gds375-lt-gry-road","name":"Concrete GDS375 Lt Gry Road","group":"urban material","cosine":0.977208,"sam_radians":0.213909},{"rank":1,"library_sample_id":"aviris1997-calcite-co2004","name":"Calcite CO2004","group":"carbonate","cosine":0.972712,"sam_radians":0.23415},{"rank":2,"library_sample_id":"aviris1997-dolomite-cod2005","name":"Dolomite COD2005","group":"carbonate","cosine":0.968498,"sam_radians":0.251669},{"rank":3,"library_sample_id":"aviris1997-goethite-thin-film-ws222","name":"Goethite Thin Film WS222","group":"oxide","cosine":0.960666,"sam_radians":0.281405},{"rank":4,"library_sample_id":"aviris1997-alunite-al706-na100","name":"Alunite AL706 Na100","group":"alteration mineral","cosine":0.949513,"sam_radians":0.319116}],[{"rank":0,"library_sample_id":"aviris1997-concrete-gds375-lt-gry-road","name":"Concrete GDS375 Lt Gry Road","group":"urban material","cosine":0.977208,"sam_radians":0.21391},{"rank":1,"library_sample_id":"aviris1997-calcite-co2004","name":"Calcite CO2004","group":"carbonate","cosine":0.972712,