{"scene_id":"pavia-university","topic_count":9,"library_sensor_subset":"AVIRIS-Classic 1997 convolution","library_sample_names":["Asphalt GDS376 Blck Road old ASDFRa AREF","Concrete GDS375 Lt Gry Road","Goethite Thin Film WS222","Hematite Coatd Qtz BR93-25B","Alunite AL706 Na100","Ammonio-Illite/Smect GDS87","Calcite CO2004","Chlorite HS179.1B","Dolomite COD2005","Kaolinite CM3","Montmorillonite CM20","Muscovite CU93-1 low-Al Phyl","Antigorite+.2DryGrass"],"library_sample_groups":["urban material","urban material","oxide","oxide","alteration mineral","clay","carbonate","phyllosilicate","carbonate","clay","clay","mica / phyllosilicate","vegetation"],"library_sample_count":13,"topic_x_library_cosine":[[0.952788,0.983876,0.944512,0.830806,0.973659,0.973574,0.963336,0.975295,0.980215,0.975252,0.974673,0.947119,0.967195],[0.962846,0.986497,0.947569,0.862937,0.977717,0.977602,0.967315,0.981706,0.984399,0.980179,0.982125,0.949671,0.971039],[0.683769,0.768825,0.589702,0.49103,0.856313,0.859406,0.887371,0.792166,0.821541,0.843585,0.746552,0.918237,0.879532],[0.971784,0.983713,0.957792,0.880933,0.971114,0.970967,0.959262,0.980862,0.980343,0.975268,0.98379,0.93857,0.961813],[0.815157,0.714295,0.788859,0.88559,0.69032,0.696608,0.67782,0.740637,0.715914,0.708447,0.760965,0.642305,0.668449],[0.953299,0.913356,0.921397,0.944282,0.900576,0.902096,0.889618,0.926147,0.91588,0.911296,0.937251,0.861579,0.884819],[0.774263,0.856268,0.694202,0.576189,0.915077,0.910395,0.92792,0.872673,0.887609,0.90364,0.833283,0.942216,0.930341],[0.981566,0.967942,0.958718,0.933003,0.952288,0.952932,0.939382,0.971784,0.965645,0.960051,0.979846,0.913353,0.939354],[0.829583,0.903014,0.772235,0.649277,0.952067,0.953805,0.967014,0.910458,0.933109,0.944192,0.881878,0.980231,0.964273]],"topic_x_library_sam_radians":[[0.308506,0.179822,0.334691,0.590243,0.230033,0.230406,0.271625,0.222743,0.19925,0.222936,0.225544,0.326663,0.25685],[0.273446,0.16452,0.325255,0.529743,0.211502,0.212048,0.256375,0.191573,0.176872,0.199432,0.189359,0.318611,0.241253],[0.817881,0.693795,0.940106,1.057524,0.542709,0.53669,0.479185,0.656446,0.606687,0.566871,0.727932,0.407191,0.495918],[0.238115,0.180729,0.291577,0.492967,0.24094,0.241554,0.28642,0.195958,0.198604,0.222865,0.180297,0.352333,0.277246],[0.617796,0.77518,0.661846,0.483033,0.808865,0.800138,0.826002,0.736779,0.772864,0.783502,0.705998,0.873294,0.838675],[0.306819,0.419345,0.399136,0.335391,0.449704,0.446193,0.474289,0.386732,0.413101,0.424376,0.356137,0.532424,0.484691],[0.685247,0.542795,0.803486,0.956738,0.415096,0.426558,0.382004,0.510146,0.478669,0.442603,0.585776,0.341612,0.375453],[0.192304,0.253893,0.288337,0.368128,0.31015,0.308031,0.349974,0.238117,0.262882,0.283613,0.20111,0.419352,0.350054],[0.592437,0.444061,0.688445,0.864163,0.310874,0.305141,0.257562,0.426406,0.367833,0.335664,0.490965,0.199172,0.26811]],"top_n_per_topic":[[{"rank":0,"library_sample_id":"aviris1997-concrete-gds375-lt-gry-road","name":"Concrete GDS375 Lt Gry Road","group":"urban material","cosine":0.983876,"sam_radians":0.179822},{"rank":1,"library_sample_id":"aviris1997-dolomite-cod2005","name":"Dolomite COD2005","group":"carbonate","cosine":0.980215,"sam_radians":0.19925},{"rank":2,"library_sample_id":"aviris1997-chlorite-hs179-1b","name":"Chlorite HS179.1B","group":"phyllosilicate","cosine":0.975295,"sam_radians":0.222743},{"rank":3,"library_sample_id":"aviris1997-kaolinite-cm3","name":"Kaolinite CM3","group":"clay","cosine":0.975252,"sam_radians":0.222936},{"rank":4,"library_sample_id":"aviris1997-montmorillonite-cm20","name":"Montmorillonite CM20","group":"clay","cosine":0.974673,"sam_radians":0.225544}],[{"rank":0,"library_sample_id":"aviris1997-concrete-gds375-lt-gry-road","name":"Concrete GDS375 Lt Gry Road","group":"urban material","cosine":0.986497,"sam_radians":0.16452},{"rank":1,"library_sample_id":"aviris1997-dolomite-cod2005","name":"Dolomite COD2005","group":"carbonate","cosine":0.984399,"sam_radians":0.176872},{"rank":2,"library_sample_id":"aviris1997-montmorillonite-cm20","name":"Montmorillonite CM20","group":"clay","cosine":0.982125,"sam_radians":0.189359},{"rank":3,"library_sample_id":"aviris1997-chlorite-hs179-1b","name":"Chlorite HS179.1B","group":"phyllosilicate","cosine":0.981706,"sam_radians":0.191573},{"rank":4,"library_sample_id":"aviris1997-kaolinite-cm3","name":"Kaolinite CM3","group":"clay","cosine":0.980179,"sam_radians":0.199432}],[{"rank":0,"library_sample_id":"aviris1997-muscovite-cu93-1-low-al-phyl","name":"Muscovite CU93-1 low-Al Phyl","group":"mica / phyllosilicate","cosine":0.918237,"sam_radians":0.407191},{"rank":1,"library_sample_id":"aviris1997-calcite-co2004","name":"Calcite CO2004","group":"carbonate","cosine":0.887371,"sam_radians":0.479185},{"rank":2,"library_sample_id":"aviris1997-antigorite-2drygrass","name":"Antigorite+.2DryGrass","group":"vegetation","cosine":0.879532,"sam_radians":0.495918},{"rank":3,"library_sample_id":"aviris1997-ammonio-illite-smect-gds87","name":"Ammonio-Illite/Smect GDS87","group":"clay","cosine":0.859406,"sam_radians":0.53669},{"rank":4,"library_sample_id":"aviris1997-alunite-al706-na100","name":"Alunite AL706 Na100","group":"alteration mineral","cosine":0.856313,"sam_radians":0.542709}],[{"rank":0,"library_sample_id":"aviris1997-montmorillonite-cm20","name":"Montmorillonite CM20","group":"clay","cosine":0.98379,"sam_radians":0.180297},{"rank":1,"library_sample_id":"aviris1997-concrete-gds375-lt-gry-road","name":"Concrete GDS375 Lt Gry Road","group":"urban material","cosine":0.983713,"sam_radians":0.180729},{"rank":2,"library_sample_id":"aviris1997-chlorite-hs179-1b","name":"Chlorite HS179.1B","group":"phyllosilicate","cosine":0.980862,"sam_radians":0.195958},{"rank":3,"library_sample_id":"aviris1997-dolomite-cod2005","name":"Dolomite COD2005","group":"carbonate","cosine":0.980343,"sam_radians":0.198604},{"rank":4,"library_sample_id":"aviris1997-kaolinite-cm3","name":"Kaolinite CM3","group":"clay","cosine":0.975268,"sam_radians":0.222865}],[{"rank":0,"library_sample_id":"aviris1997-hematite-coatd-qtz-br93-25b","name":"Hematite Coatd Qtz BR93-25B","group":"oxide","cosine":0.88559,"sam_radians":0.483033},{"rank":1,"library_sample_id":"aviris1997-asphalt-gds376-blck-road-old-asdfra-aref","name":"Asphalt GDS376 Blck Road old ASDFRa AREF","group":"urban material","cosine":0.815157,"sam_radians":0.617796},{"rank":2,"library_sample_id":"aviris1997-goethite-thin-film-ws222","name":"Goethite Thin Film WS222","group":"oxide","cosine":0.788859,"sam_radians":0.661846},{"rank":3,"library_sample_id":"aviris1997-montmorillonite-cm20","name":"Montmorillonite CM20","group":"clay","cosine":0.760965,"sam_radians":0.705998},{"rank":4,"library_sample_id":"aviris1997-chlorite-hs179-1b","name":"Chlorite HS179.1B","group":"phyllosilicate","cosine":0.740637,"sam_radians":0.736779}],[{"rank":0,"library_sample_id":"aviris1997-asphalt-gds376-blck-road-old-asdfra-aref","name":"Asphalt GDS376 Blck Road old ASDFRa AREF","group":"urban material","cosine":0.953299,"sam_radians":0.306819},{"rank":1,"library_sample_id":"aviris1997-hematite-coatd-qtz-br93-25b","name":"Hematite Coatd Qtz BR93-25B","group":"oxide","cosine":0.944282,"sam_radians":0.335391},{"rank":2,"library_sample_id":"aviris1997-montmorillonite-cm20","name":"Montmorillonite CM20","group":"clay","cosine":0.937251,"sam_radians":0.356137},{"rank":3,"library_sample_id":"aviris1997-chlorite-hs179-1b","name":"Chlorite HS179.1B","group":"phyllosilicate","cosine":0.926147,"sam_radians":0.386732},{"rank":4,"library_sample_id":"aviris1997-goethite-thin-film-ws222","name":"Goethite Thin Film WS222","group":"oxide","cosine":0.921397,"sam_radians":0.399136}],[{"rank":0,"library_sample_id":"aviris1997-muscovite-cu93-1-low-al-phyl","name":"Muscovite CU93-1 low-Al Phyl","group":"mica / phyllosilicate","cosine":0.942216,"sam_radians":0.341612},{"rank":1,"library_sample_id":"aviris1997-antigorite-2drygrass","name":"Antigorite+.2DryGrass","group":"vegetation","cosine":0.930341,