{"scene_id":"salinas-corrected","topic_count":12,"library_sensor_subset":"AVIRIS-Classic 1997 convolution","library_sample_names":["Asphalt GDS376 Blck Road old ASDFRa AREF","Concrete GDS375 Lt Gry Road","Goethite Thin Film WS222","Hematite Coatd Qtz BR93-25B","Alunite AL706 Na100","Ammonio-Illite/Smect GDS87","Calcite CO2004","Chlorite HS179.1B","Dolomite COD2005","Kaolinite CM3","Montmorillonite CM20","Muscovite CU93-1 low-Al Phyl","Antigorite+.2DryGrass"],"library_sample_groups":["urban material","urban material","oxide","oxide","alteration mineral","clay","carbonate","phyllosilicate","carbonate","clay","clay","mica / phyllosilicate","vegetation"],"library_sample_count":13,"topic_x_library_cosine":[[0.402321,0.570533,0.572838,0.378991,0.696605,0.779862,0.669053,0.425069,0.609764,0.700977,0.71864,0.631313,0.761759],[0.409305,0.570288,0.578078,0.388115,0.689207,0.768986,0.660474,0.428902,0.607327,0.695575,0.717641,0.621926,0.748017],[0.384119,0.539139,0.549347,0.35772,0.656649,0.737242,0.628384,0.401567,0.574193,0.663248,0.685555,0.586468,0.715323],[0.408164,0.609787,0.61461,0.377716,0.743523,0.832894,0.710206,0.437782,0.649559,0.742938,0.764478,0.6643,0.822146],[0.370852,0.528667,0.536955,0.339073,0.645152,0.726737,0.617543,0.389846,0.564281,0.652167,0.672883,0.576485,0.706814],[0.499099,0.67687,0.665644,0.462269,0.788597,0.847549,0.747609,0.526806,0.698002,0.781645,0.794207,0.719179,0.833777],[0.579069,0.764728,0.727973,0.531195,0.848394,0.877376,0.845707,0.619068,0.80112,0.834503,0.836338,0.82388,0.911468],[0.441136,0.616648,0.612027,0.424568,0.74891,0.8315,0.720792,0.466453,0.657899,0.751313,0.767278,0.685877,0.814453],[0.555486,0.749303,0.711845,0.524793,0.856104,0.909371,0.849711,0.594607,0.796264,0.855914,0.857421,0.837233,0.926189],[0.513101,0.711864,0.696677,0.51469,0.850442,0.928213,0.820686,0.546667,0.757844,0.846937,0.860189,0.795912,0.917333],[0.393291,0.562664,0.568517,0.366648,0.686047,0.769314,0.657071,0.415265,0.600684,0.690835,0.711072,0.616602,0.751262],[0.384138,0.548141,0.554933,0.354964,0.66826,0.749508,0.639231,0.404902,0.582726,0.67312,0.693542,0.596175,0.73119]],"topic_x_library_sam_radians":[[1.156746,0.963642,0.960832,1.182091,0.800142,0.676352,0.837862,1.131758,0.915033,0.79403,0.768952,0.887552,0.704773],[1.149105,0.96394,0.954425,1.172211,0.810403,0.693543,0.849347,1.127519,0.918105,0.801576,0.770388,0.899597,0.725727],[1.176543,1.001382,0.989213,1.204971,0.85443,0.741817,0.891322,1.157569,0.959179,0.845646,0.815431,0.944105,0.773711],[1.150354,0.915004,0.908905,1.183469,0.732473,0.58648,0.781005,1.117667,0.863792,0.733347,0.700565,0.84424,0.605625],[1.19087,1.013767,1.003973,1.224865,0.869574,0.757236,0.905181,1.170332,0.971234,0.860356,0.832698,0.956376,0.785812],[1.048237,0.827294,0.84244,1.090244,0.662272,0.559446,0.726342,1.015958,0.798193,0.673497,0.653095,0.768177,0.584882],[0.95321,0.700177,0.755435,1.010785,0.557852,0.50043,0.562907,0.90324,0.641633,0.583566,0.580227,0.602574,0.423957],[1.113932,0.906319,0.912176,1.132311,0.724381,0.588994,0.765853,1.085519,0.852771,0.720748,0.696211,0.814989,0.619011],[0.981848,0.723788,0.778675,1.018325,0.543113,0.429026,0.55536,0.934019,0.649702,0.54348,0.540559,0.578593,0.38662],[1.032003,0.778648,0.800041,1.030151,0.553971,0.381216,0.608185,0.992417,0.710794,0.560599,0.535155,0.650284,0.409468],[1.166588,0.973192,0.966095,1.195393,0.814755,0.69303,0.85387,1.142562,0.926441,0.808153,0.779775,0.906377,0.720824],[1.176523,0.990656,0.982513,1.207921,0.838929,0.723478,0.877298,1.153925,0.948718,0.832377,0.804402,0.932067,0.750731]],"top_n_per_topic":[[{"rank":0,"library_sample_id":"aviris1997-ammonio-illite-smect-gds87","name":"Ammonio-Illite/Smect GDS87","group":"clay","cosine":0.779862,"sam_radians":0.676352},{"rank":1,"library_sample_id":"aviris1997-antigorite-2drygrass","name":"Antigorite+.2DryGrass","group":"vegetation","cosine":0.761759,"sam_radians":0.704773},{"rank":2,"library_sample_id":"aviris1997-montmorillonite-cm20","name":"Montmorillonite CM20","group":"clay","cosine":0.71864,"sam_radians":0.768952},{"rank":3,"library_sample_id":"aviris1997-kaolinite-cm3","name":"Kaolinite CM3","group":"clay","cosine":0.700977,"sam_radians":0.79403},{"rank":4,"library_sample_id":"aviris1997-alunite-al706-na100","name":"Alunite AL706 Na100","group":"alteration mineral","cosine":0.696605,"sam_radians":0.800142}],[{"rank":0,"library_sample_id":"aviris1997-ammonio-illite-smect-gds87","name":"Ammonio-Illite/Smect GDS87","group":"clay","cosine":0.768986,"sam_radians":0.693543},{"rank":1,"library_sample_id":"aviris1997-antigorite-2drygrass","name":"Antigorite+.2DryGrass","group":"vegetation","cosine":0.748017,"sam_radians":0.725727},{"rank":2,"library_sample_id":"aviris1997-montmorillonite-cm20","name":"Montmorillonite CM20","group":"clay","cosine":0.717641,"sam_radians":0.770388},{"rank":3,"library_sample_id":"aviris1997-kaolinite-cm3","name":"Kaolinite CM3","group":"clay","cosine":0.695575,"sam_radians":0.801576},{"rank":4,"library_sample_id":"aviris1997-alunite-al706-na100","name":"Alunite AL706 Na100","group":"alteration mineral","cosine":0.689207,"sam_radians":0.810403}],[{"rank":0,"library_sample_id":"aviris1997-ammonio-illite-smect-gds87","name":"Ammonio-Illite/Smect GDS87","group":"clay","cosine":0.737242,"sam_radians":0.741817},{"rank":1,"library_sample_id":"aviris1997-antigorite-2drygrass","name":"Antigorite+.2DryGrass","group":"vegetation","cosine":0.715323,"sam_radians":0.773711},{"rank":2,"library_sample_id":"aviris1997-montmorillonite-cm20","name":"Montmorillonite CM20","group":"clay","cosine":0.685555,"sam_radians":0.815431},{"rank":3,"library_sample_id":"aviris1997-kaolinite-cm3","name":"Kaolinite CM3","group":"clay","cosine":0.663248,"sam_radians":0.845646},{"rank":4,"library_sample_id":"aviris1997-alunite-al706-na100","name":"Alunite AL706 Na100","group":"alteration mineral","cosine":0.656649,"sam_radians":0.85443}],[{"rank":0,"library_sample_id":"aviris1997-ammonio-illite-smect-gds87","name":"Ammonio-Illite/Smect GDS87","group":"clay","cosine":0.832894,"sam_radians":0.58648},{"rank":1,"library_sample_id":"aviris1997-antigorite-2drygrass","name":"Antigorite+.2DryGrass","group":"vegetation","cosine":0.822146,"sam_radians":0.605625},{"rank":2,"library_sample_id":"aviris1997-montmorillonite-cm20","name":"Montmorillonite CM20","group":"clay","cosine":0.764478,"sam_radians":0.700565},{"rank":3,"library_sample_id":"aviris1997-alunite-al706-na100","name":"Alunite AL706 Na100","group":"alteration mineral","cosine":0.743523,"sam_radians":0.732473},{"rank":4,"library_sample_id":"aviris1997-kaolinite-cm3","name":"Kaolinite CM3","group":"clay","cosine":0.742938,"sam_radians":0.733347}],[{"rank":0,"library_sample_id":"aviris1997-ammonio-illite-smect-gds87","name":"Ammonio-Illite/Smect GDS87","group":"clay","cosine":0.726737,"sam_radians":0.757236},{"rank":1,"library_sample_id":"aviris1997-antigorite-2drygrass","name":"Antigorite+.2DryGrass","group":"vegetation","cosine":0.706814,"sam_radians":0.785812},{"rank":2,"library_sample_id":"aviris1997-montmorillonite-cm20","name":"Montmorillonite CM20","group":"clay","cosine":0.672883,"sam_radians":0.832698},{"rank":3,"library_sample_id":"aviris1997-kaolinite-cm3","name":"Kaolinite CM3","group":"clay","cosine":0.652167,"sam_radians":0.860356},{"rank":4,"library_sample_id":"aviris1997-alunite-al706-na100","name":"Alunite AL706 Na100","group":"alteration mineral","cosine":0.645152,"sam_radians":0.869574}],[{"rank":0,"library_sample_id":"aviris1997-ammonio-illite-smect-gds87","name":"Ammonio-Illite/Smect GDS87","group":"clay","cosine":0.847549,"sam_radians":0.559446},{"rank":1,"library_sample_id":"aviris1997-antigorite-2drygrass","name":"Antigorite+.2DryGrass","group":"vegetation","cosine":0.833777,"sam_radians":0.584882},{"rank":2,"library_sample_id":"aviris1997-montmorillonite-cm20","name":"Montmorillonite CM20","group":"clay","cosine":0.794207,"sam_radians":0.653095},{"rank":3,"library_sample_id":"aviris1997-alunite-al706-na100",