{"scene_id":"indian-pines-corrected","mask_id":"no_water","mask_label":"Water-bands removed (1350-1430 + 1800-1950 + 2480-2500 nm)","mask_description":"Drops atmospheric water-vapour absorption bands. Topics still see VNIR + SWIR but without the noisiest portions.","spatial_shape":[145,145],"topic_count":12,"document_count":2812,"vocabulary_size":177,"n_bands_full":200,"n_bands_kept":177,"kept_band_indices":[0,1,2,3,4,5,6,7,8,9,10,11,12,13,14,15,16,17,18,19,20,21,22,23,24,25,26,27,28,29,30,31,32,33,34,35,36,37,38,39,40,41,42,43,44,45,46,47,48,49,50,51,52,53,54,55,56,57,58,59,60,61,62,63,64,65,66,67,68,69,70,71,72,73,74,75,76,77,78,79,80,81,82,83,84,85,86,87,88,89,90,98,99,100,101,102,103,104,105,106,107,108,109,110,111,112,113,114,115,116,117,118,119,120,121,122,123,124,125,126,127,128,129,130,131,132,147,148,149,150,151,152,153,154,155,156,157,158,159,160,161,162,163,164,165,166,167,168,169,170,171,172,173,174,175,176,177,178,179,180,181,182,183,184,185,186,187,188,189,190,191,192,193,194,195,196,197],"wavelengths_nm_kept_first_last":[400.0,2478.89453125],"wavelengths_nm_kept":[400.0,410.55,421.11,431.66,442.21,452.76,463.32,473.87,484.42,494.97,505.53,516.08,526.63,537.19,547.74,558.29,568.84,579.4,589.95,600.5,611.06,621.61,632.16,642.71,653.27,663.82,674.37,684.92,695.48,706.03,716.58,727.14,737.69,748.24,758.79,769.35,779.9,790.45,801.01,811.56,822.11,832.66,843.22,853.77,864.32,874.87,885.43,895.98,906.53,917.09,927.64,938.19,948.74,959.3,969.85,980.4,990.95,1001.51,1012.06,1022.61,1033.17,1043.72,1054.27,1064.82,1075.38,1085.93,1096.48,1107.04,1117.59,1128.14,1138.69,1149.25,1159.8,1170.35,1180.9,1191.46,1202.01,1212.56,1223.12,1233.67,1244.22,1254.77,1265.33,1275.88,1286.43,1296.98,1307.54,1318.09,1328.64,1339.2,1349.75,1434.17,1444.72,1455.28,1465.83,1476.38,1486.93,1497.49,1508.04,1518.59,1529.15,1539.7,1550.25,1560.8,1571.36,1581.91,1592.46,1603.02,1613.57,1624.12,1634.67,1645.23,1655.78,1666.33,1676.88,1687.44,1697.99,1708.54,1719.1,1729.65,1740.2,1750.75,1761.31,1771.86,1782.41,1792.96,1951.26,1961.81,1972.36,1982.91,1993.47,2004.02,2014.57,2025.13,2035.68,2046.23,2056.78,2067.34,2077.89,2088.44,2098.99,2109.55,2120.1,2130.65,2141.21,2151.76,2162.31,2172.86,2183.42,2193.97,2204.52,2215.08,2225.63,2236.18,2246.73,2257.29,2267.84,2278.39,2288.94,2299.5,2310.05,2320.6,2331.16,2341.71,2352.26,2362.81,2373.37,2383.92,2394.47,2405.03,2415.58,2426.13,2436.68,2447.24,2457.79,2468.34,2478.89],"topic_prevalence":[0.05439,0.086391,0.080325,0.057698,0.058409,0.290269,0.053875,0.089496,0.05423,0.065771,0.054347,0.054798],"topic_distance_cosine":[[0.0,0.109533,0.051994,0.044941,0.038018,0.357009,0.033136,0.079789,0.029894,0.067072,0.039332,0.033176],[0.109533,0.0,0.159292,0.08661,0.144285,0.174718,0.094464,0.186443,0.094963,0.052489,0.108181,0.125959],[0.051994,0.159292,0.0,0.051102,0.031671,0.458604,0.067299,0.137047,0.065027,0.072291,0.034603,0.035319],[0.044941,0.08661,0.051102,0.0,0.052116,0.353404,0.047265,0.130463,0.045919,0.052115,0.043638,0.037345],[0.038018,0.144285,0.031671,0.052116,0.0,0.426335,0.046757,0.092825,0.042978,0.072868,0.03544,0.029281],[0.357009,0.174718,0.458604,0.353404,0.426335,0.0,0.311976,0.425368,0.326152,0.264694,0.358988,0.385627],[0.033136,0.094464,0.067299,0.047265,0.046757,0.311976,0.0,0.089065,0.030351,0.069141,0.043419,0.042227],[0.079789,0.186443,0.137047,0.130463,0.092825,0.425368,0.089065,0.0,0.070743,0.156602,0.121348,0.091439],[0.029894,0.094963,0.065027,0.045919,0.042978,0.326152,0.030351,0.070743,0.0,0.063558,0.043734,0.03581],[0.067072,0.052489,0.072291,0.052115,0.072868,0.264694,0.069141,0.156602,0.063558,0.0,0.050379,0.061332],[0.039332,0.108181,0.034603,0.043638,0.03544,0.358988,0.043419,0.121348,0.043734,0.050379,0.0,0.027718],[0.033176,0.125959,0.035319,0.037345,0.029281,0.385627,0.042227,0.091439,0.03581,0.061332,0.027718,0.0]],"top_words_per_topic_lambda_05":[["1983nm","2226nm","1255nm","1793nm","2247nm","2236nm","2310nm","2479nm","2067nm","2036nm","2331nm","1603nm","2394nm","0717nm","1614nm"],["1455nm","1466nm","1329nm","1434nm","1445nm","1234nm","1244nm","1339nm","1719nm","1255nm","1772nm","1709nm","1223nm","1656nm","1740nm"],["2447nm","2268nm","2299nm","2479nm","2152nm","2321nm","2236nm","1656nm","2289nm","2352nm","2331nm","2099nm","2458nm","1772nm","2426nm"],["1751nm","1624nm","1793nm","1709nm","1730nm","1677nm","1244nm","1740nm","1529nm","1645nm","1687nm","1540nm","1698nm","1297nm","1255nm"],["2194nm","1962nm","2120nm","2373nm","2342nm","2215nm","2205nm","1561nm","2384nm","2173nm","2226nm","2278nm","1972nm","1592nm","2057nm"],["1023nm","1202nm","1255nm","1012nm","0907nm","1002nm","1213nm","1223nm","1044nm","0896nm","0959nm","0885nm","1170nm","1107nm","0938nm"],["1772nm","0769nm","1709nm","1656nm","1730nm","2405nm","1698nm","0759nm","1666nm","0738nm","2173nm","2078nm","1466nm","1234nm","1445nm"],["0400nm","0695nm","0674nm","0653nm","0717nm","0664nm","0706nm","0685nm","0643nm","0411nm","0622nm","0569nm","0632nm","0611nm","0727nm"],["1761nm","1782nm","0695nm","1687nm","0685nm","1751nm","2458nm","1645nm","1624nm","1698nm","1635nm","1740nm","1656nm","1666nm","1603nm"],["1339nm","1476nm","1318nm","1434nm","1445nm","1761nm","1635nm","1666nm","1466nm","1276nm","1614nm","1308nm","1223nm","1255nm","1751nm"],["2405nm","2352nm","2215nm","2321nm","1466nm","1687nm","1255nm","1635nm","2141nm","1666nm","1592nm","1455nm","1445nm","2342nm","2004nm"],["2131nm","1962nm","2458nm","2394nm","2141nm","2363nm","1772nm","1951nm","2015nm","2205nm","2289nm","1730nm","2057nm","2046nm","1740nm"]],"p_label_given_topic_dominant":[[{"label_id":1,"name":"Alfalfa","count":0,"p":0.0},{"label_id":2,"name":"Corn-notill","count":28,"p":0.23333333333333334},{"label_id":3,"name":"Corn-mintill","count":17,"p":0.14166666666666666},{"label_id":4,"name":"Corn","count":48,"p":0.4},{"label_id":5,"name":"Grass-pasture","count":0,"p":0.0},{"label_id":6,"name":"Grass-trees","count":0,"p":0.0},{"label_id":7,"name":"Grass-pasture-mowed","count":0,"p":0.0},{"label_id":8,"name":"Hay-windrowed","count":0,"p":0.0},{"label_id":9,"name":"Oats","count":0,"p":0.0},{"label_id":10,"name":"Soybean-notill","count":0,"p":0.0},{"label_id":11,"name":"Soybean-mintill","count":8,"p":0.06666666666666667},{"label_id":12,"name":"Soybean-clean","count":19,"p":0.15833333333333333},{"label_id":13,"name":"Wheat","count":0,"p":0.0},{"label_id":14,"name":"Woods","count":0,"p":0.0},{"label_id":15,"name":"Buildings-Grass-Trees-Drives","count":0,"p":0.0},{"label_id":16,"name":"Stone-Steel-Towers","count":0,"p":0.0}],[{"label_id":1,"name":"Alfalfa","count":39,"p":0.13978494623655913},{"label_id":2,"name":"Corn-notill","count":1,"p":0.0035842293906810036},{"label_id":3,"name":"Corn-mintill","count":0,"p":0.0},{"label_id":4,"name":"Corn","count":4,"p":0.014336917562724014},{"label_id":5,"name":"Grass-pasture","count":2,"p":0.007168458781362007},{"label_id":6,"name":"Grass-trees","count":9,"p":0.03225806451612903},{"label_id":7,"name":"Grass-pasture-mowed","count":19,"p":0.06810035842293907},{"label_id":8,"name":"Hay-windrowed","count":202,"p":0.7240143369175627},{"label_id":9,"name":"Oats","count":0,"p":0.0},{"label_id":10,"name":"Soybean-notill","count":0,"p":0.0},{"label_id":11,"name":"Soybean-mintill","count":0,"p":0.0},{"label_id":12,"name":"Soybean-clean","count":0,"p":0.0},{"label_id":13,"name":"Wheat","count":0,"p":0.0},{"label_id":14,"name":"Woods","count":0,"p":0.0},{"label_id":15,"name":"Buildings-Grass-Trees-Drives","count":3,"p":0.010752688172043012},{"label_id":16,"name":"Stone-Steel-Towers","count":0,"p":0.0}],[{"label_id":1,"name":"Alfalfa","count":0,"p":0.0},{"label_id":2,"name":"Corn-notill","count":54,"p":0.11042944785276074},{"label_id":3,"name":"Corn-mintill","count":105,"p":0.2147239263803681},{"label_id":4,"name":"Corn","count":65,"p":0.1329243353783231},{"label_id":5,"name":"Grass-pasture","count":2,"p":0.00408997955010225},{"label_id":6,"name":"Grass-trees","count":1,"p":0.002044989775051125},{"label_id":7,"name":"Grass-pasture-mowed","count":0,