{"scene_id":"kennedy-space-center","mask_id":"no_water","mask_label":"Water-bands removed (1350-1430 + 1800-1950 + 2480-2500 nm)","mask_description":"Drops atmospheric water-vapour absorption bands. Topics still see VNIR + SWIR but without the noisiest portions.","spatial_shape":[512,614],"topic_count":12,"document_count":2686,"vocabulary_size":155,"n_bands_full":176,"n_bands_kept":155,"kept_band_indices":[0,1,2,3,4,5,6,7,8,9,10,11,12,13,14,15,16,17,18,19,20,21,22,23,24,25,26,27,28,29,30,31,32,33,34,35,36,37,38,39,40,41,42,43,44,45,46,47,48,49,50,51,52,53,54,55,56,57,58,59,60,61,62,63,64,65,66,67,68,69,70,71,72,73,74,75,76,77,78,79,86,87,88,89,90,91,92,93,94,95,96,97,98,99,100,101,102,103,104,105,106,107,108,109,110,111,112,113,114,115,116,130,131,132,133,134,135,136,137,138,139,140,141,142,143,144,145,146,147,148,149,150,151,152,153,154,155,156,157,158,159,160,161,162,163,164,165,166,167,168,169,170,171,172,173],"wavelengths_nm_kept_first_last":[400.0,2476.0],"wavelengths_nm_kept":[400.0,412.0,424.0,436.0,448.0,460.0,472.0,484.0,496.0,508.0,520.0,532.0,544.0,556.0,568.0,580.0,592.0,604.0,616.0,628.0,640.0,652.0,664.0,676.0,688.0,700.0,712.0,724.0,736.0,748.0,760.0,772.0,784.0,796.0,808.0,820.0,832.0,844.0,856.0,868.0,880.0,892.0,904.0,916.0,928.0,940.0,952.0,964.0,976.0,988.0,1000.0,1012.0,1024.0,1036.0,1048.0,1060.0,1072.0,1084.0,1096.0,1108.0,1120.0,1132.0,1144.0,1156.0,1168.0,1180.0,1192.0,1204.0,1216.0,1228.0,1240.0,1252.0,1264.0,1276.0,1288.0,1300.0,1312.0,1324.0,1336.0,1348.0,1432.0,1444.0,1456.0,1468.0,1480.0,1492.0,1504.0,1516.0,1528.0,1540.0,1552.0,1564.0,1576.0,1588.0,1600.0,1612.0,1624.0,1636.0,1648.0,1660.0,1672.0,1684.0,1696.0,1708.0,1720.0,1732.0,1744.0,1756.0,1768.0,1780.0,1792.0,1960.0,1972.0,1984.0,1996.0,2008.0,2020.0,2032.0,2044.0,2056.0,2068.0,2080.0,2092.0,2104.0,2116.0,2128.0,2140.0,2152.0,2164.0,2176.0,2188.0,2200.0,2212.0,2224.0,2236.0,2248.0,2260.0,2272.0,2284.0,2296.0,2308.0,2320.0,2332.0,2344.0,2356.0,2368.0,2380.0,2392.0,2404.0,2416.0,2428.0,2440.0,2452.0,2464.0,2476.0],"topic_prevalence":[0.083829,0.06575,0.004862,0.070572,0.131307,0.073155,0.070685,0.202526,0.080617,0.054153,0.086299,0.076246],"topic_distance_cosine":[[0.0,0.023854,0.78102,0.033858,0.76631,0.025565,0.040745,0.276124,0.065894,0.056638,0.02784,0.071121],[0.023854,0.0,0.762802,0.034783,0.703416,0.022903,0.036728,0.252632,0.060154,0.04555,0.03654,0.062148],[0.78102,0.762802,0.0,0.74162,0.632876,0.773641,0.714728,0.760294,0.734856,0.727421,0.783996,0.755133],[0.033858,0.034783,0.74162,0.0,0.65848,0.044752,0.02694,0.25776,0.083649,0.043817,0.035807,0.060825],[0.76631,0.703416,0.632876,0.65848,0.0,0.728931,0.621525,0.417403,0.620985,0.579492,0.757209,0.596864],[0.025565,0.022903,0.773641,0.044752,0.728931,0.0,0.044578,0.260927,0.061945,0.051074,0.032014,0.067948],[0.040745,0.036728,0.714728,0.02694,0.621525,0.044578,0.0,0.273309,0.070583,0.050459,0.05098,0.075032],[0.276124,0.252632,0.760294,0.25776,0.417403,0.260927,0.273309,0.0,0.185025,0.160754,0.275748,0.101865],[0.065894,0.060154,0.734856,0.083649,0.620985,0.061945,0.070583,0.185025,0.0,0.040758,0.083879,0.070569],[0.056638,0.04555,0.727421,0.043817,0.579492,0.051074,0.050459,0.160754,0.040758,0.0,0.055523,0.040802],[0.02784,0.03654,0.783996,0.035807,0.757209,0.032014,0.05098,0.275748,0.083879,0.055523,0.0,0.070948],[0.071121,0.062148,0.755133,0.060825,0.596864,0.067948,0.075032,0.101865,0.070569,0.040802,0.070948,0.0]],"top_words_per_topic_lambda_05":[["1288nm","1444nm","1228nm","1276nm","1060nm","1240nm","1252nm","1264nm","0988nm","0928nm","0940nm","0892nm","1480nm","0916nm","1168nm"],["1312nm","1324nm","1264nm","1204nm","1180nm","0832nm","0844nm","1552nm","1288nm","1432nm","1504nm","0856nm","0916nm","1252nm","1120nm"],["1984nm","2476nm","0412nm","0424nm","0436nm","0460nm","0640nm","0688nm","0748nm","0484nm","0736nm","0628nm","0700nm","0724nm","0652nm"],["0808nm","0796nm","0904nm","0940nm","0976nm","0844nm","0784nm","0820nm","1012nm","1144nm","0988nm","0856nm","1000nm","1168nm","1336nm"],["0604nm","0580nm","0616nm","0592nm","0496nm","0412nm","0568nm","0520nm","0532nm","0424nm","0436nm","0508nm","0556nm","0544nm","0472nm"],["1120nm","1300nm","1480nm","1456nm","0832nm","1204nm","1084nm","0868nm","1492nm","1504nm","1432nm","1012nm","0856nm","1540nm","1132nm"],["0796nm","1240nm","1300nm","1060nm","1312nm","0808nm","0820nm","1204nm","1156nm","1324nm","0952nm","1252nm","0784nm","1084nm","1024nm"],["1792nm","1732nm","1756nm","1768nm","1780nm","1744nm","1672nm","1960nm","1660nm","1684nm","2200nm","1624nm","1708nm","1720nm","2188nm"],["1276nm","1288nm","1228nm","1240nm","1252nm","1264nm","1216nm","1180nm","1192nm","1444nm","1468nm","1300nm","1516nm","1540nm","1348nm"],["1516nm","1528nm","1552nm","1132nm","1444nm","1456nm","0988nm","1492nm","1336nm","0796nm","1168nm","1468nm","1504nm","0808nm","0916nm"],["1468nm","1348nm","1000nm","0964nm","0880nm","0976nm","1492nm","1192nm","1024nm","1336nm","1036nm","0928nm","1072nm","1048nm","0952nm"],["0796nm","0808nm","1492nm","1456nm","1552nm","1504nm","1036nm","1348nm","1432nm","1096nm","1480nm","0940nm","1312nm","0952nm","1048nm"]],"p_label_given_topic_dominant":[[{"label_id":1,"name":"Scrub","count":2,"p":0.007662835249042145},{"label_id":2,"name":"Willow swamp","count":2,"p":0.007662835249042145},{"label_id":3,"name":"CP hammock","count":90,"p":0.3448275862068966},{"label_id":4,"name":"Slash pine","count":81,"p":0.3103448275862069},{"label_id":5,"name":"Oak/Broadleaf","count":29,"p":0.1111111111111111},{"label_id":6,"name":"Hardwood","count":28,"p":0.10727969348659004},{"label_id":7,"name":"Swamp","count":24,"p":0.09195402298850575},{"label_id":8,"name":"Graminoid marsh","count":0,"p":0.0},{"label_id":9,"name":"Spartina marsh","count":0,"p":0.0},{"label_id":10,"name":"Cattail marsh","count":4,"p":0.01532567049808429},{"label_id":11,"name":"Salt marsh","count":0,"p":0.0},{"label_id":12,"name":"Mud flats","count":1,"p":0.0038314176245210726},{"label_id":13,"name":"Water","count":0,"p":0.0}],[{"label_id":1,"name":"Scrub","count":5,"p":0.3333333333333333},{"label_id":2,"name":"Willow swamp","count":0,"p":0.0},{"label_id":3,"name":"CP hammock","count":0,"p":0.0},{"label_id":4,"name":"Slash pine","count":3,"p":0.2},{"label_id":5,"name":"Oak/Broadleaf","count":1,"p":0.06666666666666667},{"label_id":6,"name":"Hardwood","count":6,"p":0.4},{"label_id":7,"name":"Swamp","count":0,"p":0.0},{"label_id":8,"name":"Graminoid marsh","count":0,"p":0.0},{"label_id":9,"name":"Spartina marsh","count":0,"p":0.0},{"label_id":10,"name":"Cattail marsh","count":0,"p":0.0},{"label_id":11,"name":"Salt marsh","count":0,"p":0.0},{"label_id":12,"name":"Mud flats","count":0,"p":0.0},{"label_id":13,"name":"Water","count":0,"p":0.0}],[{"label_id":1,"name":"Scrub","count":0,"p":0.0},{"label_id":2,"name":"Willow swamp","count":0,"p":0.0},{"label_id":3,"name":"CP hammock","count":0,"p":0.0},{"label_id":4,"name":"Slash pine","count":0,"p":0.0},{"label_id":5,"name":"Oak/Broadleaf","count":0,"p":0.0},{"label_id":6,"name":"Hardwood","count":0,"p":0.0},{"label_id":7,"name":"Swamp","count":0,"p":0.0},{"label_id":8,"name":"Graminoid marsh","count":0,"p":0.0},{"label_id":9,"name":"Spartina marsh","count":0,"p":0.0},{"label_id":10,"name":"Cattail marsh","count":1,"p":0.2},{"label_id":11,"name":"Salt marsh","count":0,"p":0.0},{"label_id":12,"name":"Mud flats","count":4,"p":0.8},{"label_id":13,"name":"Water","count":0,"p":0.0}],[{"label_id":1,"name":"Scrub","count":1,"p":0.003937007874015748},{"label_id":2,"name":"Willow swamp","count":187,"p":0.7362204724409449},{"label_id":3,"name":"CP hammock","count":0,"p":0.0},{"label_id":4,"name":"Slash pine","count":1,"p":0.003937007874015748},{"label_id":5,"name":"Oak/Broadleaf","count":0,"p":0.0},{"label_id":6,"name":"Hardwood","count":3,"p":0.011811023622047244},{"label_id":7,"name":"Swamp","count":58,"p":0.2283464566929134},{"label_id":8,"name":"Graminoid marsh","count":3,"p":0.011811023622047244},{"label_id":9,"name":"Spartina marsh","count":0,"p":0.0},{"label_id":10,