{"subset_code":"PORPHYRY","mask_id":"vnir","mask_label":"VNIR-only (400-1100 nm)","mask_description":"Visible + near-infrared only. Auto-skipped for HIDSAG swir_low modality (no VNIR bands).","modality":"swir_low","topic_count":6,"document_count":56,"vocabulary_size":18,"n_bands_full":268,"n_bands_kept":18,"kept_band_indices":[0,1,2,3,4,5,6,7,8,9,10,11,12,13,14,15,16,17],"wavelengths_nm_kept_first_last":[1000.21,1096.4],"wavelengths_nm_kept":[1000.21,1005.87,1011.53,1017.19,1022.85,1028.51,1034.17,1039.83,1045.48,1051.14,1056.8,1062.46,1068.12,1073.77,1079.43,1085.09,1090.75,1096.4],"topic_prevalence":[0.021011,0.020905,0.431283,0.020869,0.020745,0.485187],"topic_distance_cosine":[[0.0,0.012807,0.010171,0.017733,0.014676,0.013318],[0.012807,0.0,0.0078,0.01484,0.00782,0.007505],[0.010171,0.0078,0.0,0.01061,0.009302,0.009674],[0.017733,0.01484,0.01061,0.0,0.013906,0.009732],[0.014676,0.00782,0.009302,0.013906,0.0,0.007754],[0.013318,0.007505,0.009674,0.009732,0.007754,0.0]],"top_words_per_topic_lambda_05":[["swir_1068nm","swir_1023nm","swir_1045nm","swir_1029nm","swir_1040nm","swir_1074nm","swir_1000nm","swir_1062nm","swir_1012nm","swir_1085nm","swir_1079nm","swir_1017nm","swir_1006nm","swir_1091nm","swir_1096nm"],["swir_1012nm","swir_1062nm","swir_1091nm","swir_1068nm","swir_1085nm","swir_1045nm","swir_1096nm","swir_1040nm","swir_1029nm","swir_1074nm","swir_1034nm","swir_1079nm","swir_1000nm","swir_1057nm","swir_1051nm"],["swir_1029nm","swir_1074nm","swir_1045nm","swir_1091nm","swir_1051nm","swir_1023nm","swir_1068nm","swir_1012nm","swir_1017nm","swir_1062nm","swir_1079nm","swir_1057nm","swir_1006nm","swir_1085nm","swir_1096nm"],["swir_1085nm","swir_1006nm","swir_1079nm","swir_1074nm","swir_1045nm","swir_1029nm","swir_1057nm","swir_1051nm","swir_1023nm","swir_1000nm","swir_1062nm","swir_1017nm","swir_1091nm","swir_1096nm","swir_1012nm"],["swir_1012nm","swir_1051nm","swir_1068nm","swir_1000nm","swir_1006nm","swir_1096nm","swir_1091nm","swir_1040nm","swir_1085nm","swir_1062nm","swir_1045nm","swir_1029nm","swir_1074nm","swir_1057nm","swir_1079nm"],["swir_1034nm","swir_1096nm","swir_1040nm","swir_1085nm","swir_1000nm","swir_1079nm","swir_1062nm","swir_1057nm","swir_1006nm","swir_1017nm","swir_1068nm","swir_1012nm","swir_1091nm","swir_1023nm","swir_1051nm"]],"p_covariate_given_topic_dominant":[[{"covariate":"coarse","count":6,"p":1.0},{"covariate":"fine","count":0,"p":0.0}],[],[{"covariate":"fine","count":4,"p":1.0},{"covariate":"coarse","count":0,"p":0.0}],[],[],[{"covariate":"fine","count":34,"p":0.7391304347826086},{"covariate":"coarse","count":12,"p":0.2608695652173913}]],"docs_per_topic_dominant":[6,0,4,0,0,46],"perplexity_train":19.71938368018773,"mean_confidence":0.4866905212402344,"doc_names":["POR-0001__m0__01","POR-0001__m1__02","POR-0002__m0__01","POR-0002__m1__02","POR-0003__m0__01","POR-0003__m1__02","POR-0004__m0__01","POR-0004__m1__02","POR-0005__m0__01","POR-0005__m1__02","POR-0006__m0__01","POR-0006__m1__02","POR-0007__m0__01","POR-0007__m1__02","POR-0008__m0__01","POR-0008__m1__02","POR-0009__m0__01","POR-0009__m1__02","POR-0010__m0__01","POR-0010__m1__02","POR-0011__m0__01","POR-0011__m1__02","POR-0012__m0__01","POR-0012__m1__02","POR-0013__m0__01","POR-0013__m1__02","POR-0014__m0__01","POR-0014__m1__02","POR-0015__m0__01","POR-0015__m1__02","POR-0016__m0__01","POR-0016__m1__02","POR-0017__m0__01","POR-0017__m1__02","POR-0018__m0__01","POR-0018__m1__02","POR-0019__m0__01","POR-0019__m1__02","POR-0020__m0__01","POR-0020__m1__02","POR-0021__m0__01","POR-0021__m1__02","POR-0022__m0__01","POR-0022__m1__02","POR-0023__m0__01","POR-0023__m1__02","POR-0024__m0__01","POR-0024__m1__02","POR-0025__m0__01","POR-0025__m1__02","POR-0026__m0__01","POR-0026__m1__02","POR-0027__m0__01","POR-0027__m1__02","POR-0028__m0__01","POR-0028__m1__02"],"sample_names":["POR-0001","POR-0001","POR-0002","POR-0002","POR-0003","POR-0003","POR-0004","POR-0004","POR-0005","POR-0005","POR-0006","POR-0006","POR-0007","POR-0007","POR-0008","POR-0008","POR-0009","POR-0009","POR-0010","POR-0010","POR-0011","POR-0011","POR-0012","POR-0012","POR-0013","POR-0013","POR-0014","POR-0014","POR-0015","POR-0015","POR-0016","POR-0016","POR-0017","POR-0017","POR-0018","POR-0018","POR-0019","POR-0019","POR-0020","POR-0020","POR-0021","POR-0021","POR-0022","POR-0022","POR-0023","POR-0023","POR-0024","POR-0024","POR-0025","POR-0025","POR-0026","POR-0026","POR-0027","POR-0027","POR-0028","POR-0028"],"covariates":["fine","fine","fine","fine","fine","fine","fine","fine","fine","fine","fine","fine","fine","fine","fine","fine","fine","fine","fine","fine","fine","fine","fine","fine","fine","fine","fine","fine","fine","fine","fine","fine","fine","fine","fine","fine","fine","fine","coarse","coarse","coarse","coarse","coarse","coarse","coarse","coarse","coarse","coarse","coarse","coarse","coarse","coarse","coarse","coarse","coarse","coarse"],"theta_per_doc":[[0.0028,0.0027,0.4603,0.0027,0.0026,0.529],[0.0025,0.0024,0.4608,0.0024,0.0023,0.5295],[0.0025,0.0024,0.4608,0.0024,0.0023,0.5295],[0.0025,0.0024,0.4608,0.0024,0.0023,0.5295],[0.0026,0.0026,0.4759,0.0025,0.0024,0.514],[0.0025,0.0024,0.4608,0.0024,0.0023,0.5295],[0.0028,0.0027,0.4603,0.0027,0.0026,0.529],[0.0029,0.0028,0.4428,0.0028,0.0026,0.5462],[0.0027,0.0026,0.4427,0.0026,0.0025,0.5469],[0.0028,0.0027,0.4603,0.0027,0.0026,0.529],[0.0025,0.0024,0.4608,0.0024,0.0023,0.5295],[0.0028,0.0027,0.4603,0.0027,0.0026,0.529],[0.0028,0.0027,0.4603,0.0027,0.0026,0.529],[0.0025,0.0024,0.4608,0.0024,0.0023,0.5295],[0.0023,0.0022,0.4612,0.0022,0.0021,0.5298],[0.0025,0.0024,0.4608,0.0024,0.0023,0.5295],[0.0025,0.0024,0.4608,0.0024,0.0023,0.5295],[0.0025,0.0024,0.4608,0.0024,0.0023,0.5295],[0.0025,0.0024,0.4608,0.0024,0.0023,0.5295],[0.0026,0.0025,0.4777,0.0025,0.0024,0.5124],[0.0046,0.0044,0.4566,0.0044,0.0042,0.5258],[0.0046,0.0044,0.4566,0.0044,0.0042,0.5258],[0.0055,0.0054,0.4991,0.0053,0.0051,0.4796],[0.0055,0.0054,0.4991,0.0053,0.0051,0.4796],[0.0055,0.0053,0.4547,0.0052,0.005,0.5242],[0.0055,0.0053,0.4547,0.0052,0.005,0.5242],[0.0058,0.0056,0.493,0.0055,0.0053,0.4847],[0.0057,0.0055,0.5076,0.0054,0.0052,0.4707],[0.004,0.0039,0.49,0.0038,0.0036,0.4947],[0.004,0.0039,0.49,0.0038,0.0036,0.4947],[0.0049,0.0047,0.4263,0.0046,0.0045,0.555],[0.0048,0.0047,0.49,0.0046,0.0044,0.4915],[0.0051,0.0049,0.4414,0.0049,0.0047,0.539],[0.0053,0.0051,0.4148,0.005,0.0048,0.565],[0.0055,0.0053,0.4547,0.0052,0.005,0.5242],[0.0055,0.0053,0.4547,0.0052,0.005,0.5242],[0.0031,0.003,0.4597,0.003,0.0028,0.5285],[0.0033,0.0032,0.4502,0.0032,0.003,0.5371],[0.1667,0.1667,0.1667,0.1667,0.1667,0.1667],[0.1667,0.1667,0.1667,0.1667,0.1667,0.1667],[0.1667,0.1667,0.1667,0.1667,0.1667,0.1667],[0.1667,0.1667,0.1667,0.1667,0.1667,0.1667],[0.1667,0.1667,0.1667,0.1667,0.1667,0.1667],[0.1667,0.1667,0.1667,0.1667,0.1667,0.1667],[0.0038,0.0037,0.4331,0.0036,0.0035,0.5523],[0.004,0.0038,0.4579,0.0038,0.0036,0.5269],[0.0025,0.0024,0.4608,0.0024,0.0023,0.5295],[0.0025,0.0024,0.4608,0.0024,0.0023,0.5295],[0.0026,0.0025,0.445,0.0025,0.0024,0.545],[0.0025,0.0024,0.4608,0.0024,0.0023,0.5295],[0.0023,0.0022,0.4612,0.0022,0.0021,0.5298],[0.0023,0.0022,0.4612,0.0022,0.0021,0.5298],[0.0031,0.003,0.484,0.003,0.0028,0.5041],[0.0031,0.003,0.4597,0.003,0.0028,0.5285],[0.0036,0.0035,0.4823,0.0034,0.0033,0.5039],[0.0036,0.0035,0.4823,0.0034,0.0033,0.5039]],"lda_config":{"method":"sklearn.LatentDirichletAllocation online","max_iter":60,"doc_topic_prior":0.45,"topic_word_prior":0.2,"random_state":42,"wordification":"band-frequency","quantization_scale":12},"generated_at":"2026-05-14T01:10:20Z","builder_version":"build_band_masked_topic_models_hidsag v0.1"}