{"subset_code":"MINERAL2","mask_id":"vnir","mask_label":"VNIR-only (400-1100 nm)","mask_description":"Visible + near-infrared only. Auto-skipped for HIDSAG swir_low modality (no VNIR bands).","modality":"swir_low","topic_count":4,"document_count":20,"vocabulary_size":18,"n_bands_full":268,"n_bands_kept":18,"kept_band_indices":[0,1,2,3,4,5,6,7,8,9,10,11,12,13,14,15,16,17],"wavelengths_nm_kept_first_last":[1000.21,1096.4],"wavelengths_nm_kept":[1000.21,1005.87,1011.53,1017.19,1022.85,1028.51,1034.17,1039.83,1045.48,1051.14,1056.8,1062.46,1068.12,1073.77,1079.43,1085.09,1090.75,1096.4],"topic_prevalence":[0.063106,0.017581,0.901882,0.017431],"topic_distance_cosine":[[0.0,0.246892,0.235251,0.215008],[0.246892,0.0,0.001982,0.004195],[0.235251,0.001982,0.0,0.001425],[0.215008,0.004195,0.001425,0.0]],"top_words_per_topic_lambda_05":[["swir_1000nm","swir_1023nm","swir_1017nm","swir_1006nm","swir_1012nm","swir_1040nm","swir_1045nm","swir_1029nm","swir_1034nm","swir_1057nm","swir_1051nm","swir_1068nm","swir_1062nm","swir_1079nm","swir_1074nm"],["swir_1062nm","swir_1096nm","swir_1091nm","swir_1085nm","swir_1012nm","swir_1068nm","swir_1040nm","swir_1034nm","swir_1079nm","swir_1045nm","swir_1057nm","swir_1000nm","swir_1074nm","swir_1051nm","swir_1029nm"],["swir_1091nm","swir_1096nm","swir_1079nm","swir_1051nm","swir_1045nm","swir_1074nm","swir_1068nm","swir_1062nm","swir_1085nm","swir_1057nm","swir_1040nm","swir_1029nm","swir_1034nm","swir_1017nm","swir_1023nm"],["swir_1085nm","swir_1006nm","swir_1057nm","swir_1079nm","swir_1051nm","swir_1000nm","swir_1017nm","swir_1045nm","swir_1096nm","swir_1023nm","swir_1074nm","swir_1040nm","swir_1062nm","swir_1029nm","swir_1012nm"]],"p_covariate_given_topic_dominant":[[{"covariate":"unknown","count":2,"p":1.0}],[],[{"covariate":"unknown","count":18,"p":1.0}],[]],"docs_per_topic_dominant":[2,0,18,0],"perplexity_train":19.521750681885198,"mean_confidence":0.9456178545951843,"doc_names":["M2-0001__m0__01","M2-0002__m0__01","M2-0003__m0__01","M2-0004__m0__01","M2-0005__m0__01","M2-0006__m0__01","M2-0007__m0__01","M2-0008__m0__01","M2-0009__m0__01","M2-0010__m0__01","M2-0011__m0__01","M2-0012__m0__01","M2-0013__m0__01","M2-0014__m0__01","M2-0015__m0__01","M2-0016__m0__01","M2-0017__m0__01","M2-0018__m0__01","M2-0019__m0__01","M2-0020__m0__01"],"sample_names":["M2-0001","M2-0002","M2-0003","M2-0004","M2-0005","M2-0006","M2-0007","M2-0008","M2-0009","M2-0010","M2-0011","M2-0012","M2-0013","M2-0014","M2-0015","M2-0016","M2-0017","M2-0018","M2-0019","M2-0020"],"covariates":["unknown","unknown","unknown","unknown","unknown","unknown","unknown","unknown","unknown","unknown","unknown","unknown","unknown","unknown","unknown","unknown","unknown","unknown","unknown","unknown"],"theta_per_doc":[[0.0166,0.0125,0.9587,0.0121],[0.0039,0.0031,0.99,0.003],[0.0125,0.0104,0.9671,0.01],[0.25,0.25,0.25,0.25],[0.0048,0.0039,0.9875,0.0038],[0.0044,0.0032,0.9894,0.0031],[0.0048,0.0034,0.9885,0.0033],[0.0039,0.0029,0.9905,0.0028],[0.0034,0.0025,0.9918,0.0024],[0.005,0.0036,0.988,0.0035],[0.0038,0.0031,0.9901,0.003],[0.0031,0.0025,0.9919,0.0024],[0.0043,0.0034,0.9889,0.0033],[0.0075,0.0062,0.9803,0.006],[0.0057,0.0046,0.9852,0.0045],[0.0029,0.0022,0.9928,0.0021],[0.0035,0.0026,0.9914,0.0025],[0.0065,0.0044,0.9848,0.0043],[0.0029,0.0022,0.9928,0.0021],[0.9127,0.0249,0.038,0.0244]],"lda_config":{"method":"sklearn.LatentDirichletAllocation online","max_iter":60,"doc_topic_prior":0.45,"topic_word_prior":0.2,"random_state":42,"wordification":"band-frequency","quantization_scale":12},"generated_at":"2026-05-14T01:09:49Z","builder_version":"build_band_masked_topic_models_hidsag v0.1"}