{"scene_id":"salinas-a-corrected","mask_id":"top_50_fisher","mask_label":"Top-50 Fisher-ratio bands","mask_description":"Keep only the 50 bands with the largest per-band Fisher discriminant ratio (from interpretability/band_cards). Topics built on the most label-discriminative subset.","spatial_shape":[83,86],"topic_count":6,"document_count":1320,"vocabulary_size":50,"n_bands_full":204,"n_bands_kept":50,"kept_band_indices":[39,40,41,42,43,44,45,46,47,48,49,50,51,52,53,54,55,56,57,58,59,60,61,62,63,64,65,66,67,68,69,70,71,72,73,74,75,76,77,78,79,80,81,82,83,84,85,96,97,98],"wavelengths_nm_kept_first_last":[803.4483032226562,1413.7930908203125],"wavelengths_nm_kept":[803.45,813.79,824.14,834.48,844.83,855.17,865.52,875.86,886.21,896.55,906.9,917.24,927.59,937.93,948.28,958.62,968.97,979.31,989.66,1000.0,1010.34,1020.69,1031.03,1041.38,1051.72,1062.07,1072.41,1082.76,1093.1,1103.45,1113.79,1124.14,1134.48,1144.83,1155.17,1165.52,1175.86,1186.21,1196.55,1206.9,1217.24,1227.59,1237.93,1248.28,1258.62,1268.97,1279.31,1393.1,1403.45,1413.79],"topic_prevalence":[0.161413,0.129215,0.121078,0.128774,0.286422,0.1731],"topic_distance_cosine":[[0.0,0.050629,0.030607,0.047376,0.03156,0.016475],[0.050629,0.0,0.02643,0.030209,0.09879,0.06393],[0.030607,0.02643,0.0,0.035239,0.077257,0.041485],[0.047376,0.030209,0.035239,0.0,0.094487,0.063765],[0.03156,0.09879,0.077257,0.094487,0.0,0.0356],[0.016475,0.06393,0.041485,0.063765,0.0356,0.0]],"top_words_per_topic_lambda_05":[["1269nm","1259nm","1279nm","1238nm","1393nm","1228nm","1052nm","0803nm","1217nm","1414nm","1155nm","1403nm","1145nm","1248nm","1166nm"],["1000nm","0886nm","0897nm","0855nm","0938nm","1031nm","0979nm","0948nm","1124nm","0834nm","1041nm","0917nm","1010nm","0824nm","1217nm"],["1103nm","0803nm","1093nm","0886nm","1155nm","1062nm","1114nm","0876nm","1186nm","0938nm","0917nm","1072nm","1083nm","1052nm","1207nm"],["0907nm","1176nm","1166nm","0969nm","0824nm","0928nm","0834nm","0990nm","0845nm","1238nm","1134nm","0866nm","1228nm","0814nm","0876nm"],["1279nm","1403nm","1393nm","1269nm","1414nm","1248nm","1259nm","1238nm","1083nm","1228nm","1072nm","1186nm","1124nm","1134nm","1166nm"],["1259nm","1269nm","1393nm","1248nm","1197nm","0803nm","1114nm","1207nm","1403nm","0814nm","1103nm","1217nm","1279nm","1052nm","1414nm"]],"p_label_given_topic_dominant":[[{"label_id":1,"name":"Brocoli_green_weeds_1","count":1,"p":1.0},{"label_id":2,"name":"Corn_senesced_green_weeds","count":0,"p":0.0},{"label_id":3,"name":"Lettuce_romaine_4wk","count":0,"p":0.0},{"label_id":4,"name":"Lettuce_romaine_5wk","count":0,"p":0.0},{"label_id":5,"name":"Lettuce_romaine_6wk","count":0,"p":0.0},{"label_id":6,"name":"Lettuce_romaine_7wk","count":0,"p":0.0},{"label_id":10,"name":"class_10","count":0,"p":0.0},{"label_id":11,"name":"class_11","count":0,"p":0.0},{"label_id":12,"name":"class_12","count":0,"p":0.0},{"label_id":13,"name":"class_13","count":0,"p":0.0},{"label_id":14,"name":"class_14","count":0,"p":0.0}],[{"label_id":1,"name":"Brocoli_green_weeds_1","count":219,"p":0.8051470588235294},{"label_id":2,"name":"Corn_senesced_green_weeds","count":0,"p":0.0},{"label_id":3,"name":"Lettuce_romaine_4wk","count":0,"p":0.0},{"label_id":4,"name":"Lettuce_romaine_5wk","count":0,"p":0.0},{"label_id":5,"name":"Lettuce_romaine_6wk","count":0,"p":0.0},{"label_id":6,"name":"Lettuce_romaine_7wk","count":0,"p":0.0},{"label_id":10,"name":"class_10","count":0,"p":0.0},{"label_id":11,"name":"class_11","count":0,"p":0.0},{"label_id":12,"name":"class_12","count":0,"p":0.0},{"label_id":13,"name":"class_13","count":0,"p":0.0},{"label_id":14,"name":"class_14","count":53,"p":0.1948529411764706}],[{"label_id":1,"name":"Brocoli_green_weeds_1","count":0,"p":0.0},{"label_id":2,"name":"Corn_senesced_green_weeds","count":0,"p":0.0},{"label_id":3,"name":"Lettuce_romaine_4wk","count":0,"p":0.0},{"label_id":4,"name":"Lettuce_romaine_5wk","count":0,"p":0.0},{"label_id":5,"name":"Lettuce_romaine_6wk","count":0,"p":0.0},{"label_id":6,"name":"Lettuce_romaine_7wk","count":0,"p":0.0},{"label_id":10,"name":"class_10","count":0,"p":0.0},{"label_id":11,"name":"class_11","count":0,"p":0.0},{"label_id":12,"name":"class_12","count":0,"p":0.0},{"label_id":13,"name":"class_13","count":0,"p":0.0},{"label_id":14,"name":"class_14","count":17,"p":1.0}],[{"label_id":1,"name":"Brocoli_green_weeds_1","count":0,"p":0.0},{"label_id":2,"name":"Corn_senesced_green_weeds","count":0,"p":0.0},{"label_id":3,"name":"Lettuce_romaine_4wk","count":0,"p":0.0},{"label_id":4,"name":"Lettuce_romaine_5wk","count":0,"p":0.0},{"label_id":5,"name":"Lettuce_romaine_6wk","count":0,"p":0.0},{"label_id":6,"name":"Lettuce_romaine_7wk","count":0,"p":0.0},{"label_id":10,"name":"class_10","count":0,"p":0.0},{"label_id":11,"name":"class_11","count":0,"p":0.0},{"label_id":12,"name":"class_12","count":0,"p":0.0},{"label_id":13,"name":"class_13","count":0,"p":0.0},{"label_id":14,"name":"class_14","count":54,"p":1.0}],[{"label_id":1,"name":"Brocoli_green_weeds_1","count":0,"p":0.0},{"label_id":2,"name":"Corn_senesced_green_weeds","count":0,"p":0.0},{"label_id":3,"name":"Lettuce_romaine_4wk","count":0,"p":0.0},{"label_id":4,"name":"Lettuce_romaine_5wk","count":0,"p":0.0},{"label_id":5,"name":"Lettuce_romaine_6wk","count":0,"p":0.0},{"label_id":6,"name":"Lettuce_romaine_7wk","count":0,"p":0.0},{"label_id":10,"name":"class_10","count":220,"p":0.22540983606557377},{"label_id":11,"name":"class_11","count":220,"p":0.22540983606557377},{"label_id":12,"name":"class_12","count":220,"p":0.22540983606557377},{"label_id":13,"name":"class_13","count":220,"p":0.22540983606557377},{"label_id":14,"name":"class_14","count":96,"p":0.09836065573770492}],[{"label_id":1,"name":"Brocoli_green_weeds_1","count":0,"p":0.0},{"label_id":2,"name":"Corn_senesced_green_weeds","count":0,"p":0.0},{"label_id":3,"name":"Lettuce_romaine_4wk","count":0,"p":0.0},{"label_id":4,"name":"Lettuce_romaine_5wk","count":0,"p":0.0},{"label_id":5,"name":"Lettuce_romaine_6wk","count":0,"p":0.0},{"label_id":6,"name":"Lettuce_romaine_7wk","count":0,"p":0.0},{"label_id":10,"name":"class_10","count":0,"p":0.0},{"label_id":11,"name":"class_11","count":0,"p":0.0},{"label_id":12,"name":"class_12","count":0,"p":0.0},{"label_id":13,"name":"class_13","count":0,"p":0.0},{"label_id":14,"name":"class_14","count":0,"p":0.0}]],"docs_per_topic_dominant":[1,272,17,54,976,0],"perplexity_train":51.391528828461965,"ari_dominant_vs_label":0.17359264802046284,"mean_confidence":0.3375431299209595,"lda_config":{"method":"sklearn.LatentDirichletAllocation online","max_iter":60,"doc_topic_prior":0.45,"topic_word_prior":0.2,"random_state":42,"wordification":"band-frequency","quantization_scale":12,"samples_per_class":220},"dominant_topic_map":{"format":"binary_uint8","shape":[83,86],"sentinel_unlabelled":255,"served_path":"data/derived/band_masks/salinas-a-corrected/top_50_fisher/dominant_topic_map.bin"},"theta_grid":{"format":"binary_float32","shape":[83,86,6],"dtype":"float32","sentinel":"all_zero_vector","byte_order":"little_endian","served_path":"data/derived/band_masks/salinas-a-corrected/top_50_fisher/theta_grid.bin"},"generated_at":"2026-05-13T02:10:24Z","builder_version":"build_band_masked_topic_models v0.1"}