{"scene_id":"salinas-a-corrected","mask_id":"swir","mask_label":"SWIR-only (1100-2500 nm)","mask_description":"Shortwave-infrared bands only. Removes VNIR signal so topics can only express mineral / moisture absorption regions.","spatial_shape":[83,86],"topic_count":6,"document_count":1320,"vocabulary_size":136,"n_bands_full":204,"n_bands_kept":136,"kept_band_indices":[68,69,70,71,72,73,74,75,76,77,78,79,80,81,82,83,84,85,86,87,88,89,90,91,92,93,94,95,96,97,98,99,100,101,102,103,104,105,106,107,108,109,110,111,112,113,114,115,116,117,118,119,120,121,122,123,124,125,126,127,128,129,130,131,132,133,134,135,136,137,138,139,140,141,142,143,144,145,146,147,148,149,150,151,152,153,154,155,156,157,158,159,160,161,162,163,164,165,166,167,168,169,170,171,172,173,174,175,176,177,178,179,180,181,182,183,184,185,186,187,188,189,190,191,192,193,194,195,196,197,198,199,200,201,202,203],"wavelengths_nm_kept_first_last":[1103.4482421875,2500.0],"wavelengths_nm_kept":[1103.45,1113.79,1124.14,1134.48,1144.83,1155.17,1165.52,1175.86,1186.21,1196.55,1206.9,1217.24,1227.59,1237.93,1248.28,1258.62,1268.97,1279.31,1289.66,1300.0,1310.34,1320.69,1331.03,1341.38,1351.72,1362.07,1372.41,1382.76,1393.1,1403.45,1413.79,1424.14,1434.48,1444.83,1455.17,1465.52,1475.86,1486.21,1496.55,1506.9,1517.24,1527.59,1537.93,1548.28,1558.62,1568.97,1579.31,1589.66,1600.0,1610.34,1620.69,1631.03,1641.38,1651.72,1662.07,1672.41,1682.76,1693.1,1703.45,1713.79,1724.14,1734.48,1744.83,1755.17,1765.52,1775.86,1786.21,1796.55,1806.9,1817.24,1827.59,1837.93,1848.28,1858.62,1868.97,1879.31,1889.66,1900.0,1910.34,1920.69,1931.03,1941.38,1951.72,1962.07,1972.41,1982.76,1993.1,2003.45,2013.79,2024.14,2034.48,2044.83,2055.17,2065.52,2075.86,2086.21,2096.55,2106.9,2117.24,2127.59,2137.93,2148.28,2158.62,2168.97,2179.31,2189.66,2200.0,2210.34,2220.69,2231.03,2241.38,2251.72,2262.07,2272.41,2282.76,2293.1,2303.45,2313.79,2324.14,2334.48,2344.83,2355.17,2365.52,2375.86,2386.21,2396.55,2406.9,2417.24,2427.59,2437.93,2448.28,2458.62,2468.97,2479.31,2489.66,2500.0],"topic_prevalence":[0.187687,0.123982,0.094018,0.364899,0.186571,0.042842],"topic_distance_cosine":[[0.0,0.158566,0.122019,0.438666,0.332627,0.038766],[0.158566,0.0,0.034444,0.101107,0.067142,0.07844],[0.122019,0.034444,0.0,0.133024,0.084399,0.054779],[0.438666,0.101107,0.133024,0.0,0.028339,0.272525],[0.332627,0.067142,0.084399,0.028339,0.0,0.192969],[0.038766,0.07844,0.054779,0.272525,0.192969,0.0]],"top_words_per_topic_lambda_05":[["1186nm","1155nm","1145nm","1176nm","1134nm","1166nm","1197nm","1207nm","1217nm","1124nm","1114nm","1103nm","1228nm","1238nm","1248nm"],["1352nm","1372nm","1310nm","1259nm","1290nm","1269nm","1321nm","1279nm","1403nm","1434nm","1300nm","1383nm","1414nm","1393nm","1217nm"],["1331nm","1341nm","1362nm","1383nm","1393nm","1269nm","1445nm","1279nm","1248nm","1290nm","1300nm","1186nm","1310nm","1414nm","1321nm"],["2366nm","2355nm","2376nm","2334nm","2324nm","2293nm","2438nm","1600nm","1631nm","2303nm","1610nm","2428nm","1703nm","1662nm","1693nm"],["1279nm","1383nm","1331nm","1362nm","1352nm","2386nm","1259nm","1641nm","1393nm","1621nm","2345nm","2314nm","1372nm","1310nm","1290nm"],["1321nm","1300nm","1331nm","1403nm","1238nm","1424nm","1217nm","1166nm","1124nm","1197nm","1414nm","1362nm","1248nm","1341nm","1207nm"]],"p_label_given_topic_dominant":[[{"label_id":1,"name":"Brocoli_green_weeds_1","count":218,"p":1.0},{"label_id":2,"name":"Corn_senesced_green_weeds","count":0,"p":0.0},{"label_id":3,"name":"Lettuce_romaine_4wk","count":0,"p":0.0},{"label_id":4,"name":"Lettuce_romaine_5wk","count":0,"p":0.0},{"label_id":5,"name":"Lettuce_romaine_6wk","count":0,"p":0.0},{"label_id":6,"name":"Lettuce_romaine_7wk","count":0,"p":0.0},{"label_id":10,"name":"class_10","count":0,"p":0.0},{"label_id":11,"name":"class_11","count":0,"p":0.0},{"label_id":12,"name":"class_12","count":0,"p":0.0},{"label_id":13,"name":"class_13","count":0,"p":0.0},{"label_id":14,"name":"class_14","count":0,"p":0.0}],[{"label_id":1,"name":"Brocoli_green_weeds_1","count":0,"p":0.0},{"label_id":2,"name":"Corn_senesced_green_weeds","count":0,"p":0.0},{"label_id":3,"name":"Lettuce_romaine_4wk","count":0,"p":0.0},{"label_id":4,"name":"Lettuce_romaine_5wk","count":0,"p":0.0},{"label_id":5,"name":"Lettuce_romaine_6wk","count":0,"p":0.0},{"label_id":6,"name":"Lettuce_romaine_7wk","count":0,"p":0.0},{"label_id":10,"name":"class_10","count":50,"p":0.2336448598130841},{"label_id":11,"name":"class_11","count":0,"p":0.0},{"label_id":12,"name":"class_12","count":0,"p":0.0},{"label_id":13,"name":"class_13","count":0,"p":0.0},{"label_id":14,"name":"class_14","count":164,"p":0.7663551401869159}],[{"label_id":1,"name":"Brocoli_green_weeds_1","count":0,"p":0.0},{"label_id":2,"name":"Corn_senesced_green_weeds","count":0,"p":0.0},{"label_id":3,"name":"Lettuce_romaine_4wk","count":0,"p":0.0},{"label_id":4,"name":"Lettuce_romaine_5wk","count":0,"p":0.0},{"label_id":5,"name":"Lettuce_romaine_6wk","count":0,"p":0.0},{"label_id":6,"name":"Lettuce_romaine_7wk","count":0,"p":0.0},{"label_id":10,"name":"class_10","count":0,"p":0.0},{"label_id":11,"name":"class_11","count":0,"p":0.0},{"label_id":12,"name":"class_12","count":0,"p":0.0},{"label_id":13,"name":"class_13","count":0,"p":0.0},{"label_id":14,"name":"class_14","count":47,"p":1.0}],[{"label_id":1,"name":"Brocoli_green_weeds_1","count":0,"p":0.0},{"label_id":2,"name":"Corn_senesced_green_weeds","count":0,"p":0.0},{"label_id":3,"name":"Lettuce_romaine_4wk","count":0,"p":0.0},{"label_id":4,"name":"Lettuce_romaine_5wk","count":0,"p":0.0},{"label_id":5,"name":"Lettuce_romaine_6wk","count":0,"p":0.0},{"label_id":6,"name":"Lettuce_romaine_7wk","count":0,"p":0.0},{"label_id":10,"name":"class_10","count":139,"p":0.2224},{"label_id":11,"name":"class_11","count":220,"p":0.352},{"label_id":12,"name":"class_12","count":220,"p":0.352},{"label_id":13,"name":"class_13","count":46,"p":0.0736},{"label_id":14,"name":"class_14","count":0,"p":0.0}],[{"label_id":1,"name":"Brocoli_green_weeds_1","count":2,"p":0.009259259259259259},{"label_id":2,"name":"Corn_senesced_green_weeds","count":0,"p":0.0},{"label_id":3,"name":"Lettuce_romaine_4wk","count":0,"p":0.0},{"label_id":4,"name":"Lettuce_romaine_5wk","count":0,"p":0.0},{"label_id":5,"name":"Lettuce_romaine_6wk","count":0,"p":0.0},{"label_id":6,"name":"Lettuce_romaine_7wk","count":0,"p":0.0},{"label_id":10,"name":"class_10","count":31,"p":0.14351851851851852},{"label_id":11,"name":"class_11","count":0,"p":0.0},{"label_id":12,"name":"class_12","count":0,"p":0.0},{"label_id":13,"name":"class_13","count":174,"p":0.8055555555555556},{"label_id":14,"name":"class_14","count":9,"p":0.041666666666666664}],[{"label_id":1,"name":"Brocoli_green_weeds_1","count":0,"p":0.0},{"label_id":2,"name":"Corn_senesced_green_weeds","count":0,"p":0.0},{"label_id":3,"name":"Lettuce_romaine_4wk","count":0,"p":0.0},{"label_id":4,"name":"Lettuce_romaine_5wk","count":0,"p":0.0},{"label_id":5,"name":"Lettuce_romaine_6wk","count":0,"p":0.0},{"label_id":6,"name":"Lettuce_romaine_7wk","count":0,"p":0.0},{"label_id":10,"name":"class_10","count":0,"p":0.0},{"label_id":11,"name":"class_11","count":0,"p":0.0},{"label_id":12,"name":"class_12","count":0,"p":0.0},{"label_id":13,"name":"class_13","count":0,"p":0.0},{"label_id":14,"name":"class_14","count":0,"p":0.0}]],"docs_per_topic_dominant":[218,214,47,625,216,0],"perplexity_train":95.21955396085933,"ari_dominant_vs_label":0.4320037965051666,"mean_confidence":0.595182478427887,"lda_config":{"method":"sklearn.LatentDirichletAllocation online","max_iter":60,"doc_topic_prior":0.45,"topic_word_prior":0.2,"random_state":42,"wordification":"band-frequency","quantization_scale":12,"samples_per_class":220},"dominant_topic_map":{"format":"binary_uint8","shape":[83,86],"sentinel_unlabelled":255,"served_path":"data/derived/band_masks/salinas-a-corrected/swir/dominant_topic_map.bin"},"theta_grid":{"format":"binary_float32","shape":[83,86,6],"dtype":"float32","sentinel":"all_zero_vector",