{"scene_id":"kennedy-space-center","mask_id":"swir","mask_label":"SWIR-only (1100-2500 nm)","mask_description":"Shortwave-infrared bands only. Removes VNIR signal so topics can only express mineral / moisture absorption regions.","spatial_shape":[512,614],"topic_count":12,"document_count":2686,"vocabulary_size":117,"n_bands_full":176,"n_bands_kept":117,"kept_band_indices":[59,60,61,62,63,64,65,66,67,68,69,70,71,72,73,74,75,76,77,78,79,80,81,82,83,84,85,86,87,88,89,90,91,92,93,94,95,96,97,98,99,100,101,102,103,104,105,106,107,108,109,110,111,112,113,114,115,116,117,118,119,120,121,122,123,124,125,126,127,128,129,130,131,132,133,134,135,136,137,138,139,140,141,142,143,144,145,146,147,148,149,150,151,152,153,154,155,156,157,158,159,160,161,162,163,164,165,166,167,168,169,170,171,172,173,174,175],"wavelengths_nm_kept_first_last":[1108.0,2500.0],"wavelengths_nm_kept":[1108.0,1120.0,1132.0,1144.0,1156.0,1168.0,1180.0,1192.0,1204.0,1216.0,1228.0,1240.0,1252.0,1264.0,1276.0,1288.0,1300.0,1312.0,1324.0,1336.0,1348.0,1360.0,1372.0,1384.0,1396.0,1408.0,1420.0,1432.0,1444.0,1456.0,1468.0,1480.0,1492.0,1504.0,1516.0,1528.0,1540.0,1552.0,1564.0,1576.0,1588.0,1600.0,1612.0,1624.0,1636.0,1648.0,1660.0,1672.0,1684.0,1696.0,1708.0,1720.0,1732.0,1744.0,1756.0,1768.0,1780.0,1792.0,1804.0,1816.0,1828.0,1840.0,1852.0,1864.0,1876.0,1888.0,1900.0,1912.0,1924.0,1936.0,1948.0,1960.0,1972.0,1984.0,1996.0,2008.0,2020.0,2032.0,2044.0,2056.0,2068.0,2080.0,2092.0,2104.0,2116.0,2128.0,2140.0,2152.0,2164.0,2176.0,2188.0,2200.0,2212.0,2224.0,2236.0,2248.0,2260.0,2272.0,2284.0,2296.0,2308.0,2320.0,2332.0,2344.0,2356.0,2368.0,2380.0,2392.0,2404.0,2416.0,2428.0,2440.0,2452.0,2464.0,2476.0,2488.0,2500.0],"topic_prevalence":[0.067402,0.085817,0.110859,0.210576,0.068748,0.073816,0.078994,0.073414,0.074983,0.069785,0.079896,0.00571],"topic_distance_cosine":[[0.0,0.050413,0.078303,0.247371,0.028264,0.039097,0.041489,0.035013,0.039022,0.031643,0.044291,0.880194],[0.050413,0.0,0.026871,0.420868,0.035112,0.037558,0.126823,0.106168,0.020955,0.032007,0.029443,0.901376],[0.078303,0.026871,0.0,0.463469,0.042755,0.034196,0.155422,0.125771,0.026943,0.037491,0.030157,0.904076],[0.247371,0.420868,0.463469,0.0,0.340622,0.371466,0.155173,0.186429,0.383906,0.348656,0.409952,0.817201],[0.028264,0.035112,0.042755,0.340622,0.0,0.018729,0.076622,0.064493,0.023004,0.017248,0.020815,0.894763],[0.039097,0.037558,0.034196,0.371466,0.018729,0.0,0.091452,0.074606,0.024334,0.028836,0.026497,0.901994],[0.041489,0.126823,0.155422,0.155173,0.076622,0.091452,0.0,0.029014,0.099222,0.085896,0.115639,0.867321],[0.035013,0.106168,0.125771,0.186429,0.064493,0.074606,0.029014,0.0,0.077294,0.067116,0.09426,0.870061],[0.039022,0.020955,0.026943,0.383906,0.023004,0.024334,0.099222,0.077294,0.0,0.016112,0.018856,0.898585],[0.031643,0.032007,0.037491,0.348656,0.017248,0.028836,0.085896,0.067116,0.016112,0.0,0.022049,0.894756],[0.044291,0.029443,0.030157,0.409952,0.020815,0.026497,0.115639,0.09426,0.018856,0.022049,0.0,0.904538],[0.880194,0.901376,0.904076,0.817201,0.894763,0.901994,0.867321,0.870061,0.898585,0.894756,0.904538,0.0]],"top_words_per_topic_lambda_05":[["1516nm","1528nm","1396nm","1504nm","1456nm","1348nm","1252nm","1420nm","1432nm","1468nm","1384nm","1156nm","1408nm","1552nm","1492nm"],["1252nm","1312nm","1228nm","1528nm","1264nm","1204nm","1192nm","1348nm","1456nm","1552nm","1240nm","1516nm","1420nm","1336nm","1276nm"],["1276nm","1240nm","1288nm","1252nm","1144nm","1264nm","1324nm","1312nm","1120nm","1192nm","1132nm","1300nm","1180nm","1216nm","1204nm"],["2356nm","2380nm","2344nm","2392nm","2332nm","2308nm","2044nm","2296nm","2368nm","2008nm","2128nm","2140nm","2116nm","2320nm","2464nm"],["1108nm","1420nm","1480nm","1360nm","1336nm","1408nm","1456nm","1468nm","1132nm","1192nm","1144nm","1300nm","1516nm","1504nm","1528nm"],["1360nm","1420nm","1324nm","1132nm","1408nm","1348nm","1144nm","1240nm","1336nm","1432nm","1168nm","1120nm","1180nm","1480nm","1384nm"],["1408nm","1840nm","1372nm","1504nm","1552nm","1816nm","1492nm","1468nm","1348nm","1360nm","1444nm","1828nm","1456nm","1324nm","1516nm"],["1540nm","1384nm","1300nm","1408nm","1480nm","1396nm","1876nm","1780nm","1768nm","1360nm","1444nm","1792nm","1264nm","1372nm","1420nm"],["1216nm","1432nm","1336nm","1384nm","1264nm","1372nm","1396nm","1300nm","1324nm","1228nm","1204nm","1276nm","1552nm","1168nm","1516nm"],["1444nm","1492nm","1300nm","1456nm","1132nm","1288nm","1396nm","1372nm","1528nm","1168nm","1120nm","1384nm","1156nm","1432nm","1216nm"],["1468nm","1384nm","1108nm","1504nm","1288nm","1156nm","1492nm","1180nm","1324nm","1228nm","1168nm","1480nm","1408nm","1516nm","1528nm"],["1984nm","2500nm","2476nm","2296nm","2416nm","2392nm","1708nm","2380nm","2116nm","2488nm","2104nm","2248nm","2308nm","2044nm","2320nm"]],"p_label_given_topic_dominant":[[{"label_id":1,"name":"Scrub","count":0,"p":0.0},{"label_id":2,"name":"Willow swamp","count":3,"p":0.375},{"label_id":3,"name":"CP hammock","count":1,"p":0.125},{"label_id":4,"name":"Slash pine","count":1,"p":0.125},{"label_id":5,"name":"Oak/Broadleaf","count":0,"p":0.0},{"label_id":6,"name":"Hardwood","count":1,"p":0.125},{"label_id":7,"name":"Swamp","count":0,"p":0.0},{"label_id":8,"name":"Graminoid marsh","count":0,"p":0.0},{"label_id":9,"name":"Spartina marsh","count":0,"p":0.0},{"label_id":10,"name":"Cattail marsh","count":0,"p":0.0},{"label_id":11,"name":"Salt marsh","count":0,"p":0.0},{"label_id":12,"name":"Mud flats","count":2,"p":0.25},{"label_id":13,"name":"Water","count":0,"p":0.0}],[{"label_id":1,"name":"Scrub","count":8,"p":0.09411764705882353},{"label_id":2,"name":"Willow swamp","count":13,"p":0.15294117647058825},{"label_id":3,"name":"CP hammock","count":30,"p":0.35294117647058826},{"label_id":4,"name":"Slash pine","count":11,"p":0.12941176470588237},{"label_id":5,"name":"Oak/Broadleaf","count":5,"p":0.058823529411764705},{"label_id":6,"name":"Hardwood","count":4,"p":0.047058823529411764},{"label_id":7,"name":"Swamp","count":7,"p":0.08235294117647059},{"label_id":8,"name":"Graminoid marsh","count":1,"p":0.011764705882352941},{"label_id":9,"name":"Spartina marsh","count":0,"p":0.0},{"label_id":10,"name":"Cattail marsh","count":4,"p":0.047058823529411764},{"label_id":11,"name":"Salt marsh","count":0,"p":0.0},{"label_id":12,"name":"Mud flats","count":2,"p":0.023529411764705882},{"label_id":13,"name":"Water","count":0,"p":0.0}],[{"label_id":1,"name":"Scrub","count":135,"p":0.1196808510638298},{"label_id":2,"name":"Willow swamp","count":118,"p":0.10460992907801418},{"label_id":3,"name":"CP hammock","count":147,"p":0.13031914893617022},{"label_id":4,"name":"Slash pine","count":192,"p":0.1702127659574468},{"label_id":5,"name":"Oak/Broadleaf","count":141,"p":0.125},{"label_id":6,"name":"Hardwood","count":180,"p":0.1595744680851064},{"label_id":7,"name":"Swamp","count":78,"p":0.06914893617021277},{"label_id":8,"name":"Graminoid marsh","count":4,"p":0.0035460992907801418},{"label_id":9,"name":"Spartina marsh","count":0,"p":0.0},{"label_id":10,"name":"Cattail marsh","count":123,"p":0.10904255319148937},{"label_id":11,"name":"Salt marsh","count":0,"p":0.0},{"label_id":12,"name":"Mud flats","count":10,"p":0.008865248226950355},{"label_id":13,"name":"Water","count":0,"p":0.0}],[{"label_id":1,"name":"Scrub","count":30,"p":0.02481389578163772},{"label_id":2,"name":"Willow swamp","count":15,"p":0.01240694789081886},{"label_id":3,"name":"CP hammock","count":12,"p":0.009925558312655087},{"label_id":4,"name":"Slash pine","count":4,"p":0.0033085194375516956},{"label_id":5,"name":"Oak/Broadleaf","count":4,"p":0.0033085194375516956},{"label_id":6,"name":"Hardwood","count":14,"p":0.011579818031430935},{"label_id":7,"name":"Swamp","count":0,"p":0.0},{"label_id":8,"name":"Graminoid marsh","count":212,"p":0.17535153019023986},{"label_id":9,"name":"Spartina marsh","count":219,"p":0.18114143920595532},{"label_id":10,"name":"Cattail marsh","count":88,"p":0.07278742762613731},{"label_id":11,"name":"Salt marsh","count":220,