{"scene_id":"botswana","method":"cae_2d_8","n_seeds":30,"latent_dim":8,"samples_per_class":220,"ari_vs_gt_per_seed":[0.390137,0.399949,0.397123,0.397648,0.399545,0.395916,0.392953,0.413618,0.397346,0.420204,0.383809,0.391769,0.415223,0.392215,0.398077,0.384992,0.400697,0.374292,0.384251,0.398801,0.400844,0.418817,0.386155,0.405969,0.389487,0.377669,0.378746,0.395557,0.381566,0.399963],"ari_vs_gt_summary":{"mean":0.395445,"std":0.011432,"min":0.374292,"max":0.420204},"seed_pair_ari":[[1.0,0.766342,0.592396,0.88435,0.826513,0.826545,0.706819,0.683442,0.84941,0.691976,0.713725,0.612879,0.6243,0.802833,0.794255,0.652104,0.743879,0.752178,0.780019,0.642614,0.792061,0.712733,0.712805,0.68691,0.774609,0.667483,0.706569,0.807699,0.715009,0.630742],[0.766342,1.0,0.692089,0.696245,0.71356,0.722005,0.671121,0.767679,0.841862,0.654428,0.603686,0.685027,0.714865,0.736831,0.761858,0.676173,0.758666,0.619008,0.635101,0.71789,0.690919,0.656421,0.613778,0.782529,0.620982,0.723631,0.609182,0.841156,0.608087,0.680061],[0.592396,0.692089,1.0,0.594646,0.56259,0.550985,0.662328,0.670536,0.640502,0.554228,0.711114,0.797187,0.683651,0.578821,0.648817,0.760786,0.715318,0.683524,0.68208,0.821119,0.558813,0.553298,0.723151,0.673972,0.68046,0.582774,0.737507,0.642812,0.742529,0.823841],[0.88435,0.696245,0.594646,1.0,0.820159,0.799743,0.741301,0.65357,0.802486,0.678796,0.73709,0.63329,0.642656,0.7889,0.829998,0.681318,0.798134,0.792325,0.809544,0.649867,0.751162,0.717798,0.73134,0.649526,0.816074,0.620035,0.718854,0.759957,0.73096,0.649737],[0.826513,0.71356,0.56259,0.820159,1.0,0.924407,0.681436,0.797868,0.787367,0.755282,0.681883,0.620427,0.707274,0.920728,0.757358,0.640622,0.670227,0.742739,0.77616,0.614677,0.872379,0.761437,0.694348,0.772543,0.751105,0.671647,0.692604,0.766777,0.684556,0.606525],[0.826545,0.722005,0.550985,0.799743,0.924407,1.0,0.660299,0.785227,0.778972,0.775153,0.680551,0.597025,0.697182,0.895309,0.726666,0.616981,0.64941,0.723213,0.759745,0.599873,0.891317,0.766784,0.673206,0.784144,0.744989,0.683361,0.673178,0.764584,0.682019,0.588993],[0.706819,0.671121,0.662328,0.741301,0.681436,0.660299,1.0,0.594801,0.747064,0.587082,0.785017,0.726468,0.655614,0.693674,0.813589,0.799111,0.676373,0.749508,0.721235,0.708043,0.631373,0.598233,0.801515,0.599453,0.734712,0.573941,0.764654,0.718681,0.763223,0.692732],[0.683442,0.767679,0.670536,0.65357,0.797868,0.785227,0.594801,1.0,0.703265,0.71058,0.536139,0.643696,0.825203,0.804024,0.661965,0.612883,0.762671,0.594232,0.619319,0.672324,0.749507,0.719445,0.546845,0.914804,0.593897,0.65097,0.544648,0.700256,0.535922,0.714053],[0.84941,0.841862,0.640502,0.802486,0.787367,0.778972,0.747064,0.703265,1.0,0.696287,0.683595,0.658007,0.653048,0.788606,0.855938,0.694372,0.729565,0.709465,0.712933,0.662466,0.752633,0.709176,0.697352,0.713244,0.705528,0.729455,0.68558,0.910199,0.685662,0.642126],[0.691976,0.654428,0.554228,0.678796,0.755282,0.775153,0.587082,0.71058,0.696287,1.0,0.597385,0.572592,0.619976,0.723006,0.632189,0.569353,0.611117,0.630107,0.659808,0.574751,0.798598,0.907301,0.586742,0.705968,0.647247,0.659839,0.599416,0.680696,0.605136,0.560571],[0.713725,0.603686,0.711114,0.73709,0.681883,0.680551,0.785017,0.536139,0.683595,0.597385,1.0,0.742543,0.567834,0.662689,0.705639,0.813082,0.590703,0.818149,0.823164,0.736585,0.670965,0.595631,0.926586,0.537064,0.831582,0.570028,0.882708,0.666644,0.918335,0.712717],[0.612879,0.685027,0.797187,0.63329,0.620427,0.597025,0.726468,0.643696,0.658007,0.572592,0.742543,1.0,0.648714,0.62873,0.697269,0.867932,0.671202,0.764249,0.750229,0.803762,0.595835,0.584613,0.757272,0.640473,0.744517,0.554601,0.792185,0.654171,0.756134,0.787254],[0.6243,0.714865,0.683651,0.642656,0.707274,0.697182,0.655614,0.825203,0.653048,0.619976,0.567834,0.648714,1.0,0.729608,0.707321,0.637699,0.744308,0.601941,0.620341,0.715127,0.645416,0.606702,0.582062,0.844713,0.611912,0.608439,0.567925,0.642735,0.561147,0.735138],[0.802833,0.736831,0.578821,0.7889,0.920728,0.895309,0.693674,0.804024,0.788606,0.723006,0.662689,0.62873,0.729608,1.0,0.767178,0.655851,0.692636,0.725529,0.74475,0.630438,0.835939,0.72506,0.681462,0.800961,0.715925,0.669183,0.668354,0.787861,0.659475,0.62176],[0.794255,0.761858,0.648817,0.829998,0.757358,0.726666,0.813589,0.661965,0.855938,0.632189,0.705639,0.697269,0.707321,0.767178,1.0,0.747362,0.753715,0.74853,0.732688,0.690601,0.691922,0.663979,0.728401,0.663796,0.730304,0.653672,0.70612,0.824829,0.69901,0.67617],[0.652104,0.676173,0.760786,0.681318,0.640622,0.616981,0.799111,0.612883,0.694372,0.569353,0.813082,0.867932,0.637699,0.655851,0.747362,1.0,0.676996,0.805739,0.79042,0.817042,0.609019,0.584629,0.841214,0.60994,0.799474,0.555346,0.816519,0.679826,0.791301,0.808762],[0.743879,0.758666,0.715318,0.798134,0.670227,0.64941,0.676373,0.762671,0.729565,0.611117,0.590703,0.671202,0.744308,0.692636,0.753715,0.676996,1.0,0.663116,0.652932,0.734892,0.618127,0.65101,0.610318,0.781579,0.651961,0.580822,0.589537,0.709767,0.584379,0.751036],[0.752178,0.619008,0.683524,0.792325,0.742739,0.723213,0.749508,0.594232,0.709465,0.630107,0.818149,0.764249,0.601941,0.725529,0.74853,0.805739,0.663116,1.0,0.903736,0.738477,0.708681,0.657585,0.821462,0.590082,0.890758,0.5728,0.82805,0.692462,0.815902,0.733344],[0.780019,0.635101,0.68208,0.809544,0.77616,0.759745,0.721235,0.619319,0.712933,0.659808,0.823164,0.750229,0.620341,0.74475,0.732688,0.79042,0.652932,0.903736,1.0,0.77195,0.738566,0.678966,0.815545,0.608349,0.938318,0.584777,0.820861,0.690021,0.825479,0.76833],[0.642614,0.71789,0.821119,0.649867,0.614677,0.599873,0.708043,0.672324,0.662466,0.574751,0.736585,0.803762,0.715127,0.630438,0.690601,0.817042,0.734892,0.738477,0.77195,1.0,0.591783,0.578785,0.745705,0.678517,0.797821,0.553962,0.734369,0.649626,0.725716,0.913766],[0.792061,0.690919,0.558813,0.751162,0.872379,0.891317,0.631373,0.749507,0.752633,0.798598,0.670965,0.595835,0.645416,0.835939,0.691922,0.609019,0.618127,0.708681,0.738566,0.591783,1.0,0.774068,0.670888,0.734843,0.722211,0.728531,0.675182,0.753288,0.677619,0.574491],[0.712733,0.656421,0.553298,0.717798,0.761437,0.766784,0.598233,0.719445,0.709176,0.907301,0.595631,0.584613,0.606702,0.72506,0.663979,0.584629,0.65101,0.657585,0.678966,0.578785,0.774068,1.0,0.593027,0.689513,0.667566,0.641175,0.601118,0.69461,0.604813,0.576762],[0.712805,0.613778,0.723151,0.73134,0.694348,0.673206,0.801515,0.546845,0.697352,0.586742,0.926586,0.757272,0.582062,0.681462,0.728401,0.841214,0.610318,0.821462,0.815545,0.745705,0.670888,0.593027,1.0,0.548437,0.830022,0.569548,0.885605,0.678541,0.913521,0.730897],[0.68691,0.782529,0.673972,0.649526,0.772543,0.784144,0.599453,0.914804,0.713244,0.705968,0.537064,0.640473,0.844713,0.800961,0.663796,0.60994,0.781579,0.590082,0.608349,0.678517,0.734843,0.689513,0.548437,1.0,0.584086,0.650415,0.545028,0.710525,0.537165,0.696718],[0.774609,0.620982,0.68046,0.816074,0.751105,0.744989,0.734712,0.593897,0.705528,0.647247,0.831582,0.744517,0.611912,0.715925,0.730304,0.799474,0.651961,0.890758,0.938318,0.797821,0.722211,0.667566,0.830022,0.584086,1.0,0.574535,0.819513,0.680864,0.826223,0.800172],[0.667483,0.723631,0.582774,0.620035,0.671647,0.683361,0.573941,0.65097,0.729455,0.659839,0.570028,0.554601,0.608439,0.669183,0.653672,0.555346,0.580822,0.5728,0.584777,0.553962,0.728531,0.641175,0.569548,0.650415,0.574535,1.0,0.574754,0.76046,0.581912,0.544482],[0.706569,0.609182,0.737507,0.718854,0.692604,0.673178,0.764654,0.544648,0.68558,0.599416,0.882708,0.792185,0.567925,0.668354,0.70612,0.816519,0.589537,0.82805,0.820861,0.734369,0.675182,0.601118,0.885605,0.545028,0.819513,0.574754,1.0,0.671753,0.915449,0.712593],[0.807699,0.841156,0.642812,0.759957,0.766777,0.764584,0.718681,0.700256,0.910199,0.680696,0.666644,0.654171,0.642735,0.787861,0.824829,0.679826,0.709767,0.692462,0.690021,0.649626,0.753288,0.69461,0.678541,0.710525,0.680864,0.76046,0.671753,1.0,0.670896,0.623163],[0.715009,0.608087,0.742529,0.73096,0.684556,0.682019,0.763223,0.535922,0.685662,0.605136,0.918335,0.756134,