{"scene_id":"botswana","method":"cae_3d_8","n_seeds":15,"latent_dim":8,"samples_per_class":220,"ari_vs_gt_per_seed":[0.297887,0.339702,0.345982,0.307887,0.301928,0.29799,0.305427,0.301075,0.304668,0.312413,0.304759,0.303337,0.299373,0.348407,0.321754],"ari_vs_gt_summary":{"mean":0.312839,"std":0.017028,"min":0.297887,"max":0.348407},"seed_pair_ari":[[1.0,0.454457,0.505093,0.539466,0.829332,0.702896,0.63051,0.487854,0.688906,0.703312,0.80163,0.688353,0.693469,0.512476,0.749356],[0.454457,1.0,0.566561,0.574767,0.473347,0.482142,0.51951,0.629128,0.506593,0.497122,0.470317,0.510701,0.511529,0.624144,0.49025],[0.505093,0.566561,1.0,0.587198,0.520494,0.5079,0.590211,0.578374,0.501893,0.554088,0.506614,0.564313,0.533326,0.725064,0.507411],[0.539466,0.574767,0.587198,1.0,0.553647,0.553789,0.665233,0.595834,0.604136,0.6386,0.553046,0.589988,0.615674,0.627658,0.55557],[0.829332,0.473347,0.520494,0.553647,1.0,0.697111,0.654102,0.50034,0.636,0.684479,0.795206,0.672759,0.68239,0.52149,0.760945],[0.702896,0.482142,0.5079,0.553789,0.697111,1.0,0.624377,0.511683,0.623991,0.633384,0.663954,0.701126,0.707475,0.520017,0.62501],[0.63051,0.51951,0.590211,0.665233,0.654102,0.624377,1.0,0.562398,0.699727,0.720061,0.619437,0.698943,0.731333,0.622495,0.659345],[0.487854,0.629128,0.578374,0.595834,0.50034,0.511683,0.562398,1.0,0.516169,0.542279,0.491449,0.531915,0.562908,0.587298,0.510859],[0.688906,0.506593,0.501893,0.604136,0.636,0.623991,0.699727,0.516169,1.0,0.749233,0.624813,0.695432,0.742079,0.546647,0.66486],[0.703312,0.497122,0.554088,0.6386,0.684479,0.633384,0.720061,0.542279,0.749233,1.0,0.641655,0.715062,0.753634,0.588383,0.690878],[0.80163,0.470317,0.506614,0.553046,0.795206,0.663954,0.619437,0.491449,0.624813,0.641655,1.0,0.641863,0.661624,0.518028,0.767257],[0.688353,0.510701,0.564313,0.589988,0.672759,0.701126,0.698943,0.531915,0.695432,0.715062,0.641863,1.0,0.744369,0.57038,0.621869],[0.693469,0.511529,0.533326,0.615674,0.68239,0.707475,0.731333,0.562908,0.742079,0.753634,0.661624,0.744369,1.0,0.558927,0.666684],[0.512476,0.624144,0.725064,0.627658,0.52149,0.520017,0.622495,0.587298,0.546647,0.588383,0.518028,0.57038,0.558927,1.0,0.548655],[0.749356,0.49025,0.507411,0.55557,0.760945,0.62501,0.659345,0.510859,0.66486,0.690878,0.767257,0.621869,0.666684,0.548655,1.0]],"seed_pair_procrustes_dist":[[0.0,0.198181,0.246193,0.206429,0.158021,0.174718,0.283012,0.265441,0.288609,0.270714,0.124391,0.100073,0.152686,0.164101,0.207498],[0.198181,0.0,0.163927,0.190207,0.186061,0.184019,0.250896,0.172541,0.267482,0.261998,0.171045,0.165353,0.19317,0.202435,0.210111],[0.246193,0.163927,0.0,0.170138,0.154363,0.17694,0.169208,0.157251,0.201331,0.183209,0.164167,0.191017,0.173456,0.248671,0.15794],[0.206429,0.190207,0.170138,0.0,0.143838,0.192477,0.198926,0.143541,0.227843,0.171543,0.15954,0.170431,0.141081,0.231673,0.188491],[0.158021,0.186061,0.154363,0.143838,0.0,0.10711,0.14138,0.17981,0.155332,0.141888,0.091249,0.122211,0.082507,0.239121,0.109565],[0.174718,0.184019,0.17694,0.192477,0.10711,0.0,0.176043,0.220978,0.166482,0.198471,0.101264,0.127037,0.121527,0.252884,0.133105],[0.283012,0.250896,0.169208,0.198926,0.14138,0.176043,0.0,0.172796,0.109239,0.104466,0.166811,0.209733,0.138575,0.307049,0.107352],[0.265441,0.172541,0.157251,0.143541,0.17981,0.220978,0.172796,0.0,0.222493,0.174819,0.196527,0.21275,0.167562,0.260013,0.183793],[0.288609,0.267482,0.201331,0.227843,0.155332,0.166482,0.109239,0.222493,0.0,0.113126,0.169329,0.209025,0.142924,0.324149,0.107538],[0.270714,0.261998,0.183209,0.171543,0.141888,0.198471,0.104466,0.174819,0.113126,0.0,0.175556,0.207013,0.125916,0.303033,0.119722],[0.124391,0.171045,0.164167,0.15954,0.091249,0.101264,0.166811,0.196527,0.169329,0.175556,0.0,0.104689,0.105348,0.216544,0.134309],[0.100073,0.165353,0.191017,0.170431,0.122211,0.127037,0.209733,0.21275,0.209025,0.207013,0.104689,0.0,0.136753,0.187676,0.186987],[0.152686,0.19317,0.173456,0.141081,0.082507,0.121527,0.138575,0.167562,0.142924,0.125916,0.105348,0.136753,0.0,0.23971,0.111076],[0.164101,0.202435,0.248671,0.231673,0.239121,0.252884,0.307049,0.260013,0.324149,0.303033,0.216544,0.187676,0.23971,0.0,0.35734],[0.207498,0.210111,0.15794,0.188491,0.109565,0.133105,0.107352,0.183793,0.107538,0.119722,0.134309,0.186987,0.111076,0.35734,0.0]],"off_diagonal_summary":{"ari_mean":0.610077,"ari_min":0.454457,"ari_std":0.088227,"procrustes_mean":0.180534,"procrustes_max":0.35734},"framework_axis":"B-6 follow-up: deep-method seed stability for CAE-1D \u2014 pairwise cluster ARI + Procrustes between latent embeddings across N_SEEDS torch initialisations","generated_at":"2026-05-09T15:34:53Z","builder_version":"build_deep_seed_stability v0.1"}