{"scene_id":"botswana","method":"cae_2d_8","n_seeds":15,"latent_dim":8,"samples_per_class":220,"ari_vs_gt_per_seed":[0.388842,0.398984,0.384238,0.405394,0.427247,0.398987,0.385351,0.404233,0.390908,0.40558,0.385586,0.412951,0.404433,0.401714,0.38397],"ari_vs_gt_summary":{"mean":0.398561,"std":0.011879,"min":0.38397,"max":0.427247},"seed_pair_ari":[[1.0,0.6843,0.846024,0.741087,0.65776,0.700467,0.835844,0.707355,0.727586,0.736659,0.797246,0.656185,0.747767,0.693921,0.879158],[0.6843,1.0,0.653219,0.798706,0.702364,0.784872,0.622542,0.778359,0.728566,0.740786,0.589157,0.752202,0.71559,0.786599,0.637826],[0.846024,0.653219,1.0,0.739689,0.618998,0.631684,0.850216,0.651916,0.68369,0.696685,0.832182,0.650182,0.706632,0.668729,0.792896],[0.741087,0.798706,0.739689,1.0,0.689234,0.694015,0.686628,0.706215,0.828388,0.815429,0.669292,0.859557,0.695673,0.805542,0.701587],[0.65776,0.702364,0.618998,0.689234,1.0,0.652152,0.623322,0.714455,0.66512,0.726717,0.572755,0.759348,0.622382,0.800932,0.605804],[0.700467,0.784872,0.631684,0.694015,0.652152,1.0,0.648897,0.843461,0.771527,0.719678,0.681754,0.64809,0.801795,0.701775,0.739003],[0.835844,0.622542,0.850216,0.686628,0.623322,0.648897,1.0,0.678363,0.683531,0.685979,0.859659,0.611055,0.709173,0.648429,0.806059],[0.707355,0.778359,0.651916,0.706215,0.714455,0.843461,0.678363,1.0,0.784785,0.79313,0.648883,0.658093,0.731011,0.749608,0.693763],[0.727586,0.728566,0.68369,0.828388,0.66512,0.771527,0.683531,0.784785,1.0,0.874956,0.698582,0.799828,0.707109,0.783164,0.735474],[0.736659,0.740786,0.696685,0.815429,0.726717,0.719678,0.685979,0.79313,0.874956,1.0,0.651233,0.782285,0.667715,0.853447,0.677491],[0.797246,0.589157,0.832182,0.669292,0.572755,0.681754,0.859659,0.648883,0.698582,0.651233,1.0,0.591823,0.74934,0.605905,0.802592],[0.656185,0.752202,0.650182,0.859557,0.759348,0.64809,0.611055,0.658093,0.799828,0.782285,0.591823,1.0,0.616881,0.767563,0.639715],[0.747767,0.71559,0.706632,0.695673,0.622382,0.801795,0.709173,0.731011,0.707109,0.667715,0.74934,0.616881,1.0,0.653006,0.759476],[0.693921,0.786599,0.668729,0.805542,0.800932,0.701775,0.648429,0.749608,0.783164,0.853447,0.605905,0.767563,0.653006,1.0,0.631965],[0.879158,0.637826,0.792896,0.701587,0.605804,0.739003,0.806059,0.693763,0.735474,0.677491,0.802592,0.639715,0.759476,0.631965,1.0]],"seed_pair_procrustes_dist":[[0.0,0.055215,0.096675,0.060124,0.071946,0.075945,0.08045,0.091556,0.060165,0.066871,0.070295,0.080629,0.067076,0.080778,0.065286],[0.055215,0.0,0.098995,0.054498,0.070508,0.067776,0.081349,0.070586,0.048195,0.08389,0.075473,0.065018,0.062841,0.063262,0.065487],[0.096675,0.098995,0.0,0.06666,0.103415,0.150238,0.065175,0.113481,0.07489,0.093682,0.088076,0.062391,0.129053,0.099499,0.057332],[0.060124,0.054498,0.06666,0.0,0.080865,0.104628,0.048091,0.089618,0.045223,0.074098,0.054138,0.050659,0.087873,0.07406,0.042439],[0.071946,0.070508,0.103415,0.080865,0.0,0.078413,0.101807,0.046435,0.064034,0.061775,0.110538,0.082135,0.069269,0.048582,0.082374],[0.075945,0.067776,0.150238,0.104628,0.078413,0.0,0.125762,0.079404,0.092455,0.101012,0.11654,0.119338,0.060452,0.087517,0.114276],[0.08045,0.081349,0.065175,0.048091,0.101807,0.125762,0.0,0.111534,0.067604,0.093121,0.050604,0.067867,0.11258,0.099198,0.057943],[0.091556,0.070586,0.113481,0.089618,0.046435,0.079404,0.111534,0.0,0.065443,0.084605,0.121875,0.091681,0.080872,0.054166,0.095767],[0.060165,0.048195,0.07489,0.045223,0.064034,0.092455,0.067604,0.065443,0.0,0.076613,0.076383,0.057568,0.085306,0.064706,0.052108],[0.066871,0.08389,0.093682,0.074098,0.061775,0.101012,0.093121,0.084605,0.076613,0.0,0.096904,0.082098,0.074649,0.064885,0.075234],[0.070295,0.075473,0.088076,0.054138,0.110538,0.11654,0.050604,0.121875,0.076383,0.096904,0.0,0.078161,0.104578,0.109773,0.067127],[0.080629,0.065018,0.062391,0.050659,0.082135,0.119338,0.067867,0.091681,0.057568,0.082098,0.078161,0.0,0.087436,0.067165,0.043411],[0.067076,0.062841,0.129053,0.087873,0.069269,0.060452,0.11258,0.080872,0.085306,0.074649,0.104578,0.087436,0.0,0.060238,0.091328],[0.080778,0.063262,0.099499,0.07406,0.048582,0.087517,0.099198,0.054166,0.064706,0.064885,0.109773,0.067165,0.060238,0.0,0.079017],[0.065286,0.065487,0.057332,0.042439,0.082374,0.114276,0.057943,0.095767,0.052108,0.075234,0.067127,0.043411,0.091328,0.079017,0.0]],"off_diagonal_summary":{"ari_mean":0.718736,"ari_min":0.572755,"ari_std":0.073229,"procrustes_mean":0.078839,"procrustes_max":0.150238},"framework_axis":"B-6 follow-up: deep-method seed stability for CAE-1D \u2014 pairwise cluster ARI + Procrustes between latent embeddings across N_SEEDS torch initialisations","generated_at":"2026-05-06T22:08:53Z","builder_version":"build_deep_seed_stability v0.1"}