{"scene_id":"botswana","method":"cae_3d_8","n_seeds":7,"latent_dim":8,"samples_per_class":220,"ari_vs_gt_per_seed":[0.300956,0.339888,0.344439,0.302872,0.302107,0.305827,0.3166],"ari_vs_gt_summary":{"mean":0.316098,"std":0.017217,"min":0.300956,"max":0.344439},"seed_pair_ari":[[1.0,0.471957,0.557967,0.551496,0.822914,0.687731,0.704608],[0.471957,1.0,0.525105,0.586141,0.476826,0.490307,0.499367],[0.557967,0.525105,1.0,0.53072,0.588952,0.54054,0.567116],[0.551496,0.586141,0.53072,1.0,0.555806,0.582317,0.560027],[0.822914,0.476826,0.588952,0.555806,1.0,0.678744,0.729005],[0.687731,0.490307,0.54054,0.582317,0.678744,1.0,0.601808],[0.704608,0.499367,0.567116,0.560027,0.729005,0.601808,1.0]],"seed_pair_procrustes_dist":[[0.0,0.198088,0.246405,0.206678,0.157997,0.176686,0.282947],[0.198088,0.0,0.16458,0.190866,0.186845,0.18566,0.251787],[0.246405,0.16458,0.0,0.170111,0.154584,0.176801,0.169425],[0.206678,0.190866,0.170111,0.0,0.143825,0.193214,0.198762],[0.157997,0.186845,0.154584,0.143825,0.0,0.107582,0.141335],[0.176686,0.18566,0.176801,0.193214,0.107582,0.0,0.174732],[0.282947,0.251787,0.169425,0.198762,0.141335,0.174732,0.0]],"off_diagonal_summary":{"ari_mean":0.586164,"ari_min":0.471957,"ari_std":0.088427,"procrustes_mean":0.18471,"procrustes_max":0.282947},"framework_axis":"B-6 follow-up: deep-method seed stability for CAE-1D \u2014 pairwise cluster ARI + Procrustes between latent embeddings across N_SEEDS torch initialisations","generated_at":"2026-05-06T15:24:47Z","builder_version":"build_deep_seed_stability v0.1"}