{"scene_id":"botswana","method":"cae_2d_8","n_seeds":7,"latent_dim":8,"samples_per_class":220,"ari_vs_gt_per_seed":[0.382234,0.412005,0.381641,0.411138,0.398712,0.395292,0.377853],"ari_vs_gt_summary":{"mean":0.394125,"std":0.013058,"min":0.377853,"max":0.412005},"seed_pair_ari":[[1.0,0.603048,0.806904,0.724057,0.706009,0.742797,0.840679],[0.603048,1.0,0.609869,0.76508,0.683275,0.678054,0.590123],[0.806904,0.609869,1.0,0.687421,0.658596,0.67446,0.831538],[0.724057,0.76508,0.687421,1.0,0.811769,0.776866,0.728593],[0.706009,0.683275,0.658596,0.811769,1.0,0.862988,0.677011],[0.742797,0.678054,0.67446,0.776866,0.862988,1.0,0.679717],[0.840679,0.590123,0.831538,0.728593,0.677011,0.679717,1.0]],"seed_pair_procrustes_dist":[[0.0,0.053407,0.100385,0.059523,0.078424,0.077071,0.076935],[0.053407,0.0,0.100053,0.053215,0.072347,0.069023,0.076061],[0.100385,0.100053,0.0,0.074754,0.107905,0.15314,0.06736],[0.059523,0.053215,0.074754,0.0,0.081343,0.103338,0.055458],[0.078424,0.072347,0.107905,0.081343,0.0,0.078746,0.100182],[0.077071,0.069023,0.15314,0.103338,0.078746,0.0,0.121298],[0.076935,0.076061,0.06736,0.055458,0.100182,0.121298,0.0]],"off_diagonal_summary":{"ari_mean":0.720898,"ari_min":0.590123,"ari_std":0.077348,"procrustes_mean":0.083808,"procrustes_max":0.15314},"framework_axis":"B-6 follow-up: deep-method seed stability for CAE-1D \u2014 pairwise cluster ARI + Procrustes between latent embeddings across N_SEEDS torch initialisations","generated_at":"2026-05-09T14:43:08Z","builder_version":"build_deep_seed_stability v0.1"}