{"scene_id":"botswana","method":"cae_1d_8","n_seeds":7,"latent_dim":8,"samples_per_class":220,"ari_vs_gt_per_seed":[0.37403,0.363998,0.38077,0.383881,0.381464,0.368822,0.376026],"ari_vs_gt_summary":{"mean":0.37557,"std":0.006686,"min":0.363998,"max":0.383881},"seed_pair_ari":[[1.0,0.755315,0.675608,0.666427,0.914393,0.907675,0.766882],[0.755315,1.0,0.766984,0.708278,0.760822,0.773773,0.917628],[0.675608,0.766984,1.0,0.717373,0.687482,0.693078,0.755383],[0.666427,0.708278,0.717373,1.0,0.704366,0.689435,0.685497],[0.914393,0.760822,0.687482,0.704366,1.0,0.9119,0.773281],[0.907675,0.773773,0.693078,0.689435,0.9119,1.0,0.764509],[0.766882,0.917628,0.755383,0.685497,0.773281,0.764509,1.0]],"seed_pair_procrustes_dist":[[0.0,0.110881,0.201064,0.156788,0.053088,0.11542,0.070383],[0.110881,0.0,0.171493,0.091015,0.075282,0.056869,0.068073],[0.201064,0.171493,0.0,0.161979,0.174279,0.118737,0.174704],[0.156788,0.091015,0.161979,0.0,0.109408,0.074552,0.129659],[0.053088,0.075282,0.174279,0.109408,0.0,0.091936,0.050392],[0.11542,0.056869,0.118737,0.074552,0.091936,0.0,0.094602],[0.070383,0.068073,0.174704,0.129659,0.050392,0.094602,0.0]],"off_diagonal_summary":{"ari_mean":0.761719,"ari_min":0.666427,"ari_std":0.080995,"procrustes_mean":0.111933,"procrustes_max":0.201064},"framework_axis":"B-6 follow-up: deep-method seed stability for CAE-1D \u2014 pairwise cluster ARI + Procrustes between latent embeddings across N_SEEDS torch initialisations","generated_at":"2026-05-09T14:13:03Z","builder_version":"build_deep_seed_stability v0.1"}