{"scene_id":"botswana","method":"cae_2d_8","n_seeds":15,"latent_dim":8,"samples_per_class":220,"ari_vs_gt_per_seed":[0.414382,0.394105,0.380861,0.409399,0.396635,0.394816,0.386273,0.401578,0.399379,0.411825,0.386709,0.408437,0.423482,0.416286,0.386199],"ari_vs_gt_summary":{"mean":0.400691,"std":0.012419,"min":0.380861,"max":0.423482},"seed_pair_ari":[[1.0,0.762352,0.645515,0.755958,0.686234,0.844824,0.625647,0.881164,0.613515,0.770604,0.651988,0.604278,0.640658,0.767613,0.704341],[0.762352,1.0,0.6696,0.758222,0.7784,0.878678,0.676933,0.816882,0.683106,0.77351,0.627597,0.663697,0.772958,0.772619,0.681991],[0.645515,0.6696,1.0,0.727013,0.717525,0.664336,0.888334,0.680488,0.737093,0.695293,0.855065,0.717297,0.587663,0.554911,0.843264],[0.755958,0.758222,0.727013,1.0,0.781313,0.795934,0.699463,0.784465,0.658035,0.796313,0.705558,0.698539,0.655361,0.644486,0.731882],[0.686234,0.7784,0.717525,0.781313,1.0,0.721844,0.728092,0.722291,0.737368,0.745181,0.682125,0.759359,0.691445,0.65238,0.716858],[0.844824,0.878678,0.664336,0.795934,0.721844,1.0,0.645693,0.85436,0.632332,0.742455,0.675539,0.614801,0.725447,0.748701,0.719436],[0.625647,0.676933,0.888334,0.699463,0.728092,0.645693,1.0,0.658613,0.737006,0.696995,0.883656,0.714611,0.602035,0.56438,0.796551],[0.881164,0.816882,0.680488,0.784465,0.722291,0.85436,0.658613,1.0,0.617271,0.818274,0.653866,0.612701,0.678496,0.775844,0.694755],[0.613515,0.683106,0.737093,0.658035,0.737368,0.632332,0.737006,0.617271,1.0,0.648552,0.68032,0.902513,0.710244,0.727381,0.779099],[0.770604,0.77351,0.695293,0.796313,0.745181,0.742455,0.696995,0.818274,0.648552,1.0,0.641722,0.650306,0.678461,0.726542,0.671197],[0.651988,0.627597,0.855065,0.705558,0.682125,0.675539,0.883656,0.653866,0.68032,0.641722,1.0,0.672587,0.562571,0.517382,0.81897],[0.604278,0.663697,0.717297,0.698539,0.759359,0.614801,0.714611,0.612701,0.902513,0.650306,0.672587,1.0,0.718446,0.706508,0.753223],[0.640658,0.772958,0.587663,0.655361,0.691445,0.725447,0.602035,0.678496,0.710244,0.678461,0.562571,0.718446,1.0,0.791704,0.586078],[0.767613,0.772619,0.554911,0.644486,0.65238,0.748701,0.56438,0.775844,0.727381,0.726542,0.517382,0.706508,0.791704,1.0,0.578353],[0.704341,0.681991,0.843264,0.731882,0.716858,0.719436,0.796551,0.694755,0.779099,0.671197,0.81897,0.753223,0.586078,0.578353,1.0]],"seed_pair_procrustes_dist":[[0.0,0.053257,0.095119,0.067847,0.081663,0.076293,0.082851,0.094154,0.059103,0.073216,0.072715,0.093415,0.078212,0.083073,0.067724],[0.053257,0.0,0.093143,0.064516,0.072052,0.066879,0.080993,0.069242,0.047583,0.08122,0.079266,0.079474,0.072791,0.064682,0.065356],[0.095119,0.093143,0.0,0.061983,0.103529,0.144385,0.062274,0.106814,0.065246,0.09221,0.078163,0.054798,0.131438,0.092513,0.055275],[0.067847,0.064516,0.061983,0.0,0.09438,0.116277,0.050744,0.100254,0.048575,0.077582,0.051164,0.054664,0.108132,0.0811,0.044378],[0.081663,0.072052,0.103529,0.09438,0.0,0.077824,0.106338,0.044685,0.071986,0.064063,0.11743,0.099874,0.072775,0.047854,0.084792],[0.076293,0.066879,0.144385,0.116277,0.077824,0.0,0.126741,0.078219,0.095428,0.100167,0.125128,0.134476,0.066195,0.090046,0.113436],[0.082851,0.080993,0.062274,0.050744,0.106338,0.126741,0.0,0.109836,0.061754,0.095736,0.049109,0.066872,0.125289,0.098603,0.058908],[0.094154,0.069242,0.106814,0.100254,0.044685,0.078219,0.109836,0.0,0.070602,0.082891,0.122898,0.104735,0.085606,0.058179,0.093119],[0.059103,0.047583,0.065246,0.048575,0.071986,0.095428,0.061754,0.070602,0.0,0.076526,0.069207,0.063649,0.095982,0.066705,0.046367],[0.073216,0.08122,0.09221,0.077582,0.064063,0.100167,0.095736,0.082891,0.076526,0.0,0.095992,0.089561,0.077344,0.063409,0.073562],[0.072715,0.079266,0.078163,0.051164,0.11743,0.125128,0.049109,0.122898,0.069207,0.095992,0.0,0.073859,0.121604,0.109987,0.065524],[0.093415,0.079474,0.054798,0.054664,0.099874,0.134476,0.066872,0.104735,0.063649,0.089561,0.073859,0.0,0.111501,0.081487,0.046971],[0.078212,0.072791,0.131438,0.108132,0.072775,0.066195,0.125289,0.085606,0.095982,0.077344,0.121604,0.111501,0.0,0.065266,0.098037],[0.083073,0.064682,0.092513,0.0811,0.047854,0.090046,0.098603,0.058179,0.066705,0.063409,0.109987,0.081487,0.065266,0.0,0.075856],[0.067724,0.065356,0.055275,0.044378,0.084792,0.113436,0.058908,0.093119,0.046367,0.073562,0.065524,0.046971,0.098037,0.075856,0.0]],"off_diagonal_summary":{"ari_mean":0.711157,"ari_min":0.517382,"ari_std":0.079237,"procrustes_mean":0.08154,"procrustes_max":0.144385},"framework_axis":"B-6 follow-up: deep-method seed stability for CAE-1D \u2014 pairwise cluster ARI + Procrustes between latent embeddings across N_SEEDS torch initialisations","generated_at":"2026-05-09T14:55:20Z","builder_version":"build_deep_seed_stability v0.1"}