{"scene_id":"botswana","method":"cae_1d_8","n_seeds":15,"latent_dim":8,"samples_per_class":220,"ari_vs_gt_per_seed":[0.37403,0.360635,0.376783,0.383881,0.376453,0.368822,0.376026,0.378009,0.388535,0.372094,0.403086,0.363894,0.382686,0.353075,0.397078],"ari_vs_gt_summary":{"mean":0.377006,"std":0.012676,"min":0.353075,"max":0.403086},"seed_pair_ari":[[1.0,0.709936,0.945393,0.666427,0.921721,0.907675,0.766882,0.59423,0.657864,0.646021,0.70795,0.697478,0.810466,0.596784,0.840922],[0.709936,1.0,0.703754,0.712253,0.72379,0.724524,0.826352,0.722596,0.705628,0.762476,0.646857,0.884564,0.727052,0.615228,0.69942],[0.945393,0.703754,1.0,0.665296,0.9311,0.900193,0.765485,0.605938,0.657102,0.647977,0.71631,0.686237,0.802179,0.611061,0.845505],[0.666427,0.712253,0.665296,1.0,0.691494,0.689435,0.685497,0.697754,0.918588,0.732921,0.707558,0.684429,0.704874,0.554965,0.701811],[0.921721,0.72379,0.9311,0.691494,1.0,0.925387,0.77984,0.617679,0.683432,0.657317,0.73419,0.699436,0.828108,0.60125,0.854514],[0.907675,0.724524,0.900193,0.689435,0.925387,1.0,0.764509,0.61834,0.680299,0.668455,0.713742,0.699035,0.825523,0.600137,0.822379],[0.766882,0.826352,0.765485,0.685497,0.77984,0.764509,1.0,0.668391,0.659652,0.744302,0.68177,0.832356,0.700631,0.62327,0.733301],[0.59423,0.722596,0.605938,0.697754,0.617679,0.61834,0.668391,1.0,0.698248,0.874618,0.657696,0.692058,0.658369,0.669562,0.628703],[0.657864,0.705628,0.657102,0.918588,0.683432,0.680299,0.659652,0.698248,1.0,0.712724,0.7397,0.680568,0.711229,0.563497,0.700284],[0.646021,0.762476,0.647977,0.732921,0.657317,0.668455,0.744302,0.874618,0.712724,1.0,0.651446,0.746955,0.671604,0.680584,0.660986],[0.70795,0.646857,0.71631,0.707558,0.73419,0.713742,0.68177,0.657696,0.7397,0.651446,1.0,0.627273,0.675414,0.623663,0.731257],[0.697478,0.884564,0.686237,0.684429,0.699436,0.699035,0.832356,0.692058,0.680568,0.746955,0.627273,1.0,0.748992,0.582648,0.693471],[0.810466,0.727052,0.802179,0.704874,0.828108,0.825523,0.700631,0.658369,0.711229,0.671604,0.675414,0.748992,1.0,0.544199,0.832533],[0.596784,0.615228,0.611061,0.554965,0.60125,0.600137,0.62327,0.669562,0.563497,0.680584,0.623663,0.582648,0.544199,1.0,0.576148],[0.840922,0.69942,0.845505,0.701811,0.854514,0.822379,0.733301,0.628703,0.700284,0.660986,0.731257,0.693471,0.832533,0.576148,1.0]],"seed_pair_procrustes_dist":[[0.0,0.110876,0.199715,0.156798,0.053105,0.115446,0.07038,0.075499,0.192626,0.04349,0.103575,0.093101,0.283129,0.114003,0.104814],[0.110876,0.0,0.170161,0.091017,0.075293,0.056892,0.068066,0.102855,0.133502,0.088726,0.0747,0.063573,0.236021,0.159841,0.137206],[0.199715,0.170161,0.0,0.161366,0.173347,0.117765,0.173679,0.133557,0.129391,0.160078,0.104872,0.1374,0.155271,0.251227,0.116027],[0.156798,0.091017,0.161366,0.0,0.109415,0.074546,0.129662,0.126904,0.072547,0.11646,0.108628,0.095008,0.177672,0.212061,0.142917],[0.053105,0.075293,0.173347,0.109415,0.0,0.091982,0.050404,0.085834,0.165833,0.043425,0.09558,0.07601,0.266653,0.121048,0.118362],[0.115446,0.056892,0.117765,0.074546,0.091982,0.0,0.094625,0.083172,0.091406,0.08427,0.045857,0.065834,0.18525,0.184796,0.106009],[0.07038,0.068066,0.173679,0.129662,0.050404,0.094625,0.0,0.108208,0.184034,0.074708,0.096993,0.075561,0.284381,0.112675,0.130666],[0.075499,0.102855,0.133557,0.126904,0.085834,0.083172,0.108208,0.0,0.153755,0.056891,0.077674,0.1043,0.238713,0.160291,0.099135],[0.192626,0.133502,0.129391,0.072547,0.165833,0.091406,0.184034,0.153755,0.0,0.144335,0.108531,0.114641,0.108608,0.247904,0.132294],[0.04349,0.088726,0.160078,0.11646,0.043425,0.08427,0.074708,0.056891,0.144335,0.0,0.08913,0.081976,0.258731,0.130525,0.105382],[0.103575,0.0747,0.104872,0.108628,0.09558,0.045857,0.096993,0.077674,0.108531,0.08913,0.0,0.071039,0.198698,0.177601,0.089497],[0.093101,0.063573,0.1374,0.095008,0.07601,0.065834,0.075561,0.1043,0.114641,0.081976,0.071039,0.0,0.213496,0.166363,0.095066],[0.283129,0.236021,0.155271,0.177672,0.266653,0.18525,0.284381,0.238713,0.108608,0.258731,0.198698,0.213496,0.0,0.312369,0.169223],[0.114003,0.159841,0.251227,0.212061,0.121048,0.184796,0.112675,0.160291,0.247904,0.130525,0.177601,0.166363,0.312369,0.0,0.233315],[0.104814,0.137206,0.116027,0.142917,0.118362,0.106009,0.130666,0.099135,0.132294,0.105382,0.089497,0.095066,0.169223,0.233315,0.0]],"off_diagonal_summary":{"ari_mean":0.714092,"ari_min":0.544199,"ari_std":0.089425,"procrustes_mean":0.129688,"procrustes_max":0.312369},"framework_axis":"B-6 follow-up: deep-method seed stability for CAE-1D \u2014 pairwise cluster ARI + Procrustes between latent embeddings across N_SEEDS torch initialisations","generated_at":"2026-05-09T14:21:04Z","builder_version":"build_deep_seed_stability v0.1"}