{"scene_id":"botswana","method":"beta_vae_8","n_seeds":15,"latent_dim":8,"samples_per_class":220,"ari_vs_gt_per_seed":[0.158353,0.185088,0.18215,0.208285,0.177275,0.144099,0.156522,0.195418,0.179317,0.20374,0.170915,0.245481,0.176576,0.185681,0.149348],"ari_vs_gt_summary":{"mean":0.181217,"std":0.024873,"min":0.144099,"max":0.245481},"seed_pair_ari":[[1.0,0.390859,0.430336,0.359775,0.535588,0.383163,0.564338,0.21415,0.410934,0.407996,0.458972,0.381593,0.460401,0.342031,0.326316],[0.390859,1.0,0.405928,0.483383,0.413421,0.314696,0.344027,0.155859,0.365892,0.517111,0.482721,0.291072,0.390177,0.229193,0.286059],[0.430336,0.405928,1.0,0.396566,0.444443,0.388057,0.401455,0.177736,0.465265,0.487413,0.490207,0.304027,0.458306,0.282543,0.315146],[0.359775,0.483383,0.396566,1.0,0.392976,0.309299,0.320479,0.165274,0.396874,0.548265,0.506733,0.273916,0.414046,0.221468,0.278687],[0.535588,0.413421,0.444443,0.392976,1.0,0.38633,0.455093,0.190267,0.477391,0.465018,0.456717,0.333495,0.541397,0.301968,0.291512],[0.383163,0.314696,0.388057,0.309299,0.38633,1.0,0.405677,0.214955,0.403305,0.335903,0.350594,0.320898,0.443529,0.36022,0.436525],[0.564338,0.344027,0.401455,0.320479,0.455093,0.405677,1.0,0.20734,0.381876,0.354076,0.372208,0.325653,0.415841,0.350892,0.331393],[0.21415,0.155859,0.177736,0.165274,0.190267,0.214955,0.20734,1.0,0.181356,0.162234,0.167981,0.283666,0.184649,0.213762,0.214376],[0.410934,0.365892,0.465265,0.396874,0.477391,0.403305,0.381876,0.181356,1.0,0.438854,0.442957,0.29022,0.623111,0.254914,0.29736],[0.407996,0.517111,0.487413,0.548265,0.465018,0.335903,0.354076,0.162234,0.438854,1.0,0.612705,0.29489,0.471891,0.233496,0.290437],[0.458972,0.482721,0.490207,0.506733,0.456717,0.350594,0.372208,0.167981,0.442957,0.612705,1.0,0.281881,0.479876,0.233867,0.339467],[0.381593,0.291072,0.304027,0.273916,0.333495,0.320898,0.325653,0.283666,0.29022,0.29489,0.281881,1.0,0.302713,0.341307,0.273133],[0.460401,0.390177,0.458306,0.414046,0.541397,0.443529,0.415841,0.184649,0.623111,0.471891,0.479876,0.302713,1.0,0.282291,0.324617],[0.342031,0.229193,0.282543,0.221468,0.301968,0.36022,0.350892,0.213762,0.254914,0.233496,0.233867,0.341307,0.282291,1.0,0.319825],[0.326316,0.286059,0.315146,0.278687,0.291512,0.436525,0.331393,0.214376,0.29736,0.290437,0.339467,0.273133,0.324617,0.319825,1.0]],"seed_pair_procrustes_dist":[[0.0,0.578152,0.581758,0.204411,0.342253,0.344159,1.416878,2.307375,0.395875,0.469367,0.38018,1.100294,0.32155,1.74654,0.798411],[0.578152,0.0,2.542375,1.429971,0.607404,2.028691,4.565445,6.410254,2.145456,0.294093,0.481987,3.694515,0.638701,5.31458,3.085801],[0.581758,2.542375,0.0,0.355146,0.561392,0.22476,0.623728,1.338955,0.186544,0.646773,0.593233,0.547268,0.550996,0.847486,0.276511],[0.204411,1.429971,0.355146,0.0,0.38125,0.322165,1.323869,2.192739,0.343493,0.48368,0.40629,1.025314,0.35719,1.668511,0.739196],[0.342253,0.607404,0.561392,0.38125,0.0,0.945309,2.553357,3.839145,1.01108,0.224903,0.127017,2.056561,0.094202,3.032822,1.626526],[0.344159,2.028691,0.22476,0.322165,0.945309,0.0,0.873139,1.602389,0.154247,0.588958,0.523389,0.671078,0.474158,1.129154,0.383597],[1.416878,4.565445,0.623728,1.323869,2.553357,0.873139,0.0,0.63573,0.448866,0.77668,0.740891,0.336837,0.713687,0.234059,0.314299],[2.307375,6.410254,1.338955,2.192739,3.839145,1.602389,0.63573,0.0,0.657847,0.850558,0.82802,0.44668,0.814359,0.49237,0.564954],[0.395875,2.145456,0.186544,0.343493,1.01108,0.154247,0.448866,0.657847,0.0,0.601088,0.53921,0.631478,0.490096,1.059514,0.36838],[0.469367,0.294093,0.646773,0.48368,0.224903,0.588958,0.77668,0.850558,0.601088,0.0,0.188013,2.736867,0.303927,3.997412,2.237292],[0.38018,0.481987,0.593233,0.40629,0.127017,0.523389,0.740891,0.82802,0.53921,0.188013,0.0,2.252774,0.139342,3.332513,1.80388],[1.100294,3.694515,0.547268,1.025314,2.056561,0.671078,0.336837,0.44668,0.631478,2.736867,2.252774,0.0,0.683599,0.53824,0.333073],[0.32155,0.638701,0.550996,0.35719,0.094202,0.474158,0.713687,0.814359,0.490096,0.303927,0.139342,0.683599,0.0,2.927747,1.544938],[1.74654,5.31458,0.847486,1.668511,3.032822,1.129154,0.234059,0.49237,1.059514,3.997412,3.332513,0.53824,2.927747,0.0,0.395075],[0.798411,3.085801,0.276511,0.739196,1.626526,0.383597,0.314299,0.564954,0.36838,2.237292,1.80388,0.333073,1.544938,0.395075,0.0]],"off_diagonal_summary":{"ari_mean":0.357458,"ari_min":0.155859,"ari_std":0.104039,"procrustes_mean":1.124708,"procrustes_max":6.410254},"framework_axis":"B-6 follow-up: deep-method seed stability for CAE-1D \u2014 pairwise cluster ARI + Procrustes between latent embeddings across N_SEEDS torch initialisations","generated_at":"2026-05-09T14:37:18Z","builder_version":"build_deep_seed_stability v0.1"}