{"scene_id":"botswana","method":"cae_1d_8","n_seeds":30,"latent_dim":8,"samples_per_class":220,"ari_vs_gt_per_seed":[0.37403,0.363998,0.365842,0.383816,0.376178,0.368822,0.376026,0.380457,0.388535,0.372203,0.403044,0.363986,0.390974,0.353075,0.376822,0.375833,0.391664,0.381809,0.361632,0.375949,0.371272,0.363066,0.392296,0.366643,0.368619,0.390526,0.376486,0.363298,0.35616,0.359486],"ari_vs_gt_summary":{"mean":0.374418,"std":0.011872,"min":0.353075,"max":0.403044},"seed_pair_ari":[[1.0,0.755315,0.639914,0.666115,0.936771,0.907675,0.766882,0.852889,0.657864,0.646821,0.708695,0.732773,0.65586,0.596784,0.655385,0.935542,0.714165,0.667976,0.678637,0.620094,0.853475,0.634061,0.794122,0.78074,0.663184,0.729161,0.944794,0.738371,0.627681,0.66648],[0.755315,1.0,0.652126,0.708985,0.766715,0.773773,0.917628,0.699592,0.684062,0.759641,0.678105,0.863597,0.753722,0.63051,0.680678,0.756739,0.640199,0.650347,0.648411,0.633907,0.720911,0.668475,0.653884,0.854816,0.652918,0.67218,0.754014,0.673468,0.65865,0.816534],[0.639914,0.652126,1.0,0.590048,0.64003,0.632762,0.649343,0.609767,0.592226,0.699783,0.651162,0.614839,0.683677,0.883429,0.812307,0.636824,0.627561,0.771342,0.758901,0.7246,0.702679,0.908617,0.643406,0.610227,0.81668,0.748262,0.644103,0.809794,0.891982,0.606349],[0.666115,0.708985,0.590048,1.0,0.666029,0.69014,0.686173,0.62901,0.919405,0.73491,0.706762,0.707262,0.720834,0.555563,0.59686,0.674249,0.592378,0.579642,0.583224,0.551978,0.631184,0.598734,0.619703,0.678942,0.573737,0.617364,0.677718,0.61215,0.575079,0.673674],[0.936771,0.766715,0.64003,0.666029,1.0,0.928784,0.786407,0.846076,0.659171,0.64433,0.716823,0.727344,0.646129,0.599306,0.65419,0.908825,0.702631,0.652137,0.683992,0.612524,0.859717,0.6407,0.782142,0.78987,0.653734,0.711311,0.933707,0.742905,0.629826,0.665329],[0.907675,0.773773,0.632762,0.69014,0.928784,1.0,0.764509,0.847985,0.680299,0.669394,0.714349,0.732975,0.656586,0.600137,0.623318,0.894813,0.683469,0.641564,0.67122,0.607813,0.838213,0.632487,0.764043,0.791699,0.65403,0.693421,0.931382,0.729524,0.611182,0.677907],[0.766882,0.917628,0.649343,0.686173,0.786407,0.764509,1.0,0.70271,0.659652,0.74517,0.682347,0.871014,0.756706,0.62327,0.704926,0.76926,0.64947,0.656582,0.649494,0.62111,0.734959,0.663889,0.659395,0.865458,0.64464,0.679255,0.768105,0.676823,0.665826,0.789523],[0.852889,0.699592,0.609767,0.62901,0.846076,0.847985,0.70271,1.0,0.626627,0.600023,0.747111,0.672806,0.607774,0.570818,0.606993,0.842607,0.76983,0.652458,0.734723,0.673891,0.808351,0.608296,0.873556,0.702424,0.638035,0.696132,0.86961,0.713092,0.585997,0.688756],[0.657864,0.684062,0.592226,0.919405,0.659171,0.680299,0.659652,0.626627,1.0,0.714062,0.738894,0.692893,0.703817,0.563497,0.589473,0.658986,0.617442,0.59254,0.581631,0.569907,0.623089,0.595258,0.634439,0.656783,0.591961,0.634638,0.666272,0.601065,0.572994,0.674143],[0.646821,0.759641,0.699783,0.73491,0.64433,0.669394,0.74517,0.600023,0.714062,1.0,0.652068,0.767407,0.836053,0.680367,0.669208,0.662824,0.579123,0.625556,0.662124,0.601181,0.629145,0.731073,0.611243,0.709876,0.641862,0.642905,0.653552,0.681137,0.694933,0.734068],[0.708695,0.678105,0.651162,0.706762,0.716823,0.714349,0.682347,0.747111,0.738894,0.652068,1.0,0.63436,0.634735,0.623922,0.606895,0.69968,0.805276,0.673116,0.680121,0.681133,0.680868,0.643199,0.764054,0.642353,0.669904,0.702786,0.72156,0.656605,0.612079,0.662758],[0.732773,0.863597,0.614839,0.707262,0.727344,0.732975,0.871014,0.672806,0.692893,0.767407,0.63436,1.0,0.782082,0.590742,0.677153,0.739137,0.613811,0.656471,0.587946,0.613712,0.679112,0.622708,0.629747,0.864582,0.626733,0.672186,0.726144,0.611593,0.634578,0.855211],[0.65586,0.753722,0.683677,0.720834,0.646129,0.656586,0.756706,0.607774,0.703817,0.836053,0.634735,0.782082,1.0,0.656337,0.737449,0.666527,0.589181,0.637762,0.656463,0.591833,0.629546,0.700697,0.609488,0.717403,0.6211,0.646793,0.658732,0.665244,0.703871,0.719089],[0.596784,0.63051,0.883429,0.555563,0.599306,0.600137,0.62327,0.570818,0.563497,0.680367,0.623922,0.590742,0.656337,1.0,0.765435,0.591945,0.609367,0.74235,0.734129,0.717018,0.656879,0.873934,0.600293,0.590993,0.816527,0.738848,0.599334,0.762225,0.83745,0.586095],[0.655385,0.680678,0.812307,0.59686,0.65419,0.623318,0.704926,0.606993,0.589473,0.669208,0.606895,0.677153,0.737449,0.765435,1.0,0.64971,0.600041,0.748803,0.683401,0.663473,0.679929,0.78177,0.629315,0.65978,0.739622,0.739785,0.642124,0.713896,0.84512,0.616343],[0.935542,0.756739,0.636824,0.674249,0.908825,0.894813,0.76926,0.842607,0.658986,0.662824,0.69968,0.739137,0.666527,0.591945,0.64971,1.0,0.69363,0.65269,0.663759,0.608447,0.826545,0.631099,0.796051,0.791192,0.6527,0.712851,0.920966,0.722814,0.627639,0.673635],[0.714165,0.640199,0.627561,0.592378,0.702631,0.683469,0.64947,0.76983,0.617442,0.579123,0.805276,0.613811,0.589181,0.609367,0.600041,0.69363,1.0,0.752294,0.676328,0.754047,0.696425,0.609421,0.797109,0.627587,0.718623,0.762458,0.712941,0.649266,0.598061,0.630961],[0.667976,0.650347,0.771342,0.579642,0.652137,0.641564,0.656582,0.652458,0.59254,0.625556,0.673116,0.656471,0.637762,0.74235,0.748803,0.65269,0.752294,1.0,0.628704,0.845287,0.697249,0.738767,0.67759,0.626526,0.849283,0.847031,0.665763,0.645711,0.745831,0.640224],[0.678637,0.648411,0.758901,0.583224,0.683992,0.67122,0.649494,0.734723,0.581631,0.662124,0.680121,0.587946,0.656463,0.734129,0.683401,0.663759,0.676328,0.628704,1.0,0.672909,0.756325,0.785499,0.75641,0.595128,0.655791,0.597911,0.690575,0.874367,0.740331,0.636149],[0.620094,0.633907,0.7246,0.551978,0.612524,0.607813,0.62111,0.673891,0.569907,0.601181,0.681133,0.613712,0.591833,0.717018,0.663473,0.608447,0.754047,0.845287,0.672909,1.0,0.652678,0.706772,0.677193,0.590661,0.838501,0.803761,0.629814,0.615612,0.685884,0.684772],[0.853475,0.720911,0.702679,0.631184,0.859717,0.838213,0.734959,0.808351,0.623089,0.629145,0.680868,0.679112,0.629546,0.656879,0.679929,0.826545,0.696425,0.697249,0.756325,0.652678,1.0,0.690659,0.781253,0.7069,0.74023,0.691212,0.865761,0.830177,0.671615,0.635457],[0.634061,0.668475,0.908617,0.598734,0.6407,0.632487,0.663889,0.608296,0.595258,0.731073,0.643199,0.622708,0.700697,0.873934,0.78177,0.631099,0.609421,0.738767,0.785499,0.706772,0.690659,1.0,0.640812,0.611825,0.7777,0.717479,0.635524,0.802039,0.872555,0.615707],[0.794122,0.653884,0.643406,0.619703,0.782142,0.764043,0.659395,0.873556,0.634439,0.611243,0.764054,0.629747,0.609488,0.600293,0.629315,0.796051,0.797109,0.67759,0.75641,0.677193,0.781253,0.640812,1.0,0.653308,0.662369,0.712944,0.797813,0.735557,0.617005,0.63696],[0.78074,0.854816,0.610227,0.678942,0.78987,0.791699,0.865458,0.702424,0.656783,0.709876,0.642353,0.864582,0.717403,0.590993,0.65978,0.791192,0.627587,0.626526,0.595128,0.590661,0.7069,0.611825,0.653308,1.0,0.621879,0.663489,0.779661,0.62873,0.628623,0.764026],[0.663184,0.652918,0.81668,0.573737,0.653734,0.65403,0.64464,0.638035,0.591961,0.641862,0.669904,0.626733,0.6211,0.816527,0.739622,0.6527,0.718623,0.849283,0.655791,0.838501,0.74023,0.7777,0.662369,0.621879,1.0,0.849839,0.665994,0.697669,0.766667,0.610878],[0.729161,0.67218,0.748262,0.617364,0.711311,0.693421,0.679255,0.696132,0.634638,0.642905,0.702786,0.672186,0.646793,0.738848,0.739785,0.712851,0.762458,0.847031,0.597911,0.803761,0.691212,0.717479,0.712944,0.663489,0.849839,1.0,0.718776,0.633322,0.715697,0.633521],[0.944794,0.754014,0.644103,0.677718,0.933707,0.931382,0.768105,0.86961,0.666272,0.653552,0.72156,0.726144,0.658732,0.599334,0.642124,0.920966,0.712941,0.665763,0.690575,0.629814,0.865761,0.635524,0.797813,0.779661,0.665994,0.718776,1.0,0.74802,0.62539,0.673509],[0.738371,0.673468,0.809794,0.61215,0.742905,0.729524,0.676823,0.713092,0.601065,0.681137,0.656605,0.611593,0.665244,0.762225,0.713896,0.722814,0.649266,0.645711,0.874367,0.615612,0.830177,0.802039,0.735557,0.62873,0.697669,0.633322,0.74802,1.0,0.76172,0.581139],[0.627681,0.65865,0.891982,0.575079,0.629826,0.611182,0.665826,0.585997,0.572994,0.694933,0.612079,0.634578,0.703871,0.83745,0.84512,0.627639,