{"scene_id":"botswana","method":"cae_3d_8","n_seeds":30,"latent_dim":8,"samples_per_class":220,"ari_vs_gt_per_seed":[0.300895,0.340136,0.345982,0.308064,0.302107,0.300279,0.316446,0.324129,0.304777,0.304275,0.299727,0.303119,0.299654,0.347671,0.319917,0.328086,0.312807,0.295968,0.296403,0.31258,0.308263,0.314052,0.310425,0.307248,0.307419,0.362648,0.30582,0.314674,0.330454,0.311303],"ari_vs_gt_summary":{"mean":0.314511,"std":0.016231,"min":0.295968,"max":0.362648},"seed_pair_ari":[[1.0,0.462285,0.497331,0.543621,0.814556,0.684838,0.731862,0.657592,0.680157,0.813871,0.730957,0.669381,0.684947,0.510675,0.782512,0.532929,0.614277,0.639036,0.655394,0.664815,0.635121,0.746912,0.651688,0.694432,0.804686,0.480109,0.69023,0.680957,0.538191,0.598697],[0.462285,1.0,0.5657,0.580835,0.475208,0.477976,0.496748,0.530826,0.509313,0.474048,0.479315,0.509133,0.507099,0.598262,0.497151,0.461474,0.480399,0.484503,0.484296,0.472329,0.529405,0.495881,0.520421,0.517737,0.472936,0.558998,0.483045,0.510611,0.547983,0.445625],[0.497331,0.5657,1.0,0.582026,0.521312,0.521822,0.523072,0.546125,0.501509,0.51692,0.54264,0.560337,0.535825,0.75587,0.509093,0.647546,0.579468,0.531549,0.510102,0.587588,0.545303,0.555457,0.627166,0.587227,0.524193,0.759422,0.560719,0.542783,0.608718,0.55828],[0.543621,0.580835,0.582026,1.0,0.550808,0.557181,0.575247,0.543156,0.601145,0.55536,0.56331,0.584927,0.614679,0.585748,0.565836,0.507365,0.598901,0.57529,0.579814,0.543829,0.65723,0.578215,0.646217,0.645659,0.554585,0.546859,0.601493,0.5588,0.615653,0.524823],[0.814556,0.475208,0.521312,0.550808,1.0,0.69527,0.738529,0.669631,0.628048,0.790514,0.772136,0.669596,0.677108,0.527735,0.766419,0.571581,0.664042,0.648726,0.671736,0.70852,0.645389,0.753986,0.655628,0.682232,0.822707,0.494008,0.705353,0.682952,0.526092,0.636949],[0.684838,0.477976,0.521822,0.557181,0.69527,1.0,0.63827,0.575394,0.653062,0.64533,0.74848,0.725535,0.704272,0.54734,0.635649,0.54582,0.622256,0.678995,0.687734,0.673431,0.644724,0.665471,0.674858,0.69266,0.662641,0.501731,0.684695,0.649214,0.528344,0.610526],[0.731862,0.496748,0.523072,0.575247,0.738529,0.63827,1.0,0.69929,0.60247,0.718532,0.678122,0.591291,0.628312,0.526221,0.785864,0.534942,0.607046,0.587874,0.603508,0.622696,0.631256,0.672139,0.631596,0.630966,0.732216,0.502071,0.650904,0.685998,0.571084,0.571326],[0.657592,0.530826,0.546125,0.543156,0.669631,0.575394,0.69929,1.0,0.551388,0.673318,0.609161,0.542777,0.584389,0.551537,0.680996,0.533055,0.576726,0.542449,0.549968,0.571692,0.565283,0.638405,0.58614,0.576671,0.684135,0.543741,0.591653,0.663167,0.538934,0.578961],[0.680157,0.509313,0.501509,0.601145,0.628048,0.653062,0.60247,0.551388,1.0,0.648135,0.653583,0.699002,0.760484,0.538355,0.651612,0.493527,0.56251,0.619571,0.683618,0.607029,0.743915,0.611532,0.696514,0.719447,0.627517,0.488456,0.629763,0.551129,0.545771,0.584664],[0.813871,0.474048,0.51692,0.55536,0.790514,0.64533,0.718532,0.673318,0.648135,1.0,0.712469,0.640103,0.668604,0.523585,0.783616,0.551416,0.650753,0.649329,0.65557,0.674328,0.644421,0.781737,0.674886,0.702582,0.833214,0.494289,0.724153,0.652953,0.551319,0.637525],[0.730957,0.479315,0.54264,0.56331,0.772136,0.74848,0.678122,0.609161,0.653583,0.712469,1.0,0.709759,0.741766,0.555523,0.700796,0.586883,0.68502,0.734328,0.75891,0.707999,0.667112,0.719495,0.677961,0.718127,0.759967,0.52015,0.767389,0.651897,0.535792,0.650486],[0.669381,0.509133,0.560337,0.584927,0.669596,0.725535,0.591291,0.542777,0.699002,0.640103,0.709759,1.0,0.749341,0.575368,0.627813,0.565951,0.632268,0.724462,0.711626,0.721768,0.730172,0.671926,0.740468,0.795894,0.649796,0.517842,0.719727,0.59238,0.571716,0.609792],[0.684947,0.507099,0.535825,0.614679,0.677108,0.704272,0.628312,0.584389,0.760484,0.668604,0.741766,0.749341,1.0,0.563212,0.671318,0.528416,0.630248,0.683436,0.741335,0.654897,0.751685,0.643728,0.7288,0.773116,0.676243,0.523599,0.689298,0.597609,0.549738,0.643231],[0.510675,0.598262,0.75587,0.585748,0.527735,0.54734,0.526221,0.551537,0.538355,0.523585,0.555523,0.575368,0.563212,1.0,0.52645,0.573562,0.560858,0.535175,0.539503,0.576471,0.577016,0.556747,0.639024,0.600062,0.52819,0.774045,0.556668,0.55424,0.604092,0.524211],[0.782512,0.497151,0.509093,0.565836,0.766419,0.635649,0.785864,0.680996,0.651612,0.783616,0.700796,0.627813,0.671318,0.52645,1.0,0.533033,0.623302,0.635647,0.659973,0.6518,0.671542,0.707499,0.640513,0.673399,0.785514,0.502232,0.686241,0.66033,0.575644,0.589822],[0.532929,0.461474,0.647546,0.507365,0.571581,0.54582,0.534942,0.533055,0.493527,0.551416,0.586883,0.565951,0.528416,0.573562,0.533033,1.0,0.654018,0.570315,0.545159,0.661026,0.525264,0.628701,0.599339,0.582045,0.55878,0.577479,0.622521,0.526325,0.554531,0.668868],[0.614277,0.480399,0.579468,0.598901,0.664042,0.622256,0.607046,0.576726,0.56251,0.650753,0.68502,0.632268,0.630248,0.560858,0.623302,0.654018,1.0,0.687384,0.675471,0.688413,0.616483,0.699858,0.662044,0.674559,0.651306,0.530416,0.746607,0.600082,0.55801,0.675616],[0.639036,0.484503,0.531549,0.57529,0.648726,0.678995,0.587874,0.542449,0.619571,0.649329,0.734328,0.724462,0.683436,0.535175,0.635647,0.570315,0.687384,1.0,0.750261,0.678599,0.676661,0.691575,0.684638,0.742139,0.66918,0.498298,0.75745,0.589612,0.5814,0.60481],[0.655394,0.484296,0.510102,0.579814,0.671736,0.687734,0.603508,0.549968,0.683618,0.65557,0.75891,0.711626,0.741335,0.539503,0.659973,0.545159,0.675471,0.750261,1.0,0.676923,0.717068,0.67724,0.688172,0.735046,0.681383,0.496359,0.755179,0.576011,0.523563,0.629855],[0.664815,0.472329,0.587588,0.543829,0.70852,0.673431,0.622696,0.571692,0.607029,0.674328,0.707999,0.721768,0.654897,0.576471,0.6518,0.661026,0.688413,0.678599,0.676923,1.0,0.655352,0.746993,0.717438,0.732798,0.687806,0.546938,0.749235,0.598273,0.555974,0.666514],[0.635121,0.529405,0.545303,0.65723,0.645389,0.644724,0.631256,0.565283,0.743915,0.644421,0.667112,0.730172,0.751685,0.577016,0.671542,0.525264,0.616483,0.676661,0.717068,0.655352,1.0,0.64392,0.727714,0.760627,0.654891,0.536418,0.678902,0.567185,0.609898,0.586425],[0.746912,0.495881,0.555457,0.578215,0.753986,0.665471,0.672139,0.638405,0.611532,0.781737,0.719495,0.671926,0.643728,0.556747,0.707499,0.628701,0.699858,0.691575,0.67724,0.746993,0.64392,1.0,0.692375,0.734387,0.761565,0.522479,0.794778,0.638572,0.575225,0.641156],[0.651688,0.520421,0.627166,0.646217,0.655628,0.674858,0.631596,0.58614,0.696514,0.674886,0.677961,0.740468,0.7288,0.639024,0.640513,0.599339,0.662044,0.684638,0.688172,0.717438,0.727714,0.692375,1.0,0.800056,0.648668,0.580344,0.70554,0.588899,0.619789,0.637722],[0.694432,0.517737,0.587227,0.645659,0.682232,0.69266,0.630966,0.576671,0.719447,0.702582,0.718127,0.795894,0.773116,0.600062,0.673399,0.582045,0.674559,0.742139,0.735046,0.732798,0.760627,0.734387,0.800056,1.0,0.68695,0.544173,0.768258,0.594978,0.615635,0.641698],[0.804686,0.472936,0.524193,0.554585,0.822707,0.662641,0.732216,0.684135,0.627517,0.833214,0.759967,0.649796,0.676243,0.52819,0.785514,0.55878,0.651306,0.66918,0.681383,0.687806,0.654891,0.761565,0.648668,0.68695,1.0,0.500319,0.71012,0.696046,0.553322,0.623189],[0.480109,0.558998,0.759422,0.546859,0.494008,0.501731,0.502071,0.543741,0.488456,0.494289,0.52015,0.517842,0.523599,0.774045,0.502232,0.577479,0.530416,0.498298,0.496359,0.546938,0.536418,0.522479,0.580344,0.544173,0.500319,1.0,0.531807,0.532161,0.581083,0.519607],[0.69023,0.483045,0.560719,0.601493,0.705353,0.684695,0.650904,0.591653,0.629763,0.724153,0.767389,0.719727,0.689298,0.556668,0.686241,0.622521,0.746607,0.75745,0.755179,0.749235,0.678902,0.794778,0.70554,0.768258,0.71012,0.531807,1.0,0.599054,0.554539,0.674305],[0.680957,0.510611,0.542783,0.5588,0.682952,0.649214,0.685998,0.663167,0.551129,0.652953,0.651897,0.59238,0.597609,0.55424,0.66033,0.526325,0.600082,0.589612,0.576011,0.598273,0.567185,0.638572,0.588899,0.594978,0.696046,0.532161,0.599054,1.0,0.543995,0.540818],[0.538191,0.547983,0.608718,0.615653,0.526092,0.528344,0.571084,0.538934,0.545771,0.551319,0.535792,0.571716,0.549738,0.604092,