{"scene_id":"botswana","method":"beta_vae_8","n_seeds":30,"latent_dim":8,"samples_per_class":220,"ari_vs_gt_per_seed":[0.158353,0.185088,0.18215,0.208285,0.177275,0.144099,0.156522,0.195418,0.179317,0.20374,0.170915,0.245481,0.176576,0.185681,0.149348,0.197439,0.205231,0.183179,0.174049,0.167854,0.166839,0.194211,0.160436,0.203854,0.209892,0.150735,0.250014,0.226221,0.105857,0.100521],"ari_vs_gt_summary":{"mean":0.180486,"std":0.032842,"min":0.100521,"max":0.250014},"seed_pair_ari":[[1.0,0.390859,0.430336,0.359775,0.535588,0.383163,0.564338,0.21415,0.410934,0.407996,0.458972,0.381593,0.460401,0.342031,0.326316,0.475671,0.370995,0.469356,0.424104,0.423788,0.646109,0.544442,0.513314,0.368711,0.431158,0.392504,0.443273,0.436358,0.237056,0.076017],[0.390859,1.0,0.405928,0.483383,0.413421,0.314696,0.344027,0.155859,0.365892,0.517111,0.482721,0.291072,0.390177,0.229193,0.286059,0.505648,0.500502,0.358316,0.479986,0.474731,0.421914,0.558451,0.30558,0.512821,0.395029,0.275626,0.337166,0.543687,0.159018,0.066975],[0.430336,0.405928,1.0,0.396566,0.444443,0.388057,0.401455,0.177736,0.465265,0.487413,0.490207,0.304027,0.458306,0.282543,0.315146,0.488699,0.415276,0.299325,0.483606,0.476807,0.478487,0.45778,0.402495,0.378293,0.438449,0.400112,0.402966,0.481387,0.199626,0.065909],[0.359775,0.483383,0.396566,1.0,0.392976,0.309299,0.320479,0.165274,0.396874,0.548265,0.506733,0.273916,0.414046,0.221468,0.278687,0.456104,0.507705,0.288445,0.485875,0.467519,0.381975,0.45291,0.322621,0.453585,0.410259,0.289375,0.323875,0.481404,0.159348,0.066722],[0.535588,0.413421,0.444443,0.392976,1.0,0.38633,0.455093,0.190267,0.477391,0.465018,0.456717,0.333495,0.541397,0.301968,0.291512,0.609801,0.440729,0.380292,0.460373,0.466192,0.574126,0.594516,0.482973,0.405868,0.424869,0.406545,0.405191,0.451496,0.195539,0.068838],[0.383163,0.314696,0.388057,0.309299,0.38633,1.0,0.405677,0.214955,0.403305,0.335903,0.350594,0.320898,0.443529,0.36022,0.436525,0.389204,0.318546,0.266157,0.400071,0.412394,0.422382,0.382727,0.391154,0.288069,0.415683,0.510798,0.365589,0.349532,0.246895,0.066551],[0.564338,0.344027,0.401455,0.320479,0.455093,0.405677,1.0,0.20734,0.381876,0.354076,0.372208,0.325653,0.415841,0.350892,0.331393,0.418135,0.321029,0.341896,0.373532,0.373608,0.523765,0.447889,0.508791,0.311641,0.407837,0.424465,0.428282,0.363545,0.26443,0.076857],[0.21415,0.155859,0.177736,0.165274,0.190267,0.214955,0.20734,1.0,0.181356,0.162234,0.167981,0.283666,0.184649,0.213762,0.214376,0.187931,0.159772,0.193861,0.179975,0.182595,0.204617,0.188332,0.2051,0.154225,0.229423,0.203467,0.213364,0.184165,0.201655,0.128511],[0.410934,0.365892,0.465265,0.396874,0.477391,0.403305,0.381876,0.181356,1.0,0.438854,0.442957,0.29022,0.623111,0.254914,0.29736,0.481225,0.493891,0.276823,0.453313,0.420078,0.472123,0.427867,0.422537,0.395379,0.453682,0.406177,0.383262,0.421562,0.182845,0.056381],[0.407996,0.517111,0.487413,0.548265,0.465018,0.335903,0.354076,0.162234,0.438854,1.0,0.612705,0.29489,0.471891,0.233496,0.290437,0.53465,0.618135,0.345393,0.529004,0.514853,0.487682,0.522069,0.348348,0.547876,0.433833,0.325618,0.352175,0.610014,0.160185,0.066622],[0.458972,0.482721,0.490207,0.506733,0.456717,0.350594,0.372208,0.167981,0.442957,0.612705,1.0,0.281881,0.479876,0.233867,0.339467,0.454828,0.56146,0.34256,0.637506,0.630654,0.468877,0.464295,0.34051,0.520273,0.419262,0.325296,0.346768,0.611723,0.175591,0.060612],[0.381593,0.291072,0.304027,0.273916,0.333495,0.320898,0.325653,0.283666,0.29022,0.29489,0.281881,1.0,0.302713,0.341307,0.273133,0.361028,0.282575,0.345344,0.320586,0.332779,0.372996,0.3674,0.311783,0.271208,0.311639,0.314317,0.343453,0.297007,0.21506,0.128344],[0.460401,0.390177,0.458306,0.414046,0.541397,0.443529,0.415841,0.184649,0.623111,0.471891,0.479876,0.302713,1.0,0.282291,0.324617,0.52217,0.529566,0.288502,0.498938,0.471731,0.532237,0.474206,0.418198,0.398625,0.446482,0.412714,0.38647,0.436547,0.19035,0.061422],[0.342031,0.229193,0.282543,0.221468,0.301968,0.36022,0.350892,0.213762,0.254914,0.233496,0.233867,0.341307,0.282291,1.0,0.319825,0.290006,0.221335,0.284307,0.259891,0.275523,0.324982,0.294061,0.332904,0.217173,0.295314,0.371867,0.350018,0.262814,0.287041,0.098444],[0.326316,0.286059,0.315146,0.278687,0.291512,0.436525,0.331393,0.214376,0.29736,0.290437,0.339467,0.273133,0.324617,0.319825,1.0,0.283955,0.271937,0.238316,0.370743,0.379053,0.312517,0.294403,0.297248,0.259509,0.353999,0.35367,0.339866,0.318568,0.261768,0.075431],[0.475671,0.505648,0.488699,0.456104,0.609801,0.389204,0.418135,0.187931,0.481225,0.53465,0.454828,0.361028,0.52217,0.290006,0.283955,1.0,0.523794,0.394056,0.499364,0.495924,0.565296,0.731393,0.441345,0.458387,0.439251,0.383677,0.384209,0.506652,0.190016,0.069106],[0.370995,0.500502,0.415276,0.507705,0.440729,0.318546,0.321029,0.159772,0.493891,0.618135,0.56146,0.282575,0.529566,0.221335,0.271937,0.523794,1.0,0.324321,0.523935,0.495127,0.428673,0.510691,0.317256,0.579651,0.419891,0.310989,0.339506,0.553307,0.150073,0.061318],[0.469356,0.358316,0.299325,0.288445,0.380292,0.266157,0.341896,0.193861,0.276823,0.345393,0.34256,0.345344,0.288502,0.284307,0.238316,0.394056,0.324321,1.0,0.323248,0.336994,0.394461,0.438824,0.33883,0.369892,0.293793,0.278082,0.327569,0.386681,0.186975,0.084327],[0.424104,0.479986,0.483606,0.485875,0.460373,0.400071,0.373532,0.179975,0.453313,0.529004,0.637506,0.320586,0.498938,0.259891,0.370743,0.499364,0.523935,0.323248,1.0,0.726355,0.439689,0.483161,0.351224,0.437189,0.38857,0.354497,0.356967,0.515046,0.195889,0.064637],[0.423788,0.474731,0.476807,0.467519,0.466192,0.412394,0.373608,0.182595,0.420078,0.514853,0.630654,0.332779,0.471731,0.275523,0.379053,0.495924,0.495127,0.336994,0.726355,1.0,0.435944,0.491607,0.34735,0.434634,0.394759,0.355353,0.35669,0.500705,0.204155,0.068499],[0.646109,0.421914,0.478487,0.381975,0.574126,0.422382,0.523765,0.204617,0.472123,0.487682,0.468877,0.372996,0.532237,0.324982,0.312517,0.565296,0.428673,0.394461,0.439689,0.435944,1.0,0.575206,0.496442,0.389974,0.467796,0.415658,0.4267,0.448764,0.217935,0.072187],[0.544442,0.558451,0.45778,0.45291,0.594516,0.382727,0.447889,0.188332,0.427867,0.522069,0.464295,0.3674,0.474206,0.294061,0.294403,0.731393,0.510691,0.438824,0.483161,0.491607,0.575206,1.0,0.442808,0.486988,0.448411,0.353325,0.414017,0.501021,0.191831,0.071475],[0.513314,0.30558,0.402495,0.322621,0.482973,0.391154,0.508791,0.2051,0.422537,0.348348,0.34051,0.311783,0.418198,0.332904,0.297248,0.441345,0.317256,0.33883,0.351224,0.34735,0.496442,0.442808,1.0,0.312729,0.42869,0.505471,0.429185,0.35676,0.230441,0.065992],[0.368711,0.512821,0.378293,0.453585,0.405868,0.288069,0.311641,0.154225,0.395379,0.547876,0.520273,0.271208,0.398625,0.217173,0.259509,0.458387,0.579651,0.369892,0.437189,0.434634,0.389974,0.486988,0.312729,1.0,0.40802,0.288713,0.328804,0.592014,0.144947,0.066558],[0.431158,0.395029,0.438449,0.410259,0.424869,0.415683,0.407837,0.229423,0.453682,0.433833,0.419262,0.311639,0.446482,0.295314,0.353999,0.439251,0.419891,0.293793,0.38857,0.394759,0.467796,0.448411,0.42869,0.40802,1.0,0.39845,0.435822,0.469945,0.22528,0.070654],[0.392504,0.275626,0.400112,0.289375,0.406545,0.510798,0.424465,0.203467,0.406177,0.325618,0.325296,0.314317,0.412714,0.371867,0.35367,0.383677,0.310989,0.278082,0.354497,0.355353,0.415658,0.353325,0.505471,0.288713,0.39845,1.0,0.391176,0.343236,0.256671,0.067937],[0.443273,0.337166,0.402966,0.323875,0.405191,0.365589,0.428282,0.213364,0.383262,0.352175,0.346768,0.343453,0.38647,0.350018,0.339866,0.384209,0.339506,0.327569,0.356967,0.35669,0.4267,0.414017,0.429185,0.328804,0.435822,0.391176,1.0,0.403135,0.21348,0.086073],[0.436358,0.543687,0.481387,0.481404,0.451496,0.349532,0.363545,0.184165,0.421562,0.610014,0.611723,0.297007,0.436547,0.262814,0.318568,0.506652,0.553307,0.386681,0.515046,0.500705,0.448764,0.501021,0.35676,0.592014,0.469945,0.343236,0.403135,1.0,0.17658,0.064987],[0.237056,0.159018,0.199626,0.159348,0.195539,0.246895,0.26443,0.201655,0.182845,0.160185,0.175591,