{"scene_id":"botswana","method":"cae_1d_8","n_seeds":15,"latent_dim":8,"samples_per_class":220,"ari_vs_gt_per_seed":[0.37403,0.363998,0.388154,0.383881,0.376371,0.37302,0.376026,0.39092,0.388278,0.372203,0.385849,0.363986,0.382686,0.353075,0.397076],"ari_vs_gt_summary":{"mean":0.37797,"std":0.011408,"min":0.353075,"max":0.397076},"seed_pair_ari":[[1.0,0.755315,0.74412,0.666427,0.930577,0.915278,0.766882,0.672739,0.658048,0.646821,0.658783,0.732773,0.810466,0.596784,0.840341],[0.755315,1.0,0.686158,0.708278,0.769832,0.772697,0.917628,0.68266,0.684381,0.759641,0.72872,0.863597,0.694163,0.63051,0.716481],[0.74412,0.686158,1.0,0.619282,0.733851,0.72064,0.688268,0.68477,0.643213,0.64874,0.680477,0.671758,0.668402,0.762628,0.698347],[0.666427,0.708278,0.619282,1.0,0.673995,0.675451,0.685497,0.748916,0.918972,0.734246,0.688613,0.707522,0.704874,0.554965,0.701192],[0.930577,0.769832,0.733851,0.673995,1.0,0.938541,0.787264,0.680086,0.666743,0.653759,0.6779,0.725354,0.825286,0.604469,0.833115],[0.915278,0.772697,0.72064,0.675451,0.938541,1.0,0.781744,0.678845,0.666736,0.65391,0.675715,0.730149,0.823882,0.599129,0.817507],[0.766882,0.917628,0.688268,0.685497,0.787264,0.781744,1.0,0.680137,0.659965,0.74517,0.731515,0.871014,0.700631,0.62327,0.732725],[0.672739,0.68266,0.68477,0.748916,0.680086,0.678845,0.680137,1.0,0.740172,0.728294,0.814833,0.634504,0.641976,0.634343,0.695877],[0.658048,0.684381,0.643213,0.918972,0.666743,0.666736,0.659965,0.740172,1.0,0.713664,0.674823,0.693218,0.711366,0.563129,0.699785],[0.646821,0.759641,0.64874,0.734246,0.653759,0.65391,0.74517,0.728294,0.713664,1.0,0.824148,0.767407,0.670373,0.680367,0.661384],[0.658783,0.72872,0.680477,0.688613,0.6779,0.675715,0.731515,0.814833,0.674823,0.824148,1.0,0.655349,0.610026,0.698001,0.658853],[0.732773,0.863597,0.671758,0.707522,0.725354,0.730149,0.871014,0.634504,0.693218,0.767407,0.655349,1.0,0.767468,0.590742,0.718967],[0.810466,0.694163,0.668402,0.704874,0.825286,0.823882,0.700631,0.641976,0.711366,0.670373,0.610026,0.767468,1.0,0.544199,0.833013],[0.596784,0.63051,0.762628,0.554965,0.604469,0.599129,0.62327,0.634343,0.563129,0.680367,0.698001,0.590742,0.544199,1.0,0.57605],[0.840341,0.716481,0.698347,0.701192,0.833115,0.817507,0.732725,0.695877,0.699785,0.661384,0.658853,0.718967,0.833013,0.57605,1.0]],"seed_pair_procrustes_dist":[[0.0,0.110873,0.200495,0.156784,0.053072,0.115396,0.070392,0.075307,0.192619,0.043481,0.104225,0.093108,0.283096,0.113982,0.104944],[0.110873,0.0,0.170895,0.091017,0.07528,0.056899,0.06808,0.103119,0.133511,0.088723,0.075242,0.063572,0.236011,0.159806,0.137302],[0.200495,0.170895,0.0,0.161706,0.173922,0.118302,0.174284,0.134018,0.129545,0.160625,0.104761,0.137919,0.155005,0.25172,0.116365],[0.156784,0.091017,0.161706,0.0,0.109478,0.074518,0.129671,0.126461,0.072551,0.116457,0.108675,0.095003,0.177661,0.212037,0.142956],[0.053072,0.07528,0.173922,0.109478,0.0,0.091987,0.050335,0.085869,0.165927,0.043453,0.096384,0.076029,0.266729,0.120943,0.118554],[0.115396,0.056899,0.118302,0.074518,0.091987,0.0,0.094637,0.083572,0.091403,0.084222,0.045841,0.065809,0.18524,0.184745,0.106031],[0.070392,0.06808,0.174284,0.129671,0.050335,0.094637,0.0,0.10856,0.184075,0.074717,0.097893,0.075601,0.284409,0.112605,0.130842],[0.075307,0.103119,0.134018,0.126461,0.085869,0.083572,0.10856,0.0,0.15329,0.05638,0.078241,0.103878,0.238687,0.160386,0.098969],[0.192619,0.133511,0.129545,0.072551,0.165927,0.091403,0.184075,0.15329,0.0,0.144339,0.108151,0.114641,0.108594,0.247881,0.13227],[0.043481,0.088723,0.160625,0.116457,0.043453,0.084222,0.074717,0.05638,0.144339,0.0,0.089712,0.081987,0.258714,0.130494,0.105508],[0.104225,0.075242,0.104761,0.108675,0.096384,0.045841,0.097893,0.078241,0.108151,0.089712,0.0,0.071362,0.197865,0.17824,0.089351],[0.093108,0.063572,0.137919,0.095003,0.076029,0.065809,0.075601,0.103878,0.114641,0.081987,0.071362,0.0,0.21348,0.166336,0.095159],[0.283096,0.236011,0.155005,0.177661,0.266729,0.18524,0.284409,0.238687,0.108594,0.258714,0.197865,0.21348,0.0,0.312331,0.169131],[0.113982,0.159806,0.25172,0.212037,0.120943,0.184745,0.112605,0.160386,0.247881,0.130494,0.17824,0.166336,0.312331,0.0,0.233432],[0.104944,0.137302,0.116365,0.142956,0.118554,0.106031,0.130842,0.098969,0.13227,0.105508,0.089351,0.095159,0.169131,0.233432,0.0]],"off_diagonal_summary":{"ari_mean":0.712301,"ari_min":0.544199,"ari_std":0.081322,"procrustes_mean":0.129772,"procrustes_max":0.312331},"framework_axis":"B-6 follow-up: deep-method seed stability for CAE-1D \u2014 pairwise cluster ARI + Procrustes between latent embeddings across N_SEEDS torch initialisations","generated_at":"2026-05-06T20:41:02Z","builder_version":"build_deep_seed_stability v0.1"}