{"scene_id":"botswana","method":"cae_1d_8","n_seeds":7,"latent_dim":8,"samples_per_class":220,"ari_vs_gt_per_seed":[0.37403,0.363998,0.388154,0.383881,0.376371,0.37302,0.376026],"ari_vs_gt_summary":{"mean":0.376497,"std":0.007221,"min":0.363998,"max":0.388154},"seed_pair_ari":[[1.0,0.755315,0.74412,0.666427,0.930577,0.915278,0.766882],[0.755315,1.0,0.686158,0.708278,0.769832,0.772697,0.917628],[0.74412,0.686158,1.0,0.619282,0.733851,0.72064,0.688268],[0.666427,0.708278,0.619282,1.0,0.673995,0.675451,0.685497],[0.930577,0.769832,0.733851,0.673995,1.0,0.938541,0.787264],[0.915278,0.772697,0.72064,0.675451,0.938541,1.0,0.781744],[0.766882,0.917628,0.688268,0.685497,0.787264,0.781744,1.0]],"seed_pair_procrustes_dist":[[0.0,0.110873,0.200495,0.156784,0.053072,0.115396,0.070392],[0.110873,0.0,0.170895,0.091017,0.07528,0.056899,0.06808],[0.200495,0.170895,0.0,0.161706,0.173922,0.118302,0.174284],[0.156784,0.091017,0.161706,0.0,0.109478,0.074518,0.129671],[0.053072,0.07528,0.173922,0.109478,0.0,0.091987,0.050335],[0.115396,0.056899,0.118302,0.074518,0.091987,0.0,0.094637],[0.070392,0.06808,0.174284,0.129671,0.050335,0.094637,0.0]],"off_diagonal_summary":{"ari_mean":0.758939,"ari_min":0.619282,"ari_std":0.091512,"procrustes_mean":0.111811,"procrustes_max":0.200495},"framework_axis":"B-6 follow-up: deep-method seed stability for CAE-1D \u2014 pairwise cluster ARI + Procrustes between latent embeddings across N_SEEDS torch initialisations","generated_at":"2026-05-06T11:04:33Z","builder_version":"build_deep_seed_stability v0.1"}