{"scene_id":"botswana","method":"cae_3d_8","n_seeds":15,"latent_dim":8,"samples_per_class":220,"ari_vs_gt_per_seed":[0.300956,0.339888,0.344439,0.302872,0.302107,0.305827,0.3166,0.311889,0.305591,0.318815,0.302939,0.301828,0.292187,0.334947,0.320707],"ari_vs_gt_summary":{"mean":0.313439,"std":0.015121,"min":0.292187,"max":0.344439},"seed_pair_ari":[[1.0,0.471957,0.557967,0.551496,0.822914,0.687731,0.704608,0.615194,0.652174,0.624602,0.762592,0.656593,0.677522,0.572095,0.756646],[0.471957,1.0,0.525105,0.586141,0.476826,0.490307,0.499367,0.57177,0.509159,0.505615,0.462959,0.506276,0.500023,0.546726,0.490589],[0.557967,0.525105,1.0,0.53072,0.588952,0.54054,0.567116,0.621763,0.48094,0.518837,0.545532,0.530211,0.482805,0.76612,0.5428],[0.551496,0.586141,0.53072,1.0,0.555806,0.582317,0.560027,0.54234,0.591174,0.621541,0.516694,0.59024,0.619109,0.528969,0.534183],[0.822914,0.476826,0.588952,0.555806,1.0,0.678744,0.729005,0.626462,0.626915,0.625286,0.75407,0.663951,0.639567,0.595128,0.751037],[0.687731,0.490307,0.54054,0.582317,0.678744,1.0,0.601808,0.573171,0.61718,0.592805,0.598319,0.689855,0.703458,0.550087,0.618498],[0.704608,0.499367,0.567116,0.560027,0.729005,0.601808,1.0,0.608391,0.606464,0.61243,0.752219,0.603878,0.568573,0.588044,0.790068],[0.615194,0.57177,0.621763,0.54234,0.626462,0.573171,0.608391,1.0,0.519083,0.532556,0.576978,0.539902,0.541334,0.640758,0.610745],[0.652174,0.509159,0.48094,0.591174,0.626915,0.61718,0.606464,0.519083,1.0,0.735633,0.641417,0.711603,0.668326,0.48426,0.663118],[0.624602,0.505615,0.518837,0.621541,0.625286,0.592805,0.61243,0.532556,0.735633,1.0,0.591272,0.679619,0.65988,0.52009,0.654829],[0.762592,0.462959,0.545532,0.516694,0.75407,0.598319,0.752219,0.576978,0.641417,0.591272,1.0,0.649968,0.56613,0.556307,0.795472],[0.656593,0.506276,0.530211,0.59024,0.663951,0.689855,0.603878,0.539902,0.711603,0.679619,0.649968,1.0,0.682374,0.523048,0.625191],[0.677522,0.500023,0.482805,0.619109,0.639567,0.703458,0.568573,0.541334,0.668326,0.65988,0.56613,0.682374,1.0,0.492572,0.595939],[0.572095,0.546726,0.76612,0.528969,0.595128,0.550087,0.588044,0.640758,0.48426,0.52009,0.556307,0.523048,0.492572,1.0,0.554817],[0.756646,0.490589,0.5428,0.534183,0.751037,0.618498,0.790068,0.610745,0.663118,0.654829,0.795472,0.625191,0.595939,0.554817,1.0]],"seed_pair_procrustes_dist":[[0.0,0.198088,0.246405,0.206678,0.157997,0.176686,0.282947,0.24109,0.288656,0.270765,0.109851,0.099565,0.152587,0.176472,0.20332],[0.198088,0.0,0.16458,0.190866,0.186845,0.18566,0.251787,0.175617,0.268605,0.26298,0.173585,0.16569,0.193672,0.205203,0.209992],[0.246405,0.16458,0.0,0.170111,0.154584,0.176801,0.169425,0.149316,0.201707,0.183379,0.172128,0.191665,0.173557,0.253865,0.159613],[0.206678,0.190866,0.170111,0.0,0.143825,0.193214,0.198762,0.131792,0.227796,0.171215,0.168363,0.170755,0.141055,0.239951,0.186909],[0.157997,0.186845,0.154584,0.143825,0.0,0.107582,0.141335,0.149301,0.155393,0.141943,0.086887,0.122365,0.082455,0.250221,0.10769],[0.176686,0.18566,0.176801,0.193214,0.107582,0.0,0.174732,0.196383,0.164989,0.197614,0.103871,0.128603,0.121956,0.264427,0.131154],[0.282947,0.251787,0.169425,0.198762,0.141335,0.174732,0.0,0.153613,0.109288,0.104185,0.172025,0.209925,0.138536,0.315074,0.108967],[0.24109,0.175617,0.149316,0.131792,0.149301,0.196383,0.153613,0.0,0.194052,0.148158,0.179963,0.190115,0.136319,0.261934,0.156802],[0.288656,0.268605,0.201707,0.227796,0.155393,0.164989,0.109288,0.194052,0.0,0.113246,0.175162,0.209184,0.143036,0.332639,0.108518],[0.270765,0.26298,0.183379,0.171215,0.141943,0.197614,0.104185,0.148158,0.113246,0.0,0.180503,0.207327,0.125891,0.311861,0.119605],[0.109851,0.173585,0.172128,0.168363,0.086887,0.103871,0.172025,0.179963,0.175162,0.180503,0.0,0.095979,0.110413,0.222907,0.136551],[0.099565,0.16569,0.191665,0.170755,0.122365,0.128603,0.209925,0.190115,0.209184,0.207327,0.095979,0.0,0.137119,0.198901,0.183644],[0.152587,0.193672,0.173557,0.141055,0.082455,0.121956,0.138536,0.136319,0.143036,0.125891,0.110413,0.137119,0.0,0.249689,0.107144],[0.176472,0.205203,0.253865,0.239951,0.250221,0.264427,0.315074,0.261934,0.332639,0.311861,0.222907,0.198901,0.249689,0.0,0.370455],[0.20332,0.209992,0.159613,0.186909,0.10769,0.131154,0.108967,0.156802,0.108518,0.119605,0.136551,0.183644,0.107144,0.370455,0.0]],"off_diagonal_summary":{"ari_mean":0.601165,"ari_min":0.462959,"ari_std":0.081656,"procrustes_mean":0.179272,"procrustes_max":0.370455},"framework_axis":"B-6 follow-up: deep-method seed stability for CAE-1D \u2014 pairwise cluster ARI + Procrustes between latent embeddings across N_SEEDS torch initialisations","generated_at":"2026-05-07T04:29:06Z","builder_version":"build_deep_seed_stability v0.1"}