{"scene_id":"botswana","method":"cae_2d_8","n_seeds":7,"latent_dim":8,"samples_per_class":220,"ari_vs_gt_per_seed":[0.388842,0.398984,0.384238,0.405394,0.427247,0.398987,0.385351],"ari_vs_gt_summary":{"mean":0.398435,"std":0.013856,"min":0.384238,"max":0.427247},"seed_pair_ari":[[1.0,0.6843,0.846024,0.741087,0.65776,0.700467,0.835844],[0.6843,1.0,0.653219,0.798706,0.702364,0.784872,0.622542],[0.846024,0.653219,1.0,0.739689,0.618998,0.631684,0.850216],[0.741087,0.798706,0.739689,1.0,0.689234,0.694015,0.686628],[0.65776,0.702364,0.618998,0.689234,1.0,0.652152,0.623322],[0.700467,0.784872,0.631684,0.694015,0.652152,1.0,0.648897],[0.835844,0.622542,0.850216,0.686628,0.623322,0.648897,1.0]],"seed_pair_procrustes_dist":[[0.0,0.055215,0.096675,0.060124,0.071946,0.075945,0.08045],[0.055215,0.0,0.098995,0.054498,0.070508,0.067776,0.081349],[0.096675,0.098995,0.0,0.06666,0.103415,0.150238,0.065175],[0.060124,0.054498,0.06666,0.0,0.080865,0.104628,0.048091],[0.071946,0.070508,0.103415,0.080865,0.0,0.078413,0.101807],[0.075945,0.067776,0.150238,0.104628,0.078413,0.0,0.125762],[0.08045,0.081349,0.065175,0.048091,0.101807,0.125762,0.0]],"off_diagonal_summary":{"ari_mean":0.707715,"ari_min":0.618998,"ari_std":0.073635,"procrustes_mean":0.082787,"procrustes_max":0.150238},"framework_axis":"B-6 follow-up: deep-method seed stability for CAE-1D \u2014 pairwise cluster ARI + Procrustes between latent embeddings across N_SEEDS torch initialisations","generated_at":"2026-05-06T12:30:36Z","builder_version":"build_deep_seed_stability v0.1"}