{"scene_id":"botswana","method":"beta_vae_8","n_seeds":7,"latent_dim":8,"samples_per_class":220,"ari_vs_gt_per_seed":[0.158353,0.185088,0.18215,0.208285,0.177275,0.144099,0.156522],"ari_vs_gt_summary":{"mean":0.17311,"std":0.020051,"min":0.144099,"max":0.208285},"seed_pair_ari":[[1.0,0.390859,0.430336,0.359775,0.535588,0.383163,0.564338],[0.390859,1.0,0.405928,0.483383,0.413421,0.314696,0.344027],[0.430336,0.405928,1.0,0.396566,0.444443,0.388057,0.401455],[0.359775,0.483383,0.396566,1.0,0.392976,0.309299,0.320479],[0.535588,0.413421,0.444443,0.392976,1.0,0.38633,0.455093],[0.383163,0.314696,0.388057,0.309299,0.38633,1.0,0.405677],[0.564338,0.344027,0.401455,0.320479,0.455093,0.405677,1.0]],"seed_pair_procrustes_dist":[[0.0,0.578152,0.581758,0.204411,0.342253,0.344159,1.416878],[0.578152,0.0,2.542375,1.429971,0.607404,2.028691,4.565445],[0.581758,2.542375,0.0,0.355146,0.561392,0.22476,0.623728],[0.204411,1.429971,0.355146,0.0,0.38125,0.322165,1.323869],[0.342253,0.607404,0.561392,0.38125,0.0,0.945309,2.553357],[0.344159,2.028691,0.22476,0.322165,0.945309,0.0,0.873139],[1.416878,4.565445,0.623728,1.323869,2.553357,0.873139,0.0]],"off_diagonal_summary":{"ari_mean":0.405995,"ari_min":0.309299,"ari_std":0.06366,"procrustes_mean":1.085982,"procrustes_max":4.565445},"framework_axis":"B-6 follow-up: deep-method seed stability for CAE-1D \u2014 pairwise cluster ARI + Procrustes between latent embeddings across N_SEEDS torch initialisations","generated_at":"2026-05-09T14:26:23Z","builder_version":"build_deep_seed_stability v0.1"}