{"scene_id":"botswana","method":"beta_vae_8","n_seeds":7,"latent_dim":8,"samples_per_class":220,"ari_vs_gt_per_seed":[0.181778,0.147521,0.112804,0.169771,0.185603,0.116797,0.081524],"ari_vs_gt_summary":{"mean":0.142257,"std":0.036703,"min":0.081524,"max":0.185603},"seed_pair_ari":[[1.0,0.411066,0.072038,0.264921,0.474492,0.267722,0.057489],[0.411066,1.0,0.088351,0.182712,0.333632,0.262177,0.079734],[0.072038,0.088351,1.0,0.050513,0.076712,0.112963,0.190328],[0.264921,0.182712,0.050513,1.0,0.365172,0.155736,0.044592],[0.474492,0.333632,0.076712,0.365172,1.0,0.223215,0.068826],[0.267722,0.262177,0.112963,0.155736,0.223215,1.0,0.065418],[0.057489,0.079734,0.190328,0.044592,0.068826,0.065418,1.0]],"seed_pair_procrustes_dist":[[0.0,1.392894,20.535669,1.08196,0.78678,4.950435,20.59103],[1.392894,0.0,8.282812,0.299685,0.321499,1.64242,8.191997],[20.535669,8.282812,0.0,0.956263,0.958768,0.885638,0.5505],[1.08196,0.299685,0.956263,0.0,0.206696,2.019366,9.770536],[0.78678,0.321499,0.958768,0.206696,0.0,2.44028,11.396359],[4.950435,1.64242,0.885638,2.019366,2.44028,0.0,3.088],[20.59103,8.191997,0.5505,9.770536,11.396359,3.088,0.0]],"off_diagonal_summary":{"ari_mean":0.183229,"ari_min":0.044592,"ari_std":0.127782,"procrustes_mean":4.778552,"procrustes_max":20.59103},"framework_axis":"B-6 follow-up: deep-method seed stability for CAE-1D \u2014 pairwise cluster ARI + Procrustes between latent embeddings across N_SEEDS torch initialisations","generated_at":"2026-05-06T11:55:14Z","builder_version":"build_deep_seed_stability v0.1"}