{"scene_id":"botswana","method":"beta_vae_8","n_seeds":15,"latent_dim":8,"samples_per_class":220,"ari_vs_gt_per_seed":[0.181778,0.147521,0.112804,0.169771,0.185603,0.116797,0.081524,0.150629,0.29045,0.172581,0.18254,0.106369,0.184554,0.160365,0.158023],"ari_vs_gt_summary":{"mean":0.160087,"std":0.046824,"min":0.081524,"max":0.29045},"seed_pair_ari":[[1.0,0.411066,0.072038,0.264921,0.474492,0.267722,0.057489,0.38249,0.29281,0.523511,0.48267,0.250543,0.378288,0.441129,0.335581],[0.411066,1.0,0.088351,0.182712,0.333632,0.262177,0.079734,0.319679,0.27871,0.367586,0.3427,0.330065,0.351423,0.361639,0.316466],[0.072038,0.088351,1.0,0.050513,0.076712,0.112963,0.190328,0.07569,0.143796,0.070122,0.065367,0.100179,0.101673,0.070905,0.077215],[0.264921,0.182712,0.050513,1.0,0.365172,0.155736,0.044592,0.33636,0.198324,0.327089,0.315895,0.144306,0.255342,0.283114,0.251749],[0.474492,0.333632,0.076712,0.365172,1.0,0.223215,0.068826,0.559326,0.278155,0.503267,0.559677,0.231482,0.333073,0.503994,0.432324],[0.267722,0.262177,0.112963,0.155736,0.223215,1.0,0.065418,0.216461,0.195226,0.245392,0.226523,0.261008,0.358608,0.218121,0.205964],[0.057489,0.079734,0.190328,0.044592,0.068826,0.065418,1.0,0.071379,0.148474,0.060054,0.059838,0.082847,0.063187,0.067579,0.079623],[0.38249,0.319679,0.07569,0.33636,0.559326,0.216461,0.071379,1.0,0.24907,0.445072,0.402447,0.261934,0.302941,0.504105,0.502443],[0.29281,0.27871,0.143796,0.198324,0.278155,0.195226,0.148474,0.24907,1.0,0.279851,0.286071,0.240643,0.281458,0.262454,0.244709],[0.523511,0.367586,0.070122,0.327089,0.503267,0.245392,0.060054,0.445072,0.279851,1.0,0.58227,0.243127,0.373315,0.47761,0.388943],[0.48267,0.3427,0.065367,0.315895,0.559677,0.226523,0.059838,0.402447,0.286071,0.58227,1.0,0.21838,0.333115,0.491017,0.346602],[0.250543,0.330065,0.100179,0.144306,0.231482,0.261008,0.082847,0.261934,0.240643,0.243127,0.21838,1.0,0.300141,0.250676,0.253002],[0.378288,0.351423,0.101673,0.255342,0.333073,0.358608,0.063187,0.302941,0.281458,0.373315,0.333115,0.300141,1.0,0.315247,0.288789],[0.441129,0.361639,0.070905,0.283114,0.503994,0.218121,0.067579,0.504105,0.262454,0.47761,0.491017,0.250676,0.315247,1.0,0.446293],[0.335581,0.316466,0.077215,0.251749,0.432324,0.205964,0.079623,0.502443,0.244709,0.388943,0.346602,0.253002,0.288789,0.446293,1.0]],"seed_pair_procrustes_dist":[[0.0,1.392894,20.535669,1.08196,0.78678,4.950435,20.59103,1.264791,4.07326,0.401236,0.517187,5.148061,2.51984,1.786145,2.723044],[1.392894,0.0,8.282812,0.299685,0.321499,1.64242,8.191997,0.266834,1.212752,0.432583,0.395936,1.61911,0.534634,0.24516,0.610855],[20.535669,8.282812,0.0,0.956263,0.958768,0.885638,0.5505,0.945595,0.876336,0.96608,0.96386,0.840046,0.911271,0.932408,0.911398],[1.08196,0.299685,0.956263,0.0,0.206696,2.019366,9.770536,0.244759,1.525935,0.350015,0.305905,2.073169,0.805562,0.405429,0.852695],[0.78678,0.321499,0.958768,0.206696,0.0,2.44028,11.396359,0.333083,1.911096,0.237708,0.190161,2.524213,1.042624,0.599993,1.124307],[4.950435,1.64242,0.885638,2.019366,2.44028,0.0,3.088,0.651187,0.478218,0.795677,0.77232,0.480831,0.553846,0.616838,0.538992],[20.59103,8.191997,0.5505,9.770536,11.396359,3.088,0.0,0.925418,0.844157,0.952021,0.948774,0.785731,0.882571,0.90388,0.87066],[1.264791,0.266834,0.945595,0.244759,0.333083,0.651187,0.925418,0.0,1.344624,0.411659,0.353372,1.809555,0.692519,0.343154,0.725282],[4.07326,1.212752,0.876336,1.525935,1.911096,0.478218,0.844157,1.344624,0.0,0.740619,0.719855,0.471522,0.406232,0.501065,0.368632],[0.401236,0.432583,0.96608,0.350015,0.237708,0.795677,0.952021,0.411659,0.740619,0.0,0.130038,3.442446,1.545374,1.00966,1.682036],[0.517187,0.395936,0.96386,0.305905,0.190161,0.77232,0.948774,0.353372,0.719855,0.130038,0.0,3.118964,1.372406,0.869027,1.492793],[5.148061,1.61911,0.840046,2.073169,2.524213,0.480831,0.785731,1.809555,0.471522,3.442446,3.118964,0.0,0.473665,0.572405,0.439879],[2.51984,0.534634,0.911271,0.805562,1.042624,0.553846,0.882571,0.692519,0.406232,1.545374,1.372406,0.473665,0.0,0.287814,0.26325],[1.786145,0.24516,0.932408,0.405429,0.599993,0.616838,0.90388,0.343154,0.501065,1.00966,0.869027,0.572405,0.287814,0.0,0.364253],[2.723044,0.610855,0.911398,0.852695,1.124307,0.538992,0.87066,0.725282,0.368632,1.682036,1.492793,0.439879,0.26325,0.364253,0.0]],"off_diagonal_summary":{"ari_mean":0.266224,"ari_min":0.044592,"ari_std":0.140135,"procrustes_mean":1.751694,"procrustes_max":20.59103},"framework_axis":"B-6 follow-up: deep-method seed stability for CAE-1D \u2014 pairwise cluster ARI + Procrustes between latent embeddings across N_SEEDS torch initialisations","generated_at":"2026-05-06T21:05:16Z","builder_version":"build_deep_seed_stability v0.1"}