{"scene_id":"botswana","method":"cae_3d_8","n_seeds":7,"latent_dim":8,"samples_per_class":220,"ari_vs_gt_per_seed":[0.300349,0.338327,0.343952,0.301789,0.302107,0.302184,0.312902],"ari_vs_gt_summary":{"mean":0.314516,"std":0.01734,"min":0.300349,"max":0.343952},"seed_pair_ari":[[1.0,0.469022,0.569497,0.568949,0.824569,0.58704,0.716157],[0.469022,1.0,0.543575,0.5523,0.487165,0.514549,0.515745],[0.569497,0.543575,1.0,0.588787,0.595636,0.503112,0.571404],[0.568949,0.5523,0.588787,1.0,0.59874,0.61442,0.584365],[0.824569,0.487165,0.595636,0.59874,1.0,0.607545,0.736944],[0.58704,0.514549,0.503112,0.61442,0.607545,1.0,0.560166],[0.716157,0.515745,0.571404,0.584365,0.736944,0.560166,1.0]],"seed_pair_procrustes_dist":[[0.0,0.198325,0.246269,0.206527,0.158113,0.175684,0.283196],[0.198325,0.0,0.163896,0.190269,0.186138,0.184659,0.250914],[0.246269,0.163896,0.0,0.170064,0.154396,0.176979,0.169285],[0.206527,0.190269,0.170064,0.0,0.143799,0.192692,0.198854],[0.158113,0.186138,0.154396,0.143799,0.0,0.107293,0.141439],[0.175684,0.184659,0.176979,0.192692,0.107293,0.0,0.175467],[0.283196,0.250914,0.169285,0.198854,0.141439,0.175467,0.0]],"off_diagonal_summary":{"ari_mean":0.586175,"ari_min":0.469022,"ari_std":0.082497,"procrustes_mean":0.184488,"procrustes_max":0.283196},"framework_axis":"B-6 follow-up: deep-method seed stability for CAE-1D \u2014 pairwise cluster ARI + Procrustes between latent embeddings across N_SEEDS torch initialisations","generated_at":"2026-05-09T15:07:52Z","builder_version":"build_deep_seed_stability v0.1"}