{"scene_id":"indian-pines-corrected","method":"beta_vae_8","n_seeds":15,"latent_dim":8,"samples_per_class":220,"ari_vs_gt_per_seed":[0.252554,0.238077,0.245379,0.256881,0.22476,0.215402,0.218303,0.254951,0.249116,0.254818,0.204762,0.249204,0.235665,0.23023,0.220847],"ari_vs_gt_summary":{"mean":0.23673,"std":0.016241,"min":0.204762,"max":0.256881},"seed_pair_ari":[[1.0,0.339162,0.314058,0.357346,0.31968,0.285737,0.33951,0.344408,0.352172,0.360568,0.277332,0.327704,0.316518,0.310466,0.288138],[0.339162,1.0,0.548636,0.581179,0.362655,0.515768,0.501641,0.51106,0.518407,0.535367,0.293816,0.452978,0.474723,0.609264,0.510733],[0.314058,0.548636,1.0,0.521611,0.403473,0.472489,0.418956,0.452095,0.440808,0.512383,0.265988,0.508667,0.484198,0.548807,0.476623],[0.357346,0.581179,0.521611,1.0,0.363028,0.465121,0.473792,0.476905,0.538861,0.507813,0.326152,0.459531,0.492887,0.558849,0.533626],[0.31968,0.362655,0.403473,0.363028,1.0,0.326528,0.322122,0.35084,0.347574,0.377916,0.245297,0.390826,0.394989,0.351825,0.330544],[0.285737,0.515768,0.472489,0.465121,0.326528,1.0,0.444372,0.440738,0.400804,0.461192,0.26079,0.458952,0.439029,0.516305,0.485729],[0.33951,0.501641,0.418956,0.473792,0.322122,0.444372,1.0,0.424877,0.424499,0.442866,0.278829,0.402306,0.442268,0.545648,0.442092],[0.344408,0.51106,0.452095,0.476905,0.35084,0.440738,0.424877,1.0,0.405453,0.431731,0.296362,0.410518,0.394353,0.469624,0.407336],[0.352172,0.518407,0.440808,0.538861,0.347574,0.400804,0.424499,0.405453,1.0,0.461255,0.313018,0.404123,0.408048,0.456354,0.432429],[0.360568,0.535367,0.512383,0.507813,0.377916,0.461192,0.442866,0.431731,0.461255,1.0,0.29027,0.523636,0.473075,0.495385,0.469461],[0.277332,0.293816,0.265988,0.326152,0.245297,0.26079,0.278829,0.296362,0.313018,0.29027,1.0,0.268414,0.276187,0.281696,0.262039],[0.327704,0.452978,0.508667,0.459531,0.390826,0.458952,0.402306,0.410518,0.404123,0.523636,0.268414,1.0,0.480371,0.468902,0.468276],[0.316518,0.474723,0.484198,0.492887,0.394989,0.439029,0.442268,0.394353,0.408048,0.473075,0.276187,0.480371,1.0,0.507554,0.498891],[0.310466,0.609264,0.548807,0.558849,0.351825,0.516305,0.545648,0.469624,0.456354,0.495385,0.281696,0.468902,0.507554,1.0,0.541199],[0.288138,0.510733,0.476623,0.533626,0.330544,0.485729,0.442092,0.407336,0.432429,0.469461,0.262039,0.468276,0.498891,0.541199,1.0]],"seed_pair_procrustes_dist":[[0.0,0.727461,0.543155,0.656114,0.610648,0.496766,0.774978,0.410589,0.724467,0.603573,0.48443,0.556916,0.470726,0.673936,0.694906],[0.727461,0.0,1.007182,0.285565,2.885178,1.088091,0.207164,1.684183,0.107014,0.508724,1.222024,0.87379,1.526625,0.252027,0.18781],[0.543155,1.007182,0.0,0.387116,0.988905,0.163408,0.590752,0.424904,0.512513,0.318761,0.362725,0.160617,0.320922,0.391944,0.4341],[0.656114,0.285565,0.387116,0.0,2.097507,0.663069,0.357961,1.137446,0.231552,0.236645,0.786477,0.501945,1.009339,0.10651,0.134556],[0.610648,2.885178,0.988905,2.097507,0.0,0.505703,0.798087,0.386721,0.756211,0.64693,0.547857,0.550934,0.418163,0.696513,0.717938],[0.496766,1.088091,0.163408,0.663069,0.505703,0.0,0.605832,0.357242,0.528781,0.325948,0.306066,0.187834,0.28255,0.415994,0.453019],[0.774978,0.207164,0.590752,0.357961,0.798087,0.605832,0.0,2.232879,0.261435,0.795472,1.642838,1.240471,2.025967,0.499059,0.40796],[0.410589,1.684183,0.424904,1.137446,0.386721,0.357242,2.232879,0.0,0.636811,0.479814,0.372835,0.359684,0.24049,0.551435,0.582995],[0.724467,0.107014,0.512513,0.231552,0.756211,0.528781,0.261435,0.636811,0.0,0.51926,1.221053,0.887879,1.538675,0.276581,0.211401],[0.603573,0.508724,0.318761,0.236645,0.64693,0.325948,0.795472,0.479814,0.51926,0.0,0.568034,0.338066,0.757669,0.220448,0.266007],[0.48443,1.222024,0.362725,0.786477,0.547857,0.306066,1.642838,0.372835,1.221053,0.568034,0.0,0.330445,0.386231,0.481619,0.514726],[0.556916,0.87379,0.160617,0.501945,0.550934,0.187834,1.240471,0.359684,0.887879,0.338066,0.330445,0.0,0.408293,0.353748,0.393772],[0.470726,1.526625,0.320922,1.009339,0.418163,0.28255,2.025967,0.24049,1.538675,0.757669,0.386231,0.408293,0.0,0.519793,0.549329],[0.673936,0.252027,0.391944,0.10651,0.696513,0.415994,0.499059,0.551435,0.276581,0.220448,0.481619,0.353748,0.519793,0.0,0.109637],[0.694906,0.18781,0.4341,0.134556,0.717938,0.453019,0.40796,0.582995,0.211401,0.266007,0.514726,0.393772,0.549329,0.109637,0.0]],"off_diagonal_summary":{"ari_mean":0.419023,"ari_min":0.245297,"ari_std":0.0878,"procrustes_mean":0.621475,"procrustes_max":2.885178},"framework_axis":"B-6 follow-up: deep-method seed stability for CAE-1D \u2014 pairwise cluster ARI + Procrustes between latent embeddings across N_SEEDS torch initialisations","generated_at":"2026-05-06T20:48:52Z","builder_version":"build_deep_seed_stability v0.1"}