{"scene_id":"indian-pines-corrected","method":"beta_vae_8","n_seeds":15,"latent_dim":8,"samples_per_class":220,"ari_vs_gt_per_seed":[0.223892,0.24783,0.233117,0.245763,0.222143,0.212602,0.220532,0.162433,0.229783,0.214622,0.226565,0.235477,0.211708,0.236446,0.252519],"ari_vs_gt_summary":{"mean":0.225029,"std":0.020694,"min":0.162433,"max":0.252519},"seed_pair_ari":[[1.0,0.441569,0.502522,0.439809,0.274271,0.237429,0.433051,0.295217,0.418334,0.368938,0.551508,0.570319,0.239228,0.300628,0.511297],[0.441569,1.0,0.394456,0.48982,0.318269,0.330173,0.347858,0.255326,0.454302,0.336297,0.408448,0.457917,0.232513,0.343012,0.443205],[0.502522,0.394456,1.0,0.437119,0.274548,0.239545,0.48293,0.333158,0.392503,0.408932,0.518021,0.54582,0.263893,0.295319,0.571306],[0.439809,0.48982,0.437119,1.0,0.304257,0.28988,0.36467,0.259641,0.498856,0.328316,0.419041,0.514662,0.235393,0.325898,0.483432],[0.274271,0.318269,0.274548,0.304257,1.0,0.308257,0.247144,0.195994,0.327979,0.238612,0.26727,0.290904,0.241765,0.354665,0.281145],[0.237429,0.330173,0.239545,0.28988,0.308257,1.0,0.236723,0.167604,0.313623,0.224349,0.22768,0.265055,0.210436,0.330466,0.252898],[0.433051,0.347858,0.48293,0.36467,0.247144,0.236723,1.0,0.316987,0.3422,0.404091,0.422107,0.470777,0.248079,0.286414,0.443952],[0.295217,0.255326,0.333158,0.259641,0.195994,0.167604,0.316987,1.0,0.250794,0.33126,0.320489,0.307757,0.210613,0.211238,0.333162],[0.418334,0.454302,0.392503,0.498856,0.327979,0.313623,0.3422,0.250794,1.0,0.306216,0.392799,0.461899,0.23276,0.308517,0.430086],[0.368938,0.336297,0.408932,0.328316,0.238612,0.224349,0.404091,0.33126,0.306216,1.0,0.369812,0.403687,0.24271,0.262676,0.420451],[0.551508,0.408448,0.518021,0.419041,0.26727,0.22768,0.422107,0.320489,0.392799,0.369812,1.0,0.512207,0.250638,0.27964,0.577629],[0.570319,0.457917,0.54582,0.514662,0.290904,0.265055,0.470777,0.307757,0.461899,0.403687,0.512207,1.0,0.244078,0.302814,0.541333],[0.239228,0.232513,0.263893,0.235393,0.241765,0.210436,0.248079,0.210613,0.23276,0.24271,0.250638,0.244078,1.0,0.275897,0.270035],[0.300628,0.343012,0.295319,0.325898,0.354665,0.330466,0.286414,0.211238,0.308517,0.262676,0.27964,0.302814,0.275897,1.0,0.301983],[0.511297,0.443205,0.571306,0.483432,0.281145,0.252898,0.443952,0.333162,0.430086,0.420451,0.577629,0.541333,0.270035,0.301983,1.0]],"seed_pair_procrustes_dist":[[0.0,0.306427,0.147371,0.42896,1.799343,0.461193,0.736943,1.600755,0.590377,1.333888,0.609895,0.394157,6.171079,1.39674,0.190928],[0.306427,0.0,0.395184,0.231239,2.733893,0.774103,1.353602,2.531609,0.447596,2.160881,1.182697,0.241425,8.581434,2.114408,0.571751],[0.147371,0.395184,0.0,0.420436,1.86156,0.507474,0.765558,1.654429,0.586137,1.377935,0.654634,0.392461,6.273239,1.433714,0.221118],[0.42896,0.231239,0.420436,0.0,3.659156,1.191982,1.915076,3.373745,0.311834,2.924807,1.706843,0.172372,10.902291,2.879331,0.935366],[1.799343,2.733893,1.86156,3.659156,0.0,0.569199,0.453806,0.401254,0.852174,0.362134,0.471972,0.785902,1.868939,0.316041,0.611547],[0.461193,0.774103,0.507474,1.191982,0.569199,0.0,0.577602,1.247683,0.685232,1.019432,0.467962,0.561835,4.849591,0.870232,0.325009],[0.736943,1.353602,0.765558,1.915076,0.453806,0.577602,0.0,0.570884,0.762782,0.431668,0.181736,0.649028,3.322625,0.588488,0.365319],[1.600755,2.531609,1.654429,3.373745,0.401254,1.247683,0.570884,0.0,0.84553,0.2647,0.419186,0.769699,2.037726,0.521186,0.581346],[0.590377,0.447596,0.586137,0.311834,0.852174,0.685232,0.762782,0.84553,0.0,4.540545,2.824268,0.510633,15.766043,4.486468,1.731553],[1.333888,2.160881,1.377935,2.924807,0.362134,1.019432,0.431668,0.2647,4.540545,0.0,0.360242,0.739716,2.307865,0.467261,0.530682],[0.609895,1.182697,0.654634,1.706843,0.471972,0.467962,0.181736,0.419186,2.824268,0.360242,0.0,0.620699,3.646154,0.644592,0.302216],[0.394157,0.241425,0.392461,0.172372,0.785902,0.561835,0.649028,0.769699,0.510633,0.739716,0.620699,0.0,10.43505,2.772093,0.865603],[6.171079,8.581434,6.273239,10.902291,1.868939,4.849591,3.322625,2.037726,15.766043,2.307865,3.646154,10.43505,0.0,0.786866,0.884228],[1.39674,2.114408,1.433714,2.879331,0.316041,0.870232,0.588488,0.521186,4.486468,0.467261,0.644592,2.772093,0.786866,0.0,0.565376],[0.190928,0.571751,0.221118,0.935366,0.611547,0.325009,0.365319,0.581346,1.731553,0.530682,0.302216,0.865603,0.884228,0.565376,0.0]],"off_diagonal_summary":{"ari_mean":0.347173,"ari_min":0.167604,"ari_std":0.100925,"procrustes_mean":1.628638,"procrustes_max":15.766043},"framework_axis":"B-6 follow-up: deep-method seed stability for CAE-1D \u2014 pairwise cluster ARI + Procrustes between latent embeddings across N_SEEDS torch initialisations","generated_at":"2026-05-09T14:28:23Z","builder_version":"build_deep_seed_stability v0.1"}