{"scene_id":"indian-pines-corrected","method":"beta_vae_8","n_seeds":7,"latent_dim":8,"samples_per_class":220,"ari_vs_gt_per_seed":[0.252554,0.238077,0.245379,0.256881,0.22476,0.215402,0.218303],"ari_vs_gt_summary":{"mean":0.235908,"std":0.015428,"min":0.215402,"max":0.256881},"seed_pair_ari":[[1.0,0.339162,0.314058,0.357346,0.31968,0.285737,0.33951],[0.339162,1.0,0.548636,0.581179,0.362655,0.515768,0.501641],[0.314058,0.548636,1.0,0.521611,0.403473,0.472489,0.418956],[0.357346,0.581179,0.521611,1.0,0.363028,0.465121,0.473792],[0.31968,0.362655,0.403473,0.363028,1.0,0.326528,0.322122],[0.285737,0.515768,0.472489,0.465121,0.326528,1.0,0.444372],[0.33951,0.501641,0.418956,0.473792,0.322122,0.444372,1.0]],"seed_pair_procrustes_dist":[[0.0,0.727461,0.543155,0.656114,0.610648,0.496766,0.774978],[0.727461,0.0,1.007182,0.285565,2.885178,1.088091,0.207164],[0.543155,1.007182,0.0,0.387116,0.988905,0.163408,0.590752],[0.656114,0.285565,0.387116,0.0,2.097507,0.663069,0.357961],[0.610648,2.885178,0.988905,2.097507,0.0,0.505703,0.798087],[0.496766,1.088091,0.163408,0.663069,0.505703,0.0,0.605832],[0.774978,0.207164,0.590752,0.357961,0.798087,0.605832,0.0]],"off_diagonal_summary":{"ari_mean":0.413184,"ari_min":0.285737,"ari_std":0.086567,"procrustes_mean":0.782888,"procrustes_max":2.885178},"framework_axis":"B-6 follow-up: deep-method seed stability for CAE-1D \u2014 pairwise cluster ARI + Procrustes between latent embeddings across N_SEEDS torch initialisations","generated_at":"2026-05-06T11:46:28Z","builder_version":"build_deep_seed_stability v0.1"}