{"scene_id":"indian-pines-corrected","method":"beta_vae_8","n_seeds":7,"latent_dim":8,"samples_per_class":220,"ari_vs_gt_per_seed":[0.223892,0.24783,0.233117,0.245763,0.222143,0.212602,0.220532],"ari_vs_gt_summary":{"mean":0.229411,"std":0.012335,"min":0.212602,"max":0.24783},"seed_pair_ari":[[1.0,0.441569,0.502522,0.439809,0.274271,0.237429,0.433051],[0.441569,1.0,0.394456,0.48982,0.318269,0.330173,0.347858],[0.502522,0.394456,1.0,0.437119,0.274548,0.239545,0.48293],[0.439809,0.48982,0.437119,1.0,0.304257,0.28988,0.36467],[0.274271,0.318269,0.274548,0.304257,1.0,0.308257,0.247144],[0.237429,0.330173,0.239545,0.28988,0.308257,1.0,0.236723],[0.433051,0.347858,0.48293,0.36467,0.247144,0.236723,1.0]],"seed_pair_procrustes_dist":[[0.0,0.306427,0.147371,0.42896,1.799343,0.461193,0.736943],[0.306427,0.0,0.395184,0.231239,2.733893,0.774103,1.353602],[0.147371,0.395184,0.0,0.420436,1.86156,0.507474,0.765558],[0.42896,0.231239,0.420436,0.0,3.659156,1.191982,1.915076],[1.799343,2.733893,1.86156,3.659156,0.0,0.569199,0.453806],[0.461193,0.774103,0.507474,1.191982,0.569199,0.0,0.577602],[0.736943,1.353602,0.765558,1.915076,0.453806,0.577602,0.0]],"off_diagonal_summary":{"ari_mean":0.352109,"ari_min":0.236723,"ari_std":0.087854,"procrustes_mean":1.013815,"procrustes_max":3.659156},"framework_axis":"B-6 follow-up: deep-method seed stability for CAE-1D \u2014 pairwise cluster ARI + Procrustes between latent embeddings across N_SEEDS torch initialisations","generated_at":"2026-05-09T14:22:03Z","builder_version":"build_deep_seed_stability v0.1"}