{"scene_id":"indian-pines-corrected","method":"cae_3d_8","n_seeds":15,"latent_dim":8,"samples_per_class":220,"ari_vs_gt_per_seed":[0.246224,0.247936,0.276344,0.259548,0.255568,0.247929,0.246469,0.269266,0.22623,0.239772,0.270932,0.247051,0.229503,0.25456,0.239211],"ari_vs_gt_summary":{"mean":0.250436,"std":0.013889,"min":0.22623,"max":0.276344},"seed_pair_ari":[[1.0,0.485184,0.583594,0.681094,0.611214,0.673331,0.514922,0.591407,0.658566,0.730801,0.619679,0.543034,0.566985,0.695304,0.695708],[0.485184,1.0,0.531116,0.507283,0.553024,0.530207,0.598512,0.60384,0.540508,0.564755,0.60688,0.612396,0.52835,0.535209,0.508527],[0.583594,0.531116,1.0,0.641789,0.662822,0.682921,0.592689,0.670116,0.585939,0.632308,0.714899,0.636401,0.559298,0.642315,0.590071],[0.681094,0.507283,0.641789,1.0,0.686759,0.662626,0.557181,0.661882,0.618209,0.629577,0.659325,0.541519,0.607983,0.687413,0.716388],[0.611214,0.553024,0.662822,0.686759,1.0,0.695471,0.637278,0.636869,0.623591,0.624066,0.693257,0.599325,0.64761,0.678481,0.63033],[0.673331,0.530207,0.682921,0.662626,0.695471,1.0,0.614089,0.678653,0.691434,0.688604,0.744394,0.630994,0.581162,0.675789,0.666433],[0.514922,0.598512,0.592689,0.557181,0.637278,0.614089,1.0,0.665412,0.612387,0.607389,0.682308,0.703275,0.658315,0.551592,0.565274],[0.591407,0.60384,0.670116,0.661882,0.636869,0.678653,0.665412,1.0,0.6144,0.6303,0.800026,0.708699,0.596479,0.67531,0.643062],[0.658566,0.540508,0.585939,0.618209,0.623591,0.691434,0.612387,0.6144,1.0,0.725668,0.645774,0.644824,0.652987,0.738693,0.657225],[0.730801,0.564755,0.632308,0.629577,0.624066,0.688604,0.607389,0.6303,0.725668,1.0,0.671855,0.647488,0.632445,0.696074,0.714706],[0.619679,0.60688,0.714899,0.659325,0.693257,0.744394,0.682308,0.800026,0.645774,0.671855,1.0,0.737361,0.580482,0.679864,0.629578],[0.543034,0.612396,0.636401,0.541519,0.599325,0.630994,0.703275,0.708699,0.644824,0.647488,0.737361,1.0,0.584736,0.581919,0.576409],[0.566985,0.52835,0.559298,0.607983,0.64761,0.581162,0.658315,0.596479,0.652987,0.632445,0.580482,0.584736,1.0,0.656381,0.63299],[0.695304,0.535209,0.642315,0.687413,0.678481,0.675789,0.551592,0.67531,0.738693,0.696074,0.679864,0.581919,0.656381,1.0,0.68371],[0.695708,0.508527,0.590071,0.716388,0.63033,0.666433,0.565274,0.643062,0.657225,0.714706,0.629578,0.576409,0.63299,0.68371,1.0]],"seed_pair_procrustes_dist":[[0.0,0.214239,0.110393,0.150352,0.249525,0.116373,0.159281,0.142731,0.088821,0.121051,0.174895,0.125913,0.200071,0.106455,0.22487],[0.214239,0.0,0.156825,0.170419,0.234323,0.188264,0.129232,0.138571,0.187492,0.178624,0.174128,0.149181,0.20088,0.170112,0.228904],[0.110393,0.156825,0.0,0.137347,0.250181,0.14216,0.137518,0.112121,0.127022,0.127893,0.168569,0.096511,0.203407,0.126497,0.230626],[0.150352,0.170419,0.137347,0.0,0.153457,0.104054,0.119316,0.154679,0.129043,0.097924,0.121778,0.159606,0.128346,0.127564,0.1436],[0.249525,0.234323,0.250181,0.153457,0.0,0.154754,0.149971,0.207869,0.186854,0.14773,0.119036,0.221728,0.109676,0.172438,0.109996],[0.116373,0.188264,0.14216,0.104054,0.154754,0.0,0.122826,0.137753,0.095219,0.071544,0.114943,0.137867,0.114742,0.091895,0.13281],[0.159281,0.129232,0.137518,0.119316,0.149971,0.122826,0.0,0.105998,0.124305,0.115581,0.102045,0.114773,0.136183,0.109312,0.159448],[0.142731,0.138571,0.112121,0.154679,0.207869,0.137753,0.105998,0.0,0.124953,0.133601,0.142845,0.068427,0.178336,0.116166,0.207232],[0.088821,0.187492,0.127022,0.129043,0.186854,0.095219,0.124305,0.124953,0.0,0.099126,0.146878,0.11793,0.154501,0.075292,0.178715],[0.121051,0.178624,0.127893,0.097924,0.14773,0.071544,0.115581,0.133601,0.099126,0.0,0.103227,0.133483,0.111496,0.092575,0.132448],[0.174895,0.174128,0.168569,0.121778,0.119036,0.114943,0.102045,0.142845,0.146878,0.103227,0.0,0.149624,0.102873,0.123355,0.122202],[0.125913,0.149181,0.096511,0.159606,0.221728,0.137867,0.114773,0.068427,0.11793,0.133483,0.149624,0.0,0.199822,0.117969,0.233735],[0.200071,0.20088,0.203407,0.128346,0.109676,0.114742,0.136183,0.178336,0.154501,0.111496,0.102873,0.199822,0.0,0.129896,0.067932],[0.106455,0.170112,0.126497,0.127564,0.172438,0.091895,0.109312,0.116166,0.075292,0.092575,0.123355,0.117969,0.129896,0.0,0.162757],[0.22487,0.228904,0.230626,0.1436,0.109996,0.13281,0.159448,0.207232,0.178715,0.132448,0.122202,0.233735,0.067932,0.162757,0.0]],"off_diagonal_summary":{"ari_mean":0.632715,"ari_min":0.485184,"ari_std":0.060217,"procrustes_mean":0.143675,"procrustes_max":0.250181},"framework_axis":"B-6 follow-up: deep-method seed stability for CAE-1D \u2014 pairwise cluster ARI + Procrustes between latent embeddings across N_SEEDS torch initialisations","generated_at":"2026-05-06T23:32:45Z","builder_version":"build_deep_seed_stability v0.1"}