{"scene_id":"indian-pines-corrected","method":"cae_3d_8","n_seeds":15,"latent_dim":8,"samples_per_class":220,"ari_vs_gt_per_seed":[0.247476,0.275775,0.268842,0.239703,0.255568,0.230685,0.231111,0.235892,0.231477,0.234111,0.260636,0.243944,0.22994,0.259957,0.231648],"ari_vs_gt_summary":{"mean":0.245118,"std":0.014872,"min":0.22994,"max":0.275775},"seed_pair_ari":[[1.0,0.537033,0.618773,0.658078,0.685422,0.57204,0.551155,0.535834,0.538284,0.703954,0.612517,0.551713,0.592165,0.573116,0.538122],[0.537033,1.0,0.616045,0.592204,0.65761,0.502123,0.519869,0.533232,0.497241,0.548615,0.639893,0.554607,0.602184,0.5921,0.500457],[0.618773,0.616045,1.0,0.653699,0.723707,0.644834,0.636987,0.657736,0.591792,0.615488,0.755115,0.634794,0.615329,0.69236,0.625723],[0.658078,0.592204,0.653699,1.0,0.722744,0.579818,0.581534,0.575855,0.574092,0.663581,0.637507,0.551594,0.702742,0.596122,0.579215],[0.685422,0.65761,0.723707,0.722744,1.0,0.582677,0.622021,0.598393,0.553374,0.666146,0.744645,0.59204,0.656793,0.682464,0.568142],[0.57204,0.502123,0.644834,0.579818,0.582677,1.0,0.7247,0.65249,0.743598,0.685469,0.660026,0.634502,0.611544,0.593626,0.783195],[0.551155,0.519869,0.636987,0.581534,0.622021,0.7247,1.0,0.676378,0.738486,0.620108,0.648106,0.648789,0.627691,0.665922,0.776784],[0.535834,0.533232,0.657736,0.575855,0.598393,0.65249,0.676378,1.0,0.630112,0.601693,0.673348,0.701402,0.65014,0.608044,0.686267],[0.538284,0.497241,0.591792,0.574092,0.553374,0.743598,0.738486,0.630112,1.0,0.656699,0.602501,0.61546,0.631668,0.63871,0.771513],[0.703954,0.548615,0.615488,0.663581,0.666146,0.685469,0.620108,0.601693,0.656699,1.0,0.602187,0.667997,0.661845,0.552525,0.631686],[0.612517,0.639893,0.755115,0.637507,0.744645,0.660026,0.648106,0.673348,0.602501,0.602187,1.0,0.644013,0.642814,0.662005,0.620153],[0.551713,0.554607,0.634794,0.551594,0.59204,0.634502,0.648789,0.701402,0.61546,0.667997,0.644013,1.0,0.583308,0.54649,0.611888],[0.592165,0.602184,0.615329,0.702742,0.656793,0.611544,0.627691,0.65014,0.631668,0.661845,0.642814,0.583308,1.0,0.623993,0.628572],[0.573116,0.5921,0.69236,0.596122,0.682464,0.593626,0.665922,0.608044,0.63871,0.552525,0.662005,0.54649,0.623993,1.0,0.651494],[0.538122,0.500457,0.625723,0.579215,0.568142,0.783195,0.776784,0.686267,0.771513,0.631686,0.620153,0.611888,0.628572,0.651494,1.0]],"seed_pair_procrustes_dist":[[0.0,0.214501,0.110486,0.150204,0.249106,0.115525,0.147546,0.140285,0.088657,0.12108,0.175837,0.126399,0.199469,0.106246,0.233308],[0.214501,0.0,0.157695,0.170832,0.23479,0.185761,0.190647,0.158668,0.18808,0.17995,0.175318,0.149435,0.201351,0.170761,0.242094],[0.110486,0.157695,0.0,0.137543,0.250292,0.138682,0.167855,0.110926,0.127001,0.128665,0.170136,0.096551,0.203428,0.12651,0.242636],[0.150204,0.170832,0.137543,0.0,0.153511,0.103874,0.115986,0.150953,0.129255,0.098224,0.121059,0.160128,0.128159,0.127705,0.151362],[0.249106,0.23479,0.250292,0.153511,0.0,0.156501,0.119944,0.205799,0.187,0.147587,0.117561,0.222188,0.109658,0.172571,0.121915],[0.115525,0.185761,0.138682,0.103874,0.156501,0.0,0.106141,0.125927,0.09574,0.071319,0.115177,0.134933,0.115875,0.091646,0.141227],[0.147546,0.190647,0.167855,0.115986,0.119944,0.106141,0.0,0.148107,0.10492,0.102965,0.107605,0.152247,0.111603,0.092272,0.143124],[0.140285,0.158668,0.110926,0.150953,0.205799,0.125927,0.148107,0.0,0.1228,0.12081,0.139163,0.078194,0.16705,0.114688,0.206967],[0.088657,0.18808,0.127001,0.129255,0.187,0.09574,0.10492,0.1228,0.0,0.099178,0.147408,0.118543,0.154631,0.075283,0.190165],[0.12108,0.17995,0.128665,0.098224,0.147587,0.071319,0.102965,0.12081,0.099178,0.0,0.102873,0.13453,0.110974,0.092663,0.139174],[0.175837,0.175318,0.170136,0.121059,0.117561,0.115177,0.107605,0.139163,0.147408,0.102873,0.0,0.151836,0.103694,0.12366,0.133791],[0.126399,0.149435,0.096551,0.160128,0.222188,0.134933,0.152247,0.078194,0.118543,0.13453,0.151836,0.0,0.200753,0.118649,0.248959],[0.199469,0.201351,0.203428,0.128159,0.109658,0.115875,0.111603,0.16705,0.154631,0.110974,0.103694,0.200753,0.0,0.129935,0.079361],[0.106246,0.170761,0.12651,0.127705,0.172571,0.091646,0.092272,0.114688,0.075283,0.092663,0.12366,0.118649,0.129935,0.0,0.177014],[0.233308,0.242094,0.242636,0.151362,0.121915,0.141227,0.143124,0.206967,0.190165,0.139174,0.133791,0.248959,0.079361,0.177014,0.0]],"off_diagonal_summary":{"ari_mean":0.626604,"ari_min":0.497241,"ari_std":0.061411,"procrustes_mean":0.145036,"procrustes_max":0.250292},"framework_axis":"B-6 follow-up: deep-method seed stability for CAE-1D \u2014 pairwise cluster ARI + Procrustes between latent embeddings across N_SEEDS torch initialisations","generated_at":"2026-05-09T15:14:07Z","builder_version":"build_deep_seed_stability v0.1"}