{"scene_id":"indian-pines-corrected","method":"cae_2d_8","n_seeds":15,"latent_dim":8,"samples_per_class":220,"ari_vs_gt_per_seed":[0.293036,0.294872,0.29459,0.29583,0.292584,0.288755,0.28695,0.294405,0.29526,0.291743,0.292691,0.295126,0.292755,0.290753,0.289628],"ari_vs_gt_summary":{"mean":0.292598,"std":0.002532,"min":0.28695,"max":0.29583},"seed_pair_ari":[[1.0,0.900438,0.900428,0.850688,0.949148,0.797074,0.812517,0.839583,0.883372,0.86439,0.843296,0.948392,0.876913,0.818114,0.813666],[0.900438,1.0,0.905562,0.874958,0.891182,0.825698,0.808157,0.892439,0.91998,0.887895,0.842099,0.923925,0.878828,0.849937,0.842487],[0.900428,0.905562,1.0,0.830497,0.905025,0.798418,0.821887,0.887686,0.924857,0.843038,0.817448,0.901109,0.853133,0.795828,0.785439],[0.850688,0.874958,0.830497,1.0,0.848455,0.809317,0.794897,0.811867,0.828137,0.872106,0.899866,0.873626,0.851393,0.834922,0.810347],[0.949148,0.891182,0.905025,0.848455,1.0,0.810656,0.81961,0.842564,0.890164,0.869292,0.849984,0.946258,0.864476,0.828071,0.814491],[0.797074,0.825698,0.798418,0.809317,0.810656,1.0,0.904482,0.824403,0.830171,0.853313,0.78626,0.814565,0.858389,0.900422,0.882967],[0.812517,0.808157,0.821887,0.794897,0.81961,0.904482,1.0,0.813725,0.832146,0.817343,0.760494,0.818667,0.844261,0.851188,0.834242],[0.839583,0.892439,0.887686,0.811867,0.842564,0.824403,0.813725,1.0,0.930477,0.833733,0.786614,0.853555,0.864369,0.805556,0.796636],[0.883372,0.91998,0.924857,0.828137,0.890164,0.830171,0.832146,0.930477,1.0,0.846844,0.815566,0.891908,0.873051,0.815182,0.802886],[0.86439,0.887895,0.843038,0.872106,0.869292,0.853313,0.817343,0.833733,0.846844,1.0,0.854272,0.889776,0.878427,0.867081,0.841949],[0.843296,0.842099,0.817448,0.899866,0.849984,0.78626,0.760494,0.786614,0.815566,0.854272,1.0,0.849819,0.830307,0.822335,0.803443],[0.948392,0.923925,0.901109,0.873626,0.946258,0.814565,0.818667,0.853555,0.891908,0.889776,0.849819,1.0,0.880893,0.827821,0.821277],[0.876913,0.878828,0.853133,0.851393,0.864476,0.858389,0.844261,0.864369,0.873051,0.878427,0.830307,0.880893,1.0,0.844929,0.85631],[0.818114,0.849937,0.795828,0.834922,0.828071,0.900422,0.851188,0.805556,0.815182,0.867081,0.822335,0.827821,0.844929,1.0,0.87352],[0.813666,0.842487,0.785439,0.810347,0.814491,0.882967,0.834242,0.796636,0.802886,0.841949,0.803443,0.821277,0.85631,0.87352,1.0]],"seed_pair_procrustes_dist":[[0.0,0.039254,0.044473,0.048467,0.028843,0.043194,0.052203,0.037157,0.042565,0.036751,0.043227,0.037886,0.046729,0.051356,0.052675],[0.039254,0.0,0.048669,0.039215,0.039593,0.038288,0.062116,0.049914,0.045534,0.034404,0.037122,0.04226,0.049327,0.048611,0.042668],[0.044473,0.048669,0.0,0.053222,0.045403,0.046997,0.047051,0.054068,0.052148,0.051534,0.045985,0.045961,0.051354,0.061773,0.058399],[0.048467,0.039215,0.053222,0.0,0.052475,0.044955,0.054248,0.055977,0.04482,0.045508,0.04361,0.047826,0.059909,0.049255,0.046606],[0.028843,0.039593,0.045403,0.052475,0.0,0.039785,0.051897,0.04085,0.046061,0.038438,0.040612,0.035585,0.04417,0.044458,0.049767],[0.043194,0.038288,0.046997,0.044955,0.039785,0.0,0.058514,0.055741,0.057281,0.034885,0.035886,0.033783,0.036882,0.051559,0.033818],[0.052203,0.062116,0.047051,0.054248,0.051897,0.058514,0.0,0.058202,0.049586,0.059264,0.056334,0.052018,0.059085,0.063582,0.065491],[0.037157,0.049914,0.054068,0.055977,0.04085,0.055741,0.058202,0.0,0.050151,0.04429,0.052976,0.044436,0.059918,0.050129,0.057993],[0.042565,0.045534,0.052148,0.04482,0.046061,0.057281,0.049586,0.050151,0.0,0.046908,0.048866,0.047346,0.063442,0.0548,0.060864],[0.036751,0.034404,0.051534,0.045508,0.038438,0.034885,0.059264,0.04429,0.046908,0.0,0.03973,0.033045,0.046452,0.050112,0.041384],[0.043227,0.037122,0.045985,0.04361,0.040612,0.035886,0.056334,0.052976,0.048866,0.03973,0.0,0.03976,0.048957,0.045628,0.036335],[0.037886,0.04226,0.045961,0.047826,0.035585,0.033783,0.052018,0.044436,0.047346,0.033045,0.03976,0.0,0.043039,0.048933,0.040333],[0.046729,0.049327,0.051354,0.059909,0.04417,0.036882,0.059085,0.059918,0.063442,0.046452,0.048957,0.043039,0.0,0.064298,0.042706],[0.051356,0.048611,0.061773,0.049255,0.044458,0.051559,0.063582,0.050129,0.0548,0.050112,0.045628,0.048933,0.064298,0.0,0.048769],[0.052675,0.042668,0.058399,0.046606,0.049767,0.033818,0.065491,0.057993,0.060864,0.041384,0.036335,0.040333,0.042706,0.048769,0.0]],"off_diagonal_summary":{"ari_mean":0.850111,"ari_min":0.760494,"ari_std":0.039612,"procrustes_mean":0.047493,"procrustes_max":0.065491},"framework_axis":"B-6 follow-up: deep-method seed stability for CAE-1D \u2014 pairwise cluster ARI + Procrustes between latent embeddings across N_SEEDS torch initialisations","generated_at":"2026-05-06T21:20:55Z","builder_version":"build_deep_seed_stability v0.1"}