{"scene_id":"indian-pines-corrected","method":"cae_2d_8","n_seeds":15,"latent_dim":8,"samples_per_class":220,"ari_vs_gt_per_seed":[0.295155,0.287639,0.295399,0.291413,0.29168,0.297873,0.290992,0.296752,0.293003,0.293516,0.296919,0.292363,0.295237,0.292629,0.294297],"ari_vs_gt_summary":{"mean":0.293658,"std":0.002603,"min":0.287639,"max":0.297873},"seed_pair_ari":[[1.0,0.823775,0.81607,0.854729,0.843832,0.821653,0.873807,0.837807,0.827105,0.861206,0.888367,0.826937,0.802853,0.826985,0.836763],[0.823775,1.0,0.846136,0.881499,0.885171,0.884986,0.83669,0.879407,0.869814,0.88461,0.853089,0.866142,0.820906,0.827061,0.863401],[0.81607,0.846136,1.0,0.884241,0.801738,0.87233,0.896076,0.893742,0.93592,0.895234,0.879293,0.91435,0.82516,0.797953,0.869438],[0.854729,0.881499,0.884241,1.0,0.863873,0.908603,0.919251,0.89225,0.912851,0.933983,0.890621,0.897415,0.812659,0.850778,0.904502],[0.843832,0.885171,0.801738,0.863873,1.0,0.846854,0.842602,0.844067,0.819193,0.850814,0.852227,0.812006,0.817252,0.810694,0.821324],[0.821653,0.884986,0.87233,0.908603,0.846854,1.0,0.866851,0.92764,0.896093,0.911528,0.891603,0.890828,0.840215,0.84719,0.881731],[0.873807,0.83669,0.896076,0.919251,0.842602,0.866851,1.0,0.875867,0.902236,0.910474,0.900679,0.893203,0.815014,0.818797,0.859076],[0.837807,0.879407,0.893742,0.89225,0.844067,0.92764,0.875867,1.0,0.903395,0.910032,0.908449,0.886209,0.851597,0.828513,0.8743],[0.827105,0.869814,0.93592,0.912851,0.819193,0.896093,0.902236,0.903395,1.0,0.930517,0.873628,0.951815,0.815368,0.811937,0.895312],[0.861206,0.88461,0.895234,0.933983,0.850814,0.911528,0.910474,0.910032,0.930517,1.0,0.891467,0.932551,0.819659,0.834812,0.923301],[0.888367,0.853089,0.879293,0.890621,0.852227,0.891603,0.900679,0.908449,0.873628,0.891467,1.0,0.86959,0.864192,0.857842,0.869466],[0.826937,0.866142,0.91435,0.897415,0.812006,0.890828,0.893203,0.886209,0.951815,0.932551,0.86959,1.0,0.812586,0.812038,0.901304],[0.802853,0.820906,0.82516,0.812659,0.817252,0.840215,0.815014,0.851597,0.815368,0.819659,0.864192,0.812586,1.0,0.831551,0.813345],[0.826985,0.827061,0.797953,0.850778,0.810694,0.84719,0.818797,0.828513,0.811937,0.834812,0.857842,0.812038,0.831551,1.0,0.80883],[0.836763,0.863401,0.869438,0.904502,0.821324,0.881731,0.859076,0.8743,0.895312,0.923301,0.869466,0.901304,0.813345,0.80883,1.0]],"seed_pair_procrustes_dist":[[0.0,0.03416,0.04525,0.04924,0.028563,0.039074,0.050165,0.034372,0.041726,0.03264,0.043741,0.042441,0.042252,0.047917,0.052849],[0.03416,0.0,0.04983,0.041324,0.034802,0.033307,0.057029,0.044863,0.044278,0.031508,0.039123,0.043469,0.046096,0.046193,0.042746],[0.04525,0.04983,0.0,0.057429,0.048103,0.047879,0.043855,0.053878,0.048011,0.051438,0.046945,0.053941,0.051424,0.062663,0.06052],[0.04924,0.041324,0.057429,0.0,0.050813,0.040686,0.052716,0.056433,0.048874,0.047067,0.044907,0.050008,0.058526,0.047659,0.044286],[0.028563,0.034802,0.048103,0.050813,0.0,0.035333,0.054111,0.040166,0.049499,0.035868,0.037292,0.036721,0.040381,0.04099,0.045523],[0.039074,0.033307,0.047879,0.040686,0.035333,0.0,0.050619,0.050672,0.053069,0.034333,0.035458,0.032874,0.038249,0.046434,0.034743],[0.050165,0.057029,0.043855,0.052716,0.054111,0.050619,0.0,0.0548,0.047096,0.054464,0.050353,0.055249,0.056962,0.058631,0.059635],[0.034372,0.044863,0.053878,0.056433,0.040166,0.050672,0.0548,0.0,0.048514,0.038984,0.052798,0.052921,0.055531,0.049333,0.057486],[0.041726,0.044278,0.048011,0.048874,0.049499,0.053069,0.047096,0.048514,0.0,0.047429,0.050282,0.05629,0.059087,0.056979,0.060604],[0.03264,0.031508,0.051438,0.047067,0.035868,0.034333,0.054464,0.038984,0.047429,0.0,0.042548,0.038654,0.042158,0.049249,0.044527],[0.043741,0.039123,0.046945,0.044907,0.037292,0.035458,0.050353,0.052798,0.050282,0.042548,0.0,0.038502,0.045357,0.046517,0.036522],[0.042441,0.043469,0.053941,0.050008,0.036721,0.032874,0.055249,0.052921,0.05629,0.038654,0.038502,0.0,0.037285,0.048802,0.036151],[0.042252,0.046096,0.051424,0.058526,0.040381,0.038249,0.056962,0.055531,0.059087,0.042158,0.045357,0.037285,0.0,0.059604,0.04459],[0.047917,0.046193,0.062663,0.047659,0.04099,0.046434,0.058631,0.049333,0.056979,0.049249,0.046517,0.048802,0.059604,0.0,0.046103],[0.052849,0.042746,0.06052,0.044286,0.045523,0.034743,0.059635,0.057486,0.060604,0.044527,0.036522,0.036151,0.04459,0.046103,0.0]],"off_diagonal_summary":{"ari_mean":0.864026,"ari_min":0.797953,"ari_std":0.037496,"procrustes_mean":0.04647,"procrustes_max":0.062663},"framework_axis":"B-6 follow-up: deep-method seed stability for CAE-1D \u2014 pairwise cluster ARI + Procrustes between latent embeddings across N_SEEDS torch initialisations","generated_at":"2026-05-09T14:45:25Z","builder_version":"build_deep_seed_stability v0.1"}