{"scene_id":"indian-pines-corrected","method":"cae_3d_8","n_seeds":7,"latent_dim":8,"samples_per_class":220,"ari_vs_gt_per_seed":[0.246224,0.247936,0.276344,0.259548,0.255568,0.247929,0.246469],"ari_vs_gt_summary":{"mean":0.254288,"std":0.010161,"min":0.246224,"max":0.276344},"seed_pair_ari":[[1.0,0.485184,0.583594,0.681094,0.611214,0.673331,0.514922],[0.485184,1.0,0.531116,0.507283,0.553024,0.530207,0.598512],[0.583594,0.531116,1.0,0.641789,0.662822,0.682921,0.592689],[0.681094,0.507283,0.641789,1.0,0.686759,0.662626,0.557181],[0.611214,0.553024,0.662822,0.686759,1.0,0.695471,0.637278],[0.673331,0.530207,0.682921,0.662626,0.695471,1.0,0.614089],[0.514922,0.598512,0.592689,0.557181,0.637278,0.614089,1.0]],"seed_pair_procrustes_dist":[[0.0,0.214239,0.110393,0.150352,0.249525,0.116373,0.159281],[0.214239,0.0,0.156825,0.170419,0.234323,0.188264,0.129232],[0.110393,0.156825,0.0,0.137347,0.250181,0.14216,0.137518],[0.150352,0.170419,0.137347,0.0,0.153457,0.104054,0.119316],[0.249525,0.234323,0.250181,0.153457,0.0,0.154754,0.149971],[0.116373,0.188264,0.14216,0.104054,0.154754,0.0,0.122826],[0.159281,0.129232,0.137518,0.119316,0.149971,0.122826,0.0]],"off_diagonal_summary":{"ari_mean":0.60491,"ari_min":0.485184,"ari_std":0.065207,"procrustes_mean":0.159562,"procrustes_max":0.250181},"framework_axis":"B-6 follow-up: deep-method seed stability for CAE-1D \u2014 pairwise cluster ARI + Procrustes between latent embeddings across N_SEEDS torch initialisations","generated_at":"2026-05-06T13:08:36Z","builder_version":"build_deep_seed_stability v0.1"}