{"scene_id":"indian-pines-corrected","method":"beta_vae_8","n_seeds":30,"latent_dim":8,"samples_per_class":220,"ari_vs_gt_per_seed":[0.223892,0.24783,0.233117,0.245763,0.222143,0.212602,0.220532,0.162433,0.229783,0.214622,0.226565,0.235477,0.211708,0.236446,0.252519,0.282416,0.21641,0.227783,0.208326,0.243464,0.217044,0.219229,0.206207,0.261334,0.266111,0.255934,0.205314,0.249804,0.237891,0.228595],"ari_vs_gt_summary":{"mean":0.230043,"std":0.022551,"min":0.162433,"max":0.282416},"seed_pair_ari":[[1.0,0.441569,0.502522,0.439809,0.274271,0.237429,0.433051,0.295217,0.418334,0.368938,0.551508,0.570319,0.239228,0.300628,0.511297,0.437261,0.558768,0.283557,0.580424,0.438443,0.272349,0.464758,0.446828,0.388321,0.389321,0.453842,0.380583,0.260492,0.481281,0.464641],[0.441569,1.0,0.394456,0.48982,0.318269,0.330173,0.347858,0.255326,0.454302,0.336297,0.408448,0.457917,0.232513,0.343012,0.443205,0.430092,0.395411,0.348676,0.405869,0.431012,0.310536,0.381415,0.378769,0.543223,0.383987,0.416753,0.31675,0.311819,0.469217,0.372312],[0.502522,0.394456,1.0,0.437119,0.274548,0.239545,0.48293,0.333158,0.392503,0.408932,0.518021,0.54582,0.263893,0.295319,0.571306,0.464796,0.591625,0.276453,0.585007,0.493599,0.283073,0.51419,0.477901,0.370339,0.404068,0.484198,0.459947,0.285851,0.472845,0.504643],[0.439809,0.48982,0.437119,1.0,0.304257,0.28988,0.36467,0.259641,0.498856,0.328316,0.419041,0.514662,0.235393,0.325898,0.483432,0.454108,0.439989,0.297979,0.453861,0.490528,0.288628,0.46996,0.426468,0.455807,0.391938,0.428185,0.323037,0.306742,0.592417,0.415234],[0.274271,0.318269,0.274548,0.304257,1.0,0.308257,0.247144,0.195994,0.327979,0.238612,0.26727,0.290904,0.241765,0.354665,0.281145,0.358657,0.262052,0.3133,0.259638,0.288121,0.285174,0.261389,0.275002,0.351436,0.332188,0.297307,0.242885,0.313112,0.292267,0.274877],[0.237429,0.330173,0.239545,0.28988,0.308257,1.0,0.236723,0.167604,0.313623,0.224349,0.22768,0.265055,0.210436,0.330466,0.252898,0.315017,0.235017,0.366524,0.225992,0.248026,0.298655,0.232068,0.227356,0.389937,0.30866,0.282477,0.191894,0.294624,0.268604,0.229013],[0.433051,0.347858,0.48293,0.36467,0.247144,0.236723,1.0,0.316987,0.3422,0.404091,0.422107,0.470777,0.248079,0.286414,0.443952,0.399819,0.458509,0.261383,0.435226,0.388352,0.274904,0.409579,0.402049,0.330442,0.380616,0.456354,0.388408,0.276286,0.391929,0.416695],[0.295217,0.255326,0.333158,0.259641,0.195994,0.167604,0.316987,1.0,0.250794,0.33126,0.320489,0.307757,0.210613,0.211238,0.333162,0.316334,0.326934,0.181295,0.325952,0.317076,0.223491,0.329854,0.308498,0.234405,0.264353,0.313488,0.342214,0.229638,0.282113,0.337801],[0.418334,0.454302,0.392503,0.498856,0.327979,0.313623,0.3422,0.250794,1.0,0.306216,0.392799,0.461899,0.23276,0.308517,0.430086,0.412073,0.387196,0.301156,0.428993,0.430626,0.282504,0.407476,0.433892,0.477711,0.390032,0.41712,0.302258,0.290045,0.511264,0.37848],[0.368938,0.336297,0.408932,0.328316,0.238612,0.224349,0.404091,0.33126,0.306216,1.0,0.369812,0.403687,0.24271,0.262676,0.420451,0.41054,0.395184,0.246048,0.379695,0.376188,0.264899,0.368353,0.342245,0.309117,0.353937,0.383917,0.353969,0.274142,0.346051,0.400065],[0.551508,0.408448,0.518021,0.419041,0.26727,0.22768,0.422107,0.320489,0.392799,0.369812,1.0,0.512207,0.250638,0.27964,0.577629,0.461375,0.576806,0.266881,0.560788,0.461576,0.263513,0.512541,0.437846,0.359925,0.41025,0.474307,0.423718,0.271503,0.484331,0.486929],[0.570319,0.457917,0.54582,0.514662,0.290904,0.265055,0.470777,0.307757,0.461899,0.403687,0.512207,1.0,0.244078,0.302814,0.541333,0.478026,0.548621,0.304473,0.581731,0.482531,0.274095,0.517457,0.486332,0.412901,0.418191,0.467769,0.398273,0.295528,0.544583,0.499243],[0.239228,0.232513,0.263893,0.235393,0.241765,0.210436,0.248079,0.210613,0.23276,0.24271,0.250638,0.244078,1.0,0.275897,0.270035,0.319668,0.251144,0.235328,0.235862,0.261262,0.259399,0.236084,0.236123,0.248026,0.270015,0.279378,0.281185,0.247232,0.246122,0.268196],[0.300628,0.343012,0.295319,0.325898,0.354665,0.330466,0.286414,0.211238,0.308517,0.262676,0.27964,0.302814,0.275897,1.0,0.301983,0.377639,0.286681,0.371929,0.273617,0.29904,0.34051,0.272244,0.270619,0.381261,0.33166,0.318499,0.274785,0.340825,0.305975,0.291657],[0.511297,0.443205,0.571306,0.483432,0.281145,0.252898,0.443952,0.333162,0.430086,0.420451,0.577629,0.541333,0.270035,0.301983,1.0,0.478567,0.570755,0.285243,0.563905,0.527079,0.281039,0.511358,0.490821,0.411434,0.413306,0.490334,0.412768,0.302942,0.514923,0.532446],[0.437261,0.430092,0.464796,0.454108,0.358657,0.315017,0.399819,0.316334,0.412073,0.41054,0.461375,0.478026,0.319668,0.377639,0.478567,1.0,0.450292,0.361615,0.444035,0.458093,0.387673,0.456842,0.391068,0.414357,0.513694,0.496366,0.422805,0.407307,0.474955,0.459529],[0.558768,0.395411,0.591625,0.439989,0.262052,0.235017,0.458509,0.326934,0.387196,0.395184,0.576806,0.548621,0.251144,0.286681,0.570755,0.450292,1.0,0.257189,0.632492,0.477323,0.276077,0.51137,0.444876,0.364938,0.388802,0.440766,0.425221,0.261999,0.470434,0.503966],[0.283557,0.348676,0.276453,0.297979,0.3133,0.366524,0.261383,0.181295,0.301156,0.246048,0.266881,0.304473,0.235328,0.371929,0.285243,0.361615,0.257189,1.0,0.263893,0.277406,0.304583,0.255054,0.253169,0.376134,0.350201,0.314983,0.248002,0.318402,0.282397,0.274012],[0.580424,0.405869,0.585007,0.453861,0.259638,0.225992,0.435226,0.325952,0.428993,0.379695,0.560788,0.581731,0.235862,0.273617,0.563905,0.444035,0.632492,0.263893,1.0,0.474944,0.261032,0.499423,0.477126,0.366631,0.388089,0.460872,0.426834,0.256824,0.491231,0.491179],[0.438443,0.431012,0.493599,0.490528,0.288121,0.248026,0.388352,0.317076,0.430626,0.376188,0.461576,0.482531,0.261262,0.29904,0.527079,0.458093,0.477323,0.277406,0.474944,1.0,0.284465,0.520627,0.461472,0.397572,0.410603,0.444225,0.399614,0.311513,0.566422,0.484412],[0.272349,0.310536,0.283073,0.288628,0.285174,0.298655,0.274904,0.223491,0.282504,0.264899,0.263513,0.274095,0.259399,0.34051,0.281039,0.387673,0.276077,0.304583,0.261032,0.284465,1.0,0.266637,0.262218,0.326036,0.330671,0.322245,0.271379,0.384439,0.28542,0.264415],[0.464758,0.381415,0.51419,0.46996,0.261389,0.232068,0.409579,0.329854,0.407476,0.368353,0.512541,0.517457,0.236084,0.272244,0.511358,0.456842,0.51137,0.255054,0.499423,0.520627,0.266637,1.0,0.448324,0.348191,0.397147,0.462967,0.410975,0.286537,0.533149,0.500399],[0.446828,0.378769,0.477901,0.426468,0.275002,0.227356,0.402049,0.308498,0.433892,0.342245,0.437846,0.486332,0.236123,0.270619,0.490821,0.391068,0.444876,0.253169,0.477126,0.461472,0.262218,0.448324,1.0,0.35582,0.358467,0.400112,0.372743,0.255394,0.470961,0.422016],[0.388321,0.543223,0.370339,0.455807,0.351436,0.389937,0.330442,0.234405,0.477711,0.309117,0.359925,0.412901,0.248026,0.381261,0.411434,0.414357,0.364938,0.376134,0.366631,0.397572,0.326036,0.348191,0.35582,1.0,0.371871,0.393022,0.28685,0.327146,0.416101,0.349765],[0.389321,0.383987,0.404068,0.391938,0.332188,0.30866,0.380616,0.264353,0.390032,0.353937,0.41025,0.418191,0.270015,0.33166,0.413306,0.513694,0.388802,0.350201,0.388089,0.410603,0.330671,0.397147,0.358467,0.371871,1.0,0.428533,0.366235,0.355015,0.403823,0.400332],[0.453842,0.416753,0.484198,0.428185,0.297307,0.282477,0.456354,0.313488,0.41712,0.383917,0.474307,0.467769,0.279378,0.318499,0.490334,0.496366,0.440766,0.314983,0.460872,0.444225,0.322245,0.462967,0.400112,0.393022,0.428533,1.0,0.413318,0.320735,0.485201,0.433836],[0.380583,0.31675,0.459947,0.323037,0.242885,0.191894,0.388408,0.342214,0.302258,0.353969,0.423718,0.398273,0.281185,0.274785,0.412768,0.422805,0.425221,0.248002,0.426834,0.399614,0.271379,0.410975,0.372743,0.28685,0.366235,0.413318,1.0,0.264144,0.371218,0.463897],[0.260492,0.311819,0.285851,0.306742,0.313112,0.294624,0.276286,0.229638,0.290045,0.274142,0.271503,0.295528,0.247232,0.340825,0.302942,0.407307,0.261999,0.318402,0.256824,0.311513,0.384439,0.286537,0.255394,0.327146,0.355015,0.320735,0.264144,1.0,0.299779,0.292321],[0.481281,0.469217,0.472845,0.592417,0.292267,0.268604,0.391929,0.282113,