{"scene_id":"indian-pines-corrected","method":"cae_3d_8","n_seeds":7,"latent_dim":8,"samples_per_class":220,"ari_vs_gt_per_seed":[0.230174,0.269263,0.269196,0.252034,0.255562,0.266144,0.247475],"ari_vs_gt_summary":{"mean":0.255692,"std":0.013136,"min":0.230174,"max":0.269263},"seed_pair_ari":[[1.0,0.495351,0.613696,0.690377,0.558417,0.713429,0.579482],[0.495351,1.0,0.63236,0.592355,0.62139,0.545132,0.641566],[0.613696,0.63236,1.0,0.740506,0.721789,0.651796,0.63026],[0.690377,0.592355,0.740506,1.0,0.685008,0.662735,0.578265],[0.558417,0.62139,0.721789,0.685008,1.0,0.603798,0.604391],[0.713429,0.545132,0.651796,0.662735,0.603798,1.0,0.54949],[0.579482,0.641566,0.63026,0.578265,0.604391,0.54949,1.0]],"seed_pair_procrustes_dist":[[0.0,0.213363,0.110437,0.142648,0.246366,0.110083,0.168146],[0.213363,0.0,0.156947,0.180729,0.234441,0.191761,0.128621],[0.110437,0.156947,0.0,0.141014,0.250172,0.136994,0.152261],[0.142648,0.180729,0.141014,0.0,0.15422,0.099381,0.134267],[0.246366,0.234441,0.250172,0.15422,0.0,0.161758,0.157806],[0.110083,0.191761,0.136994,0.099381,0.161758,0.0,0.136648],[0.168146,0.128621,0.152261,0.134267,0.157806,0.136648,0.0]],"off_diagonal_summary":{"ari_mean":0.624362,"ari_min":0.495351,"ari_std":0.061935,"procrustes_mean":0.162289,"procrustes_max":0.250172},"framework_axis":"B-6 follow-up: deep-method seed stability for CAE-1D \u2014 pairwise cluster ARI + Procrustes between latent embeddings across N_SEEDS torch initialisations","generated_at":"2026-05-09T14:58:18Z","builder_version":"build_deep_seed_stability v0.1"}