{"scene_id":"indian-pines-corrected","method":"cae_1d_8","n_seeds":15,"latent_dim":8,"samples_per_class":220,"ari_vs_gt_per_seed":[0.300027,0.298918,0.29768,0.287883,0.302267,0.294733,0.291101,0.328061,0.30076,0.301154,0.298586,0.313094,0.297654,0.307678,0.286658],"ari_vs_gt_summary":{"mean":0.300417,"std":0.009893,"min":0.286658,"max":0.328061},"seed_pair_ari":[[1.0,0.788861,0.772826,0.74931,0.840521,0.784094,0.784428,0.756051,0.72433,0.857488,0.78777,0.769191,0.758738,0.707087,0.762201],[0.788861,1.0,0.903288,0.754891,0.809361,0.895908,0.856052,0.746858,0.760777,0.849531,0.74944,0.726541,0.89401,0.680128,0.685992],[0.772826,0.903288,1.0,0.769238,0.790506,0.936097,0.883145,0.752185,0.727112,0.820339,0.738116,0.705469,0.914506,0.688203,0.680946],[0.74931,0.754891,0.769238,1.0,0.734941,0.781055,0.76595,0.70522,0.65104,0.758316,0.686811,0.644085,0.746374,0.738305,0.698785],[0.840521,0.809361,0.790506,0.734941,1.0,0.79297,0.799796,0.839454,0.700034,0.885909,0.810348,0.764309,0.792559,0.732047,0.774347],[0.784094,0.895908,0.936097,0.781055,0.79297,1.0,0.881881,0.73096,0.716913,0.82909,0.737269,0.694564,0.918961,0.702641,0.682819],[0.784428,0.856052,0.883145,0.76595,0.799796,0.881881,1.0,0.728629,0.715802,0.817803,0.734033,0.716666,0.88678,0.708894,0.678694],[0.756051,0.746858,0.752185,0.70522,0.839454,0.73096,0.728629,1.0,0.688,0.784791,0.719696,0.732576,0.732579,0.699987,0.727175],[0.72433,0.760777,0.727112,0.65104,0.700034,0.716913,0.715802,0.688,1.0,0.722228,0.812759,0.835553,0.731668,0.666869,0.753066],[0.857488,0.849531,0.820339,0.758316,0.885909,0.82909,0.817803,0.784791,0.722228,1.0,0.794778,0.755309,0.818246,0.73606,0.748421],[0.78777,0.74944,0.738116,0.686811,0.810348,0.737269,0.734033,0.719696,0.812759,0.794778,1.0,0.802483,0.729545,0.690077,0.823034],[0.769191,0.726541,0.705469,0.644085,0.764309,0.694564,0.716666,0.732576,0.835553,0.755309,0.802483,1.0,0.721377,0.678687,0.809931],[0.758738,0.89401,0.914506,0.746374,0.792559,0.918961,0.88678,0.732579,0.731668,0.818246,0.729545,0.721377,1.0,0.691251,0.662191],[0.707087,0.680128,0.688203,0.738305,0.732047,0.702641,0.708894,0.699987,0.666869,0.73606,0.690077,0.678687,0.691251,1.0,0.66604],[0.762201,0.685992,0.680946,0.698785,0.774347,0.682819,0.678694,0.727175,0.753066,0.748421,0.823034,0.809931,0.662191,0.66604,1.0]],"seed_pair_procrustes_dist":[[0.0,0.052624,0.084582,0.201267,0.087159,0.118132,0.110142,0.097757,0.075331,0.071288,0.075619,0.113742,0.082672,0.142266,0.059133],[0.052624,0.0,0.072508,0.199678,0.081362,0.104377,0.107621,0.09837,0.0677,0.065108,0.059724,0.122036,0.069358,0.141753,0.06694],[0.084582,0.072508,0.0,0.21814,0.101986,0.126244,0.124398,0.110739,0.085848,0.098596,0.08646,0.141867,0.080442,0.156387,0.06094],[0.201267,0.199678,0.21814,0.0,0.277227,0.134452,0.149159,0.273608,0.201042,0.277431,0.232947,0.126659,0.201205,0.113923,0.28003],[0.087159,0.081362,0.101986,0.277227,0.0,0.137278,0.132257,0.067056,0.116972,0.072985,0.061881,0.141488,0.09576,0.151089,0.084616],[0.118132,0.104377,0.126244,0.134452,0.137278,0.0,0.05869,0.159935,0.090891,0.145881,0.10212,0.07805,0.073994,0.075269,0.153095],[0.110142,0.107621,0.124398,0.149159,0.132257,0.05869,0.0,0.158888,0.08655,0.146668,0.104423,0.061222,0.077454,0.068642,0.142211],[0.097757,0.09837,0.110739,0.273608,0.067056,0.159935,0.158888,0.0,0.128569,0.101038,0.09448,0.145958,0.110293,0.153108,0.100198],[0.075331,0.0677,0.085848,0.201042,0.116972,0.090891,0.08655,0.128569,0.0,0.116134,0.084251,0.094191,0.066068,0.120808,0.093251],[0.071288,0.065108,0.098596,0.277431,0.072985,0.145881,0.146668,0.101038,0.116134,0.0,0.073918,0.147953,0.095464,0.16254,0.087465],[0.075619,0.059724,0.08646,0.232947,0.061881,0.10212,0.104423,0.09448,0.084251,0.073918,0.0,0.114744,0.059725,0.126763,0.085851],[0.113742,0.122036,0.141867,0.126659,0.141488,0.07805,0.061222,0.145958,0.094191,0.147953,0.114744,0.0,0.101387,0.064001,0.155303],[0.082672,0.069358,0.080442,0.201205,0.09576,0.073994,0.077454,0.110293,0.066068,0.095464,0.059725,0.101387,0.0,0.102625,0.101166],[0.142266,0.141753,0.156387,0.113923,0.151089,0.075269,0.068642,0.153108,0.120808,0.16254,0.126763,0.064001,0.102625,0.0,0.184725],[0.059133,0.06694,0.06094,0.28003,0.084616,0.153095,0.142211,0.100198,0.093251,0.087465,0.085851,0.155303,0.101166,0.184725,0.0]],"off_diagonal_summary":{"ari_mean":0.761723,"ari_min":0.644085,"ari_std":0.065844,"procrustes_mean":0.116241,"procrustes_max":0.28003},"framework_axis":"B-6 follow-up: deep-method seed stability for CAE-1D \u2014 pairwise cluster ARI + Procrustes between latent embeddings across N_SEEDS torch initialisations","generated_at":"2026-05-06T20:25:44Z","builder_version":"build_deep_seed_stability v0.1"}