{"scene_id":"indian-pines-corrected","method":"cae_1d_8","n_seeds":7,"latent_dim":8,"samples_per_class":220,"ari_vs_gt_per_seed":[0.300027,0.298918,0.29768,0.287883,0.302267,0.294733,0.291101],"ari_vs_gt_summary":{"mean":0.296087,"std":0.004755,"min":0.287883,"max":0.302267},"seed_pair_ari":[[1.0,0.788861,0.772826,0.74931,0.840521,0.784094,0.784428],[0.788861,1.0,0.903288,0.754891,0.809361,0.895908,0.856052],[0.772826,0.903288,1.0,0.769238,0.790506,0.936097,0.883145],[0.74931,0.754891,0.769238,1.0,0.734941,0.781055,0.76595],[0.840521,0.809361,0.790506,0.734941,1.0,0.79297,0.799796],[0.784094,0.895908,0.936097,0.781055,0.79297,1.0,0.881881],[0.784428,0.856052,0.883145,0.76595,0.799796,0.881881,1.0]],"seed_pair_procrustes_dist":[[0.0,0.052624,0.084582,0.201267,0.087159,0.118132,0.110142],[0.052624,0.0,0.072508,0.199678,0.081362,0.104377,0.107621],[0.084582,0.072508,0.0,0.21814,0.101986,0.126244,0.124398],[0.201267,0.199678,0.21814,0.0,0.277227,0.134452,0.149159],[0.087159,0.081362,0.101986,0.277227,0.0,0.137278,0.132257],[0.118132,0.104377,0.126244,0.134452,0.137278,0.0,0.05869],[0.110142,0.107621,0.124398,0.149159,0.132257,0.05869,0.0]],"off_diagonal_summary":{"ari_mean":0.813101,"ari_min":0.734941,"ari_std":0.056092,"procrustes_mean":0.127585,"procrustes_max":0.277227},"framework_axis":"B-6 follow-up: deep-method seed stability for CAE-1D \u2014 pairwise cluster ARI + Procrustes between latent embeddings across N_SEEDS torch initialisations","generated_at":"2026-05-06T10:57:28Z","builder_version":"build_deep_seed_stability v0.1"}