{"scene_id":"indian-pines-corrected","method":"cae_2d_8","n_seeds":7,"latent_dim":8,"samples_per_class":220,"ari_vs_gt_per_seed":[0.293036,0.294872,0.29459,0.29583,0.292584,0.288755,0.28695],"ari_vs_gt_summary":{"mean":0.292374,"std":0.003073,"min":0.28695,"max":0.29583},"seed_pair_ari":[[1.0,0.900438,0.900428,0.850688,0.949148,0.797074,0.812517],[0.900438,1.0,0.905562,0.874958,0.891182,0.825698,0.808157],[0.900428,0.905562,1.0,0.830497,0.905025,0.798418,0.821887],[0.850688,0.874958,0.830497,1.0,0.848455,0.809317,0.794897],[0.949148,0.891182,0.905025,0.848455,1.0,0.810656,0.81961],[0.797074,0.825698,0.798418,0.809317,0.810656,1.0,0.904482],[0.812517,0.808157,0.821887,0.794897,0.81961,0.904482,1.0]],"seed_pair_procrustes_dist":[[0.0,0.039254,0.044473,0.048467,0.028843,0.043194,0.052203],[0.039254,0.0,0.048669,0.039215,0.039593,0.038288,0.062116],[0.044473,0.048669,0.0,0.053222,0.045403,0.046997,0.047051],[0.048467,0.039215,0.053222,0.0,0.052475,0.044955,0.054248],[0.028843,0.039593,0.045403,0.052475,0.0,0.039785,0.051897],[0.043194,0.038288,0.046997,0.044955,0.039785,0.0,0.058514],[0.052203,0.062116,0.047051,0.054248,0.051897,0.058514,0.0]],"off_diagonal_summary":{"ari_mean":0.850433,"ari_min":0.794897,"ari_std":0.045701,"procrustes_mean":0.046613,"procrustes_max":0.062116},"framework_axis":"B-6 follow-up: deep-method seed stability for CAE-1D \u2014 pairwise cluster ARI + Procrustes between latent embeddings across N_SEEDS torch initialisations","generated_at":"2026-05-06T12:06:23Z","builder_version":"build_deep_seed_stability v0.1"}