{"scene_id":"indian-pines-corrected","method":"cae_1d_8","n_seeds":15,"latent_dim":8,"samples_per_class":220,"ari_vs_gt_per_seed":[0.300027,0.298918,0.300894,0.287847,0.330211,0.294733,0.296538,0.318416,0.30076,0.301108,0.298362,0.317844,0.311333,0.307678,0.293389],"ari_vs_gt_summary":{"mean":0.30387,"std":0.010865,"min":0.287847,"max":0.330211},"seed_pair_ari":[[1.0,0.788861,0.750651,0.748186,0.775873,0.784094,0.692722,0.774876,0.72433,0.859468,0.790536,0.731158,0.709489,0.707087,0.849238],[0.788861,1.0,0.816631,0.753641,0.695255,0.895908,0.726636,0.747856,0.760777,0.85203,0.745027,0.678177,0.731583,0.680128,0.848131],[0.750651,0.816631,1.0,0.821037,0.670509,0.84813,0.757385,0.73041,0.714434,0.781271,0.694489,0.675195,0.803345,0.744362,0.77122],[0.748186,0.753641,0.821037,1.0,0.668081,0.78119,0.67584,0.716551,0.650187,0.759716,0.684445,0.673382,0.811311,0.739303,0.746452],[0.775873,0.695255,0.670509,0.668081,1.0,0.685324,0.743888,0.767397,0.771262,0.76605,0.874899,0.790014,0.674323,0.715643,0.754923],[0.784094,0.895908,0.84813,0.78119,0.685324,1.0,0.71895,0.740401,0.716913,0.831332,0.734762,0.693076,0.753671,0.702641,0.830654],[0.692722,0.726636,0.757385,0.67584,0.743888,0.71895,1.0,0.6535,0.808928,0.698945,0.763206,0.757627,0.689689,0.716118,0.684193],[0.774876,0.747856,0.73041,0.716551,0.767397,0.740401,0.6535,1.0,0.691357,0.796916,0.721809,0.722503,0.747131,0.722741,0.807347],[0.72433,0.760777,0.714434,0.650187,0.771262,0.716913,0.808928,0.691357,1.0,0.721926,0.814401,0.749713,0.661144,0.666869,0.736569],[0.859468,0.85203,0.781271,0.759716,0.76605,0.831332,0.698945,0.796916,0.721926,1.0,0.790157,0.71828,0.766937,0.734694,0.889287],[0.790536,0.745027,0.694489,0.684445,0.874899,0.734762,0.763206,0.721809,0.814401,0.790157,1.0,0.762627,0.677038,0.688003,0.756061],[0.731158,0.678177,0.675195,0.673382,0.790014,0.693076,0.757627,0.722503,0.749713,0.71828,0.762627,1.0,0.723012,0.783324,0.711303],[0.709489,0.731583,0.803345,0.811311,0.674323,0.753671,0.689689,0.747131,0.661144,0.766937,0.677038,0.723012,1.0,0.809879,0.723829],[0.707087,0.680128,0.744362,0.739303,0.715643,0.702641,0.716118,0.722741,0.666869,0.734694,0.688003,0.783324,0.809879,1.0,0.713268],[0.849238,0.848131,0.77122,0.746452,0.754923,0.830654,0.684193,0.807347,0.736569,0.889287,0.756061,0.711303,0.723829,0.713268,1.0]],"seed_pair_procrustes_dist":[[0.0,0.052642,0.084548,0.201269,0.087192,0.118136,0.110414,0.098044,0.075331,0.071281,0.075606,0.113803,0.082652,0.142242,0.05925],[0.052642,0.0,0.072475,0.199693,0.081402,0.104389,0.107894,0.098593,0.067712,0.065109,0.059746,0.122101,0.069359,0.141743,0.067192],[0.084548,0.072475,0.0,0.218122,0.101984,0.126218,0.124666,0.110925,0.085821,0.09855,0.086447,0.141889,0.080365,0.156331,0.061276],[0.201269,0.199693,0.218122,0.0,0.277168,0.134464,0.148748,0.273282,0.201052,0.277436,0.232944,0.126619,0.201275,0.113944,0.279714],[0.087192,0.081402,0.101984,0.277168,0.0,0.137242,0.132452,0.067379,0.11694,0.073041,0.061916,0.141487,0.095723,0.15102,0.084772],[0.118136,0.104389,0.126218,0.134464,0.137242,0.0,0.058527,0.159802,0.090895,0.145881,0.102138,0.078083,0.074053,0.07525,0.153001],[0.110414,0.107894,0.124666,0.148748,0.132452,0.058527,0.0,0.159098,0.086765,0.147006,0.104714,0.06124,0.077713,0.068417,0.142571],[0.098044,0.098593,0.110925,0.273282,0.067379,0.159802,0.159098,0.0,0.128779,0.101283,0.094639,0.145861,0.110359,0.152935,0.100549],[0.075331,0.067712,0.085821,0.201052,0.11694,0.090895,0.086765,0.128779,0.0,0.116127,0.084241,0.094263,0.066069,0.120789,0.093337],[0.071281,0.065109,0.09855,0.277436,0.073041,0.145881,0.147006,0.101283,0.116127,0.0,0.073957,0.148,0.09545,0.162519,0.087653],[0.075606,0.059746,0.086447,0.232944,0.061916,0.102138,0.104714,0.094639,0.084241,0.073957,0.0,0.114763,0.059798,0.126761,0.085879],[0.113803,0.122101,0.141889,0.126619,0.141487,0.078083,0.06124,0.145861,0.094263,0.148,0.114763,0.0,0.101489,0.063974,0.155197],[0.082652,0.069359,0.080365,0.201275,0.095723,0.074053,0.077713,0.110359,0.066069,0.09545,0.059798,0.101489,0.0,0.102645,0.101263],[0.142242,0.141743,0.156331,0.113944,0.15102,0.07525,0.068417,0.152935,0.120789,0.162519,0.126761,0.063974,0.102645,0.0,0.184456],[0.05925,0.067192,0.061276,0.279714,0.084772,0.153001,0.142571,0.100549,0.093337,0.087653,0.085879,0.155197,0.101263,0.184456,0.0]],"off_diagonal_summary":{"ari_mean":0.746505,"ari_min":0.650187,"ari_std":0.054772,"procrustes_mean":0.116278,"procrustes_max":0.279714},"framework_axis":"B-6 follow-up: deep-method seed stability for CAE-1D \u2014 pairwise cluster ARI + Procrustes between latent embeddings across N_SEEDS torch initialisations","generated_at":"2026-05-09T14:14:45Z","builder_version":"build_deep_seed_stability v0.1"}