{"scene_id":"indian-pines-corrected","method":"cae_2d_8","n_seeds":7,"latent_dim":8,"samples_per_class":220,"ari_vs_gt_per_seed":[0.29059,0.291075,0.29745,0.293659,0.292876,0.293878,0.292229],"ari_vs_gt_summary":{"mean":0.293108,"std":0.002106,"min":0.29059,"max":0.29745},"seed_pair_ari":[[1.0,0.751231,0.83975,0.843081,0.823259,0.826273,0.838634],[0.751231,1.0,0.749331,0.750452,0.748558,0.753192,0.71094],[0.83975,0.749331,1.0,0.892771,0.915928,0.916064,0.899521],[0.843081,0.750452,0.892771,1.0,0.909861,0.906953,0.888906],[0.823259,0.748558,0.915928,0.909861,1.0,0.979743,0.885692],[0.826273,0.753192,0.916064,0.906953,0.979743,1.0,0.879869],[0.838634,0.71094,0.899521,0.888906,0.885692,0.879869,1.0]],"seed_pair_procrustes_dist":[[0.0,0.036082,0.045171,0.051962,0.034994,0.048359,0.052496],[0.036082,0.0,0.048268,0.040738,0.03694,0.037022,0.05901],[0.045171,0.048268,0.0,0.05339,0.047091,0.051921,0.045786],[0.051962,0.040738,0.05339,0.0,0.052011,0.041876,0.054303],[0.034994,0.03694,0.047091,0.052011,0.0,0.036785,0.054453],[0.048359,0.037022,0.051921,0.041876,0.036785,0.0,0.057996],[0.052496,0.05901,0.045786,0.054303,0.054453,0.057996,0.0]],"off_diagonal_summary":{"ari_mean":0.843334,"ari_min":0.71094,"ari_std":0.072295,"procrustes_mean":0.046984,"procrustes_max":0.05901},"framework_axis":"B-6 follow-up: deep-method seed stability for CAE-1D \u2014 pairwise cluster ARI + Procrustes between latent embeddings across N_SEEDS torch initialisations","generated_at":"2026-05-09T14:38:26Z","builder_version":"build_deep_seed_stability v0.1"}