{"scene_id":"indian-pines-corrected","method":"cae_1d_8","n_seeds":7,"latent_dim":8,"samples_per_class":220,"ari_vs_gt_per_seed":[0.300027,0.293364,0.292327,0.303868,0.328145,0.293884,0.288165],"ari_vs_gt_summary":{"mean":0.299968,"std":0.012464,"min":0.288165,"max":0.328145},"seed_pair_ari":[[1.0,0.768072,0.766513,0.725638,0.767687,0.789126,0.74434],[0.768072,1.0,0.874193,0.76858,0.672016,0.864251,0.823524],[0.766513,0.874193,1.0,0.760272,0.672125,0.931004,0.794004],[0.725638,0.76858,0.760272,1.0,0.642081,0.757441,0.772695],[0.767687,0.672016,0.672125,0.642081,1.0,0.683633,0.681198],[0.789126,0.864251,0.931004,0.757441,0.683633,1.0,0.787255],[0.74434,0.823524,0.794004,0.772695,0.681198,0.787255,1.0]],"seed_pair_procrustes_dist":[[0.0,0.05264,0.084384,0.201242,0.087064,0.118146,0.110193],[0.05264,0.0,0.072458,0.199675,0.081306,0.104396,0.107677],[0.084384,0.072458,0.0,0.218388,0.101791,0.126497,0.124714],[0.201242,0.199675,0.218388,0.0,0.277051,0.1344,0.149091],[0.087064,0.081306,0.101791,0.277051,0.0,0.137186,0.132198],[0.118146,0.104396,0.126497,0.1344,0.137186,0.0,0.058673],[0.110193,0.107677,0.124714,0.149091,0.132198,0.058673,0.0]],"off_diagonal_summary":{"ari_mean":0.764079,"ari_min":0.642081,"ari_std":0.069975,"procrustes_mean":0.127579,"procrustes_max":0.277051},"framework_axis":"B-6 follow-up: deep-method seed stability for CAE-1D \u2014 pairwise cluster ARI + Procrustes between latent embeddings across N_SEEDS torch initialisations","generated_at":"2026-05-09T14:10:16Z","builder_version":"build_deep_seed_stability v0.1"}