{"scene_id":"kennedy-space-center","method":"cae_3d_8","n_seeds":7,"latent_dim":8,"samples_per_class":220,"ari_vs_gt_per_seed":[0.198085,0.200141,0.20157,0.194879,0.197951,0.199581,0.199742],"ari_vs_gt_summary":{"mean":0.19885,"std":0.001984,"min":0.194879,"max":0.20157},"seed_pair_ari":[[1.0,0.814363,0.777011,0.831088,0.845272,0.866817,0.855896],[0.814363,1.0,0.843092,0.829998,0.879734,0.829172,0.837238],[0.777011,0.843092,1.0,0.818665,0.826703,0.803093,0.793233],[0.831088,0.829998,0.818665,1.0,0.866681,0.886051,0.843891],[0.845272,0.879734,0.826703,0.866681,1.0,0.863232,0.868987],[0.866817,0.829172,0.803093,0.886051,0.863232,1.0,0.869057],[0.855896,0.837238,0.793233,0.843891,0.868987,0.869057,1.0]],"seed_pair_procrustes_dist":[[0.0,0.134238,0.096227,0.121986,0.147689,0.085893,0.133644],[0.134238,0.0,0.11567,0.110163,0.084197,0.121543,0.094946],[0.096227,0.11567,0.0,0.087643,0.102657,0.088777,0.092955],[0.121986,0.110163,0.087643,0.0,0.092048,0.095003,0.090315],[0.147689,0.084197,0.102657,0.092048,0.0,0.109919,0.067],[0.085893,0.121543,0.088777,0.095003,0.109919,0.0,0.096341],[0.133644,0.094946,0.092955,0.090315,0.067,0.096341,0.0]],"off_diagonal_summary":{"ari_mean":0.840442,"ari_min":0.777011,"ari_std":0.028256,"procrustes_mean":0.103279,"procrustes_max":0.147689},"framework_axis":"B-6 follow-up: deep-method seed stability for CAE-1D \u2014 pairwise cluster ARI + Procrustes between latent embeddings across N_SEEDS torch initialisations","generated_at":"2026-05-09T15:05:43Z","builder_version":"build_deep_seed_stability v0.1"}