{"scene_id":"kennedy-space-center","method":"cae_2d_8","n_seeds":7,"latent_dim":8,"samples_per_class":220,"ari_vs_gt_per_seed":[0.222436,0.21962,0.220298,0.210593,0.212509,0.22881,0.213277],"ari_vs_gt_summary":{"mean":0.218221,"std":0.005993,"min":0.210593,"max":0.22881},"seed_pair_ari":[[1.0,0.797994,0.851733,0.788818,0.793105,0.733177,0.83156],[0.797994,1.0,0.854582,0.919772,0.906884,0.787543,0.870498],[0.851733,0.854582,1.0,0.850042,0.853478,0.742341,0.896589],[0.788818,0.919772,0.850042,1.0,0.902574,0.783564,0.886589],[0.793105,0.906884,0.853478,0.902574,1.0,0.80316,0.919082],[0.733177,0.787543,0.742341,0.783564,0.80316,1.0,0.776481],[0.83156,0.870498,0.896589,0.886589,0.919082,0.776481,1.0]],"seed_pair_procrustes_dist":[[0.0,0.063597,0.061687,0.046797,0.047087,0.053257,0.041039],[0.063597,0.0,0.073305,0.052316,0.047353,0.069863,0.046286],[0.061687,0.073305,0.0,0.051674,0.061463,0.042144,0.051609],[0.046797,0.052316,0.051674,0.0,0.048071,0.044787,0.042926],[0.047087,0.047353,0.061463,0.048071,0.0,0.05596,0.038564],[0.053257,0.069863,0.042144,0.044787,0.05596,0.0,0.048936],[0.041039,0.046286,0.051609,0.042926,0.038564,0.048936,0.0]],"off_diagonal_summary":{"ari_mean":0.835694,"ari_min":0.733177,"ari_std":0.056267,"procrustes_mean":0.051844,"procrustes_max":0.073305},"framework_axis":"B-6 follow-up: deep-method seed stability for CAE-1D \u2014 pairwise cluster ARI + Procrustes between latent embeddings across N_SEEDS torch initialisations","generated_at":"2026-05-09T14:42:02Z","builder_version":"build_deep_seed_stability v0.1"}