{"scene_id":"kennedy-space-center","method":"cae_2d_8","n_seeds":15,"latent_dim":8,"samples_per_class":220,"ari_vs_gt_per_seed":[0.205244,0.216982,0.219842,0.221382,0.209167,0.215663,0.222623,0.232644,0.210439,0.211507,0.206857,0.208244,0.238116,0.206057,0.203544],"ari_vs_gt_summary":{"mean":0.215221,"std":0.009856,"min":0.203544,"max":0.238116},"seed_pair_ari":[[1.0,0.785405,0.88998,0.80411,0.881684,0.769994,0.831292,0.695184,0.82944,0.873915,0.834877,0.826103,0.658672,0.80643,0.863021],[0.785405,1.0,0.821923,0.903283,0.85743,0.851744,0.897213,0.781321,0.818208,0.826922,0.853901,0.900443,0.74181,0.927599,0.872928],[0.88998,0.821923,1.0,0.83523,0.891015,0.777004,0.869751,0.737196,0.812063,0.899345,0.850884,0.81874,0.674998,0.814676,0.845333],[0.80411,0.903283,0.83523,1.0,0.863691,0.838544,0.912878,0.773515,0.815437,0.830891,0.840409,0.904334,0.696452,0.905372,0.878881],[0.881684,0.85743,0.891015,0.863691,1.0,0.824099,0.897921,0.724345,0.822522,0.860266,0.855518,0.894085,0.685551,0.870769,0.876049],[0.769994,0.851744,0.777004,0.838544,0.824099,1.0,0.818463,0.803707,0.805408,0.771489,0.801237,0.888268,0.734491,0.834596,0.814915],[0.831292,0.897213,0.869751,0.912878,0.897921,0.818463,1.0,0.766829,0.821203,0.872389,0.871711,0.876549,0.696812,0.902492,0.866898],[0.695184,0.781321,0.737196,0.773515,0.724345,0.803707,0.766829,1.0,0.707137,0.730499,0.737304,0.746357,0.827603,0.758708,0.726993],[0.82944,0.818208,0.812063,0.815437,0.822522,0.805408,0.821203,0.707137,1.0,0.825159,0.846717,0.847493,0.663344,0.827216,0.833548],[0.873915,0.826922,0.899345,0.830891,0.860266,0.771489,0.872389,0.730499,0.825159,1.0,0.893149,0.817643,0.671864,0.832663,0.857315],[0.834877,0.853901,0.850884,0.840409,0.855518,0.801237,0.871711,0.737304,0.846717,0.893149,1.0,0.845921,0.689439,0.881644,0.872979],[0.826103,0.900443,0.81874,0.904334,0.894085,0.888268,0.876549,0.746357,0.847493,0.817643,0.845921,1.0,0.70717,0.908445,0.8962],[0.658672,0.74181,0.674998,0.696452,0.685551,0.734491,0.696812,0.827603,0.663344,0.671864,0.689439,0.70717,1.0,0.713558,0.691959],[0.80643,0.927599,0.814676,0.905372,0.870769,0.834596,0.902492,0.758708,0.827216,0.832663,0.881644,0.908445,0.713558,1.0,0.903177],[0.863021,0.872928,0.845333,0.878881,0.876049,0.814915,0.866898,0.726993,0.833548,0.857315,0.872979,0.8962,0.691959,0.903177,1.0]],"seed_pair_procrustes_dist":[[0.0,0.075995,0.06377,0.053434,0.05701,0.069795,0.051652,0.056451,0.10589,0.072153,0.093798,0.060517,0.058722,0.057467,0.048656],[0.075995,0.0,0.08379,0.053206,0.052509,0.071302,0.049979,0.064574,0.105135,0.095518,0.078482,0.063153,0.063192,0.04132,0.064365],[0.06377,0.08379,0.0,0.048388,0.063984,0.049331,0.058367,0.039452,0.085089,0.036796,0.094321,0.050814,0.070617,0.067406,0.060448],[0.053434,0.053206,0.048388,0.0,0.041389,0.045857,0.042099,0.03891,0.085818,0.06347,0.084998,0.03989,0.054372,0.044788,0.047266],[0.05701,0.052509,0.063984,0.041389,0.0,0.055121,0.043328,0.048564,0.093172,0.076647,0.084168,0.039153,0.048986,0.044676,0.046778],[0.069795,0.071302,0.049331,0.045857,0.055121,0.0,0.055208,0.044471,0.068595,0.068958,0.097454,0.041094,0.064473,0.068458,0.070092],[0.051652,0.049979,0.058367,0.042099,0.043328,0.055208,0.0,0.045465,0.092113,0.065068,0.075583,0.049722,0.054069,0.039642,0.048275],[0.056451,0.064574,0.039452,0.03891,0.048564,0.044471,0.045465,0.0,0.07972,0.054939,0.085,0.042775,0.054591,0.052171,0.048472],[0.10589,0.105135,0.085089,0.085818,0.093172,0.068595,0.092113,0.07972,0.0,0.09653,0.102879,0.081631,0.086798,0.109564,0.113687],[0.072153,0.095518,0.036796,0.06347,0.076647,0.068958,0.065068,0.054939,0.09653,0.0,0.097153,0.069869,0.088665,0.077678,0.071608],[0.093798,0.078482,0.094321,0.084998,0.084168,0.097454,0.075583,0.085,0.102879,0.097153,0.0,0.098491,0.078848,0.069649,0.088584],[0.060517,0.063153,0.050814,0.03989,0.039153,0.041094,0.049722,0.042775,0.081631,0.069869,0.098491,0.0,0.053627,0.056695,0.05522],[0.058722,0.063192,0.070617,0.054372,0.048986,0.064473,0.054069,0.054591,0.086798,0.088665,0.078848,0.053627,0.0,0.056289,0.058878],[0.057467,0.04132,0.067406,0.044788,0.044676,0.068458,0.039642,0.052171,0.109564,0.077678,0.069649,0.056695,0.056289,0.0,0.041066],[0.048656,0.064365,0.060448,0.047266,0.046778,0.070092,0.048275,0.048472,0.113687,0.071608,0.088584,0.05522,0.058878,0.041066,0.0]],"off_diagonal_summary":{"ari_mean":0.819155,"ari_min":0.658672,"ari_std":0.067692,"procrustes_mean":0.065011,"procrustes_max":0.113687},"framework_axis":"B-6 follow-up: deep-method seed stability for CAE-1D \u2014 pairwise cluster ARI + Procrustes between latent embeddings across N_SEEDS torch initialisations","generated_at":"2026-05-06T21:57:21Z","builder_version":"build_deep_seed_stability v0.1"}