{"scene_id":"kennedy-space-center","method":"cae_1d_8","n_seeds":30,"latent_dim":8,"samples_per_class":220,"ari_vs_gt_per_seed":[0.31321,0.243001,0.229786,0.27835,0.241321,0.31629,0.285842,0.315039,0.247359,0.282953,0.308882,0.282467,0.26739,0.260973,0.223544,0.257515,0.320452,0.233457,0.262403,0.327426,0.327809,0.243984,0.308441,0.248523,0.312965,0.256875,0.255009,0.247059,0.222978,0.248208],"ari_vs_gt_summary":{"mean":0.272317,"std":0.033048,"min":0.222978,"max":0.327809},"seed_pair_ari":[[1.0,0.743308,0.640219,0.693053,0.754996,0.937639,0.914092,0.877436,0.763466,0.896317,0.949147,0.910939,0.776587,0.787344,0.762081,0.772833,0.64618,0.644038,0.773383,0.654191,0.664757,0.711993,0.880181,0.741194,0.650254,0.762331,0.725133,0.765128,0.690408,0.778573],[0.743308,1.0,0.761936,0.716637,0.937389,0.755244,0.749959,0.719005,0.925136,0.750226,0.751009,0.754832,0.875364,0.709142,0.87782,0.897773,0.603473,0.808227,0.908285,0.565416,0.576288,0.895387,0.722048,0.854666,0.60362,0.884121,0.898314,0.935869,0.877246,0.91529],[0.640219,0.761936,1.0,0.770547,0.73561,0.632595,0.673993,0.60619,0.745391,0.659941,0.640421,0.672791,0.75245,0.647808,0.732552,0.734669,0.650431,0.849338,0.756792,0.615046,0.625973,0.824757,0.617062,0.825395,0.661385,0.706918,0.815384,0.733968,0.745327,0.726888],[0.693053,0.716637,0.770547,1.0,0.701277,0.689414,0.717932,0.659191,0.696079,0.731847,0.689622,0.727278,0.727958,0.67834,0.701178,0.6967,0.740899,0.74198,0.694831,0.693815,0.709715,0.719152,0.668017,0.73189,0.750742,0.71275,0.730789,0.717149,0.711795,0.732914],[0.754996,0.937389,0.73561,0.701277,1.0,0.766956,0.756143,0.732414,0.948432,0.759745,0.759357,0.765366,0.858984,0.723349,0.916852,0.913052,0.588191,0.799825,0.897309,0.548936,0.558606,0.867432,0.736181,0.819902,0.587367,0.893648,0.861929,0.948744,0.879103,0.925763],[0.937639,0.755244,0.632595,0.689414,0.766956,1.0,0.903382,0.922245,0.772326,0.897359,0.966146,0.906102,0.786944,0.786969,0.75328,0.789982,0.636761,0.655289,0.762302,0.645268,0.654676,0.720536,0.913174,0.734237,0.632812,0.784464,0.737526,0.778841,0.699882,0.788472],[0.914092,0.749959,0.673993,0.717932,0.756143,0.903382,1.0,0.848913,0.755524,0.959538,0.918325,0.969473,0.765332,0.806913,0.787751,0.759782,0.607682,0.640878,0.73678,0.619641,0.629975,0.709063,0.845623,0.733802,0.606958,0.763533,0.722925,0.766933,0.709218,0.783677],[0.877436,0.719005,0.60619,0.659191,0.732414,0.922245,0.848913,1.0,0.749955,0.844347,0.901434,0.847963,0.763663,0.818563,0.713669,0.773267,0.622757,0.625523,0.731119,0.635158,0.642316,0.688812,0.950161,0.697405,0.616561,0.777762,0.709356,0.749385,0.664521,0.75643],[0.763466,0.925136,0.745391,0.696079,0.948432,0.772326,0.755524,0.749955,1.0,0.758597,0.764165,0.767186,0.895601,0.732747,0.888789,0.947525,0.608898,0.799282,0.923627,0.570514,0.582489,0.886184,0.750814,0.843898,0.609944,0.90381,0.880617,0.947918,0.839112,0.919695],[0.896317,0.750226,0.659941,0.731847,0.759745,0.897359,0.959538,0.844347,0.758597,1.0,0.911439,0.959362,0.764408,0.790622,0.79792,0.758532,0.608145,0.633368,0.737345,0.620545,0.630517,0.705008,0.833636,0.727485,0.609901,0.762742,0.721359,0.769126,0.712847,0.785946],[0.949147,0.751009,0.640421,0.689622,0.759357,0.966146,0.918325,0.901434,0.764165,0.911439,1.0,0.920033,0.777922,0.783281,0.751918,0.779185,0.630802,0.648254,0.753785,0.639716,0.649317,0.717275,0.894375,0.745374,0.634151,0.771247,0.731513,0.772292,0.698869,0.784018],[0.910939,0.754832,0.672791,0.727278,0.765366,0.906102,0.969473,0.847963,0.767186,0.959362,0.920033,1.0,0.773909,0.816855,0.799104,0.769323,0.613535,0.637101,0.743816,0.615477,0.623482,0.709261,0.860765,0.73524,0.614492,0.775385,0.72517,0.777173,0.710752,0.794295],[0.776587,0.875364,0.75245,0.727958,0.858984,0.786944,0.765332,0.763663,0.895601,0.764408,0.777922,0.773909,1.0,0.731981,0.804425,0.905896,0.664482,0.774212,0.909481,0.623739,0.638488,0.872904,0.765004,0.899761,0.668555,0.874217,0.900373,0.879431,0.781486,0.890225],[0.787344,0.709142,0.647808,0.67834,0.723349,0.786969,0.806913,0.818563,0.732747,0.790622,0.783281,0.816855,0.731981,1.0,0.750697,0.750293,0.580514,0.607054,0.718671,0.545927,0.551251,0.672895,0.850392,0.694502,0.587247,0.767141,0.685853,0.742107,0.655911,0.748643],[0.762081,0.87782,0.732552,0.701178,0.916852,0.75328,0.787751,0.713669,0.888789,0.79792,0.751918,0.799104,0.804425,0.750697,1.0,0.85365,0.543123,0.755867,0.848165,0.510662,0.519866,0.815139,0.719319,0.775459,0.548631,0.841938,0.800174,0.885166,0.841387,0.876224],[0.772833,0.897773,0.734669,0.6967,0.913052,0.789982,0.759782,0.773267,0.947525,0.758532,0.779185,0.769323,0.905896,0.750293,0.85365,1.0,0.625233,0.77094,0.927186,0.585502,0.595704,0.870639,0.773179,0.858716,0.630195,0.926031,0.881354,0.944227,0.806431,0.924387],[0.64618,0.603473,0.650431,0.740899,0.588191,0.636761,0.607682,0.622757,0.608898,0.608145,0.630802,0.613535,0.664482,0.580514,0.543123,0.625233,1.0,0.661225,0.650581,0.934973,0.931913,0.64669,0.633124,0.657943,0.954547,0.599767,0.665181,0.598918,0.571498,0.602513],[0.644038,0.808227,0.849338,0.74198,0.799825,0.655289,0.640878,0.625523,0.799282,0.633368,0.648254,0.637101,0.774212,0.607054,0.755867,0.77094,0.661225,1.0,0.798069,0.620648,0.636861,0.876363,0.630954,0.821358,0.659256,0.726194,0.852227,0.765759,0.841656,0.745964],[0.773383,0.908285,0.756792,0.694831,0.897309,0.762302,0.73678,0.731119,0.923627,0.737345,0.753785,0.743816,0.909481,0.718671,0.848165,0.927186,0.650581,0.798069,1.0,0.611595,0.622644,0.896887,0.733997,0.869812,0.652439,0.873866,0.903046,0.911064,0.812751,0.891642],[0.654191,0.565416,0.615046,0.693815,0.548936,0.645268,0.619641,0.635158,0.570514,0.620545,0.639716,0.615477,0.623739,0.545927,0.510662,0.585502,0.934973,0.620648,0.611595,1.0,0.964885,0.605615,0.633345,0.620683,0.914882,0.559172,0.6217,0.55931,0.53502,0.562915],[0.664757,0.576288,0.625973,0.709715,0.558606,0.654676,0.629975,0.642316,0.582489,0.630517,0.649317,0.623482,0.638488,0.551251,0.519866,0.595704,0.931913,0.636861,0.622644,0.964885,1.0,0.620237,0.636469,0.63497,0.93006,0.567214,0.634013,0.569217,0.547039,0.572924],[0.711993,0.895387,0.824757,0.719152,0.867432,0.720536,0.709063,0.688812,0.886184,0.705008,0.717275,0.709261,0.872904,0.672895,0.815139,0.870639,0.64669,0.876363,0.896887,0.605615,0.620237,1.0,0.696376,0.923445,0.649633,0.815496,0.949807,0.85594,0.862154,0.834772],[0.880181,0.722048,0.617062,0.668017,0.736181,0.913174,0.845623,0.950161,0.750814,0.833636,0.894375,0.860765,0.765004,0.850392,0.719319,0.773179,0.633124,0.630954,0.733997,0.633345,0.636469,0.696376,1.0,0.708077,0.626572,0.77427,0.711532,0.752917,0.666152,0.758925],[0.741194,0.854666,0.825395,0.73189,0.819902,0.734237,0.733802,0.697405,0.843898,0.727485,0.745374,0.73524,0.899761,0.694502,0.775459,0.858716,0.657943,0.821358,0.869812,0.620683,0.63497,0.923445,0.708077,1.0,0.67071,0.8256,0.941349,0.836605,0.809004,0.8489],[0.650254,0.60362,0.661385,0.750742,0.587367,0.632812,0.606958,0.616561,0.609944,0.609901,0.634151,0.614492,0.668555,0.587247,0.548631,0.630195,0.954547,0.659256,0.652439,0.914882,0.93006,0.649633,0.626572,0.67071,1.0,0.602209,0.661953,0.598525,0.571452,0.602859],[0.762331,0.884121,0.706918,0.71275,0.893648,0.784464,0.763533,0.777762,0.90381,0.762742,0.771247,0.775385,0.874217,0.767141,0.841938,0.926031,0.599767,0.726194,0.873866,0.559172,0.567214,0.815496,0.77427,0.8256,0.602209,1.0,0.841555,0.931856,0.801622,0.940446],[0.725133,0.898314,0.815384,0.730789,0.861929,0.737526,0.722925,0.709356,0.880617,0.721359,0.731513,0.72517,0.900373,0.685853,0.800174,0.881354,0.665181,0.852227,0.903046,0.6217,0.634013,0.949807,0.711532,0.941349,0.661953,0.841555,1.0,0.86856,0.846356,0.864423],[0.765128,0.935869,0.733968,0.717149,0.948744,0.778841,0.766933,0.749385,0.947918,0.769126,0.772292,0.777173,0.879431,0.742107,0.885166,0.944227,0.598918,0.765759,0.911064,0.55931,0.569217,0.85594,0.752917,0.836605,0.598525,0.931856,0.86856,1.0,0.846793,0.960531],[0.690408,0.877246,0.745327,0.711795,0.879103,0.699882,0.709218,0.664521,0.839112,0.712847,