{"scene_id":"kennedy-space-center","method":"cae_1d_8","n_seeds":7,"latent_dim":8,"samples_per_class":220,"ari_vs_gt_per_seed":[0.280663,0.23761,0.22948,0.278289,0.307644,0.315012,0.242024],"ari_vs_gt_summary":{"mean":0.270103,"std":0.031846,"min":0.22948,"max":0.315012},"seed_pair_ari":[[1.0,0.814797,0.698273,0.689993,0.644878,0.795225,0.805449],[0.814797,1.0,0.75206,0.711993,0.630996,0.738223,0.807195],[0.698273,0.75206,1.0,0.772653,0.664199,0.61896,0.854313],[0.689993,0.711993,0.772653,1.0,0.759604,0.676209,0.755794],[0.644878,0.630996,0.664199,0.759604,1.0,0.606874,0.690456],[0.795225,0.738223,0.61896,0.676209,0.606874,1.0,0.672113],[0.805449,0.807195,0.854313,0.755794,0.690456,0.672113,1.0]],"seed_pair_procrustes_dist":[[0.0,0.119064,0.228719,0.118438,0.16055,0.114331,0.137656],[0.119064,0.0,0.16252,0.11285,0.125559,0.112516,0.081316],[0.228719,0.16252,0.0,0.171658,0.163195,0.235572,0.177474],[0.118438,0.11285,0.171658,0.0,0.106053,0.144605,0.14471],[0.16055,0.125559,0.163195,0.106053,0.0,0.119216,0.183102],[0.114331,0.112516,0.235572,0.144605,0.119216,0.0,0.166271],[0.137656,0.081316,0.177474,0.14471,0.183102,0.166271,0.0]],"off_diagonal_summary":{"ari_mean":0.721917,"ari_min":0.606874,"ari_std":0.069248,"procrustes_mean":0.146923,"procrustes_max":0.235572},"framework_axis":"B-6 follow-up: deep-method seed stability for CAE-1D \u2014 pairwise cluster ARI + Procrustes between latent embeddings across N_SEEDS torch initialisations","generated_at":"2026-05-09T14:12:26Z","builder_version":"build_deep_seed_stability v0.1"}