{"scene_id":"kennedy-space-center","method":"beta_vae_8","n_seeds":15,"latent_dim":8,"samples_per_class":220,"ari_vs_gt_per_seed":[0.183395,0.191461,0.253705,0.230462,0.18632,0.192463,0.275501,0.286243,0.220027,0.244883,0.216439,0.268087,0.231851,0.206773,0.220638],"ari_vs_gt_summary":{"mean":0.227217,"std":0.031875,"min":0.183395,"max":0.286243},"seed_pair_ari":[[1.0,0.415588,0.536274,0.347994,0.333039,0.347103,0.407772,0.419941,0.435766,0.35103,0.403936,0.501273,0.322891,0.37035,0.365176],[0.415588,1.0,0.547385,0.503366,0.595089,0.632361,0.548138,0.432585,0.446722,0.482809,0.432015,0.450159,0.453951,0.519908,0.552276],[0.536274,0.547385,1.0,0.560668,0.493406,0.494098,0.512809,0.494418,0.547518,0.579034,0.514978,0.53654,0.526319,0.627602,0.567464],[0.347994,0.503366,0.560668,1.0,0.477524,0.520147,0.52923,0.429242,0.557217,0.813402,0.530643,0.473134,0.83229,0.720495,0.764421],[0.333039,0.595089,0.493406,0.477524,1.0,0.729048,0.595326,0.382714,0.477305,0.455572,0.420913,0.474942,0.449743,0.466226,0.521583],[0.347103,0.632361,0.494098,0.520147,0.729048,1.0,0.681779,0.38198,0.526295,0.502165,0.483455,0.468139,0.481352,0.515058,0.604362],[0.407772,0.548138,0.512809,0.52923,0.595326,0.681779,1.0,0.433994,0.590546,0.508705,0.531613,0.546807,0.506205,0.521439,0.581142],[0.419941,0.432585,0.494418,0.429242,0.382714,0.38198,0.433994,1.0,0.529358,0.44533,0.542701,0.666776,0.422654,0.418561,0.418483],[0.435766,0.446722,0.547518,0.557217,0.477305,0.526295,0.590546,0.529358,1.0,0.573501,0.758528,0.664332,0.5571,0.503372,0.559636],[0.35103,0.482809,0.579034,0.813402,0.455572,0.502165,0.508705,0.44533,0.573501,1.0,0.537181,0.495383,0.759545,0.70129,0.736142],[0.403936,0.432015,0.514978,0.530643,0.420913,0.483455,0.531613,0.542701,0.758528,0.537181,1.0,0.61372,0.534904,0.492904,0.518109],[0.501273,0.450159,0.53654,0.473134,0.474942,0.468139,0.546807,0.666776,0.664332,0.495383,0.61372,1.0,0.467069,0.480061,0.482741],[0.322891,0.453951,0.526319,0.83229,0.449743,0.481352,0.506205,0.422654,0.5571,0.759545,0.534904,0.467069,1.0,0.673299,0.68539],[0.37035,0.519908,0.627602,0.720495,0.466226,0.515058,0.521439,0.418561,0.503372,0.70129,0.492904,0.480061,0.673299,1.0,0.744069],[0.365176,0.552276,0.567464,0.764421,0.521583,0.604362,0.581142,0.418483,0.559636,0.736142,0.518109,0.482741,0.68539,0.744069,1.0]],"seed_pair_procrustes_dist":[[0.0,0.843694,1.492759,0.937708,1.054139,1.376623,2.065004,1.057556,1.4164,1.17505,0.644442,0.679314,0.861225,1.681728,0.957376],[0.843694,0.0,0.578839,0.849891,0.519489,0.479442,1.013456,0.79806,0.849983,0.902558,0.661243,0.644873,0.839363,0.97708,0.761543],[1.492759,0.578839,0.0,0.746463,0.637786,0.391312,0.471472,0.573485,0.538664,0.634566,0.582831,0.561189,0.732743,0.514039,0.733448],[0.937708,0.849891,0.746463,0.0,1.068105,1.634769,2.714367,1.598083,0.992933,0.663277,0.740484,0.692544,0.223605,1.472959,0.304795],[1.054139,0.519489,0.637786,1.068105,0.0,0.694678,1.780018,1.475631,0.915966,0.973163,0.995927,0.945423,0.840895,1.241482,0.591262],[1.376623,0.479442,0.391312,1.634769,0.694678,0.0,0.804929,0.835549,0.602493,0.725156,0.716285,0.678039,0.779981,0.677048,0.690361],[2.065004,1.013456,0.471472,2.714367,1.780018,0.804929,0.0,0.521392,0.668076,0.717848,0.653998,0.65506,0.803506,0.588364,0.824747],[1.057556,0.79806,0.573485,1.598083,1.475631,0.835549,0.521392,0.0,0.699918,0.601934,0.455552,0.458714,0.684225,0.688145,0.805673],[1.4164,0.849983,0.538664,0.992933,0.915966,0.602493,0.668076,0.699918,0.0,0.287729,0.520293,0.47796,0.507793,0.339555,0.555181],[1.17505,0.902558,0.634566,0.663277,0.973163,0.725156,0.717848,0.601934,0.287729,0.0,0.437915,0.406524,0.392602,0.566402,0.522107],[0.644442,0.661243,0.582831,0.740484,0.995927,0.716285,0.653998,0.455552,0.520293,0.437915,0.0,0.223955,0.443151,0.926162,0.637057],[0.679314,0.644873,0.561189,0.692544,0.945423,0.678039,0.65506,0.458714,0.47796,0.406524,0.223955,0.0,0.430198,0.889167,0.591009],[0.861225,0.839363,0.732743,0.223605,0.840895,0.779981,0.803506,0.684225,0.507793,0.392602,0.443151,0.430198,0.0,1.401061,0.393265],[1.681728,0.97708,0.514039,1.472959,1.241482,0.677048,0.588364,0.688145,0.339555,0.566402,0.926162,0.889167,1.401061,0.0,0.654912],[0.957376,0.761543,0.733448,0.304795,0.591262,0.690361,0.824747,0.805673,0.555181,0.522107,0.637057,0.591009,0.393265,0.654912,0.0]],"off_diagonal_summary":{"ari_mean":0.524553,"ari_min":0.322891,"ari_std":0.106824,"procrustes_mean":0.797507,"procrustes_max":2.714367},"framework_axis":"B-6 follow-up: deep-method seed stability for CAE-1D \u2014 pairwise cluster ARI + Procrustes between latent embeddings across N_SEEDS torch initialisations","generated_at":"2026-05-09T14:35:18Z","builder_version":"build_deep_seed_stability v0.1"}