{"scene_id":"kennedy-space-center","method":"cae_2d_8","n_seeds":7,"latent_dim":8,"samples_per_class":220,"ari_vs_gt_per_seed":[0.205244,0.216982,0.219842,0.221382,0.209167,0.215663,0.222623],"ari_vs_gt_summary":{"mean":0.215843,"std":0.005987,"min":0.205244,"max":0.222623},"seed_pair_ari":[[1.0,0.785405,0.88998,0.80411,0.881684,0.769994,0.831292],[0.785405,1.0,0.821923,0.903283,0.85743,0.851744,0.897213],[0.88998,0.821923,1.0,0.83523,0.891015,0.777004,0.869751],[0.80411,0.903283,0.83523,1.0,0.863691,0.838544,0.912878],[0.881684,0.85743,0.891015,0.863691,1.0,0.824099,0.897921],[0.769994,0.851744,0.777004,0.838544,0.824099,1.0,0.818463],[0.831292,0.897213,0.869751,0.912878,0.897921,0.818463,1.0]],"seed_pair_procrustes_dist":[[0.0,0.075995,0.06377,0.053434,0.05701,0.069795,0.051652],[0.075995,0.0,0.08379,0.053206,0.052509,0.071302,0.049979],[0.06377,0.08379,0.0,0.048388,0.063984,0.049331,0.058367],[0.053434,0.053206,0.048388,0.0,0.041389,0.045857,0.042099],[0.05701,0.052509,0.063984,0.041389,0.0,0.055121,0.043328],[0.069795,0.071302,0.049331,0.045857,0.055121,0.0,0.055208],[0.051652,0.049979,0.058367,0.042099,0.043328,0.055208,0.0]],"off_diagonal_summary":{"ari_mean":0.848698,"ari_min":0.769994,"ari_std":0.042181,"procrustes_mean":0.056453,"procrustes_max":0.08379},"framework_axis":"B-6 follow-up: deep-method seed stability for CAE-1D \u2014 pairwise cluster ARI + Procrustes between latent embeddings across N_SEEDS torch initialisations","generated_at":"2026-05-06T12:24:55Z","builder_version":"build_deep_seed_stability v0.1"}