{"scene_id":"kennedy-space-center","method":"cae_1d_8","n_seeds":7,"latent_dim":8,"samples_per_class":220,"ari_vs_gt_per_seed":[0.328779,0.243151,0.230251,0.253479,0.260916,0.315012,0.285885],"ari_vs_gt_summary":{"mean":0.273925,"std":0.034397,"min":0.230251,"max":0.328779},"seed_pair_ari":[[1.0,0.59648,0.634996,0.606789,0.628466,0.645272,0.6331],[0.59648,1.0,0.816255,0.914438,0.917366,0.735228,0.751942],[0.634996,0.816255,1.0,0.766875,0.792224,0.61989,0.647267],[0.606789,0.914438,0.766875,1.0,0.909625,0.775919,0.775603],[0.628466,0.917366,0.792224,0.909625,1.0,0.759018,0.749015],[0.645272,0.735228,0.61989,0.775919,0.759018,1.0,0.871463],[0.6331,0.751942,0.647267,0.775603,0.749015,0.871463,1.0]],"seed_pair_procrustes_dist":[[0.0,0.119128,0.228694,0.119141,0.160065,0.114378,0.137751],[0.119128,0.0,0.162578,0.113522,0.125255,0.11256,0.081387],[0.228694,0.162578,0.0,0.17143,0.163046,0.235606,0.177499],[0.119141,0.113522,0.17143,0.0,0.105906,0.145597,0.145138],[0.160065,0.125255,0.163046,0.105906,0.0,0.119226,0.182838],[0.114378,0.11256,0.235606,0.145597,0.119226,0.0,0.166402],[0.137751,0.081387,0.177499,0.145138,0.182838,0.166402,0.0]],"off_diagonal_summary":{"ari_mean":0.740344,"ari_min":0.59648,"ari_std":0.103649,"procrustes_mean":0.147007,"procrustes_max":0.235606},"framework_axis":"B-6 follow-up: deep-method seed stability for CAE-1D \u2014 pairwise cluster ARI + Procrustes between latent embeddings across N_SEEDS torch initialisations","generated_at":"2026-05-06T11:02:58Z","builder_version":"build_deep_seed_stability v0.1"}