{"scene_id":"kennedy-space-center","method":"beta_vae_8","n_seeds":15,"latent_dim":8,"samples_per_class":220,"ari_vs_gt_per_seed":[0.217143,0.221125,0.224758,0.278907,0.222743,0.243693,0.193645,0.17724,0.260985,0.236206,0.214347,0.211481,0.198604,0.223232,0.252094],"ari_vs_gt_summary":{"mean":0.22508,"std":0.025498,"min":0.17724,"max":0.278907},"seed_pair_ari":[[1.0,0.592275,0.556306,0.677222,0.526805,0.593777,0.462909,0.544647,0.676223,0.513264,0.498243,0.878863,0.583777,0.774923,0.705967],[0.592275,1.0,0.547357,0.476146,0.649308,0.515499,0.508725,0.652702,0.495386,0.560735,0.575618,0.58284,0.754551,0.529089,0.468528],[0.556306,0.547357,1.0,0.462204,0.558854,0.638389,0.450377,0.457426,0.509481,0.606491,0.479081,0.541775,0.493481,0.534194,0.470259],[0.677222,0.476146,0.462204,1.0,0.478846,0.559744,0.483903,0.447574,0.765967,0.419599,0.50474,0.657004,0.471602,0.610472,0.793436],[0.526805,0.649308,0.558854,0.478846,1.0,0.529224,0.53757,0.57344,0.483661,0.547524,0.647425,0.527989,0.662159,0.481201,0.475786],[0.593777,0.515499,0.638389,0.559744,0.529224,1.0,0.405062,0.418216,0.601799,0.530328,0.439431,0.594388,0.454343,0.583188,0.581178],[0.462909,0.508725,0.450377,0.483903,0.53757,0.405062,1.0,0.573367,0.44801,0.370944,0.733949,0.433487,0.559699,0.413039,0.433041],[0.544647,0.652702,0.457426,0.447574,0.57344,0.418216,0.573367,1.0,0.454508,0.411055,0.602378,0.509343,0.763877,0.466728,0.431297],[0.676223,0.495386,0.509481,0.765967,0.483661,0.601799,0.44801,0.454508,1.0,0.424498,0.459465,0.631609,0.474867,0.621078,0.78707],[0.513264,0.560735,0.606491,0.419599,0.547524,0.530328,0.370944,0.411055,0.424498,1.0,0.414118,0.523569,0.450567,0.498585,0.425121],[0.498243,0.575618,0.479081,0.50474,0.647425,0.439431,0.733949,0.602378,0.459465,0.414118,1.0,0.476436,0.643015,0.431582,0.452363],[0.878863,0.58284,0.541775,0.657004,0.527989,0.594388,0.433487,0.509343,0.631609,0.523569,0.476436,1.0,0.546393,0.788413,0.680435],[0.583777,0.754551,0.493481,0.471602,0.662159,0.454343,0.559699,0.763877,0.474867,0.450567,0.643015,0.546393,1.0,0.479809,0.459964],[0.774923,0.529089,0.534194,0.610472,0.481201,0.583188,0.413039,0.466728,0.621078,0.498585,0.431582,0.788413,0.479809,1.0,0.633243],[0.705967,0.468528,0.470259,0.793436,0.475786,0.581178,0.433041,0.431297,0.78707,0.425121,0.452363,0.680435,0.459964,0.633243,1.0]],"seed_pair_procrustes_dist":[[0.0,0.394965,0.35218,2.557938,1.425574,0.778728,1.274914,1.040429,2.285644,1.460951,1.503801,0.23123,0.958298,0.590015,0.484084],[0.394965,0.0,0.385948,2.708155,1.58044,1.081756,1.285936,0.747441,2.507367,1.64403,1.516914,0.486872,0.702794,0.924744,0.816849],[0.35218,0.385948,0.0,2.360458,1.252187,0.718938,1.097376,0.807025,2.085835,1.415513,1.264318,0.313637,0.782031,0.576946,0.545945],[2.557938,2.708155,2.360458,0.0,0.533924,0.687176,0.541285,0.731695,0.770619,0.912664,0.45478,0.835105,0.721878,0.722651,0.779997],[1.425574,1.58044,1.252187,0.533924,0.0,0.407569,0.544563,0.654258,0.627414,0.65191,0.375022,0.645667,0.590507,0.520668,0.644081],[0.778728,1.081756,0.718938,0.687176,0.407569,0.0,0.730366,0.851,1.103613,0.79422,0.732659,0.466312,0.795943,0.258001,0.43195],[1.274914,1.285936,1.097376,0.541285,0.544563,0.730366,0.0,0.523757,1.468729,1.352388,0.485731,0.796197,0.668293,0.626953,0.672193],[1.040429,0.747441,0.807025,0.731695,0.654258,0.851,0.523757,0.0,1.838909,1.421404,0.835512,0.815436,0.360469,0.932617,0.914566],[2.285644,2.507367,2.085835,0.770619,0.627414,1.103613,1.468729,1.838909,0.0,0.516127,0.611482,0.726188,0.691371,0.663422,0.745968],[1.460951,1.64403,1.415513,0.912664,0.65191,0.79422,1.352388,1.421404,0.516127,0.0,0.867169,0.632542,0.686778,0.641526,0.718763],[1.503801,1.516914,1.264318,0.45478,0.375022,0.732659,0.485731,0.835512,0.611482,0.867169,0.0,0.7234,0.531239,0.605139,0.694543],[0.23123,0.486872,0.313637,0.835105,0.645667,0.466312,0.796197,0.815436,0.726188,0.632542,0.7234,0.0,1.108633,0.58212,0.435575],[0.958298,0.702794,0.782031,0.721878,0.590507,0.795943,0.668293,0.360469,0.691371,0.686778,0.531239,1.108633,0.0,0.852327,0.8621],[0.590015,0.924744,0.576946,0.722651,0.520668,0.258001,0.626953,0.932617,0.663422,0.641526,0.605139,0.58212,0.852327,0.0,0.290377],[0.484084,0.816849,0.545945,0.779997,0.644081,0.43195,0.672193,0.914566,0.745968,0.718763,0.694543,0.435575,0.8621,0.290377,0.0]],"off_diagonal_summary":{"ari_mean":0.545499,"ari_min":0.370944,"ari_std":0.104046,"procrustes_mean":0.879673,"procrustes_max":2.708155},"framework_axis":"B-6 follow-up: deep-method seed stability for CAE-1D \u2014 pairwise cluster ARI + Procrustes between latent embeddings across N_SEEDS torch initialisations","generated_at":"2026-05-06T21:01:32Z","builder_version":"build_deep_seed_stability v0.1"}