{"scene_id":"kennedy-space-center","method":"cae_2d_8","n_seeds":30,"latent_dim":8,"samples_per_class":220,"ari_vs_gt_per_seed":[0.215877,0.208074,0.205619,0.234934,0.215151,0.213504,0.211145,0.221108,0.213665,0.219988,0.2162,0.21126,0.209827,0.207784,0.221541,0.21424,0.205473,0.21121,0.209002,0.211178,0.220111,0.218215,0.206227,0.242197,0.212598,0.217896,0.233119,0.235284,0.214326,0.210666],"ari_vs_gt_summary":{"mean":0.216247,"std":0.009107,"min":0.205473,"max":0.242197},"seed_pair_ari":[[1.0,0.934774,0.837121,0.7657,0.918945,0.866529,0.783284,0.893113,0.821691,0.820116,0.858798,0.776184,0.780432,0.84556,0.903248,0.770883,0.812655,0.898915,0.881524,0.923801,0.884736,0.810363,0.728965,0.74782,0.806084,0.857469,0.778689,0.78641,0.780811,0.752417],[0.934774,1.0,0.848651,0.744358,0.917906,0.869537,0.788041,0.883974,0.82001,0.821101,0.854101,0.768412,0.784742,0.866989,0.916029,0.775605,0.834807,0.914302,0.890371,0.930201,0.894516,0.80674,0.731683,0.730565,0.813495,0.846323,0.768064,0.762295,0.772042,0.764927],[0.837121,0.848651,1.0,0.698335,0.846078,0.830707,0.854717,0.815284,0.845133,0.857424,0.840012,0.855774,0.875272,0.87427,0.855675,0.857826,0.926718,0.866367,0.91082,0.865844,0.852006,0.89857,0.807461,0.71606,0.852563,0.846928,0.716805,0.718455,0.848779,0.809701],[0.7657,0.744358,0.698335,1.0,0.746872,0.765812,0.700679,0.768342,0.713482,0.70464,0.741179,0.683412,0.679394,0.695458,0.736508,0.682264,0.689451,0.734211,0.727725,0.747686,0.73324,0.691265,0.654631,0.771535,0.699106,0.73321,0.835846,0.925338,0.700209,0.677259],[0.918945,0.917906,0.846078,0.746872,1.0,0.874343,0.780988,0.906083,0.802746,0.809135,0.837329,0.778592,0.782595,0.844169,0.885427,0.772659,0.819158,0.910944,0.851887,0.900977,0.886942,0.813806,0.730338,0.735962,0.789255,0.849509,0.788733,0.779924,0.779517,0.74298],[0.866529,0.869537,0.830707,0.765812,0.874343,1.0,0.786051,0.887875,0.840072,0.775934,0.80883,0.742902,0.768182,0.816142,0.838802,0.753116,0.798421,0.924206,0.861336,0.907993,0.825385,0.78193,0.70227,0.751507,0.754845,0.845588,0.762089,0.780359,0.756869,0.735464],[0.783284,0.788041,0.854717,0.700679,0.780988,0.786051,1.0,0.765679,0.848061,0.826413,0.813797,0.887645,0.929423,0.846703,0.784245,0.916035,0.863895,0.800304,0.833186,0.81235,0.818308,0.858817,0.822077,0.719758,0.826903,0.80798,0.734582,0.725873,0.913549,0.854589],[0.893113,0.883974,0.815284,0.768342,0.906083,0.887875,0.765679,1.0,0.802027,0.794136,0.81431,0.754211,0.773616,0.817465,0.875699,0.772428,0.786673,0.885815,0.831544,0.885723,0.862813,0.788364,0.713963,0.753004,0.766937,0.833884,0.791053,0.788787,0.760847,0.737686],[0.821691,0.82001,0.845133,0.713482,0.802746,0.840072,0.848061,0.802027,1.0,0.806758,0.835958,0.796032,0.829931,0.810815,0.809479,0.816212,0.824097,0.84358,0.859629,0.843883,0.810302,0.815836,0.742163,0.739058,0.804166,0.848099,0.710227,0.709244,0.812641,0.784197],[0.820116,0.821101,0.857424,0.70464,0.809135,0.775934,0.826413,0.794136,0.806758,1.0,0.880656,0.838357,0.82964,0.891121,0.841899,0.834767,0.871863,0.806243,0.845263,0.811345,0.874894,0.871854,0.77975,0.736227,0.851141,0.82879,0.749392,0.711241,0.857073,0.834299],[0.858798,0.854101,0.840012,0.741179,0.837329,0.80883,0.813797,0.81431,0.835958,0.880656,1.0,0.802524,0.803383,0.852824,0.843803,0.80502,0.833072,0.828347,0.855983,0.829542,0.865016,0.830115,0.747988,0.766224,0.863083,0.851761,0.779122,0.741782,0.814467,0.804158],[0.776184,0.768412,0.855774,0.683412,0.778592,0.742902,0.887645,0.754211,0.796032,0.838357,0.802524,1.0,0.927866,0.824999,0.781915,0.928516,0.855273,0.76993,0.800101,0.766951,0.827804,0.881411,0.87422,0.701807,0.830823,0.828429,0.724826,0.710535,0.928301,0.819346],[0.780432,0.784742,0.875272,0.679394,0.782595,0.768182,0.929423,0.773616,0.829931,0.82964,0.803383,0.927866,1.0,0.842985,0.783044,0.950434,0.87174,0.795459,0.823084,0.793669,0.825808,0.875032,0.864001,0.708344,0.832578,0.812006,0.7112,0.702716,0.915911,0.853448],[0.84556,0.866989,0.87427,0.695458,0.844169,0.816142,0.846703,0.817465,0.810815,0.891121,0.852824,0.824999,0.842985,1.0,0.857324,0.839864,0.902056,0.855008,0.863064,0.865787,0.91326,0.887259,0.789585,0.719561,0.815946,0.831581,0.752608,0.713703,0.84656,0.813028],[0.903248,0.916029,0.855675,0.736508,0.885427,0.838802,0.784245,0.875699,0.809479,0.841899,0.843803,0.781915,0.783044,0.857324,1.0,0.789396,0.829068,0.891014,0.890355,0.909018,0.894882,0.833813,0.739042,0.732822,0.822637,0.855797,0.762055,0.748893,0.784542,0.76458],[0.770883,0.775605,0.857826,0.682264,0.772659,0.753116,0.916035,0.772428,0.816212,0.834767,0.80502,0.928516,0.950434,0.839864,0.789396,1.0,0.869207,0.777036,0.80863,0.777893,0.831596,0.876887,0.865331,0.715219,0.842264,0.809337,0.723773,0.702649,0.920223,0.848545],[0.812655,0.834807,0.926718,0.689451,0.819158,0.798421,0.863895,0.786673,0.824097,0.871863,0.833072,0.855273,0.87174,0.902056,0.829068,0.869207,1.0,0.835269,0.878485,0.841448,0.867612,0.918376,0.810293,0.70576,0.876107,0.814162,0.728154,0.707415,0.868933,0.836298],[0.898915,0.914302,0.866367,0.734211,0.910944,0.924206,0.800304,0.885815,0.84358,0.806243,0.828347,0.76993,0.795459,0.855008,0.891014,0.777036,0.835269,1.0,0.892729,0.944088,0.863893,0.812479,0.728991,0.732104,0.786904,0.873863,0.745125,0.750796,0.773492,0.755463],[0.881524,0.890371,0.91082,0.727725,0.851887,0.861336,0.833186,0.831544,0.859629,0.845263,0.855983,0.800101,0.823084,0.863064,0.890355,0.80863,0.878485,0.892729,1.0,0.916689,0.843352,0.856338,0.753697,0.721508,0.838736,0.847957,0.730911,0.736057,0.808423,0.791528],[0.923801,0.930201,0.865844,0.747686,0.900977,0.907993,0.81235,0.885723,0.843883,0.811345,0.829542,0.766951,0.793669,0.865787,0.909018,0.777893,0.841448,0.944088,0.916689,1.0,0.874092,0.820012,0.724057,0.727596,0.792139,0.85769,0.757655,0.767141,0.782372,0.759157],[0.884736,0.894516,0.852006,0.73324,0.886942,0.825385,0.818308,0.862813,0.810302,0.874894,0.865016,0.827804,0.825808,0.91326,0.894882,0.831596,0.867612,0.863893,0.843352,0.874092,1.0,0.877406,0.77429,0.741123,0.819664,0.856552,0.797559,0.750592,0.838993,0.794451],[0.810363,0.80674,0.89857,0.691265,0.813806,0.78193,0.858817,0.788364,0.815836,0.871854,0.830115,0.881411,0.875032,0.887259,0.833813,0.876887,0.918376,0.812479,0.856338,0.820012,0.877406,1.0,0.817502,0.725236,0.853839,0.832823,0.734772,0.713835,0.892698,0.809431],[0.728965,0.731683,0.807461,0.654631,0.730338,0.70227,0.822077,0.713963,0.742163,0.77975,0.747988,0.87422,0.864001,0.789585,0.739042,0.865331,0.810293,0.728991,0.753697,0.724057,0.77429,0.817502,1.0,0.658084,0.776242,0.76805,0.688942,0.657699,0.843744,0.811269],[0.74782,0.730565,0.71606,0.771535,0.735962,0.751507,0.719758,0.753004,0.739058,0.736227,0.766224,0.701807,0.708344,0.719561,0.732822,0.715219,0.70576,0.732104,0.721508,0.727596,0.741123,0.725236,0.658084,1.0,0.731851,0.740821,0.73916,0.778516,0.714597,0.708529],[0.806084,0.813495,0.852563,0.699106,0.789255,0.754845,0.826903,0.766937,0.804166,0.851141,0.863083,0.830823,0.832578,0.815946,0.822637,0.842264,0.876107,0.786904,0.838736,0.792139,0.819664,0.853839,0.776242,0.731851,1.0,0.787635,0.73277,0.702304,0.851334,0.851104],[0.857469,0.846323,0.846928,0.73321,0.849509,0.845588,0.80798,0.833884,0.848099,0.82879,0.851761,0.828429,0.812006,0.831581,0.855797,0.809337,0.814162,0.873863,0.847957,0.85769,0.856552,0.832823,0.76805,0.740821,0.787635,1.0,0.7424,0.739172,0.8105,0.743811],[0.778689,0.768064,0.716805,0.835846,0.788733,0.762089,0.734582,0.791053,0.710227,0.749392,0.779122,0.724826,0.7112,0.752608,0.762055,0.723773,0.728154,0.745125,0.730911,0.757655,0.797559,0.734772,0.688942,0.73916,0.73277,0.7424,1.0,0.839982,0.739298,0.717982],[0.78641,0.762295,0.718455,0.925338,0.779924,0.780359,0.725873,0.788787,0.709244,0.711241,0.741782,0.710535,0.702716,0.713703,0.748893,0.702649,0.707415,0.750796,0.736057,0.767141,0.750592,0.713835,0.657699,0.778516,0.702304,0.739172,0.839982,1.0,0.724957,0.68074],[0.780811,0.772042,0.848779,0.700209,0.779517,0.756869,0.913549,0.760847,0.812641,0.857073,0.814467,0.928301,