{"scene_id":"kennedy-space-center","method":"cae_3d_8","n_seeds":15,"latent_dim":8,"samples_per_class":220,"ari_vs_gt_per_seed":[0.198476,0.199856,0.202081,0.193733,0.200918,0.200965,0.198294,0.199873,0.2134,0.201702,0.201201,0.200914,0.19738,0.198269,0.195831],"ari_vs_gt_summary":{"mean":0.200193,"std":0.00418,"min":0.193733,"max":0.2134},"seed_pair_ari":[[1.0,0.83053,0.791599,0.801821,0.853409,0.875231,0.863802,0.878214,0.779554,0.87394,0.833614,0.889084,0.864325,0.845629,0.837042],[0.83053,1.0,0.84792,0.748918,0.880924,0.814603,0.840289,0.81511,0.751793,0.838869,0.799894,0.8311,0.845335,0.80347,0.82207],[0.791599,0.84792,1.0,0.751011,0.835518,0.786857,0.78204,0.792757,0.712913,0.79924,0.814956,0.811263,0.831693,0.81873,0.783808],[0.801821,0.748918,0.751011,1.0,0.767567,0.834246,0.77953,0.820477,0.747716,0.803716,0.845365,0.829628,0.797531,0.863708,0.827757],[0.853409,0.880924,0.835518,0.767567,1.0,0.853622,0.860187,0.845711,0.772855,0.852302,0.833324,0.865116,0.866752,0.840095,0.83323],[0.875231,0.814603,0.786857,0.834246,0.853622,1.0,0.852812,0.877386,0.805409,0.883316,0.890427,0.884769,0.862302,0.861937,0.872707],[0.863802,0.840289,0.78204,0.77953,0.860187,0.852812,1.0,0.814079,0.768399,0.861332,0.816668,0.848352,0.856979,0.829381,0.846975],[0.878214,0.81511,0.792757,0.820477,0.845711,0.877386,0.814079,1.0,0.791373,0.84994,0.868375,0.886588,0.847277,0.874363,0.840245],[0.779554,0.751793,0.712913,0.747716,0.772855,0.805409,0.768399,0.791373,1.0,0.775357,0.772208,0.769422,0.76972,0.759141,0.785257],[0.87394,0.838869,0.79924,0.803716,0.852302,0.883316,0.861332,0.84994,0.775357,1.0,0.835429,0.86991,0.858919,0.842543,0.86115],[0.833614,0.799894,0.814956,0.845365,0.833324,0.890427,0.816668,0.868375,0.772208,0.835429,1.0,0.889506,0.851801,0.905121,0.860651],[0.889084,0.8311,0.811263,0.829628,0.865116,0.884769,0.848352,0.886588,0.769422,0.86991,0.889506,1.0,0.873133,0.881842,0.871918],[0.864325,0.845335,0.831693,0.797531,0.866752,0.862302,0.856979,0.847277,0.76972,0.858919,0.851801,0.873133,1.0,0.843375,0.851658],[0.845629,0.80347,0.81873,0.863708,0.840095,0.861937,0.829381,0.874363,0.759141,0.842543,0.905121,0.881842,0.843375,1.0,0.848401],[0.837042,0.82207,0.783808,0.827757,0.83323,0.872707,0.846975,0.840245,0.785257,0.86115,0.860651,0.871918,0.851658,0.848401,1.0]],"seed_pair_procrustes_dist":[[0.0,0.135862,0.106694,0.147234,0.156219,0.095069,0.142853,0.081042,0.117126,0.134366,0.143318,0.130083,0.174474,0.101742,0.159508],[0.135862,0.0,0.111001,0.130638,0.08422,0.122936,0.095982,0.127203,0.070091,0.099184,0.15493,0.131839,0.186969,0.114136,0.108994],[0.106694,0.111001,0.0,0.098969,0.099944,0.087943,0.092191,0.073206,0.096938,0.095972,0.082253,0.073909,0.110871,0.076757,0.100213],[0.147234,0.130638,0.098969,0.0,0.106519,0.107603,0.101535,0.097934,0.105017,0.111182,0.08041,0.079519,0.121718,0.09131,0.070064],[0.156219,0.08422,0.099944,0.106519,0.0,0.111087,0.06759,0.116336,0.082738,0.071526,0.120584,0.094534,0.138191,0.098038,0.07823],[0.095069,0.122936,0.087943,0.107603,0.111087,0.0,0.097314,0.085645,0.075424,0.103819,0.108458,0.089318,0.149154,0.068999,0.122299],[0.142853,0.095982,0.092191,0.101535,0.06759,0.097314,0.0,0.1127,0.076912,0.078051,0.113882,0.093478,0.137477,0.088538,0.086783],[0.081042,0.127203,0.073206,0.097934,0.116336,0.085645,0.1127,0.0,0.10108,0.091836,0.08482,0.073577,0.115484,0.071267,0.106585],[0.117126,0.070091,0.096938,0.105017,0.082738,0.075424,0.076912,0.10108,0.0,0.091817,0.134657,0.110298,0.177575,0.085794,0.10452],[0.134366,0.099184,0.095972,0.111182,0.071526,0.103819,0.078051,0.091836,0.091817,0.0,0.112703,0.087063,0.131289,0.078743,0.088387],[0.143318,0.15493,0.082253,0.08041,0.120584,0.108458,0.113882,0.08482,0.134657,0.112703,0.0,0.054165,0.081146,0.08357,0.090259],[0.130083,0.131839,0.073909,0.079519,0.094534,0.089318,0.093478,0.073577,0.110298,0.087063,0.054165,0.0,0.083593,0.071007,0.076723],[0.174474,0.186969,0.110871,0.121718,0.138191,0.149154,0.137477,0.115484,0.177575,0.131289,0.081146,0.083593,0.0,0.116892,0.112913],[0.101742,0.114136,0.076757,0.09131,0.098038,0.068999,0.088538,0.071267,0.085794,0.078743,0.08357,0.071007,0.116892,0.0,0.103092],[0.159508,0.108994,0.100213,0.070064,0.07823,0.122299,0.086783,0.106585,0.10452,0.088387,0.090259,0.076723,0.112913,0.103092,0.0]],"off_diagonal_summary":{"ari_mean":0.831306,"ari_min":0.712913,"ari_std":0.039531,"procrustes_mean":0.10394,"procrustes_max":0.186969},"framework_axis":"B-6 follow-up: deep-method seed stability for CAE-1D \u2014 pairwise cluster ARI + Procrustes between latent embeddings across N_SEEDS torch initialisations","generated_at":"2026-05-07T03:27:32Z","builder_version":"build_deep_seed_stability v0.1"}