{"scene_id":"kennedy-space-center","method":"cae_3d_8","n_seeds":15,"latent_dim":8,"samples_per_class":220,"ari_vs_gt_per_seed":[0.199266,0.20009,0.201042,0.191153,0.199308,0.196629,0.198294,0.200391,0.199149,0.202019,0.201113,0.201125,0.198872,0.194039,0.195133],"ari_vs_gt_summary":{"mean":0.198508,"std":0.002935,"min":0.191153,"max":0.202019},"seed_pair_ari":[[1.0,0.839407,0.79473,0.78959,0.822081,0.867388,0.863317,0.859507,0.856537,0.854936,0.839402,0.890677,0.883975,0.814838,0.840958],[0.839407,1.0,0.848004,0.754191,0.87558,0.838914,0.842948,0.84209,0.863617,0.836215,0.805716,0.840882,0.852623,0.802433,0.826055],[0.79473,0.848004,1.0,0.746904,0.873758,0.793838,0.784362,0.820852,0.805893,0.785817,0.804265,0.805002,0.829928,0.816866,0.795385],[0.78959,0.754191,0.746904,1.0,0.754699,0.82672,0.772274,0.817966,0.80725,0.798211,0.832774,0.821278,0.789761,0.849693,0.834791],[0.822081,0.87558,0.873758,0.754699,1.0,0.830417,0.81223,0.83687,0.850268,0.811941,0.81456,0.827697,0.842463,0.821367,0.819473],[0.867388,0.838914,0.793838,0.82672,0.830417,1.0,0.852667,0.874724,0.891447,0.876055,0.884075,0.884019,0.863701,0.847461,0.900046],[0.863317,0.842948,0.784362,0.772274,0.81223,0.852667,1.0,0.826601,0.869921,0.862616,0.819067,0.848368,0.862042,0.815255,0.847396],[0.859507,0.84209,0.820852,0.817966,0.83687,0.874724,0.826601,1.0,0.879229,0.856194,0.857358,0.875671,0.853033,0.841274,0.84474],[0.856537,0.863617,0.805893,0.80725,0.850268,0.891447,0.869921,0.879229,1.0,0.884444,0.858412,0.858067,0.853568,0.849381,0.867809],[0.854936,0.836215,0.785817,0.798211,0.811941,0.876055,0.862616,0.856194,0.884444,1.0,0.839695,0.861723,0.860576,0.820909,0.862733],[0.839402,0.805716,0.804265,0.832774,0.81456,0.884075,0.819067,0.857358,0.858412,0.839695,1.0,0.885293,0.857368,0.876876,0.874304],[0.890677,0.840882,0.805002,0.821278,0.827697,0.884019,0.848368,0.875671,0.858067,0.861723,0.885293,1.0,0.886499,0.852343,0.870187],[0.883975,0.852623,0.829928,0.789761,0.842463,0.863701,0.862042,0.853033,0.853568,0.860576,0.857368,0.886499,1.0,0.835576,0.855073],[0.814838,0.802433,0.816866,0.849693,0.821367,0.847461,0.815255,0.841274,0.849381,0.820909,0.876876,0.852343,0.835576,1.0,0.857733],[0.840958,0.826055,0.795385,0.834791,0.819473,0.900046,0.847396,0.84474,0.867809,0.862733,0.874304,0.870187,0.855073,0.857733,1.0]],"seed_pair_procrustes_dist":[[0.0,0.136635,0.097801,0.141862,0.148122,0.092904,0.138809,0.076598,0.118347,0.129438,0.134197,0.121959,0.164623,0.099229,0.152301],[0.136635,0.0,0.107972,0.126416,0.064133,0.116573,0.093077,0.128904,0.06833,0.09564,0.151982,0.127774,0.183567,0.106016,0.100969],[0.097801,0.107972,0.0,0.099555,0.098057,0.096138,0.092247,0.073277,0.096021,0.096156,0.084177,0.074641,0.113186,0.08081,0.100382],[0.141862,0.126416,0.099555,0.0,0.112866,0.114155,0.102832,0.102169,0.104435,0.112545,0.083141,0.080545,0.124745,0.091913,0.069158],[0.148122,0.064133,0.098057,0.112866,0.0,0.115143,0.076426,0.125918,0.07433,0.084248,0.13574,0.108265,0.158045,0.101829,0.088738],[0.092904,0.116573,0.096138,0.114155,0.115143,0.0,0.108541,0.10067,0.071763,0.116804,0.128731,0.107576,0.173491,0.077524,0.13019],[0.138809,0.093077,0.092247,0.102832,0.076426,0.108541,0.0,0.117233,0.076247,0.078015,0.114561,0.093447,0.138167,0.086696,0.086397],[0.076598,0.128904,0.073277,0.102169,0.125918,0.10067,0.117233,0.0,0.105515,0.095777,0.085462,0.075484,0.115191,0.086703,0.109244],[0.118347,0.06833,0.096021,0.104435,0.07433,0.071763,0.076247,0.105515,0.0,0.091241,0.135862,0.109965,0.178084,0.079783,0.100393],[0.129438,0.09564,0.096156,0.112545,0.084248,0.116804,0.078015,0.095777,0.091241,0.0,0.113475,0.087039,0.132153,0.082461,0.086881],[0.134197,0.151982,0.084177,0.083141,0.13574,0.128731,0.114561,0.085462,0.135862,0.113475,0.0,0.054622,0.080672,0.092123,0.092485],[0.121959,0.127774,0.074641,0.080545,0.108265,0.107576,0.093447,0.075484,0.109965,0.087039,0.054622,0.0,0.084408,0.080765,0.077521],[0.164623,0.183567,0.113186,0.124745,0.158045,0.173491,0.138167,0.115191,0.178084,0.132153,0.080672,0.084408,0.0,0.12815,0.116483],[0.099229,0.106016,0.08081,0.091913,0.101829,0.077524,0.086696,0.086703,0.079783,0.082461,0.092123,0.080765,0.12815,0.0,0.10235],[0.152301,0.100969,0.100382,0.069158,0.088738,0.13019,0.086397,0.109244,0.100393,0.086881,0.092485,0.077521,0.116483,0.10235,0.0]],"off_diagonal_summary":{"ari_mean":0.839845,"ari_min":0.746904,"ari_std":0.031648,"procrustes_mean":0.105546,"procrustes_max":0.183567},"framework_axis":"B-6 follow-up: deep-method seed stability for CAE-1D \u2014 pairwise cluster ARI + Procrustes between latent embeddings across N_SEEDS torch initialisations","generated_at":"2026-05-09T15:30:11Z","builder_version":"build_deep_seed_stability v0.1"}