{"scene_id":"kennedy-space-center","method":"beta_vae_8","n_seeds":7,"latent_dim":8,"samples_per_class":220,"ari_vs_gt_per_seed":[0.183395,0.191461,0.253705,0.230462,0.18632,0.192463,0.275501],"ari_vs_gt_summary":{"mean":0.216187,"std":0.034374,"min":0.183395,"max":0.275501},"seed_pair_ari":[[1.0,0.415588,0.536274,0.347994,0.333039,0.347103,0.407772],[0.415588,1.0,0.547385,0.503366,0.595089,0.632361,0.548138],[0.536274,0.547385,1.0,0.560668,0.493406,0.494098,0.512809],[0.347994,0.503366,0.560668,1.0,0.477524,0.520147,0.52923],[0.333039,0.595089,0.493406,0.477524,1.0,0.729048,0.595326],[0.347103,0.632361,0.494098,0.520147,0.729048,1.0,0.681779],[0.407772,0.548138,0.512809,0.52923,0.595326,0.681779,1.0]],"seed_pair_procrustes_dist":[[0.0,0.843694,1.492759,0.937708,1.054139,1.376623,2.065004],[0.843694,0.0,0.578839,0.849891,0.519489,0.479442,1.013456],[1.492759,0.578839,0.0,0.746463,0.637786,0.391312,0.471472],[0.937708,0.849891,0.746463,0.0,1.068105,1.634769,2.714367],[1.054139,0.519489,0.637786,1.068105,0.0,0.694678,1.780018],[1.376623,0.479442,0.391312,1.634769,0.694678,0.0,0.804929],[2.065004,1.013456,0.471472,2.714367,1.780018,0.804929,0.0]],"off_diagonal_summary":{"ari_mean":0.514674,"ari_min":0.333039,"ari_std":0.101934,"procrustes_mean":1.054997,"procrustes_max":2.714367},"framework_axis":"B-6 follow-up: deep-method seed stability for CAE-1D \u2014 pairwise cluster ARI + Procrustes between latent embeddings across N_SEEDS torch initialisations","generated_at":"2026-05-09T14:25:29Z","builder_version":"build_deep_seed_stability v0.1"}