{"scene_id":"kennedy-space-center","method":"beta_vae_8","n_seeds":30,"latent_dim":8,"samples_per_class":220,"ari_vs_gt_per_seed":[0.183395,0.191461,0.253705,0.230462,0.18632,0.192463,0.275501,0.286243,0.220027,0.244883,0.216439,0.268087,0.231851,0.206773,0.220638,0.208959,0.23568,0.210847,0.226253,0.18982,0.215866,0.232823,0.191509,0.266796,0.196241,0.175617,0.235535,0.2407,0.13665,0.188839],"ari_vs_gt_summary":{"mean":0.218679,"std":0.032494,"min":0.13665,"max":0.286243},"seed_pair_ari":[[1.0,0.415588,0.536274,0.347994,0.333039,0.347103,0.407772,0.419941,0.435766,0.35103,0.403936,0.501273,0.322891,0.37035,0.365176,0.336609,0.436581,0.40528,0.379901,0.316397,0.367669,0.39492,0.368135,0.367894,0.351755,0.342556,0.398376,0.331365,0.20648,0.401813],[0.415588,1.0,0.547385,0.503366,0.595089,0.632361,0.548138,0.432585,0.446722,0.482809,0.432015,0.450159,0.453951,0.519908,0.552276,0.447473,0.490847,0.442265,0.459051,0.477477,0.555528,0.613769,0.556419,0.506013,0.556224,0.547864,0.6537,0.496183,0.225293,0.694727],[0.536274,0.547385,1.0,0.560668,0.493406,0.494098,0.512809,0.494418,0.547518,0.579034,0.514978,0.53654,0.526319,0.627602,0.567464,0.530143,0.525321,0.520102,0.632715,0.501081,0.528558,0.638895,0.562387,0.499883,0.498149,0.513836,0.634492,0.495484,0.244389,0.607036],[0.347994,0.503366,0.560668,1.0,0.477524,0.520147,0.52923,0.429242,0.557217,0.813402,0.530643,0.473134,0.83229,0.720495,0.764421,0.712036,0.530359,0.571766,0.724989,0.700546,0.597915,0.755697,0.607863,0.661574,0.419004,0.657507,0.667759,0.714416,0.215882,0.554531],[0.333039,0.595089,0.493406,0.477524,1.0,0.729048,0.595326,0.382714,0.477305,0.455572,0.420913,0.474942,0.449743,0.466226,0.521583,0.445602,0.531413,0.467055,0.438576,0.514402,0.574481,0.549145,0.552187,0.550681,0.629257,0.5195,0.589263,0.525164,0.203194,0.57829],[0.347103,0.632361,0.494098,0.520147,0.729048,1.0,0.681779,0.38198,0.526295,0.502165,0.483455,0.468139,0.481352,0.515058,0.604362,0.48907,0.549079,0.528248,0.459711,0.569428,0.666888,0.622608,0.643963,0.635493,0.596363,0.606557,0.682688,0.59971,0.200476,0.644501],[0.407772,0.548138,0.512809,0.52923,0.595326,0.681779,1.0,0.433994,0.590546,0.508705,0.531613,0.546807,0.506205,0.521439,0.581142,0.488205,0.575136,0.576494,0.475902,0.553575,0.653389,0.592486,0.563949,0.653432,0.506032,0.551512,0.631976,0.599587,0.228798,0.522602],[0.419941,0.432585,0.494418,0.429242,0.382714,0.38198,0.433994,1.0,0.529358,0.44533,0.542701,0.666776,0.422654,0.418561,0.418483,0.431592,0.635661,0.55251,0.455415,0.374519,0.392889,0.436985,0.365858,0.39881,0.400736,0.372209,0.430456,0.384335,0.38156,0.411139],[0.435766,0.446722,0.547518,0.557217,0.477305,0.526295,0.590546,0.529358,1.0,0.573501,0.758528,0.664332,0.5571,0.503372,0.559636,0.489293,0.767208,0.846183,0.674252,0.512748,0.545715,0.538879,0.493511,0.555844,0.5004,0.484232,0.527243,0.551071,0.271978,0.461679],[0.35103,0.482809,0.579034,0.813402,0.455572,0.502165,0.508705,0.44533,0.573501,1.0,0.537181,0.495383,0.759545,0.70129,0.736142,0.672856,0.555798,0.566323,0.738565,0.648738,0.588133,0.714737,0.569145,0.597046,0.423888,0.592375,0.630819,0.640153,0.223573,0.564814],[0.403936,0.432015,0.514978,0.530643,0.420913,0.483455,0.531613,0.542701,0.758528,0.537181,1.0,0.61372,0.534904,0.492904,0.518109,0.481655,0.763955,0.809773,0.587821,0.487707,0.494943,0.521611,0.488368,0.563869,0.436859,0.476495,0.516559,0.539149,0.277626,0.430035],[0.501273,0.450159,0.53654,0.473134,0.474942,0.468139,0.546807,0.666776,0.664332,0.495383,0.61372,1.0,0.467069,0.480061,0.482741,0.438362,0.751326,0.673447,0.532941,0.43869,0.479149,0.493967,0.458445,0.488508,0.539898,0.425544,0.491648,0.458387,0.295117,0.457006],[0.322891,0.453951,0.526319,0.83229,0.449743,0.481352,0.506205,0.422654,0.5571,0.759545,0.534904,0.467069,1.0,0.673299,0.68539,0.683134,0.523602,0.564071,0.698641,0.644497,0.551347,0.677387,0.551771,0.640175,0.388021,0.587804,0.617007,0.687314,0.208597,0.502082],[0.37035,0.519908,0.627602,0.720495,0.466226,0.515058,0.521439,0.418561,0.503372,0.70129,0.492904,0.480061,0.673299,1.0,0.744069,0.615073,0.501408,0.520418,0.650226,0.682181,0.625907,0.780407,0.659082,0.56333,0.429137,0.667897,0.695463,0.622508,0.209636,0.609633],[0.365176,0.552276,0.567464,0.764421,0.521583,0.604362,0.581142,0.418483,0.559636,0.736142,0.518109,0.482741,0.68539,0.744069,1.0,0.650899,0.535449,0.559361,0.643194,0.785203,0.739347,0.821919,0.696937,0.659786,0.442624,0.764727,0.741928,0.732171,0.207569,0.621116],[0.336609,0.447473,0.530143,0.712036,0.445602,0.48907,0.488205,0.431592,0.489293,0.672856,0.481655,0.438362,0.683134,0.615073,0.650899,1.0,0.47838,0.506415,0.569046,0.622032,0.539794,0.623491,0.509845,0.597145,0.40942,0.572641,0.566117,0.647463,0.232518,0.4815],[0.436581,0.490847,0.525321,0.530359,0.531413,0.549079,0.575136,0.635661,0.767208,0.555798,0.763955,0.751326,0.523602,0.501408,0.535449,0.47838,1.0,0.784307,0.602601,0.494574,0.537937,0.531784,0.49139,0.549004,0.520799,0.472768,0.537581,0.52373,0.315292,0.482368],[0.40528,0.442265,0.520102,0.571766,0.467055,0.528248,0.576494,0.55251,0.846183,0.566323,0.809773,0.673447,0.564071,0.520418,0.559361,0.506415,0.784307,1.0,0.639499,0.535561,0.551697,0.553248,0.509551,0.573899,0.470819,0.492669,0.549865,0.55999,0.281009,0.463177],[0.379901,0.459051,0.632715,0.724989,0.438576,0.459711,0.475902,0.455415,0.674252,0.738565,0.587821,0.532941,0.698641,0.650226,0.643194,0.569046,0.602601,0.639499,1.0,0.565754,0.518457,0.646979,0.532211,0.553117,0.440559,0.540101,0.587619,0.591022,0.230678,0.518525],[0.316397,0.477477,0.501081,0.700546,0.514402,0.569428,0.553575,0.374519,0.512748,0.648738,0.487707,0.43869,0.644497,0.682181,0.785203,0.622032,0.494574,0.535561,0.565754,1.0,0.698543,0.719721,0.64702,0.642078,0.398836,0.734629,0.664361,0.711547,0.191345,0.543582],[0.367669,0.555528,0.528558,0.597915,0.574481,0.666888,0.653389,0.392889,0.545715,0.588133,0.494943,0.479149,0.551347,0.625907,0.739347,0.539794,0.537937,0.551697,0.518457,0.698543,1.0,0.694045,0.676176,0.651725,0.463019,0.735194,0.684211,0.683757,0.19431,0.600646],[0.39492,0.613769,0.638895,0.755697,0.549145,0.622608,0.592486,0.436985,0.538879,0.714737,0.521611,0.493967,0.677387,0.780407,0.821919,0.623491,0.531784,0.553248,0.646979,0.719721,0.694045,1.0,0.732215,0.654797,0.478092,0.744217,0.836216,0.701244,0.21398,0.690995],[0.368135,0.556419,0.562387,0.607863,0.552187,0.643963,0.563949,0.365858,0.493511,0.569145,0.488368,0.458445,0.551771,0.659082,0.696937,0.509845,0.49139,0.509551,0.532211,0.64702,0.676176,0.732215,1.0,0.628372,0.451156,0.725575,0.713011,0.633976,0.187431,0.645824],[0.367894,0.506013,0.499883,0.661574,0.550681,0.635493,0.653432,0.39881,0.555844,0.597046,0.563869,0.488508,0.640175,0.56333,0.659786,0.597145,0.549004,0.573899,0.553117,0.642078,0.651725,0.654797,0.628372,1.0,0.458612,0.653543,0.645623,0.829726,0.191248,0.479289],[0.351755,0.556224,0.498149,0.419004,0.629257,0.596363,0.506032,0.400736,0.5004,0.423888,0.436859,0.539898,0.388021,0.429137,0.442624,0.40942,0.520799,0.470819,0.440559,0.398836,0.463019,0.478092,0.451156,0.458612,1.0,0.426318,0.492561,0.429237,0.212063,0.497057],[0.342556,0.547864,0.513836,0.657507,0.5195,0.606557,0.551512,0.372209,0.484232,0.592375,0.476495,0.425544,0.587804,0.667897,0.764727,0.572641,0.472768,0.492669,0.540101,0.734629,0.735194,0.744217,0.725575,0.653543,0.426318,1.0,0.713528,0.703896,0.191332,0.580963],[0.398376,0.6537,0.634492,0.667759,0.589263,0.682688,0.631976,0.430456,0.527243,0.630819,0.516559,0.491648,0.617007,0.695463,0.741928,0.566117,0.537581,0.549865,0.587619,0.664361,0.684211,0.836216,0.713011,0.645623,0.492561,0.713528,1.0,0.666609,0.213382,0.701019],[0.331365,0.496183,0.495484,0.714416,0.525164,0.59971,0.599587,0.384335,0.551071,0.640153,0.539149,0.458387,0.687314,0.622508,0.732171,0.647463,0.52373,0.55999,0.591022,0.711547,0.683757,0.701244,0.633976,0.829726,0.429237,0.703896,0.666609,1.0,0.190833,0.506088],[0.20648,0.225293,0.244389,0.215882,0.203194,0.200476,0.228798,0.38156,0.271978,0.223573,0.277626,