{"scene_id":"kennedy-space-center","method":"cae_3d_8","n_seeds":7,"latent_dim":8,"samples_per_class":220,"ari_vs_gt_per_seed":[0.198476,0.199856,0.202081,0.193733,0.200918,0.200965,0.198294],"ari_vs_gt_summary":{"mean":0.199189,"std":0.002564,"min":0.193733,"max":0.202081},"seed_pair_ari":[[1.0,0.83053,0.791599,0.801821,0.853409,0.875231,0.863802],[0.83053,1.0,0.84792,0.748918,0.880924,0.814603,0.840289],[0.791599,0.84792,1.0,0.751011,0.835518,0.786857,0.78204],[0.801821,0.748918,0.751011,1.0,0.767567,0.834246,0.77953],[0.853409,0.880924,0.835518,0.767567,1.0,0.853622,0.860187],[0.875231,0.814603,0.786857,0.834246,0.853622,1.0,0.852812],[0.863802,0.840289,0.78204,0.77953,0.860187,0.852812,1.0]],"seed_pair_procrustes_dist":[[0.0,0.135862,0.106694,0.147234,0.156219,0.095069,0.142853],[0.135862,0.0,0.111001,0.130638,0.08422,0.122936,0.095982],[0.106694,0.111001,0.0,0.098969,0.099944,0.087943,0.092191],[0.147234,0.130638,0.098969,0.0,0.106519,0.107603,0.101535],[0.156219,0.08422,0.099944,0.106519,0.0,0.111087,0.06759],[0.095069,0.122936,0.087943,0.107603,0.111087,0.0,0.097314],[0.142853,0.095982,0.092191,0.101535,0.06759,0.097314,0.0]],"off_diagonal_summary":{"ari_mean":0.821545,"ari_min":0.748918,"ari_std":0.039773,"procrustes_mean":0.109495,"procrustes_max":0.156219},"framework_axis":"B-6 follow-up: deep-method seed stability for CAE-1D \u2014 pairwise cluster ARI + Procrustes between latent embeddings across N_SEEDS torch initialisations","generated_at":"2026-05-06T14:56:26Z","builder_version":"build_deep_seed_stability v0.1"}