{"scene_id":"kennedy-space-center","method":"cae_1d_8","n_seeds":15,"latent_dim":8,"samples_per_class":220,"ari_vs_gt_per_seed":[0.328779,0.243151,0.230251,0.253479,0.260916,0.315012,0.285885,0.314933,0.224922,0.283573,0.322816,0.233017,0.262398,0.298559,0.252103],"ari_vs_gt_summary":{"mean":0.273986,"std":0.034388,"min":0.224922,"max":0.328779},"seed_pair_ari":[[1.0,0.59648,0.634996,0.606789,0.628466,0.645272,0.6331,0.645059,0.505317,0.648694,0.930363,0.570095,0.640329,0.79224,0.625192],[0.59648,1.0,0.816255,0.914438,0.917366,0.735228,0.751942,0.742549,0.775309,0.752851,0.612846,0.841757,0.903089,0.596027,0.8724],[0.634996,0.816255,1.0,0.766875,0.792224,0.61989,0.647267,0.629661,0.6777,0.670434,0.654318,0.828904,0.766427,0.650712,0.784842],[0.606789,0.914438,0.766875,1.0,0.909625,0.775919,0.775603,0.784136,0.776245,0.759483,0.618675,0.783017,0.935198,0.584808,0.876163],[0.628466,0.917366,0.792224,0.909625,1.0,0.759018,0.749015,0.762988,0.751772,0.746522,0.641777,0.834303,0.943461,0.620702,0.927707],[0.645272,0.735228,0.61989,0.775919,0.759018,1.0,0.871463,0.957991,0.770758,0.835837,0.657479,0.687338,0.771569,0.592818,0.742474],[0.6331,0.751942,0.647267,0.775603,0.749015,0.871463,1.0,0.889437,0.73877,0.924247,0.643499,0.713703,0.767583,0.563106,0.761039],[0.645059,0.742549,0.629661,0.784136,0.762988,0.957991,0.889437,1.0,0.763703,0.847638,0.655474,0.700532,0.775763,0.597396,0.751387],[0.505317,0.775309,0.6777,0.776245,0.751772,0.770758,0.73877,0.763703,1.0,0.693589,0.513175,0.779455,0.745376,0.57997,0.740927],[0.648694,0.752851,0.670434,0.759483,0.746522,0.835837,0.924247,0.847638,0.693589,1.0,0.664731,0.721711,0.754012,0.56428,0.757664],[0.930363,0.612846,0.654318,0.618675,0.641777,0.657479,0.643499,0.655474,0.513175,0.664731,1.0,0.5837,0.645757,0.777892,0.633145],[0.570095,0.841757,0.828904,0.783017,0.834303,0.687338,0.713703,0.700532,0.779455,0.721711,0.5837,1.0,0.795977,0.669013,0.854712],[0.640329,0.903089,0.766427,0.935198,0.943461,0.771569,0.767583,0.775763,0.745376,0.754012,0.645757,0.795977,1.0,0.592537,0.912948],[0.79224,0.596027,0.650712,0.584808,0.620702,0.592818,0.563106,0.597396,0.57997,0.56428,0.777892,0.669013,0.592537,1.0,0.622567],[0.625192,0.8724,0.784842,0.876163,0.927707,0.742474,0.761039,0.751387,0.740927,0.757664,0.633145,0.854712,0.912948,0.622567,1.0]],"seed_pair_procrustes_dist":[[0.0,0.119128,0.228694,0.119141,0.160065,0.114378,0.137751,0.097969,0.128461,0.144322,0.15087,0.159595,0.104931,0.166722,0.18888],[0.119128,0.0,0.162578,0.113522,0.125255,0.11256,0.081387,0.124265,0.11148,0.077204,0.079393,0.092739,0.068568,0.14192,0.104046],[0.228694,0.162578,0.0,0.17143,0.163046,0.235606,0.177499,0.256836,0.191523,0.160298,0.196081,0.156425,0.187201,0.196682,0.206008],[0.119141,0.113522,0.17143,0.0,0.105906,0.145597,0.145138,0.148311,0.089053,0.120108,0.13678,0.117578,0.099902,0.108837,0.154233],[0.160065,0.125255,0.163046,0.105906,0.0,0.119226,0.182838,0.165312,0.079841,0.131639,0.131829,0.114558,0.137957,0.100486,0.162921],[0.114378,0.11256,0.235606,0.145597,0.119226,0.0,0.166402,0.08132,0.10957,0.127213,0.119392,0.154534,0.125101,0.157342,0.177319],[0.137751,0.081387,0.177499,0.145138,0.182838,0.166402,0.0,0.161874,0.160767,0.082159,0.111119,0.109161,0.110496,0.166562,0.133227],[0.097969,0.124265,0.256836,0.148311,0.165312,0.08132,0.161874,0.0,0.128111,0.135197,0.155767,0.182811,0.116849,0.187851,0.195627],[0.128461,0.11148,0.191523,0.089053,0.079841,0.10957,0.160767,0.128111,0.0,0.120637,0.13288,0.110982,0.09902,0.106852,0.137743],[0.144322,0.077204,0.160298,0.120108,0.131639,0.127213,0.082159,0.135197,0.120637,0.0,0.093463,0.09163,0.108654,0.129071,0.11725],[0.15087,0.079393,0.196081,0.13678,0.131829,0.119392,0.111119,0.155767,0.13288,0.093463,0.0,0.089943,0.113658,0.129517,0.098924],[0.159595,0.092739,0.156425,0.117578,0.114558,0.154534,0.109161,0.182811,0.110982,0.09163,0.089943,0.0,0.120334,0.096665,0.092241],[0.104931,0.068568,0.187201,0.099902,0.137957,0.125101,0.110496,0.116849,0.09902,0.108654,0.113658,0.120334,0.0,0.156159,0.122069],[0.166722,0.14192,0.196682,0.108837,0.100486,0.157342,0.166562,0.187851,0.106852,0.129071,0.129517,0.096665,0.156159,0.0,0.147108],[0.18888,0.104046,0.206008,0.154233,0.162921,0.177319,0.133227,0.195627,0.137743,0.11725,0.098924,0.092241,0.122069,0.147108,0.0]],"off_diagonal_summary":{"ari_mean":0.730705,"ari_min":0.505317,"ari_std":0.107481,"procrustes_mean":0.135077,"procrustes_max":0.256836},"framework_axis":"B-6 follow-up: deep-method seed stability for CAE-1D \u2014 pairwise cluster ARI + Procrustes between latent embeddings across N_SEEDS torch initialisations","generated_at":"2026-05-06T20:37:35Z","builder_version":"build_deep_seed_stability v0.1"}