{"scene_id":"kennedy-space-center","method":"cae_2d_8","n_seeds":15,"latent_dim":8,"samples_per_class":220,"ari_vs_gt_per_seed":[0.220237,0.212541,0.20695,0.221867,0.233926,0.220274,0.213401,0.210798,0.213126,0.211105,0.22362,0.209444,0.213392,0.205784,0.235685],"ari_vs_gt_summary":{"mean":0.21681,"std":0.008724,"min":0.205784,"max":0.235685},"seed_pair_ari":[[1.0,0.843451,0.867441,0.830658,0.716535,0.781785,0.80275,0.877121,0.805511,0.82976,0.79274,0.821394,0.904671,0.888774,0.896233],[0.843451,1.0,0.821348,0.870624,0.761606,0.799029,0.785921,0.878432,0.797947,0.846714,0.759771,0.754276,0.84443,0.885614,0.810267],[0.867441,0.821348,1.0,0.861182,0.711162,0.774297,0.816642,0.901161,0.857729,0.886611,0.771148,0.870348,0.877243,0.901423,0.805703],[0.830658,0.870624,0.861182,1.0,0.730036,0.787976,0.829897,0.924461,0.844022,0.878448,0.775516,0.786875,0.853487,0.871058,0.806372],[0.716535,0.761606,0.711162,0.730036,1.0,0.831385,0.711572,0.745445,0.691117,0.724831,0.728295,0.685617,0.724116,0.724865,0.701039],[0.781785,0.799029,0.774297,0.787976,0.831385,1.0,0.784742,0.809591,0.78175,0.754201,0.749884,0.731641,0.77146,0.777571,0.744484],[0.80275,0.785921,0.816642,0.829897,0.711572,0.784742,1.0,0.836811,0.881862,0.79963,0.777064,0.820567,0.811831,0.800214,0.779471],[0.877121,0.878432,0.901161,0.924461,0.745445,0.809591,0.836811,1.0,0.85832,0.87277,0.782958,0.817594,0.891676,0.901564,0.825533],[0.805511,0.797947,0.857729,0.844022,0.691117,0.78175,0.881862,0.85832,1.0,0.839056,0.749663,0.851895,0.820328,0.82038,0.768316],[0.82976,0.846714,0.886611,0.878448,0.724831,0.754201,0.79963,0.87277,0.839056,1.0,0.802176,0.815039,0.836048,0.883575,0.788107],[0.79274,0.759771,0.771148,0.775516,0.728295,0.749884,0.777064,0.782958,0.749663,0.802176,1.0,0.734404,0.792044,0.783992,0.785469],[0.821394,0.754276,0.870348,0.786875,0.685617,0.731641,0.820567,0.817594,0.851895,0.815039,0.734404,1.0,0.852648,0.807918,0.799503],[0.904671,0.84443,0.877243,0.853487,0.724116,0.77146,0.811831,0.891676,0.820328,0.836048,0.792044,0.852648,1.0,0.883444,0.886541],[0.888774,0.885614,0.901423,0.871058,0.724865,0.777571,0.800214,0.901564,0.82038,0.883575,0.783992,0.807918,0.883444,1.0,0.826657],[0.896233,0.810267,0.805703,0.806372,0.701039,0.744484,0.779471,0.825533,0.768316,0.788107,0.785469,0.799503,0.886541,0.826657,1.0]],"seed_pair_procrustes_dist":[[0.0,0.074712,0.064248,0.05823,0.056465,0.074419,0.118556,0.055919,0.110878,0.076349,0.092807,0.068849,0.054625,0.059622,0.044626],[0.074712,0.0,0.087001,0.062067,0.050222,0.078847,0.084328,0.068144,0.119835,0.097434,0.076525,0.063831,0.065224,0.039234,0.062079],[0.064248,0.087001,0.0,0.046092,0.063978,0.054227,0.124734,0.046714,0.089356,0.042782,0.093707,0.054206,0.050178,0.069404,0.052774],[0.05823,0.062067,0.046092,0.0,0.049999,0.051502,0.1015,0.040593,0.087483,0.062261,0.076082,0.051298,0.048715,0.049335,0.048017],[0.056465,0.050222,0.063978,0.049999,0.0,0.058318,0.097544,0.048949,0.099852,0.077286,0.084499,0.039954,0.041485,0.044925,0.046117],[0.074419,0.078847,0.054227,0.051502,0.058318,0.0,0.100228,0.044098,0.070411,0.076021,0.091192,0.045907,0.060578,0.073024,0.068948],[0.118556,0.084328,0.124734,0.1015,0.097544,0.100228,0.0,0.101234,0.113653,0.135668,0.106386,0.098718,0.11069,0.100084,0.115811],[0.055919,0.068144,0.046714,0.040593,0.048949,0.044098,0.101234,0.0,0.084524,0.063009,0.082879,0.045405,0.040572,0.054833,0.045755],[0.110878,0.119835,0.089356,0.087483,0.099852,0.070411,0.113653,0.084524,0.0,0.102276,0.108685,0.084664,0.095655,0.118338,0.112703],[0.076349,0.097434,0.042782,0.062261,0.077286,0.076021,0.135668,0.063009,0.102276,0.0,0.095499,0.071836,0.062207,0.078285,0.066643],[0.092807,0.076525,0.093707,0.076082,0.084499,0.091192,0.106386,0.082879,0.108685,0.095499,0.0,0.095298,0.089593,0.068031,0.086837],[0.068849,0.063831,0.054206,0.051298,0.039954,0.045907,0.098718,0.045405,0.084664,0.071836,0.095298,0.0,0.041465,0.059402,0.054888],[0.054625,0.065224,0.050178,0.048715,0.041485,0.060578,0.11069,0.040572,0.095655,0.062207,0.089593,0.041465,0.0,0.051854,0.038316],[0.059622,0.039234,0.069404,0.049335,0.044925,0.073024,0.100084,0.054833,0.118338,0.078285,0.068031,0.059402,0.051854,0.0,0.041812],[0.044626,0.062079,0.052774,0.048017,0.046117,0.068948,0.115811,0.045755,0.112703,0.066643,0.086837,0.054888,0.038316,0.041812,0.0]],"off_diagonal_summary":{"ari_mean":0.811012,"ari_min":0.685617,"ari_std":0.055317,"procrustes_mean":0.072503,"procrustes_max":0.135668},"framework_axis":"B-6 follow-up: deep-method seed stability for CAE-1D \u2014 pairwise cluster ARI + Procrustes between latent embeddings across N_SEEDS torch initialisations","generated_at":"2026-05-09T14:53:03Z","builder_version":"build_deep_seed_stability v0.1"}