{"scene_id":"kennedy-space-center","method":"cae_1d_8","n_seeds":15,"latent_dim":8,"samples_per_class":220,"ari_vs_gt_per_seed":[0.333505,0.257677,0.229583,0.278978,0.25051,0.315012,0.285842,0.313516,0.247359,0.283309,0.308811,0.233762,0.231417,0.299907,0.279367],"ari_vs_gt_summary":{"mean":0.27657,"std":0.032437,"min":0.229583,"max":0.333505},"seed_pair_ari":[[1.0,0.643815,0.627201,0.731303,0.591494,0.648279,0.633694,0.640479,0.590198,0.685677,0.641593,0.570229,0.525081,0.799248,0.644846],[0.643815,1.0,0.791748,0.734768,0.888807,0.732167,0.733304,0.703984,0.871827,0.747656,0.721095,0.848487,0.777019,0.610681,0.763864],[0.627201,0.791748,1.0,0.770591,0.75177,0.618493,0.673895,0.597271,0.744769,0.698613,0.622142,0.823885,0.734309,0.655419,0.659759],[0.731303,0.734768,0.770591,1.0,0.70125,0.669359,0.711578,0.64403,0.691741,0.843824,0.663667,0.6794,0.66455,0.676928,0.792228],[0.591494,0.888807,0.75177,0.70125,1.0,0.754608,0.756217,0.723898,0.96448,0.715454,0.746272,0.828835,0.85514,0.605013,0.779593],[0.648279,0.732167,0.618493,0.669359,0.754608,1.0,0.871773,0.925868,0.759679,0.770298,0.969175,0.688491,0.770027,0.593735,0.830369],[0.633694,0.733304,0.673895,0.711578,0.756217,0.871773,1.0,0.823524,0.755524,0.82518,0.881405,0.712043,0.806738,0.563996,0.897701],[0.640479,0.703984,0.597271,0.64403,0.723898,0.925868,0.823524,1.0,0.73124,0.732692,0.912915,0.660994,0.738339,0.587713,0.783687],[0.590198,0.871827,0.744769,0.691741,0.96448,0.759679,0.755524,0.73124,1.0,0.705584,0.747841,0.82682,0.87142,0.604079,0.777609],[0.685677,0.747656,0.698613,0.843824,0.715454,0.770298,0.82518,0.732692,0.705584,1.0,0.766591,0.705118,0.695553,0.584199,0.902701],[0.641593,0.721095,0.622142,0.663667,0.746272,0.969175,0.881405,0.912915,0.747841,0.766591,1.0,0.695953,0.76835,0.598745,0.826898],[0.570229,0.848487,0.823885,0.6794,0.828835,0.688491,0.712043,0.660994,0.82682,0.705118,0.695953,1.0,0.794825,0.668658,0.705178],[0.525081,0.777019,0.734309,0.66455,0.85514,0.770027,0.806738,0.738339,0.87142,0.695553,0.76835,0.794825,1.0,0.580847,0.776074],[0.799248,0.610681,0.655419,0.676928,0.605013,0.593735,0.563996,0.587713,0.604079,0.584199,0.598745,0.668658,0.580847,1.0,0.562848],[0.644846,0.763864,0.659759,0.792228,0.779593,0.830369,0.897701,0.783687,0.777609,0.902701,0.826898,0.705178,0.776074,0.562848,1.0]],"seed_pair_procrustes_dist":[[0.0,0.119129,0.228705,0.118629,0.160295,0.11434,0.137671,0.097943,0.128481,0.144256,0.15092,0.159647,0.105009,0.166717,0.188723],[0.119129,0.0,0.162475,0.112825,0.1254,0.112559,0.081259,0.124116,0.111269,0.077232,0.079208,0.092656,0.068559,0.1418,0.10369],[0.228705,0.162475,0.0,0.171487,0.163078,0.235498,0.177377,0.256718,0.191538,0.160167,0.195423,0.156299,0.187184,0.196683,0.206951],[0.118629,0.112825,0.171487,0.0,0.105501,0.144537,0.144685,0.147207,0.088449,0.119198,0.135883,0.117075,0.099549,0.108449,0.154512],[0.160295,0.1254,0.163078,0.105501,0.0,0.119232,0.182957,0.16522,0.080116,0.13159,0.131621,0.114781,0.1382,0.100716,0.1632],[0.11434,0.112559,0.235498,0.144537,0.119232,0.0,0.16624,0.081173,0.109524,0.126951,0.119381,0.154525,0.125073,0.157325,0.176628],[0.137671,0.081259,0.177377,0.144685,0.182957,0.16624,0.0,0.16174,0.160632,0.082278,0.110913,0.109107,0.110517,0.16644,0.133451],[0.097943,0.124116,0.256718,0.147207,0.16522,0.081173,0.16174,0.0,0.127831,0.134887,0.155595,0.182654,0.116698,0.187601,0.19469],[0.128481,0.111269,0.191538,0.088449,0.080116,0.109524,0.160632,0.127831,0.0,0.120437,0.132583,0.110967,0.098921,0.107,0.137378],[0.144256,0.077232,0.160167,0.119198,0.13159,0.126951,0.082278,0.134887,0.120437,0.0,0.093053,0.091797,0.108771,0.128904,0.117285],[0.15092,0.079208,0.195423,0.135883,0.131621,0.119381,0.110913,0.155595,0.132583,0.093053,0.0,0.089641,0.113602,0.12921,0.098753],[0.159647,0.092656,0.156299,0.117075,0.114781,0.154525,0.109107,0.182654,0.110967,0.091797,0.089641,0.0,0.120447,0.096696,0.092713],[0.105009,0.068559,0.187184,0.099549,0.1382,0.125073,0.110517,0.116698,0.098921,0.108771,0.113602,0.120447,0.0,0.156157,0.122076],[0.166717,0.1418,0.196683,0.108449,0.100716,0.157325,0.16644,0.187601,0.107,0.128904,0.12921,0.096696,0.156157,0.0,0.147416],[0.188723,0.10369,0.206951,0.154512,0.1632,0.176628,0.133451,0.19469,0.137378,0.117285,0.098753,0.092713,0.122076,0.147416,0.0]],"off_diagonal_summary":{"ari_mean":0.728348,"ari_min":0.525081,"ari_std":0.096195,"procrustes_mean":0.134955,"procrustes_max":0.256718},"framework_axis":"B-6 follow-up: deep-method seed stability for CAE-1D \u2014 pairwise cluster ARI + Procrustes between latent embeddings across N_SEEDS torch initialisations","generated_at":"2026-05-09T14:19:46Z","builder_version":"build_deep_seed_stability v0.1"}