{"scene_id":"kennedy-space-center","method":"beta_vae_8","n_seeds":7,"latent_dim":8,"samples_per_class":220,"ari_vs_gt_per_seed":[0.217143,0.221125,0.224758,0.278907,0.222743,0.243693,0.193645],"ari_vs_gt_summary":{"mean":0.228859,"std":0.024542,"min":0.193645,"max":0.278907},"seed_pair_ari":[[1.0,0.592275,0.556306,0.677222,0.526805,0.593777,0.462909],[0.592275,1.0,0.547357,0.476146,0.649308,0.515499,0.508725],[0.556306,0.547357,1.0,0.462204,0.558854,0.638389,0.450377],[0.677222,0.476146,0.462204,1.0,0.478846,0.559744,0.483903],[0.526805,0.649308,0.558854,0.478846,1.0,0.529224,0.53757],[0.593777,0.515499,0.638389,0.559744,0.529224,1.0,0.405062],[0.462909,0.508725,0.450377,0.483903,0.53757,0.405062,1.0]],"seed_pair_procrustes_dist":[[0.0,0.394965,0.35218,2.557938,1.425574,0.778728,1.274914],[0.394965,0.0,0.385948,2.708155,1.58044,1.081756,1.285936],[0.35218,0.385948,0.0,2.360458,1.252187,0.718938,1.097376],[2.557938,2.708155,2.360458,0.0,0.533924,0.687176,0.541285],[1.425574,1.58044,1.252187,0.533924,0.0,0.407569,0.544563],[0.778728,1.081756,0.718938,0.687176,0.407569,0.0,0.730366],[1.274914,1.285936,1.097376,0.541285,0.544563,0.730366,0.0]],"off_diagonal_summary":{"ari_mean":0.533833,"ari_min":0.405062,"ari_std":0.068112,"procrustes_mean":1.08097,"procrustes_max":2.708155},"framework_axis":"B-6 follow-up: deep-method seed stability for CAE-1D \u2014 pairwise cluster ARI + Procrustes between latent embeddings across N_SEEDS torch initialisations","generated_at":"2026-05-06T11:53:16Z","builder_version":"build_deep_seed_stability v0.1"}