{"scene_id":"pavia-university","method":"beta_vae_8","n_seeds":15,"latent_dim":8,"samples_per_class":220,"ari_vs_gt_per_seed":[0.414413,0.402279,0.396262,0.424809,0.418581,0.432365,0.431751,0.415872,0.402185,0.424008,0.437899,0.426236,0.433729,0.42911,0.429106],"ari_vs_gt_summary":{"mean":0.42124,"std":0.012291,"min":0.396262,"max":0.437899},"seed_pair_ari":[[1.0,0.6812,0.680536,0.710558,0.953459,0.758618,0.734147,0.929573,0.690544,0.941239,0.712523,0.798244,0.716154,0.80685,0.890957],[0.6812,1.0,0.898031,0.697003,0.660243,0.693066,0.670141,0.651682,0.925907,0.665631,0.703938,0.70995,0.645283,0.699044,0.657619],[0.680536,0.898031,1.0,0.678592,0.655286,0.676481,0.652714,0.648884,0.908195,0.662937,0.687248,0.694703,0.629967,0.685475,0.652805],[0.710558,0.697003,0.678592,1.0,0.698347,0.74575,0.85474,0.684438,0.689002,0.709656,0.764445,0.733362,0.790741,0.729441,0.726543],[0.953459,0.660243,0.655286,0.698347,1.0,0.744674,0.719075,0.947461,0.667454,0.947355,0.699424,0.777738,0.729316,0.78859,0.880705],[0.758618,0.693066,0.676481,0.74575,0.744674,1.0,0.801034,0.744545,0.701807,0.76879,0.908762,0.918079,0.799936,0.898865,0.826089],[0.734147,0.670141,0.652714,0.85474,0.719075,0.801034,1.0,0.70894,0.671759,0.731117,0.820322,0.786812,0.835238,0.779162,0.760661],[0.929573,0.651682,0.648884,0.684438,0.947461,0.744545,0.70894,1.0,0.664952,0.944134,0.697555,0.783312,0.737426,0.790487,0.881944],[0.690544,0.925907,0.908195,0.689002,0.667454,0.701807,0.671759,0.664952,1.0,0.680094,0.710491,0.718905,0.642391,0.708343,0.671161],[0.941239,0.665631,0.662937,0.709656,0.947355,0.76879,0.731117,0.944134,0.680094,1.0,0.720224,0.802843,0.734836,0.81003,0.9115],[0.712523,0.703938,0.687248,0.764445,0.699424,0.908762,0.820322,0.697555,0.710491,0.720224,1.0,0.867296,0.816919,0.851655,0.772063],[0.798244,0.70995,0.694703,0.733362,0.777738,0.918079,0.786812,0.783312,0.718905,0.802843,0.867296,1.0,0.771689,0.952127,0.860942],[0.716154,0.645283,0.629967,0.790741,0.729316,0.799936,0.835238,0.737426,0.642391,0.734836,0.816919,0.771689,1.0,0.761294,0.74275],[0.80685,0.699044,0.685475,0.729441,0.78859,0.898865,0.779162,0.790487,0.708343,0.81003,0.851655,0.952127,0.761294,1.0,0.872493],[0.890957,0.657619,0.652805,0.726543,0.880705,0.826089,0.760661,0.881944,0.671161,0.9115,0.772063,0.860942,0.74275,0.872493,1.0]],"seed_pair_procrustes_dist":[[0.0,0.636486,0.706082,0.686525,0.168516,0.10022,0.662663,0.059531,0.702921,0.050083,0.103001,0.06831,0.646063,0.065809,0.068354],[0.636486,0.0,0.086377,0.072464,0.665632,0.590361,0.093537,0.577317,0.079083,0.57979,0.567697,0.573896,0.092182,0.567693,0.569821],[0.706082,0.086377,0.0,0.091475,0.70078,0.628255,0.09059,0.614554,0.049161,0.617505,0.607618,0.613715,0.108256,0.605682,0.608659],[0.686525,0.072464,0.091475,0.0,0.686556,0.613065,0.122403,0.603373,0.082501,0.604172,0.591169,0.59639,0.102536,0.591791,0.59415],[0.168516,0.665632,0.70078,0.686556,0.0,0.12794,0.834345,0.156909,0.882772,0.160343,0.144348,0.150582,0.813818,0.156544,0.151001],[0.10022,0.590361,0.628255,0.613065,0.12794,0.0,0.716944,0.088323,0.759084,0.08587,0.077761,0.080158,0.696266,0.074862,0.068327],[0.662663,0.093537,0.09059,0.122403,0.834345,0.716944,0.0,0.608655,0.076272,0.612509,0.59809,0.607053,0.110486,0.599446,0.602417],[0.059531,0.577317,0.614554,0.603373,0.156909,0.088323,0.608655,0.0,0.739101,0.049955,0.089,0.074699,0.679511,0.077775,0.063265],[0.702921,0.079083,0.049161,0.082501,0.882772,0.759084,0.076272,0.739101,0.0,0.620513,0.608352,0.614909,0.10576,0.607967,0.611045],[0.050083,0.57979,0.617505,0.604172,0.160343,0.08587,0.612509,0.049955,0.620513,0.0,0.096337,0.062353,0.670133,0.062609,0.062831],[0.103001,0.567697,0.607618,0.591169,0.144348,0.077761,0.59809,0.089,0.608352,0.096337,0.0,0.084176,0.697832,0.106299,0.08143],[0.06831,0.573896,0.613715,0.59639,0.150582,0.080158,0.607053,0.074699,0.614909,0.062353,0.084176,0.0,0.668584,0.064252,0.052267],[0.646063,0.092182,0.108256,0.102536,0.813818,0.696266,0.110486,0.679511,0.10576,0.670133,0.697832,0.668584,0.0,0.603995,0.605766],[0.065809,0.567693,0.605682,0.591791,0.156544,0.074862,0.599446,0.077775,0.607967,0.062609,0.106299,0.064252,0.603995,0.0,0.063752],[0.068354,0.569821,0.608659,0.59415,0.151001,0.068327,0.602417,0.063265,0.611045,0.062831,0.08143,0.052267,0.605766,0.063752,0.0]],"off_diagonal_summary":{"ari_mean":0.760814,"ari_min":0.629967,"ari_std":0.089252,"procrustes_mean":0.374575,"procrustes_max":0.882772},"framework_axis":"B-6 follow-up: deep-method seed stability for CAE-1D \u2014 pairwise cluster ARI + Procrustes between latent embeddings across N_SEEDS torch initialisations","generated_at":"2026-05-09T14:33:21Z","builder_version":"build_deep_seed_stability v0.1"}