{"scene_id":"pavia-university","method":"cae_3d_8","n_seeds":7,"latent_dim":8,"samples_per_class":220,"ari_vs_gt_per_seed":[0.439191,0.435288,0.438312,0.422557,0.445048,0.435296,0.420824],"ari_vs_gt_summary":{"mean":0.433788,"std":0.008239,"min":0.420824,"max":0.445048},"seed_pair_ari":[[1.0,0.919708,0.883552,0.841606,0.893556,0.914425,0.828752],[0.919708,1.0,0.880869,0.873879,0.877318,0.935754,0.855058],[0.883552,0.880869,1.0,0.832838,0.857455,0.877366,0.819032],[0.841606,0.873879,0.832838,1.0,0.804847,0.858388,0.906961],[0.893556,0.877318,0.857455,0.804847,1.0,0.875521,0.80764],[0.914425,0.935754,0.877366,0.858388,0.875521,1.0,0.839308],[0.828752,0.855058,0.819032,0.906961,0.80764,0.839308,1.0]],"seed_pair_procrustes_dist":[[0.0,0.098182,0.162875,0.075684,0.162685,0.08634,0.129442],[0.098182,0.0,0.153093,0.11684,0.120605,0.066894,0.12784],[0.162875,0.153093,0.0,0.163894,0.242837,0.129422,0.104365],[0.075684,0.11684,0.163894,0.0,0.18395,0.115291,0.139525],[0.162685,0.120605,0.242837,0.18395,0.0,0.144499,0.204893],[0.08634,0.066894,0.129422,0.115291,0.144499,0.0,0.109312],[0.129442,0.12784,0.104365,0.139525,0.204893,0.109312,0.0]],"off_diagonal_summary":{"ari_mean":0.865897,"ari_min":0.804847,"ari_std":0.035769,"procrustes_mean":0.135165,"procrustes_max":0.242837},"framework_axis":"B-6 follow-up: deep-method seed stability for CAE-1D \u2014 pairwise cluster ARI + Procrustes between latent embeddings across N_SEEDS torch initialisations","generated_at":"2026-05-06T14:26:01Z","builder_version":"build_deep_seed_stability v0.1"}