{"scene_id":"pavia-university","method":"cae_3d_8","n_seeds":15,"latent_dim":8,"samples_per_class":220,"ari_vs_gt_per_seed":[0.436409,0.427492,0.437682,0.430516,0.441328,0.437954,0.421365,0.42822,0.444984,0.415849,0.426938,0.430043,0.434363,0.427407,0.424341],"ari_vs_gt_summary":{"mean":0.430993,"std":0.007542,"min":0.415849,"max":0.444984},"seed_pair_ari":[[1.0,0.871901,0.886489,0.929485,0.871094,0.93378,0.839255,0.863951,0.882222,0.832904,0.880562,0.848388,0.897934,0.828009,0.84024],[0.871901,1.0,0.823096,0.849257,0.822628,0.866192,0.915857,0.932304,0.822264,0.921403,0.899652,0.916995,0.821431,0.911896,0.917133],[0.886489,0.823096,1.0,0.88928,0.854519,0.877779,0.80036,0.806928,0.8895,0.795276,0.829076,0.801151,0.893401,0.803527,0.805111],[0.929485,0.849257,0.88928,1.0,0.855753,0.905687,0.828895,0.836845,0.882459,0.834965,0.857583,0.826573,0.908756,0.833007,0.843358],[0.871094,0.822628,0.854519,0.855753,1.0,0.875582,0.805431,0.822128,0.854953,0.798672,0.82839,0.809458,0.883821,0.807806,0.812396],[0.93378,0.866192,0.877779,0.905687,0.875582,1.0,0.842701,0.84867,0.865975,0.832372,0.879811,0.830181,0.878792,0.824698,0.83268],[0.839255,0.915857,0.80036,0.828895,0.805431,0.842701,1.0,0.900413,0.81471,0.899841,0.89995,0.903775,0.796607,0.89303,0.889212],[0.863951,0.932304,0.806928,0.836845,0.822128,0.84867,0.900413,1.0,0.79705,0.915352,0.890495,0.935744,0.825227,0.920466,0.926439],[0.882222,0.822264,0.8895,0.882459,0.854953,0.865975,0.81471,0.79705,1.0,0.79834,0.826769,0.80187,0.858577,0.794938,0.797814],[0.832904,0.921403,0.795276,0.834965,0.798672,0.832372,0.899841,0.915352,0.79834,1.0,0.875411,0.909966,0.813459,0.913461,0.920569],[0.880562,0.899652,0.829076,0.857583,0.82839,0.879811,0.89995,0.890495,0.826769,0.875411,1.0,0.883986,0.827054,0.867022,0.865861],[0.848388,0.916995,0.801151,0.826573,0.809458,0.830181,0.903775,0.935744,0.80187,0.909966,0.883986,1.0,0.815527,0.928406,0.920139],[0.897934,0.821431,0.893401,0.908756,0.883821,0.878792,0.796607,0.825227,0.858577,0.813459,0.827054,0.815527,1.0,0.81914,0.831584],[0.828009,0.911896,0.803527,0.833007,0.807806,0.824698,0.89303,0.920466,0.794938,0.913461,0.867022,0.928406,0.81914,1.0,0.943567],[0.84024,0.917133,0.805111,0.843358,0.812396,0.83268,0.889212,0.926439,0.797814,0.920569,0.865861,0.920139,0.831584,0.943567,1.0]],"seed_pair_procrustes_dist":[[0.0,0.09182,0.15304,0.065163,0.15603,0.083185,0.126162,0.088057,0.179152,0.125826,0.119474,0.095924,0.155259,0.151481,0.116386],[0.09182,0.0,0.150089,0.097815,0.117902,0.072152,0.126589,0.08682,0.134137,0.086443,0.15017,0.121562,0.104168,0.183426,0.117773],[0.15304,0.150089,0.0,0.148884,0.239819,0.125799,0.099142,0.157991,0.147151,0.195792,0.101481,0.144669,0.17645,0.187779,0.176836],[0.065163,0.097815,0.148884,0.0,0.160587,0.091107,0.124752,0.077341,0.18786,0.122146,0.116019,0.081536,0.16044,0.138185,0.101136],[0.15603,0.117902,0.239819,0.160587,0.0,0.142941,0.205688,0.13756,0.18195,0.101698,0.220339,0.177919,0.160933,0.236765,0.164921],[0.083185,0.072152,0.125799,0.091107,0.142941,0.0,0.109046,0.094474,0.130003,0.109617,0.125161,0.117157,0.117413,0.176241,0.128084],[0.126162,0.126589,0.099142,0.124752,0.205688,0.109046,0.0,0.121874,0.14694,0.163729,0.097456,0.107467,0.1524,0.148464,0.132733],[0.088057,0.08682,0.157991,0.077341,0.13756,0.094474,0.121874,0.0,0.177966,0.093218,0.129426,0.081319,0.132568,0.141908,0.072528],[0.179152,0.134137,0.147151,0.18786,0.18195,0.130003,0.14694,0.177966,0.0,0.148903,0.171645,0.177913,0.139328,0.236701,0.188802],[0.125826,0.086443,0.195792,0.122146,0.101698,0.109617,0.163729,0.093218,0.148903,0.0,0.181871,0.133462,0.101031,0.191417,0.108655],[0.119474,0.15017,0.101481,0.116019,0.220339,0.125161,0.097456,0.129426,0.171645,0.181871,0.0,0.101536,0.212839,0.137351,0.15166],[0.095924,0.121562,0.144669,0.081536,0.177919,0.117157,0.107467,0.081319,0.177913,0.133462,0.101536,0.0,0.175123,0.101096,0.08266],[0.155259,0.104168,0.17645,0.16044,0.160933,0.117413,0.1524,0.132568,0.139328,0.101031,0.212839,0.175123,0.0,0.201813,0.12874],[0.151481,0.183426,0.187779,0.138185,0.236765,0.176241,0.148464,0.141908,0.236701,0.191417,0.137351,0.101096,0.201813,0.0,0.130878],[0.116386,0.117773,0.176836,0.101136,0.164921,0.128084,0.132733,0.072528,0.188802,0.108655,0.15166,0.08266,0.12874,0.130878,0.0]],"off_diagonal_summary":{"ari_mean":0.859451,"ari_min":0.794938,"ari_std":0.04232,"procrustes_mean":0.137717,"procrustes_max":0.239819},"framework_axis":"B-6 follow-up: deep-method seed stability for CAE-1D \u2014 pairwise cluster ARI + Procrustes between latent embeddings across N_SEEDS torch initialisations","generated_at":"2026-05-09T15:24:49Z","builder_version":"build_deep_seed_stability v0.1"}