{"scene_id":"pavia-university","method":"cae_2d_8","n_seeds":30,"latent_dim":8,"samples_per_class":220,"ari_vs_gt_per_seed":[0.402142,0.402946,0.402789,0.460519,0.402416,0.402768,0.401466,0.405166,0.404031,0.4042,0.402392,0.402542,0.405963,0.402629,0.399754,0.405953,0.401817,0.462868,0.405124,0.402198,0.402543,0.406556,0.403484,0.406272,0.404323,0.407363,0.404468,0.403574,0.403659,0.402102],"ari_vs_gt_summary":{"mean":0.407467,"std":0.014592,"min":0.399754,"max":0.462868},"seed_pair_ari":[[1.0,0.917882,0.939244,0.715969,0.91849,0.958941,0.938709,0.937869,0.901043,0.921393,0.939133,0.944702,0.919364,0.951672,0.955769,0.913601,0.924904,0.7141,0.9239,0.953725,0.980012,0.907825,0.940227,0.914433,0.90092,0.904046,0.896136,0.924558,0.944665,0.936948],[0.917882,1.0,0.878875,0.717674,0.858873,0.898659,0.867648,0.877719,0.954133,0.867088,0.878962,0.950706,0.872395,0.899395,0.948138,0.863005,0.864726,0.729122,0.867762,0.89097,0.899225,0.852252,0.871062,0.859165,0.967292,0.859484,0.837736,0.858343,0.889283,0.869278],[0.939244,0.878875,1.0,0.720366,0.958279,0.948732,0.964458,0.957249,0.855792,0.95807,0.976747,0.90625,0.962973,0.960141,0.917555,0.960062,0.965932,0.718353,0.968521,0.973776,0.955419,0.946279,0.963901,0.952178,0.867278,0.945045,0.93427,0.960284,0.960724,0.968017],[0.715969,0.717674,0.720366,1.0,0.724381,0.720836,0.723831,0.723853,0.725411,0.725342,0.725532,0.720332,0.720894,0.717665,0.718858,0.726075,0.725387,0.965047,0.724729,0.719646,0.721591,0.72678,0.728077,0.7303,0.727384,0.727473,0.731427,0.724682,0.71943,0.727217],[0.91849,0.858873,0.958279,0.724381,1.0,0.936977,0.971149,0.950329,0.839985,0.965786,0.968491,0.888608,0.968377,0.934769,0.89913,0.9773,0.974157,0.719389,0.967702,0.951998,0.935336,0.971614,0.961294,0.973808,0.847105,0.966616,0.962025,0.972965,0.943191,0.971069],[0.958941,0.898659,0.948732,0.720836,0.936977,1.0,0.948955,0.951421,0.883239,0.931646,0.950527,0.92774,0.937972,0.970321,0.938172,0.930391,0.943189,0.715618,0.93801,0.958669,0.955634,0.927357,0.955648,0.931435,0.885796,0.918547,0.912599,0.93838,0.976014,0.952696],[0.938709,0.867648,0.964458,0.723831,0.971149,0.948955,1.0,0.960659,0.857452,0.960663,0.981021,0.898709,0.963414,0.951688,0.910523,0.957339,0.974841,0.713949,0.970384,0.968243,0.955205,0.953767,0.970117,0.958959,0.855262,0.948247,0.940169,0.970996,0.956504,0.982663],[0.937869,0.877719,0.957249,0.723853,0.950329,0.951421,0.960659,1.0,0.861425,0.964883,0.961876,0.894866,0.970193,0.949107,0.905062,0.961274,0.967797,0.727271,0.963777,0.959226,0.950941,0.952569,0.980935,0.966209,0.862668,0.957653,0.934318,0.965974,0.956249,0.964531],[0.901043,0.954133,0.855792,0.725411,0.839985,0.883239,0.857452,0.861425,1.0,0.841317,0.854325,0.922998,0.847214,0.87524,0.916228,0.837678,0.840946,0.730248,0.841278,0.866696,0.885561,0.831728,0.854829,0.840799,0.957858,0.835085,0.820808,0.843264,0.871515,0.852273],[0.921393,0.867088,0.95807,0.725342,0.965786,0.931646,0.960663,0.964883,0.841317,1.0,0.967761,0.89127,0.966196,0.944018,0.900274,0.975551,0.973323,0.724631,0.97897,0.950593,0.931963,0.965313,0.968353,0.973809,0.854281,0.976534,0.953828,0.981253,0.941207,0.958296],[0.939133,0.878962,0.976747,0.725532,0.968491,0.950527,0.981021,0.961876,0.854325,0.967761,1.0,0.906075,0.970968,0.961657,0.915385,0.964982,0.973282,0.722446,0.976792,0.971125,0.952974,0.957247,0.973034,0.963372,0.865644,0.953922,0.942779,0.967206,0.959704,0.984519],[0.944702,0.950706,0.90625,0.720332,0.888608,0.92774,0.898709,0.894866,0.922998,0.89127,0.906075,1.0,0.889995,0.92919,0.982508,0.883398,0.891455,0.720727,0.895768,0.919731,0.927975,0.875712,0.900494,0.881686,0.944399,0.880089,0.863073,0.884879,0.921463,0.894646],[0.919364,0.872395,0.962973,0.720894,0.968377,0.937972,0.963414,0.970193,0.847214,0.966196,0.970968,0.889995,1.0,0.944398,0.898071,0.973883,0.970668,0.724742,0.974886,0.95176,0.936271,0.970874,0.965858,0.97381,0.857682,0.970776,0.950951,0.968227,0.946936,0.966142],[0.951672,0.899395,0.960141,0.717665,0.934769,0.970321,0.951688,0.949107,0.87524,0.944018,0.961657,0.92919,0.944398,1.0,0.938154,0.9359,0.942457,0.715732,0.952661,0.967558,0.957508,0.923259,0.956332,0.930085,0.885312,0.931322,0.910824,0.939587,0.970572,0.948796],[0.955769,0.948138,0.917555,0.718858,0.89913,0.938172,0.910523,0.905062,0.916228,0.900274,0.915385,0.982508,0.898071,0.938154,1.0,0.892311,0.90212,0.716942,0.903961,0.930946,0.941637,0.885988,0.909801,0.889566,0.929895,0.887921,0.873061,0.894918,0.92772,0.905415],[0.913601,0.863005,0.960062,0.726075,0.9773,0.930391,0.957339,0.961274,0.837678,0.975551,0.964982,0.883398,0.973883,0.9359,0.892311,1.0,0.975721,0.725194,0.979658,0.944089,0.931338,0.971861,0.962659,0.981128,0.847998,0.980289,0.961865,0.980576,0.940382,0.960138],[0.924904,0.864726,0.965932,0.725387,0.974157,0.943189,0.974841,0.967797,0.840946,0.973323,0.973282,0.891455,0.970668,0.942457,0.90212,0.975721,1.0,0.720544,0.979108,0.959507,0.943249,0.963424,0.975394,0.969719,0.8516,0.960384,0.951456,0.978042,0.949751,0.973736],[0.7141,0.729122,0.718353,0.965047,0.719389,0.715618,0.713949,0.727271,0.730248,0.724631,0.722446,0.720727,0.724742,0.715732,0.716942,0.725194,0.720544,1.0,0.719224,0.719668,0.716881,0.720924,0.722005,0.726644,0.737039,0.72852,0.722678,0.718843,0.716448,0.718429],[0.9239,0.867762,0.968521,0.724729,0.967702,0.93801,0.970384,0.963777,0.841278,0.97897,0.976792,0.895768,0.974886,0.952661,0.903961,0.979658,0.979108,0.719224,1.0,0.959693,0.940071,0.962367,0.97537,0.971159,0.852991,0.970646,0.951336,0.981787,0.946658,0.970877],[0.953725,0.89097,0.973776,0.719646,0.951998,0.958669,0.968243,0.959226,0.866696,0.950593,0.971125,0.919731,0.95176,0.967558,0.930946,0.944089,0.959507,0.719668,0.959693,1.0,0.965612,0.937829,0.96459,0.940995,0.876386,0.938197,0.924842,0.955843,0.962118,0.96434],[0.980012,0.899225,0.955419,0.721591,0.935336,0.955634,0.955205,0.950941,0.885561,0.931963,0.952974,0.927975,0.936271,0.957508,0.941637,0.931338,0.943249,0.716881,0.940071,0.965612,1.0,0.923106,0.956782,0.930986,0.884977,0.919271,0.910814,0.937955,0.955264,0.951861],[0.907825,0.852252,0.946279,0.72678,0.971614,0.927357,0.953767,0.952569,0.831728,0.965313,0.957247,0.875712,0.970874,0.923259,0.885988,0.971861,0.963424,0.720924,0.962367,0.937829,0.923106,1.0,0.95709,0.983057,0.840673,0.971581,0.971223,0.972611,0.938484,0.956477],[0.940227,0.871062,0.963901,0.728077,0.961294,0.955648,0.970117,0.980935,0.854829,0.968353,0.973034,0.900494,0.965858,0.956332,0.909801,0.962659,0.975394,0.722005,0.97537,0.96459,0.956782,0.95709,1.0,0.965834,0.858353,0.956968,0.943807,0.973274,0.961148,0.972002],[0.914433,0.859165,0.952178,0.7303,0.973808,0.931435,0.958959,0.966209,0.840799,0.973809,0.963372,0.881686,0.97381,0.930085,0.889566,0.981128,0.969719,0.726644,0.971159,0.940995,0.930986,0.983057,0.965834,1.0,0.847488,0.983032,0.96391,0.976514,0.942175,0.961138],[0.90092,0.967292,0.867278,0.727384,0.847105,0.885796,0.855262,0.862668,0.957858,0.854281,0.865644,0.944399,0.857682,0.885312,0.929895,0.847998,0.8516,0.737039,0.852991,0.876386,0.884977,0.840673,0.858353,0.847488,1.0,0.846194,0.826689,0.845489,0.880501,0.855164],[0.904046,0.859484,0.945045,0.727473,0.966616,0.918547,0.948247,0.957653,0.835085,0.976534,0.953922,0.880089,0.970776,0.931322,0.887921,0.980289,0.960384,0.72852,0.970646,0.938197,0.919271,0.971581,0.956968,0.983032,0.846194,1.0,0.960168,0.970803,0.930039,0.947992],[0.896136,0.837736,0.93427,0.731427,0.962025,0.912599,0.940169,0.934318,0.820808,0.953828,0.942779,0.863073,0.950951,0.910824,0.873061,0.961865,0.951456,0.722678,0.951336,0.924842,0.910814,0.971223,0.943807,0.96391,0.826689,0.960168,1.0,0.961327,0.918201,0.944054],[0.924558,0.858343,0.960284,0.724682,0.972965,0.93838,0.970996,0.965974,0.843264,0.981253,0.967206,0.884879,0.968227,0.939587,0.894918,0.980576,0.978042,0.718843,0.981787,0.955843,0.937955,0.972611,0.973274,0.976514,0.845489,0.970803,0.961327,1.0,0.946048,0.969147],[0.944665,0.889283,0.960724,0.71943,0.943191,0.976014,0.956504,0.956249,0.871515,0.941207,0.959704,