{"scene_id":"pavia-university","method":"cae_3d_8","n_seeds":15,"latent_dim":8,"samples_per_class":220,"ari_vs_gt_per_seed":[0.439191,0.435288,0.438312,0.422557,0.445048,0.435296,0.420824,0.428814,0.445074,0.414839,0.433093,0.429772,0.428326,0.426452,0.424303],"ari_vs_gt_summary":{"mean":0.431146,"std":0.008453,"min":0.414839,"max":0.445074},"seed_pair_ari":[[1.0,0.919708,0.883552,0.841606,0.893556,0.914425,0.828752,0.833446,0.876667,0.815726,0.919923,0.828739,0.891273,0.823568,0.827033],[0.919708,1.0,0.880869,0.873879,0.877318,0.935754,0.855058,0.874286,0.88137,0.851463,0.922288,0.848442,0.886114,0.855539,0.86497],[0.883552,0.880869,1.0,0.832838,0.857455,0.877366,0.819032,0.818594,0.891231,0.804196,0.914393,0.821119,0.857434,0.822924,0.81525],[0.841606,0.873879,0.832838,1.0,0.804847,0.858388,0.906961,0.932768,0.834296,0.922887,0.858589,0.903074,0.844983,0.902105,0.913074],[0.893556,0.877318,0.857455,0.804847,1.0,0.875521,0.80764,0.808757,0.852639,0.786888,0.874264,0.80023,0.831121,0.795412,0.793414],[0.914425,0.935754,0.877366,0.858388,0.875521,1.0,0.839308,0.851071,0.869748,0.833148,0.920606,0.833635,0.877153,0.827227,0.842688],[0.828752,0.855058,0.819032,0.906961,0.80764,0.839308,1.0,0.910018,0.837563,0.890638,0.853059,0.891024,0.827784,0.880706,0.881178],[0.833446,0.874286,0.818594,0.932768,0.808757,0.851071,0.910018,1.0,0.829471,0.932421,0.850525,0.925402,0.838195,0.916883,0.928507],[0.876667,0.88137,0.891231,0.834296,0.852639,0.869748,0.837563,0.829471,1.0,0.818196,0.906216,0.82028,0.865656,0.811616,0.815801],[0.815726,0.851463,0.804196,0.922887,0.786888,0.833148,0.890638,0.932421,0.818196,1.0,0.83319,0.918871,0.837754,0.90968,0.919148],[0.919923,0.922288,0.914393,0.858589,0.874264,0.920606,0.853059,0.850525,0.906216,0.83319,1.0,0.840987,0.88505,0.838898,0.844689],[0.828739,0.848442,0.821119,0.903074,0.80023,0.833635,0.891024,0.925402,0.82028,0.918871,0.840987,1.0,0.820323,0.925656,0.924441],[0.891273,0.886114,0.857434,0.844983,0.831121,0.877153,0.827784,0.838195,0.865656,0.837754,0.88505,0.820323,1.0,0.842417,0.849059],[0.823568,0.855539,0.822924,0.902105,0.795412,0.827227,0.880706,0.916883,0.811616,0.90968,0.838898,0.925656,0.842417,1.0,0.93442],[0.827033,0.86497,0.81525,0.913074,0.793414,0.842688,0.881178,0.928507,0.815801,0.919148,0.844689,0.924441,0.849059,0.93442,1.0]],"seed_pair_procrustes_dist":[[0.0,0.098182,0.162875,0.075684,0.162685,0.08634,0.129442,0.087954,0.19128,0.126539,0.118661,0.090125,0.152123,0.14723,0.110604],[0.098182,0.0,0.153093,0.11684,0.120605,0.066894,0.12784,0.08291,0.138115,0.086504,0.152641,0.126867,0.098628,0.190201,0.119023],[0.162875,0.153093,0.0,0.163894,0.242837,0.129422,0.104365,0.156991,0.146157,0.197083,0.107214,0.15124,0.176199,0.196752,0.183505],[0.075684,0.11684,0.163894,0.0,0.18395,0.115291,0.139525,0.089159,0.217983,0.139153,0.116726,0.075966,0.17182,0.123258,0.099576],[0.162685,0.120605,0.242837,0.18395,0.0,0.144499,0.204893,0.13962,0.181578,0.101683,0.223746,0.184212,0.154748,0.245725,0.165284],[0.08634,0.066894,0.129422,0.115291,0.144499,0.0,0.109312,0.08787,0.136076,0.107368,0.127584,0.118326,0.109901,0.180103,0.123808],[0.129442,0.12784,0.104365,0.139525,0.204893,0.109312,0.0,0.11537,0.143498,0.160009,0.102279,0.113247,0.137236,0.159603,0.134417],[0.087954,0.08291,0.156991,0.089159,0.13962,0.08787,0.11537,0.0,0.168176,0.086444,0.130387,0.088841,0.111273,0.152175,0.073944],[0.19128,0.138115,0.146157,0.217983,0.181578,0.136076,0.143498,0.168176,0.0,0.149614,0.174025,0.182955,0.13346,0.244931,0.188888],[0.126539,0.086504,0.197083,0.139153,0.101683,0.107368,0.160009,0.086444,0.149614,0.0,0.181771,0.136037,0.095944,0.196597,0.104872],[0.118661,0.152641,0.107214,0.116726,0.223746,0.127584,0.102279,0.130387,0.174025,0.181771,0.0,0.099712,0.206027,0.139284,0.155449],[0.090125,0.126867,0.15124,0.075966,0.184212,0.118326,0.113247,0.088841,0.182955,0.136037,0.099712,0.0,0.170974,0.101204,0.088652],[0.152123,0.098628,0.176199,0.17182,0.154748,0.109901,0.137236,0.111273,0.13346,0.095944,0.206027,0.170974,0.0,0.200707,0.119959],[0.14723,0.190201,0.196752,0.123258,0.245725,0.180103,0.159603,0.152175,0.244931,0.196597,0.139284,0.101204,0.200707,0.0,0.143817],[0.110604,0.119023,0.183505,0.099576,0.165284,0.123808,0.134417,0.073944,0.188888,0.104872,0.155449,0.088652,0.119959,0.143817,0.0]],"off_diagonal_summary":{"ari_mean":0.862813,"ari_min":0.786888,"ari_std":0.039699,"procrustes_mean":0.139867,"procrustes_max":0.245725},"framework_axis":"B-6 follow-up: deep-method seed stability for CAE-1D \u2014 pairwise cluster ARI + Procrustes between latent embeddings across N_SEEDS torch initialisations","generated_at":"2026-05-07T02:19:19Z","builder_version":"build_deep_seed_stability v0.1"}