{"scene_id":"pavia-university","method":"beta_vae_8","n_seeds":7,"latent_dim":8,"samples_per_class":220,"ari_vs_gt_per_seed":[0.463462,0.440638,0.431866,0.432409,0.417016,0.409809,0.426794],"ari_vs_gt_summary":{"mean":0.431713,"std":0.016072,"min":0.409809,"max":0.463462},"seed_pair_ari":[[1.0,0.669836,0.735997,0.683099,0.692341,0.788419,0.673497],[0.669836,1.0,0.788902,0.781976,0.736055,0.732978,0.826815],[0.735997,0.788902,1.0,0.734517,0.750495,0.656611,0.808348],[0.683099,0.781976,0.734517,1.0,0.687733,0.69869,0.74461],[0.692341,0.736055,0.750495,0.687733,1.0,0.68421,0.768203],[0.788419,0.732978,0.656611,0.69869,0.68421,1.0,0.734103],[0.673497,0.826815,0.808348,0.74461,0.768203,0.734103,1.0]],"seed_pair_procrustes_dist":[[0.0,0.611465,0.099412,0.077355,0.610504,0.096709,0.587894],[0.611465,0.0,0.732991,0.716144,0.067249,0.750208,0.114959],[0.099412,0.732991,0.0,0.10735,0.600298,0.055536,0.582116],[0.077355,0.716144,0.10735,0.0,0.603373,0.119286,0.583433],[0.610504,0.067249,0.600298,0.603373,0.0,0.713912,0.118192],[0.096709,0.750208,0.055536,0.119286,0.713912,0.0,0.585347],[0.587894,0.114959,0.582116,0.583433,0.118192,0.585347,0.0]],"off_diagonal_summary":{"ari_mean":0.732259,"ari_min":0.656611,"ari_std":0.047749,"procrustes_mean":0.406368,"procrustes_max":0.750208},"framework_axis":"B-6 follow-up: deep-method seed stability for CAE-1D \u2014 pairwise cluster ARI + Procrustes between latent embeddings across N_SEEDS torch initialisations","generated_at":"2026-05-06T11:51:25Z","builder_version":"build_deep_seed_stability v0.1"}