{"scene_id":"pavia-university","method":"beta_vae_8","n_seeds":30,"latent_dim":8,"samples_per_class":220,"ari_vs_gt_per_seed":[0.414413,0.402279,0.396262,0.424809,0.418581,0.432365,0.431751,0.415872,0.402185,0.424008,0.437899,0.426236,0.433729,0.42911,0.429106,0.417744,0.425626,0.429607,0.419359,0.424051,0.424114,0.420537,0.424602,0.403745,0.42763,0.405116,0.428096,0.428783,0.430241,0.423113],"ari_vs_gt_summary":{"mean":0.421699,"std":0.010308,"min":0.396262,"max":0.437899},"seed_pair_ari":[[1.0,0.6812,0.680536,0.710558,0.953459,0.758618,0.734147,0.929573,0.690544,0.941239,0.712523,0.798244,0.716154,0.80685,0.890957,0.68299,0.790287,0.777883,0.756034,0.726345,0.868387,0.732543,0.745884,0.633428,0.734482,0.791484,0.820662,0.756436,0.692896,0.883941],[0.6812,1.0,0.898031,0.697003,0.660243,0.693066,0.670141,0.651682,0.925907,0.665631,0.703938,0.70995,0.645283,0.699044,0.657619,0.729767,0.702797,0.701141,0.724955,0.635497,0.64654,0.663438,0.711109,0.762847,0.664102,0.557909,0.692888,0.703343,0.644851,0.664218],[0.680536,0.898031,1.0,0.678592,0.655286,0.676481,0.652714,0.648884,0.908195,0.662937,0.687248,0.694703,0.629967,0.685475,0.652805,0.695888,0.692631,0.685774,0.712021,0.627129,0.64812,0.644052,0.700384,0.783176,0.637909,0.558489,0.684127,0.689244,0.620479,0.662219],[0.710558,0.697003,0.678592,1.0,0.698347,0.74575,0.85474,0.684438,0.689002,0.709656,0.764445,0.733362,0.790741,0.729441,0.726543,0.85237,0.721372,0.739023,0.720116,0.743396,0.732251,0.781566,0.752165,0.823657,0.793214,0.699195,0.7506,0.766893,0.794666,0.725151],[0.953459,0.660243,0.655286,0.698347,1.0,0.744674,0.719075,0.947461,0.667454,0.947355,0.699424,0.777738,0.729316,0.78859,0.880705,0.66898,0.774699,0.760913,0.738705,0.735752,0.847578,0.72142,0.72752,0.622398,0.736077,0.808625,0.800685,0.740866,0.70516,0.86652],[0.758618,0.693066,0.676481,0.74575,0.744674,1.0,0.801034,0.744545,0.701807,0.76879,0.908762,0.918079,0.799936,0.898865,0.826089,0.708937,0.898671,0.931711,0.915608,0.806653,0.839184,0.825975,0.900983,0.680655,0.817075,0.66203,0.883169,0.939317,0.757446,0.824752],[0.734147,0.670141,0.652714,0.85474,0.719075,0.801034,1.0,0.70894,0.671759,0.731117,0.820322,0.786812,0.835238,0.779162,0.760661,0.807568,0.770175,0.785,0.783073,0.824612,0.777533,0.853753,0.813335,0.73181,0.867952,0.678938,0.794344,0.816084,0.864783,0.764234],[0.929573,0.651682,0.648884,0.684438,0.947461,0.744545,0.70894,1.0,0.664952,0.944134,0.697555,0.783312,0.737426,0.790487,0.881944,0.655232,0.778273,0.764519,0.741101,0.750149,0.856055,0.734576,0.732792,0.610707,0.746255,0.802682,0.804108,0.739314,0.719073,0.872131],[0.690544,0.925907,0.908195,0.689002,0.667454,0.701807,0.671759,0.664952,1.0,0.680094,0.710491,0.718905,0.642391,0.708343,0.671161,0.711312,0.711316,0.711219,0.739515,0.635356,0.665054,0.667555,0.725901,0.74244,0.654225,0.566208,0.700821,0.712067,0.639783,0.678906],[0.941239,0.665631,0.662937,0.709656,0.947355,0.76879,0.731117,0.944134,0.680094,1.0,0.720224,0.802843,0.734836,0.81003,0.9115,0.675673,0.794268,0.791294,0.757802,0.741408,0.876735,0.726914,0.74564,0.626223,0.738739,0.779528,0.828774,0.762316,0.708947,0.890729],[0.712523,0.703938,0.687248,0.764445,0.699424,0.908762,0.820322,0.697555,0.710491,0.720224,1.0,0.867296,0.816919,0.851655,0.772063,0.750387,0.856305,0.894021,0.875662,0.791954,0.781526,0.819266,0.914123,0.716078,0.810266,0.63486,0.837047,0.898279,0.793306,0.771803],[0.798244,0.70995,0.694703,0.733362,0.777738,0.918079,0.786812,0.783312,0.718905,0.802843,0.867296,1.0,0.771689,0.952127,0.860942,0.718269,0.946718,0.947905,0.917291,0.798396,0.882127,0.806376,0.898721,0.675717,0.795692,0.683357,0.937244,0.894242,0.739389,0.87187],[0.716154,0.645283,0.629967,0.790741,0.729316,0.799936,0.835238,0.737426,0.642391,0.734836,0.816919,0.771689,1.0,0.761294,0.74275,0.726466,0.749475,0.781133,0.767577,0.896867,0.753174,0.922972,0.8062,0.702007,0.923589,0.705357,0.772496,0.814516,0.904473,0.734794],[0.80685,0.699044,0.685475,0.729441,0.78859,0.898865,0.779162,0.790487,0.708343,0.81003,0.851655,0.952127,0.761294,1.0,0.872493,0.712952,0.944855,0.93532,0.901569,0.787017,0.887488,0.7963,0.881611,0.671363,0.786358,0.686185,0.939415,0.878321,0.731458,0.884922],[0.890957,0.657619,0.652805,0.726543,0.880705,0.826089,0.760661,0.881944,0.671161,0.9115,0.772063,0.860942,0.74275,0.872493,1.0,0.6924,0.86046,0.851446,0.813769,0.753222,0.945634,0.760345,0.796534,0.644697,0.761207,0.728083,0.89092,0.8153,0.711453,0.955409],[0.68299,0.729767,0.695888,0.85237,0.66898,0.708937,0.807568,0.655232,0.711312,0.675673,0.750387,0.718269,0.726466,0.712952,0.6924,1.0,0.724472,0.713227,0.736676,0.701829,0.699583,0.74128,0.748792,0.825851,0.735144,0.673173,0.705557,0.720852,0.764931,0.701183],[0.790287,0.702797,0.692631,0.721372,0.774699,0.898671,0.770175,0.778273,0.711316,0.794268,0.856305,0.946718,0.749475,0.944855,0.86046,0.724472,1.0,0.919492,0.922042,0.776724,0.881638,0.783896,0.887407,0.681466,0.774748,0.671525,0.920065,0.877974,0.72134,0.868649],[0.777883,0.701141,0.685774,0.739023,0.760913,0.931711,0.785,0.764519,0.711219,0.791294,0.894021,0.947905,0.781133,0.93532,0.851446,0.713227,0.919492,1.0,0.898986,0.793592,0.86406,0.812333,0.900812,0.683205,0.795836,0.668645,0.923918,0.88933,0.741006,0.851243],[0.756034,0.724955,0.712021,0.720116,0.738705,0.915608,0.783073,0.741101,0.739515,0.757802,0.875662,0.917291,0.767577,0.901569,0.813769,0.736676,0.922042,0.898986,1.0,0.803753,0.840501,0.803255,0.917186,0.696853,0.79422,0.659687,0.870921,0.908624,0.740551,0.822715],[0.726345,0.635497,0.627129,0.743396,0.735752,0.806653,0.824612,0.750149,0.635356,0.741408,0.791954,0.798396,0.896867,0.787017,0.753222,0.701829,0.776724,0.793592,0.803753,1.0,0.777117,0.903005,0.836183,0.655069,0.90966,0.720744,0.796252,0.824679,0.88174,0.759217],[0.868387,0.64654,0.64812,0.732251,0.847578,0.839184,0.777533,0.856055,0.665054,0.876735,0.781526,0.882127,0.753174,0.887488,0.945634,0.699583,0.881638,0.86406,0.840501,0.777117,1.0,0.780637,0.830548,0.644775,0.778519,0.713087,0.895914,0.830913,0.730024,0.948235],[0.732543,0.663438,0.644052,0.781566,0.72142,0.825975,0.853753,0.734576,0.667555,0.726914,0.819266,0.806376,0.922972,0.7963,0.760345,0.74128,0.783896,0.812333,0.803255,0.903005,0.780637,1.0,0.833778,0.688841,0.926372,0.692882,0.803708,0.838019,0.891687,0.765864],[0.745884,0.711109,0.700384,0.752165,0.72752,0.900983,0.813335,0.732792,0.725901,0.74564,0.914123,0.898721,0.8062,0.881611,0.796534,0.748792,0.887407,0.900812,0.917186,0.836183,0.830548,0.833778,1.0,0.699469,0.829377,0.660104,0.868808,0.908726,0.776035,0.817843],[0.633428,0.762847,0.783176,0.823657,0.622398,0.680655,0.73181,0.610707,0.74244,0.626223,0.716078,0.675717,0.702007,0.671363,0.644697,0.825851,0.681466,0.683205,0.696853,0.655069,0.644775,0.688841,0.699469,1.0,0.686667,0.635052,0.672557,0.692981,0.686042,0.64979],[0.734482,0.664102,0.637909,0.793214,0.736077,0.817075,0.867952,0.746255,0.654225,0.738739,0.810266,0.795692,0.923589,0.786358,0.761207,0.735144,0.774748,0.795836,0.79422,0.90966,0.778519,0.926372,0.829377,0.686667,1.0,0.699686,0.795983,0.834472,0.89662,0.759127],[0.791484,0.557909,0.558489,0.699195,0.808625,0.66203,0.678938,0.802682,0.566208,0.779528,0.63486,0.683357,0.705357,0.686185,0.728083,0.673173,0.671525,0.668645,0.659687,0.720744,0.713087,0.692882,0.660104,0.635052,0.699686,1.0,0.696328,0.666144,0.709694,0.724898],[0.820662,0.692888,0.684127,0.7506,0.800685,0.883169,0.794344,0.804108,0.700821,0.828774,0.837047,0.937244,0.772496,0.939415,0.89092,0.705557,0.920065,0.923918,0.870921,0.796252,0.895914,0.803708,0.868808,0.672557,0.795983,0.696328,1.0,0.86758,0.740512,0.898989],[0.756436,0.703343,0.689244,0.766893,0.740866,0.939317,0.816084,0.739314,0.712067,0.762316,0.898279,0.894242,0.814516,0.878321,0.8153,0.720852,0.877974,0.88933,0.908624,0.824679,0.830913,0.838019,0.908726,0.692981,0.834472,0.666144,0.86758,1.0,0.776158,0.816465],[0.692896,0.644851,0.620479,0.794666,0.70516,0.757446,0.864783,0.719073,0.639783,0.708947,0.793306,0.739389,0.904473,0.731458,