{"scene_id":"pavia-university","method":"cae_2d_8","n_seeds":7,"latent_dim":8,"samples_per_class":220,"ari_vs_gt_per_seed":[0.406238,0.403294,0.411056,0.402487,0.403257,0.402357,0.403766],"ari_vs_gt_summary":{"mean":0.404636,"std":0.00288,"min":0.402357,"max":0.411056},"seed_pair_ari":[[1.0,0.876727,0.848739,0.922313,0.96217,0.94136,0.955129],[0.876727,1.0,0.776015,0.932095,0.866933,0.914788,0.861762],[0.848739,0.776015,1.0,0.803015,0.875441,0.827972,0.860756],[0.922313,0.932095,0.803015,1.0,0.901042,0.958554,0.904837],[0.96217,0.866933,0.875441,0.901042,1.0,0.929627,0.966317],[0.94136,0.914788,0.827972,0.958554,0.929627,1.0,0.929593],[0.955129,0.861762,0.860756,0.904837,0.966317,0.929593,1.0]],"seed_pair_procrustes_dist":[[0.0,0.077659,0.066771,0.080399,0.065036,0.065484,0.070353],[0.077659,0.0,0.08076,0.073371,0.059928,0.071418,0.075759],[0.066771,0.08076,0.0,0.055018,0.059413,0.057512,0.05907],[0.080399,0.073371,0.055018,0.0,0.055226,0.052788,0.069415],[0.065036,0.059928,0.059413,0.055226,0.0,0.046734,0.051937],[0.065484,0.071418,0.057512,0.052788,0.046734,0.0,0.049007],[0.070353,0.075759,0.05907,0.069415,0.051937,0.049007,0.0]],"off_diagonal_summary":{"ari_mean":0.895961,"ari_min":0.776015,"ari_std":0.052308,"procrustes_mean":0.063955,"procrustes_max":0.08076},"framework_axis":"B-6 follow-up: deep-method seed stability for CAE-1D \u2014 pairwise cluster ARI + Procrustes between latent embeddings across N_SEEDS torch initialisations","generated_at":"2026-05-06T12:20:51Z","builder_version":"build_deep_seed_stability v0.1"}