{"scene_id":"pavia-university","method":"cae_2d_8","n_seeds":7,"latent_dim":8,"samples_per_class":220,"ari_vs_gt_per_seed":[0.403237,0.405116,0.401338,0.402188,0.403602,0.402642,0.403938],"ari_vs_gt_summary":{"mean":0.403152,"std":0.001144,"min":0.401338,"max":0.405116},"seed_pair_ari":[[1.0,0.905503,0.951076,0.968549,0.923214,0.933679,0.95534],[0.905503,1.0,0.923571,0.915424,0.966185,0.946549,0.912355],[0.951076,0.923571,1.0,0.967823,0.943162,0.953791,0.961527],[0.968549,0.915424,0.967823,1.0,0.933543,0.947007,0.974168],[0.923214,0.966185,0.943162,0.933543,1.0,0.970712,0.940732],[0.933679,0.946549,0.953791,0.947007,0.970712,1.0,0.947758],[0.95534,0.912355,0.961527,0.974168,0.940732,0.947758,1.0]],"seed_pair_procrustes_dist":[[0.0,0.083556,0.067652,0.080711,0.066599,0.063142,0.062734],[0.083556,0.0,0.081724,0.073021,0.067926,0.079442,0.081717],[0.067652,0.081724,0.0,0.053206,0.062396,0.05702,0.053541],[0.080711,0.073021,0.053206,0.0,0.055858,0.05226,0.06016],[0.066599,0.067926,0.062396,0.055858,0.0,0.04851,0.051639],[0.063142,0.079442,0.05702,0.05226,0.04851,0.0,0.046623],[0.062734,0.081717,0.053541,0.06016,0.051639,0.046623,0.0]],"off_diagonal_summary":{"ari_mean":0.944841,"ari_min":0.905503,"ari_std":0.019832,"procrustes_mean":0.064259,"procrustes_max":0.083556},"framework_axis":"B-6 follow-up: deep-method seed stability for CAE-1D \u2014 pairwise cluster ARI + Procrustes between latent embeddings across N_SEEDS torch initialisations","generated_at":"2026-05-09T14:40:56Z","builder_version":"build_deep_seed_stability v0.1"}