{"scene_id":"pavia-university","method":"cae_2d_8","n_seeds":15,"latent_dim":8,"samples_per_class":220,"ari_vs_gt_per_seed":[0.402136,0.404386,0.403939,0.458995,0.403496,0.403722,0.40495,0.405847,0.407076,0.402519,0.402572,0.402777,0.404531,0.404106,0.453113],"ari_vs_gt_summary":{"mean":0.410944,"std":0.017771,"min":0.402136,"max":0.458995},"seed_pair_ari":[[1.0,0.928959,0.891936,0.712726,0.875167,0.888339,0.874839,0.895666,0.93483,0.908648,0.872037,0.86317,0.939002,0.920946,0.714967],[0.928959,1.0,0.841449,0.723507,0.833266,0.836816,0.825454,0.852329,0.883101,0.855864,0.827544,0.823912,0.900094,0.872294,0.731834],[0.891936,0.841449,1.0,0.71741,0.962565,0.978287,0.952805,0.96352,0.93028,0.962282,0.967438,0.963184,0.923746,0.950419,0.720353],[0.712726,0.723507,0.71741,1.0,0.720079,0.719967,0.720044,0.718104,0.710484,0.715946,0.72272,0.723394,0.712132,0.713826,0.969716],[0.875167,0.833266,0.962565,0.720079,1.0,0.970817,0.971025,0.95377,0.920305,0.954242,0.977168,0.980193,0.91564,0.930524,0.725305],[0.888339,0.836816,0.978287,0.719967,0.970817,1.0,0.967522,0.960538,0.929532,0.959994,0.972882,0.968981,0.9193,0.938708,0.719134],[0.874839,0.825454,0.952805,0.720044,0.971025,0.967522,1.0,0.935522,0.914538,0.940166,0.972135,0.967426,0.901665,0.920026,0.723302],[0.895666,0.852329,0.96352,0.718104,0.95377,0.960538,0.935522,1.0,0.95408,0.975563,0.942487,0.946705,0.943749,0.948018,0.719432],[0.93483,0.883101,0.93028,0.710484,0.920305,0.929532,0.914538,0.95408,1.0,0.952801,0.91217,0.907518,0.97371,0.947051,0.712187],[0.908648,0.855864,0.962282,0.715946,0.954242,0.959994,0.940166,0.975563,0.952801,1.0,0.942447,0.946542,0.945945,0.951983,0.720339],[0.872037,0.827544,0.967438,0.72272,0.977168,0.972882,0.972135,0.942487,0.91217,0.942447,1.0,0.982745,0.907003,0.93088,0.726393],[0.86317,0.823912,0.963184,0.723394,0.980193,0.968981,0.967426,0.946705,0.907518,0.946542,0.982745,1.0,0.907159,0.923616,0.729525],[0.939002,0.900094,0.923746,0.712132,0.91564,0.9193,0.901665,0.943749,0.97371,0.945945,0.907003,0.907159,1.0,0.953318,0.718406],[0.920946,0.872294,0.950419,0.713826,0.930524,0.938708,0.920026,0.948018,0.947051,0.951983,0.93088,0.923616,0.953318,1.0,0.719036],[0.714967,0.731834,0.720353,0.969716,0.725305,0.719134,0.723302,0.719432,0.712187,0.720339,0.726393,0.729525,0.718406,0.719036,1.0]],"seed_pair_procrustes_dist":[[0.0,0.086626,0.068497,0.081999,0.066715,0.063661,0.066894,0.071469,0.056416,0.055063,0.054843,0.066274,0.105622,0.068706,0.054538],[0.086626,0.0,0.086785,0.072896,0.065778,0.082388,0.087859,0.084784,0.07435,0.083557,0.067961,0.065801,0.062347,0.07783,0.082266],[0.068497,0.086785,0.0,0.057022,0.062589,0.058156,0.05924,0.069513,0.060016,0.053122,0.059658,0.058896,0.097996,0.05074,0.072525],[0.081999,0.072896,0.057022,0.0,0.054201,0.054675,0.071184,0.075195,0.058597,0.066834,0.055174,0.063431,0.075684,0.053851,0.074164],[0.066715,0.065778,0.062589,0.054201,0.0,0.051059,0.05945,0.078499,0.048039,0.058507,0.05044,0.060786,0.073016,0.061668,0.066575],[0.063661,0.082388,0.058156,0.054675,0.051059,0.0,0.047312,0.078018,0.052314,0.0513,0.048783,0.061576,0.090247,0.062256,0.063018],[0.066894,0.087859,0.05924,0.071184,0.05945,0.047312,0.0,0.075555,0.063203,0.057111,0.065481,0.067129,0.099764,0.07421,0.072659],[0.071469,0.084784,0.069513,0.075195,0.078499,0.078018,0.075555,0.0,0.074928,0.070869,0.072193,0.063409,0.102815,0.067453,0.07436],[0.056416,0.07435,0.060016,0.058597,0.048039,0.052314,0.063203,0.074928,0.0,0.05476,0.049683,0.057464,0.089485,0.058126,0.065018],[0.055063,0.083557,0.053122,0.066834,0.058507,0.0513,0.057111,0.070869,0.05476,0.0,0.056827,0.062004,0.099966,0.064326,0.065003],[0.054843,0.067961,0.059658,0.055174,0.05044,0.048783,0.065481,0.072193,0.049683,0.056827,0.0,0.05877,0.092362,0.049636,0.049175],[0.066274,0.065801,0.058896,0.063431,0.060786,0.061576,0.067129,0.063409,0.057464,0.062004,0.05877,0.0,0.074053,0.057569,0.074025],[0.105622,0.062347,0.097996,0.075684,0.073016,0.090247,0.099764,0.102815,0.089485,0.099966,0.092362,0.074053,0.0,0.092019,0.11182],[0.068706,0.07783,0.05074,0.053851,0.061668,0.062256,0.07421,0.067453,0.058126,0.064326,0.049636,0.057569,0.092019,0.0,0.060635],[0.054538,0.082266,0.072525,0.074164,0.066575,0.063018,0.072659,0.07436,0.065018,0.065003,0.049175,0.074025,0.11182,0.060635,0.0]],"off_diagonal_summary":{"ari_mean":0.875415,"ari_min":0.710484,"ari_std":0.096508,"procrustes_mean":0.067915,"procrustes_max":0.11182},"framework_axis":"B-6 follow-up: deep-method seed stability for CAE-1D \u2014 pairwise cluster ARI + Procrustes between latent embeddings across N_SEEDS torch initialisations","generated_at":"2026-05-09T14:50:53Z","builder_version":"build_deep_seed_stability v0.1"}