{"scene_id":"pavia-university","method":"beta_vae_8","n_seeds":15,"latent_dim":8,"samples_per_class":220,"ari_vs_gt_per_seed":[0.463462,0.440638,0.431866,0.432409,0.417016,0.409809,0.426794,0.429046,0.420384,0.414999,0.431227,0.441801,0.426844,0.429901,0.409149],"ari_vs_gt_summary":{"mean":0.428356,"std":0.013397,"min":0.409149,"max":0.463462},"seed_pair_ari":[[1.0,0.669836,0.735997,0.683099,0.692341,0.788419,0.673497,0.687712,0.736101,0.704278,0.690954,0.678901,0.734497,0.687931,0.722937],[0.669836,1.0,0.788902,0.781976,0.736055,0.732978,0.826815,0.879935,0.781263,0.719229,0.830423,0.830913,0.800067,0.877936,0.700507],[0.735997,0.788902,1.0,0.734517,0.750495,0.656611,0.808348,0.818708,0.91144,0.705912,0.783365,0.77144,0.92195,0.828381,0.731487],[0.683099,0.781976,0.734517,1.0,0.687733,0.69869,0.74461,0.743436,0.73782,0.700464,0.74454,0.739085,0.758532,0.75973,0.680778],[0.692341,0.736055,0.750495,0.687733,1.0,0.68421,0.768203,0.796325,0.772108,0.90125,0.841518,0.803152,0.781263,0.795373,0.913517],[0.788419,0.732978,0.656611,0.69869,0.68421,1.0,0.734103,0.745752,0.662684,0.716453,0.734736,0.73072,0.68204,0.748191,0.685155],[0.673497,0.826815,0.808348,0.74461,0.768203,0.734103,1.0,0.91014,0.826161,0.74701,0.880895,0.891493,0.832079,0.902478,0.727328],[0.687712,0.879935,0.818708,0.743436,0.796325,0.745752,0.91014,1.0,0.837166,0.77,0.92112,0.918987,0.850365,0.948447,0.749533],[0.736101,0.781263,0.91144,0.73782,0.772108,0.662684,0.826161,0.837166,1.0,0.724357,0.801033,0.782928,0.935869,0.841691,0.749501],[0.704278,0.719229,0.705912,0.700464,0.90125,0.716453,0.74701,0.77,0.724357,1.0,0.809053,0.799149,0.741187,0.772196,0.915493],[0.690954,0.830423,0.783365,0.74454,0.841518,0.734736,0.880895,0.92112,0.801033,0.809053,1.0,0.930812,0.817105,0.914089,0.784798],[0.678901,0.830913,0.77144,0.739085,0.803152,0.73072,0.891493,0.918987,0.782928,0.799149,0.930812,1.0,0.80429,0.910183,0.748888],[0.734497,0.800067,0.92195,0.758532,0.781263,0.68204,0.832079,0.850365,0.935869,0.741187,0.817105,0.80429,1.0,0.85691,0.758292],[0.687931,0.877936,0.828381,0.75973,0.795373,0.748191,0.902478,0.948447,0.841691,0.772196,0.914089,0.910183,0.85691,1.0,0.749961],[0.722937,0.700507,0.731487,0.680778,0.913517,0.685155,0.727328,0.749533,0.749501,0.915493,0.784798,0.748888,0.758292,0.749961,1.0]],"seed_pair_procrustes_dist":[[0.0,0.611465,0.099412,0.077355,0.610504,0.096709,0.587894,0.585551,0.116372,0.600482,0.60563,0.626764,0.081467,0.60237,0.6546],[0.611465,0.0,0.732991,0.716144,0.067249,0.750208,0.114959,0.079409,0.728996,0.061205,0.080654,0.088179,0.727732,0.066327,0.128608],[0.099412,0.732991,0.0,0.10735,0.600298,0.055536,0.582116,0.574901,0.078665,0.594401,0.598152,0.621995,0.070029,0.593127,0.641833],[0.077355,0.716144,0.10735,0.0,0.603373,0.119286,0.583433,0.579647,0.146991,0.592762,0.601483,0.619873,0.111373,0.595726,0.649031],[0.610504,0.067249,0.600298,0.603373,0.0,0.713912,0.118192,0.05542,0.696675,0.064644,0.070526,0.10634,0.694221,0.056598,0.097548],[0.096709,0.750208,0.055536,0.119286,0.713912,0.0,0.585347,0.580749,0.076315,0.600521,0.600759,0.627307,0.056262,0.597996,0.643812],[0.587894,0.114959,0.582116,0.583433,0.118192,0.585347,0.0,0.102798,0.683946,0.117413,0.115901,0.124091,0.682443,0.098812,0.176015],[0.585551,0.079409,0.574901,0.579647,0.05542,0.580749,0.102798,0.0,0.669279,0.078688,0.084554,0.113776,0.668105,0.065165,0.127128],[0.116372,0.728996,0.078665,0.146991,0.696675,0.076315,0.683946,0.669279,0.0,0.607029,0.607948,0.633845,0.068867,0.605111,0.653552],[0.600482,0.061205,0.594401,0.592762,0.064644,0.600521,0.117413,0.078688,0.607029,0.0,0.093876,0.080124,0.715974,0.067318,0.13714],[0.60563,0.080654,0.598152,0.601483,0.070526,0.600759,0.115901,0.084554,0.607948,0.093876,0.0,0.113221,0.679408,0.066598,0.086484],[0.626764,0.088179,0.621995,0.619873,0.10634,0.627307,0.124091,0.113776,0.633845,0.080124,0.113221,0.0,0.746929,0.106226,0.156768],[0.081467,0.727732,0.070029,0.111373,0.694221,0.056262,0.682443,0.668105,0.068867,0.715974,0.679408,0.746929,0.0,0.592781,0.638461],[0.60237,0.066327,0.593127,0.595726,0.056598,0.597996,0.098812,0.065165,0.605111,0.067318,0.066598,0.106226,0.592781,0.0,0.110637],[0.6546,0.128608,0.641833,0.649031,0.097548,0.643812,0.176015,0.127128,0.653552,0.13714,0.086484,0.156768,0.638461,0.110637,0.0]],"off_diagonal_summary":{"ari_mean":0.78047,"ari_min":0.656611,"ari_std":0.075181,"procrustes_mean":0.372764,"procrustes_max":0.750208},"framework_axis":"B-6 follow-up: deep-method seed stability for CAE-1D \u2014 pairwise cluster ARI + Procrustes between latent embeddings across N_SEEDS torch initialisations","generated_at":"2026-05-06T20:58:00Z","builder_version":"build_deep_seed_stability v0.1"}