{"scene_id":"pavia-university","method":"cae_1d_8","n_seeds":7,"latent_dim":8,"samples_per_class":220,"ari_vs_gt_per_seed":[0.472223,0.477159,0.483277,0.476207,0.496095,0.482156,0.488696],"ari_vs_gt_summary":{"mean":0.482259,"std":0.007534,"min":0.472223,"max":0.496095},"seed_pair_ari":[[1.0,0.894357,0.93327,0.872761,0.884037,0.889697,0.922859],[0.894357,1.0,0.890593,0.918501,0.913347,0.864797,0.891846],[0.93327,0.890593,1.0,0.844902,0.928662,0.92639,0.923895],[0.872761,0.918501,0.844902,1.0,0.85945,0.8276,0.856445],[0.884037,0.913347,0.928662,0.85945,1.0,0.892188,0.924085],[0.889697,0.864797,0.92639,0.8276,0.892188,1.0,0.889001],[0.922859,0.891846,0.923895,0.856445,0.924085,0.889001,1.0]],"seed_pair_procrustes_dist":[[0.0,0.112604,0.105571,0.047737,0.125201,0.187364,0.083731],[0.112604,0.0,0.054592,0.105759,0.097188,0.106608,0.096213],[0.105571,0.054592,0.0,0.106848,0.08383,0.113578,0.081342],[0.047737,0.105759,0.106848,0.0,0.121631,0.18013,0.084852],[0.125201,0.097188,0.08383,0.121631,0.0,0.128036,0.094193],[0.187364,0.106608,0.113578,0.18013,0.128036,0.0,0.163455],[0.083731,0.096213,0.081342,0.084852,0.094193,0.163455,0.0]],"off_diagonal_summary":{"ari_mean":0.892794,"ari_min":0.8276,"ari_std":0.029486,"procrustes_mean":0.108593,"procrustes_max":0.187364},"framework_axis":"B-6 follow-up: deep-method seed stability for CAE-1D \u2014 pairwise cluster ARI + Procrustes between latent embeddings across N_SEEDS torch initialisations","generated_at":"2026-05-06T11:01:24Z","builder_version":"build_deep_seed_stability v0.1"}