{"scene_id":"pavia-university","method":"cae_1d_8","n_seeds":15,"latent_dim":8,"samples_per_class":220,"ari_vs_gt_per_seed":[0.472422,0.477159,0.482796,0.476207,0.496431,0.485519,0.488696,0.496909,0.485971,0.479641,0.473991,0.474513,0.480802,0.470809,0.488486],"ari_vs_gt_summary":{"mean":0.482023,"std":0.007947,"min":0.470809,"max":0.496909},"seed_pair_ari":[[1.0,0.89387,0.932693,0.872273,0.884962,0.90437,0.923307,0.847517,0.890228,0.887596,0.907333,0.909774,0.898297,0.906486,0.872154],[0.89387,1.0,0.899764,0.918501,0.912038,0.917813,0.891846,0.861609,0.937848,0.840438,0.879541,0.960308,0.936491,0.865039,0.956813],[0.932693,0.899764,1.0,0.850611,0.924588,0.939118,0.921172,0.889429,0.885344,0.921387,0.949934,0.91244,0.89812,0.910338,0.873358],[0.872273,0.918501,0.850611,1.0,0.860771,0.867842,0.856445,0.818558,0.910176,0.81147,0.82812,0.90962,0.905909,0.840614,0.911613],[0.884962,0.912038,0.924588,0.860771,1.0,0.920326,0.925397,0.924464,0.912308,0.884257,0.896454,0.907818,0.91744,0.860052,0.906131],[0.90437,0.917813,0.939118,0.867842,0.920326,1.0,0.909146,0.901944,0.90685,0.89269,0.921044,0.917814,0.893118,0.919742,0.894268],[0.923307,0.891846,0.921172,0.856445,0.925397,0.909146,1.0,0.89251,0.910315,0.893826,0.885613,0.905867,0.910399,0.872677,0.885766],[0.847517,0.861609,0.889429,0.818558,0.924464,0.901944,0.89251,1.0,0.883414,0.890876,0.875657,0.860521,0.870858,0.856049,0.859265],[0.890228,0.937848,0.885344,0.910176,0.912308,0.90685,0.910315,0.883414,1.0,0.848048,0.85253,0.928684,0.938794,0.865503,0.938152],[0.887596,0.840438,0.921387,0.81147,0.884257,0.89269,0.893826,0.890876,0.848048,1.0,0.933748,0.84904,0.853498,0.915737,0.823353],[0.907333,0.879541,0.949934,0.82812,0.896454,0.921044,0.885613,0.875657,0.85253,0.933748,1.0,0.878581,0.863817,0.916526,0.845474],[0.909774,0.960308,0.91244,0.90962,0.907818,0.917814,0.905867,0.860521,0.928684,0.84904,0.878581,1.0,0.929275,0.868811,0.93379],[0.898297,0.936491,0.89812,0.905909,0.91744,0.893118,0.910399,0.870858,0.938794,0.853498,0.863817,0.929275,1.0,0.864693,0.914622],[0.906486,0.865039,0.910338,0.840614,0.860052,0.919742,0.872677,0.856049,0.865503,0.915737,0.916526,0.868811,0.864693,1.0,0.840288],[0.872154,0.956813,0.873358,0.911613,0.906131,0.894268,0.885766,0.859265,0.938152,0.823353,0.845474,0.93379,0.914622,0.840288,1.0]],"seed_pair_procrustes_dist":[[0.0,0.112596,0.105572,0.047759,0.125209,0.187319,0.083734,0.208384,0.143087,0.213528,0.144504,0.064888,0.146358,0.193785,0.172991],[0.112596,0.0,0.054561,0.105745,0.097186,0.106601,0.096172,0.186642,0.078867,0.169573,0.119581,0.084395,0.102616,0.147967,0.110042],[0.105572,0.054561,0.0,0.106856,0.08386,0.113663,0.081224,0.167515,0.084294,0.169929,0.122778,0.077701,0.100167,0.155348,0.112499],[0.047759,0.105745,0.106856,0.0,0.121662,0.180037,0.084893,0.198522,0.131517,0.203723,0.143918,0.072741,0.149316,0.187543,0.178172],[0.125209,0.097186,0.08386,0.121662,0.0,0.128008,0.094139,0.126652,0.096461,0.147847,0.102481,0.11675,0.158563,0.150967,0.172512],[0.187319,0.106601,0.113663,0.180037,0.128008,0.0,0.163397,0.161705,0.092476,0.110956,0.121042,0.158458,0.16105,0.101003,0.172021],[0.083734,0.096172,0.081224,0.084893,0.094139,0.163397,0.0,0.168224,0.107159,0.205423,0.150574,0.075304,0.128002,0.199188,0.138943],[0.208384,0.186642,0.167515,0.198522,0.126652,0.161705,0.168224,0.0,0.161124,0.175993,0.178955,0.203745,0.246976,0.202731,0.237665],[0.143087,0.078867,0.084294,0.131517,0.096461,0.092476,0.107159,0.161124,0.0,0.14649,0.1315,0.116797,0.118956,0.144236,0.138124],[0.213528,0.169573,0.169929,0.203723,0.147847,0.110956,0.205423,0.175993,0.14649,0.0,0.11434,0.218466,0.219084,0.083926,0.267934],[0.144504,0.119581,0.122778,0.143918,0.102481,0.121042,0.150574,0.178955,0.1315,0.11434,0.0,0.160807,0.199076,0.095363,0.227851],[0.064888,0.084395,0.077701,0.072741,0.11675,0.158458,0.075304,0.203745,0.116797,0.218466,0.160807,0.0,0.123111,0.19766,0.126346],[0.146358,0.102616,0.100167,0.149316,0.158563,0.16105,0.128002,0.246976,0.118956,0.219084,0.199076,0.123111,0.0,0.192757,0.129605],[0.193785,0.147967,0.155348,0.187543,0.150967,0.101003,0.199188,0.202731,0.144236,0.083926,0.095363,0.19766,0.192757,0.0,0.248614],[0.172991,0.110042,0.112499,0.178172,0.172512,0.172021,0.138943,0.237665,0.138124,0.267934,0.227851,0.126346,0.129605,0.248614,0.0]],"off_diagonal_summary":{"ari_mean":0.893083,"ari_min":0.81147,"ari_std":0.031614,"procrustes_mean":0.142429,"procrustes_max":0.267934},"framework_axis":"B-6 follow-up: deep-method seed stability for CAE-1D \u2014 pairwise cluster ARI + Procrustes between latent embeddings across N_SEEDS torch initialisations","generated_at":"2026-05-09T14:18:30Z","builder_version":"build_deep_seed_stability v0.1"}