{"scene_id":"pavia-university","method":"cae_2d_8","n_seeds":15,"latent_dim":8,"samples_per_class":220,"ari_vs_gt_per_seed":[0.406238,0.403294,0.411056,0.402487,0.403257,0.402357,0.403766,0.40596,0.404795,0.404007,0.404601,0.402808,0.406658,0.402739,0.398413],"ari_vs_gt_summary":{"mean":0.404162,"std":0.002666,"min":0.398413,"max":0.411056},"seed_pair_ari":[[1.0,0.876727,0.848739,0.922313,0.96217,0.94136,0.955129,0.95961,0.979018,0.972954,0.961132,0.967112,0.955696,0.957237,0.907896],[0.876727,1.0,0.776015,0.932095,0.866933,0.914788,0.861762,0.895745,0.868773,0.895924,0.867762,0.877277,0.86705,0.900038,0.951988],[0.848739,0.776015,1.0,0.803015,0.875441,0.827972,0.860756,0.844289,0.855706,0.844467,0.87205,0.860477,0.874945,0.841697,0.797265],[0.922313,0.932095,0.803015,1.0,0.901042,0.958554,0.904837,0.925417,0.911026,0.930805,0.904655,0.914026,0.897395,0.939118,0.958362],[0.96217,0.866933,0.875441,0.901042,1.0,0.929627,0.966317,0.941787,0.96251,0.952369,0.982962,0.974677,0.97651,0.941787,0.893892],[0.94136,0.914788,0.827972,0.958554,0.929627,1.0,0.929593,0.949491,0.9395,0.951,0.931278,0.944683,0.924002,0.961051,0.940574],[0.955129,0.861762,0.860756,0.904837,0.966317,0.929593,1.0,0.938189,0.964805,0.944267,0.975728,0.95949,0.960289,0.944332,0.891907],[0.95961,0.895745,0.844289,0.925417,0.941787,0.949491,0.938189,1.0,0.95137,0.981524,0.940007,0.95084,0.948675,0.954897,0.915935],[0.979018,0.868773,0.855706,0.911026,0.96251,0.9395,0.964805,0.95137,1.0,0.955262,0.95873,0.964375,0.958829,0.948929,0.895975],[0.972954,0.895924,0.844467,0.930805,0.952369,0.951,0.944267,0.981524,0.955262,1.0,0.95161,0.961649,0.948612,0.960656,0.925546],[0.961132,0.867762,0.87205,0.904655,0.982962,0.931278,0.975728,0.940007,0.95873,0.95161,1.0,0.972895,0.971566,0.948928,0.896733],[0.967112,0.877277,0.860477,0.914026,0.974677,0.944683,0.95949,0.95084,0.964375,0.961649,0.972895,1.0,0.965258,0.959799,0.904762],[0.955696,0.86705,0.874945,0.897395,0.97651,0.924002,0.960289,0.948675,0.958829,0.948612,0.971566,0.965258,1.0,0.935382,0.880695],[0.957237,0.900038,0.841697,0.939118,0.941787,0.961051,0.944332,0.954897,0.948929,0.960656,0.948928,0.959799,0.935382,1.0,0.923825],[0.907896,0.951988,0.797265,0.958362,0.893892,0.940574,0.891907,0.915935,0.895975,0.925546,0.896733,0.904762,0.880695,0.923825,1.0]],"seed_pair_procrustes_dist":[[0.0,0.077659,0.066771,0.080399,0.065036,0.065484,0.070353,0.072567,0.053766,0.055835,0.051073,0.06414,0.104167,0.065983,0.054924],[0.077659,0.0,0.08076,0.073371,0.059928,0.071418,0.075759,0.075797,0.07736,0.074885,0.063467,0.059761,0.067448,0.074824,0.075218],[0.066771,0.08076,0.0,0.055018,0.059413,0.057512,0.05907,0.069852,0.059335,0.053549,0.056927,0.058563,0.09672,0.051545,0.074037],[0.080399,0.073371,0.055018,0.0,0.055226,0.052788,0.069415,0.076007,0.061695,0.064449,0.054492,0.064458,0.076208,0.055207,0.075582],[0.065036,0.059928,0.059413,0.055226,0.0,0.046734,0.051937,0.076141,0.052794,0.054303,0.052843,0.060516,0.073553,0.065413,0.065912],[0.065484,0.071418,0.057512,0.052788,0.046734,0.0,0.049007,0.079444,0.052394,0.050535,0.050419,0.060053,0.084522,0.062574,0.066526],[0.070353,0.075759,0.05907,0.069415,0.051937,0.049007,0.0,0.077156,0.061873,0.05786,0.065403,0.065393,0.096422,0.075832,0.073689],[0.072567,0.075797,0.069852,0.076007,0.076141,0.079444,0.077156,0.0,0.074634,0.069158,0.071415,0.062759,0.10368,0.068493,0.07446],[0.053766,0.07736,0.059335,0.061695,0.052794,0.052394,0.061873,0.074634,0.0,0.051536,0.048627,0.059302,0.096248,0.057387,0.061176],[0.055835,0.074885,0.053549,0.064449,0.054303,0.050535,0.05786,0.069158,0.051536,0.0,0.054008,0.059574,0.098654,0.063237,0.064438],[0.051073,0.063467,0.056927,0.054492,0.052843,0.050419,0.065403,0.071415,0.048627,0.054008,0.0,0.058258,0.092861,0.048697,0.052983],[0.06414,0.059761,0.058563,0.064458,0.060516,0.060053,0.065393,0.062759,0.059302,0.059574,0.058258,0.0,0.075245,0.05836,0.076497],[0.104167,0.067448,0.09672,0.076208,0.073553,0.084522,0.096422,0.10368,0.096248,0.098654,0.092861,0.075245,0.0,0.092643,0.112821],[0.065983,0.074824,0.051545,0.055207,0.065413,0.062574,0.075832,0.068493,0.057387,0.063237,0.048697,0.05836,0.092643,0.0,0.066677],[0.054924,0.075218,0.074037,0.075582,0.065912,0.066526,0.073689,0.07446,0.061176,0.064438,0.052983,0.076497,0.112821,0.066677,0.0]],"off_diagonal_summary":{"ari_mean":0.923357,"ari_min":0.776015,"ari_std":0.044389,"procrustes_mean":0.067031,"procrustes_max":0.112821},"framework_axis":"B-6 follow-up: deep-method seed stability for CAE-1D \u2014 pairwise cluster ARI + Procrustes between latent embeddings across N_SEEDS torch initialisations","generated_at":"2026-05-06T21:49:30Z","builder_version":"build_deep_seed_stability v0.1"}