{"scene_id":"pavia-university","method":"cae_1d_8","n_seeds":30,"latent_dim":8,"samples_per_class":220,"ari_vs_gt_per_seed":[0.475985,0.477159,0.483472,0.475876,0.496095,0.482156,0.49036,0.496909,0.485971,0.479641,0.473991,0.475657,0.486639,0.470809,0.488486,0.475436,0.488763,0.488746,0.480961,0.475423,0.483387,0.486148,0.496066,0.488182,0.478464,0.48234,0.485808,0.497355,0.469451,0.46915],"ari_vs_gt_summary":{"mean":0.48283,"std":0.007965,"min":0.46915,"max":0.497355},"seed_pair_ari":[[1.0,0.89356,0.932856,0.875001,0.889476,0.894812,0.921705,0.853039,0.89589,0.892455,0.910552,0.90706,0.920661,0.909222,0.878949,0.88704,0.856626,0.932051,0.907774,0.89377,0.916974,0.903224,0.868664,0.90409,0.944221,0.859443,0.875211,0.873072,0.79521,0.818836],[0.89356,1.0,0.887204,0.91983,0.913347,0.864797,0.895325,0.861609,0.937848,0.840438,0.879541,0.964022,0.888646,0.865039,0.956813,0.820184,0.810616,0.89608,0.948932,0.864375,0.939091,0.859914,0.837576,0.940894,0.927054,0.790236,0.862826,0.894422,0.76462,0.883551],[0.932856,0.887204,1.0,0.843234,0.924805,0.930322,0.919247,0.893384,0.880185,0.930021,0.951259,0.900221,0.932239,0.911701,0.869009,0.910767,0.894975,0.968306,0.889502,0.934757,0.910491,0.930435,0.909338,0.893511,0.910573,0.874703,0.924432,0.911273,0.803541,0.807106],[0.875001,0.91983,0.843234,1.0,0.860762,0.826269,0.858556,0.819849,0.90887,0.810156,0.829433,0.912224,0.861821,0.839277,0.912934,0.800687,0.778146,0.849871,0.926272,0.830969,0.892688,0.834565,0.808077,0.899829,0.911608,0.777834,0.8251,0.85282,0.76378,0.91938],[0.889476,0.913347,0.924805,0.860762,1.0,0.892188,0.927711,0.923156,0.910992,0.885577,0.89776,0.912497,0.922863,0.85873,0.90478,0.867996,0.869225,0.939037,0.908449,0.884831,0.910618,0.901282,0.90149,0.914772,0.909593,0.831677,0.913781,0.94471,0.783881,0.824263],[0.894812,0.864797,0.930322,0.826269,0.892188,1.0,0.890751,0.890527,0.864778,0.934482,0.94253,0.87296,0.892933,0.938839,0.849482,0.912118,0.907962,0.916533,0.862322,0.965788,0.907288,0.915797,0.9117,0.889671,0.879559,0.883847,0.950078,0.891049,0.809731,0.789964],[0.921705,0.895325,0.919247,0.858556,0.927711,0.890751,1.0,0.895262,0.914675,0.893178,0.886584,0.903653,0.94072,0.872717,0.889191,0.876144,0.87172,0.927645,0.906016,0.887167,0.906079,0.923662,0.896836,0.904506,0.923958,0.850963,0.89878,0.905511,0.792634,0.815789],[0.853039,0.861609,0.893384,0.819849,0.923156,0.890527,0.895262,1.0,0.883414,0.890876,0.875657,0.86111,0.905174,0.856049,0.859265,0.86734,0.902759,0.898669,0.87039,0.883521,0.889457,0.914247,0.93899,0.887827,0.870711,0.86627,0.924025,0.921199,0.774947,0.787493],[0.89589,0.937848,0.880185,0.90887,0.910992,0.864778,0.914675,0.883414,1.0,0.848048,0.85253,0.929958,0.901116,0.865503,0.938152,0.832812,0.830872,0.887043,0.950638,0.861562,0.935185,0.881807,0.869084,0.952282,0.938018,0.808658,0.879584,0.911311,0.776001,0.858121],[0.892455,0.840438,0.930021,0.810156,0.885577,0.934482,0.893178,0.890876,0.848048,1.0,0.933748,0.849657,0.900387,0.915737,0.823353,0.959643,0.945376,0.919606,0.844051,0.94491,0.869028,0.928045,0.927748,0.857002,0.875597,0.914233,0.926455,0.876496,0.822344,0.777828],[0.910552,0.879541,0.951259,0.829433,0.89776,0.94253,0.886584,0.875657,0.85253,0.933748,1.0,0.87937,0.893527,0.916526,0.845474,0.922835,0.901466,0.935679,0.861353,0.938115,0.894241,0.902962,0.891829,0.86884,0.887666,0.876298,0.913322,0.878222,0.796501,0.803401],[0.90706,0.964022,0.900221,0.912224,0.912497,0.87296,0.903653,0.86111,0.929958,0.849657,0.87937,1.0,0.894657,0.869628,0.935058,0.830505,0.819306,0.909968,0.938773,0.871842,0.929359,0.864879,0.843405,0.934634,0.936965,0.800881,0.866877,0.88896,0.765968,0.874127],[0.920661,0.888646,0.932239,0.861821,0.922863,0.892933,0.94072,0.905174,0.901116,0.900387,0.893527,0.894657,1.0,0.89338,0.877174,0.886343,0.865262,0.930539,0.908343,0.901839,0.916869,0.9449,0.909519,0.903728,0.930851,0.869726,0.911245,0.918747,0.801125,0.814468],[0.909222,0.865039,0.911701,0.839277,0.85873,0.938839,0.872717,0.856049,0.865503,0.915737,0.916526,0.869628,0.89338,1.0,0.840288,0.90126,0.876427,0.893034,0.873974,0.948699,0.906297,0.904324,0.880839,0.878622,0.898756,0.879296,0.92025,0.855483,0.802715,0.792229],[0.878949,0.956813,0.869009,0.912934,0.90478,0.849482,0.889191,0.859265,0.938152,0.823353,0.845474,0.935058,0.877174,0.840288,1.0,0.807089,0.812582,0.87597,0.940835,0.83824,0.914495,0.852625,0.836339,0.939325,0.904528,0.787594,0.857191,0.902285,0.763548,0.872985],[0.88704,0.820184,0.910767,0.800687,0.867996,0.912118,0.876144,0.86734,0.832812,0.959643,0.922835,0.830505,0.886343,0.90126,0.807089,1.0,0.924528,0.900518,0.829668,0.91904,0.855329,0.909728,0.903474,0.837299,0.859711,0.918999,0.90336,0.858496,0.823394,0.763808],[0.856626,0.810616,0.894975,0.778146,0.869225,0.907962,0.87172,0.902759,0.830872,0.945376,0.901466,0.819306,0.865262,0.876427,0.812582,0.924528,1.0,0.889058,0.815845,0.906684,0.840532,0.902415,0.930462,0.835758,0.8377,0.915885,0.909347,0.867597,0.788676,0.754868],[0.932051,0.89608,0.968306,0.849871,0.939037,0.916533,0.927645,0.898669,0.887043,0.919606,0.935679,0.909968,0.930539,0.893034,0.87597,0.900518,0.889058,1.0,0.89131,0.913343,0.91505,0.914455,0.898972,0.904681,0.917914,0.860681,0.914858,0.915435,0.794295,0.812861],[0.907774,0.948932,0.889502,0.926272,0.908449,0.862322,0.906016,0.87039,0.950638,0.844051,0.861353,0.938773,0.908343,0.873974,0.940835,0.829668,0.815845,0.89131,1.0,0.868187,0.933469,0.883984,0.851617,0.941548,0.938517,0.81443,0.874791,0.899267,0.776917,0.868354],[0.89377,0.864375,0.934757,0.830969,0.884831,0.965788,0.887167,0.883521,0.861562,0.94491,0.938115,0.871842,0.901839,0.948699,0.83824,0.91904,0.906684,0.913343,0.868187,1.0,0.895312,0.923127,0.909056,0.875664,0.887842,0.89605,0.940505,0.876955,0.817845,0.795587],[0.916974,0.939091,0.910491,0.892688,0.910618,0.907288,0.906079,0.889457,0.935185,0.869028,0.894241,0.929359,0.916869,0.906297,0.914495,0.855329,0.840532,0.91505,0.933469,0.895312,1.0,0.895898,0.876796,0.962906,0.9411,0.818885,0.902376,0.914831,0.785098,0.849006],[0.903224,0.859914,0.930435,0.834565,0.901282,0.915797,0.923662,0.914247,0.881807,0.928045,0.902962,0.864879,0.9449,0.904324,0.852625,0.909728,0.902415,0.914455,0.883984,0.923127,0.895898,1.0,0.951416,0.882076,0.898868,0.898871,0.936801,0.912967,0.813543,0.78859],[0.868664,0.837576,0.909338,0.808077,0.90149,0.9117,0.896836,0.93899,0.869084,0.927748,0.891829,0.843405,0.909519,0.880839,0.836339,0.903474,0.930462,0.898972,0.851617,0.909056,0.876796,0.951416,1.0,0.870823,0.869069,0.894361,0.933067,0.902417,0.797865,0.771786],[0.90409,0.940894,0.893511,0.899829,0.914772,0.889671,0.904506,0.887827,0.952282,0.857002,0.86884,0.934634,0.903728,0.878622,0.939325,0.837299,0.835758,0.904681,0.941548,0.875664,0.962906,0.882076,0.870823,1.0,0.935448,0.808316,0.896413,0.919415,0.779555,0.853149],[0.944221,0.927054,0.910573,0.911608,0.909593,0.879559,0.923958,0.870711,0.938018,0.875597,0.887666,0.936965,0.930851,0.898756,0.904528,0.859711,0.8377,0.917914,0.938517,0.887842,0.9411,0.898868,0.869069,0.935448,1.0,0.829186,0.882064,0.886767,0.787196,0.853851],[0.859443,0.790236,0.874703,0.777834,0.831677,0.883847,0.850963,0.86627,0.808658,0.914233,0.876298,0.800881,0.869726,0.879296,0.787594,0.918999,0.915885,0.860681,0.81443,0.89605,0.818885,0.898871,0.894361,0.808316,0.829186,1.0,0.879806,0.844787,0.801577,0.738432],[0.875211,0.862826,0.924432,0.8251,0.913781,0.950078,0.89878,0.924025,0.879584,0.926455,0.913322,0.866877,0.911245,0.92025,0.857191,0.90336,0.909347,0.914858,0.874791,0.940505,0.902376,0.936801,0.933067,0.896413,0.882064,0.879806,1.0,0.907484,0.80896,0.78488],[0.873072,0.894422,0.911273,0.85282,0.94471,0.891049,0.905511,0.921199,0.911311,0.876496,0.878222,0.88896,0.918747,0.855483,0.902285,0.858496,0.867597,0.915435,0.899267,0.876955,0.914831,0.912967,0.902417,0.919415,0.886767,0.844787,0.907484,1.0,0.778971,0.811468],[0.79521,0.76462,0.803541,0.76378,0.783881,0.809731,0.792634,0.774947,0.776001,0.822344,0.796501,0.765968,0.801125,0.802715,0.763548,0.823394,