{"scene_id":"pavia-university","method":"cae_1d_8","n_seeds":7,"latent_dim":8,"samples_per_class":220,"ari_vs_gt_per_seed":[0.475786,0.477159,0.483472,0.476207,0.496095,0.486061,0.488696],"ari_vs_gt_summary":{"mean":0.483354,"std":0.00702,"min":0.475786,"max":0.496095},"seed_pair_ari":[[1.0,0.894047,0.933259,0.876831,0.88987,0.911781,0.922005],[0.894047,1.0,0.887204,0.918501,0.913347,0.920398,0.891846],[0.933259,0.887204,1.0,0.841913,0.924805,0.935889,0.91995],[0.876831,0.918501,0.841913,1.0,0.85945,0.870164,0.856445],[0.88987,0.913347,0.924805,0.85945,1.0,0.921612,0.924085],[0.911781,0.920398,0.935889,0.870164,0.921612,1.0,0.909248],[0.922005,0.891846,0.91995,0.856445,0.924085,0.909248,1.0]],"seed_pair_procrustes_dist":[[0.0,0.112399,0.105398,0.047758,0.125117,0.187221,0.083718],[0.112399,0.0,0.05458,0.105707,0.097196,0.106625,0.096162],[0.105398,0.05458,0.0,0.106924,0.083808,0.113682,0.081262],[0.047758,0.105707,0.106924,0.0,0.121622,0.180138,0.084924],[0.125117,0.097196,0.083808,0.121622,0.0,0.128092,0.09421],[0.187221,0.106625,0.113682,0.180138,0.128092,0.0,0.163432],[0.083718,0.096162,0.081262,0.084924,0.09421,0.163432,0.0]],"off_diagonal_summary":{"ari_mean":0.901079,"ari_min":0.841913,"ari_std":0.026535,"procrustes_mean":0.10857,"procrustes_max":0.187221},"framework_axis":"B-6 follow-up: deep-method seed stability for CAE-1D \u2014 pairwise cluster ARI + Procrustes between latent embeddings across N_SEEDS torch initialisations","generated_at":"2026-05-09T14:11:47Z","builder_version":"build_deep_seed_stability v0.1"}