{"scene_id":"pavia-university","method":"beta_vae_8","n_seeds":7,"latent_dim":8,"samples_per_class":220,"ari_vs_gt_per_seed":[0.414413,0.402279,0.396262,0.424809,0.418581,0.432365,0.431751],"ari_vs_gt_summary":{"mean":0.417209,"std":0.01293,"min":0.396262,"max":0.432365},"seed_pair_ari":[[1.0,0.6812,0.680536,0.710558,0.953459,0.758618,0.734147],[0.6812,1.0,0.898031,0.697003,0.660243,0.693066,0.670141],[0.680536,0.898031,1.0,0.678592,0.655286,0.676481,0.652714],[0.710558,0.697003,0.678592,1.0,0.698347,0.74575,0.85474],[0.953459,0.660243,0.655286,0.698347,1.0,0.744674,0.719075],[0.758618,0.693066,0.676481,0.74575,0.744674,1.0,0.801034],[0.734147,0.670141,0.652714,0.85474,0.719075,0.801034,1.0]],"seed_pair_procrustes_dist":[[0.0,0.636486,0.706082,0.686525,0.168516,0.10022,0.662663],[0.636486,0.0,0.086377,0.072464,0.665632,0.590361,0.093537],[0.706082,0.086377,0.0,0.091475,0.70078,0.628255,0.09059],[0.686525,0.072464,0.091475,0.0,0.686556,0.613065,0.122403],[0.168516,0.665632,0.70078,0.686556,0.0,0.12794,0.834345],[0.10022,0.590361,0.628255,0.613065,0.12794,0.0,0.716944],[0.662663,0.093537,0.09059,0.122403,0.834345,0.716944,0.0]],"off_diagonal_summary":{"ari_mean":0.731605,"ari_min":0.652714,"ari_std":0.079974,"procrustes_mean":0.432439,"procrustes_max":0.834345},"framework_axis":"B-6 follow-up: deep-method seed stability for CAE-1D \u2014 pairwise cluster ARI + Procrustes between latent embeddings across N_SEEDS torch initialisations","generated_at":"2026-05-09T14:24:38Z","builder_version":"build_deep_seed_stability v0.1"}