{"scene_id":"pavia-university","method":"cae_3d_8","n_seeds":30,"latent_dim":8,"samples_per_class":220,"ari_vs_gt_per_seed":[0.438562,0.431139,0.435377,0.435227,0.432849,0.43378,0.42123,0.430797,0.444249,0.416576,0.430272,0.429113,0.429053,0.426125,0.425458,0.441376,0.436315,0.442408,0.423466,0.428174,0.448104,0.442582,0.438437,0.418842,0.431612,0.439525,0.412999,0.432772,0.430957,0.425562],"ari_vs_gt_summary":{"mean":0.431765,"std":0.008205,"min":0.412999,"max":0.448104},"seed_pair_ari":[[1.0,0.868347,0.887454,0.905314,0.858224,0.936162,0.831428,0.859277,0.870267,0.822527,0.914065,0.83675,0.878612,0.827548,0.829519,0.869155,0.913018,0.905379,0.836419,0.85099,0.903396,0.892818,0.896991,0.823526,0.89034,0.894501,0.823111,0.841856,0.844014,0.86347],[0.868347,1.0,0.843338,0.842599,0.911839,0.857214,0.897595,0.936313,0.83285,0.911804,0.863977,0.911413,0.913156,0.909388,0.914223,0.834862,0.858925,0.841155,0.924262,0.878335,0.830597,0.833173,0.858249,0.911918,0.854634,0.840705,0.903489,0.924619,0.923674,0.865432],[0.887454,0.843338,1.0,0.897362,0.842773,0.890747,0.821305,0.831468,0.885333,0.803296,0.907857,0.809875,0.853536,0.808932,0.816182,0.881797,0.915544,0.898119,0.818924,0.853908,0.868811,0.881382,0.9102,0.796889,0.880293,0.895622,0.78774,0.814551,0.829229,0.820533],[0.905314,0.842599,0.897362,1.0,0.864535,0.896166,0.823384,0.828214,0.893413,0.816007,0.907466,0.805877,0.861893,0.811727,0.821462,0.899021,0.919385,0.900776,0.822709,0.871678,0.863857,0.8964,0.91499,0.800145,0.862613,0.890582,0.799207,0.814357,0.829643,0.861222],[0.858224,0.911839,0.842773,0.864535,1.0,0.857449,0.879981,0.903075,0.853419,0.877151,0.856037,0.870522,0.884217,0.875156,0.884443,0.862247,0.853363,0.867096,0.871986,0.894285,0.845445,0.851962,0.85666,0.870443,0.841772,0.862904,0.859146,0.896724,0.890307,0.868679],[0.936162,0.857214,0.890747,0.896166,0.857449,1.0,0.825877,0.83797,0.870745,0.807409,0.92182,0.814376,0.859533,0.812033,0.812878,0.862077,0.9074,0.888679,0.820822,0.845341,0.904136,0.901326,0.886909,0.808574,0.8865,0.901301,0.80781,0.824902,0.820652,0.846549],[0.831428,0.897595,0.821305,0.823384,0.879981,0.825877,1.0,0.909922,0.826359,0.892793,0.858233,0.893329,0.875021,0.888455,0.884731,0.817849,0.836434,0.81979,0.887456,0.862579,0.798782,0.821611,0.841993,0.895003,0.867765,0.820859,0.870364,0.898504,0.889355,0.830532],[0.859277,0.936313,0.831468,0.828214,0.903075,0.83797,0.909922,1.0,0.827324,0.915301,0.854267,0.916925,0.91507,0.904937,0.930948,0.836187,0.848264,0.845856,0.93029,0.888709,0.830574,0.825609,0.849928,0.921555,0.860247,0.838405,0.900863,0.93055,0.929646,0.854967],[0.870267,0.83285,0.885333,0.893413,0.853419,0.870745,0.826359,0.827324,1.0,0.807455,0.898049,0.806615,0.835366,0.808815,0.810265,0.905892,0.912683,0.879862,0.805691,0.854809,0.849113,0.89401,0.917695,0.798258,0.876875,0.90693,0.783664,0.811204,0.820311,0.816902],[0.822527,0.911804,0.803296,0.816007,0.877151,0.807409,0.892793,0.915301,0.807455,1.0,0.826009,0.923508,0.89496,0.906333,0.922446,0.816096,0.81717,0.799819,0.921559,0.853065,0.792855,0.794934,0.833623,0.94329,0.828557,0.800346,0.936207,0.925619,0.925424,0.860516],[0.914065,0.863977,0.907857,0.907466,0.856037,0.92182,0.858233,0.854267,0.898049,0.826009,1.0,0.832693,0.869854,0.831901,0.837878,0.888025,0.93015,0.900543,0.831023,0.857276,0.874345,0.89072,0.922304,0.825261,0.91385,0.907528,0.818231,0.837664,0.837188,0.839916],[0.83675,0.911413,0.809875,0.805877,0.870522,0.814376,0.893329,0.916925,0.806615,0.923508,0.832693,1.0,0.900125,0.913143,0.925464,0.823585,0.833105,0.819317,0.92802,0.864012,0.809571,0.804863,0.828813,0.941448,0.858175,0.814804,0.920168,0.950549,0.933299,0.845622],[0.878612,0.913156,0.853536,0.861893,0.884217,0.859533,0.875021,0.91507,0.835366,0.89496,0.869854,0.900125,1.0,0.898189,0.918055,0.856293,0.871347,0.862213,0.913796,0.907787,0.838595,0.836504,0.880129,0.891081,0.849282,0.852157,0.877977,0.90295,0.924206,0.902259],[0.827548,0.909388,0.808932,0.811727,0.875156,0.812033,0.888455,0.904937,0.808815,0.906333,0.831901,0.913143,0.898189,1.0,0.933697,0.829692,0.828297,0.815093,0.937076,0.87815,0.793573,0.81204,0.841616,0.910376,0.827411,0.808279,0.879526,0.921962,0.931084,0.855347],[0.829519,0.914223,0.816182,0.821462,0.884443,0.812878,0.884731,0.930948,0.810265,0.922446,0.837878,0.925464,0.918055,0.933697,1.0,0.837518,0.833243,0.822192,0.94664,0.894754,0.800286,0.808523,0.844777,0.921803,0.84277,0.814621,0.907961,0.925327,0.938589,0.854451],[0.869155,0.834862,0.881797,0.899021,0.862247,0.862077,0.817849,0.836187,0.905892,0.816096,0.888025,0.823585,0.856293,0.829692,0.837518,1.0,0.899232,0.911799,0.827542,0.886392,0.846672,0.880258,0.917459,0.809192,0.875464,0.915883,0.795464,0.835,0.851606,0.834284],[0.913018,0.858925,0.915544,0.919385,0.853363,0.9074,0.836434,0.848264,0.912683,0.81717,0.93015,0.833105,0.871347,0.828297,0.833243,0.899232,1.0,0.911775,0.830969,0.866386,0.882375,0.900274,0.928578,0.818335,0.907021,0.920869,0.807787,0.83264,0.842831,0.846436],[0.905379,0.841155,0.898119,0.900776,0.867096,0.888679,0.81979,0.845856,0.879862,0.799819,0.900543,0.819317,0.862213,0.815093,0.822192,0.911799,0.911775,1.0,0.812128,0.871088,0.885885,0.882848,0.89973,0.799,0.89014,0.916869,0.78653,0.829887,0.835846,0.851734],[0.836419,0.924262,0.818924,0.822709,0.871986,0.820822,0.887456,0.93029,0.805691,0.921559,0.831023,0.92802,0.913796,0.937076,0.94664,0.827542,0.830969,0.812128,1.0,0.889113,0.79337,0.806199,0.839724,0.93258,0.84197,0.81277,0.905615,0.930082,0.944455,0.860283],[0.85099,0.878335,0.853908,0.871678,0.894285,0.845341,0.862579,0.888709,0.854809,0.853065,0.857276,0.864012,0.907787,0.87815,0.894754,0.886392,0.866386,0.871088,0.889113,1.0,0.821507,0.832315,0.880856,0.856677,0.839857,0.863455,0.835271,0.87091,0.892854,0.855749],[0.903396,0.830597,0.868811,0.863857,0.845445,0.904136,0.798782,0.830574,0.849113,0.792855,0.874345,0.809571,0.838595,0.793573,0.800286,0.846672,0.882375,0.885885,0.79337,0.821507,1.0,0.88167,0.857468,0.795517,0.855229,0.876993,0.788688,0.810344,0.808288,0.83542],[0.892818,0.833173,0.881382,0.8964,0.851962,0.901326,0.821611,0.825609,0.89401,0.794934,0.89072,0.804863,0.836504,0.81204,0.808523,0.880258,0.900274,0.882848,0.806199,0.832315,0.88167,1.0,0.887615,0.798738,0.890206,0.907081,0.775224,0.816753,0.80985,0.837655],[0.896991,0.858249,0.9102,0.91499,0.85666,0.886909,0.841993,0.849928,0.917695,0.833623,0.922304,0.828813,0.880129,0.841616,0.844777,0.917459,0.928578,0.89973,0.839724,0.880856,0.857468,0.887615,1.0,0.828224,0.890344,0.911781,0.809894,0.836881,0.850785,0.844552],[0.823526,0.911918,0.796889,0.800145,0.870443,0.808574,0.895003,0.921555,0.798258,0.94329,0.825261,0.941448,0.891081,0.910376,0.921803,0.809192,0.818335,0.799,0.93258,0.856677,0.795517,0.798738,0.828224,1.0,0.838781,0.796239,0.919564,0.94391,0.927657,0.845331],[0.89034,0.854634,0.880293,0.862613,0.841772,0.8865,0.867765,0.860247,0.876875,0.828557,0.91385,0.858175,0.849282,0.827411,0.84277,0.875464,0.907021,0.89014,0.84197,0.839857,0.855229,0.890206,0.890344,0.838781,1.0,0.903792,0.814812,0.842,0.835975,0.814794],[0.894501,0.840705,0.895622,0.890582,0.862904,0.901301,0.820859,0.838405,0.90693,0.800346,0.907528,0.814804,0.852157,0.808279,0.814621,0.915883,0.920869,0.916869,0.81277,0.863455,0.876993,0.907081,0.911781,0.796239,0.903792,1.0,0.78901,0.820963,0.826732,0.833307],[0.823111,0.903489,0.78774,0.799207,0.859146,0.80781,0.870364,0.900863,0.783664,0.936207,0.818231,0.920168,0.877977,0.879526,0.907961,0.795464,0.807787,0.78653,0.905615,0.835271,0.788688,0.775224,0.809894,0.919564,0.814812,0.78901,1.0,0.909755,0.906446,0.861102],[0.841856,0.924619,0.814551,0.814357,0.896724,0.824902,0.898504,0.93055,0.811204,0.925619,0.837664,0.950549,0.90295,0.921962,0.925327,0.835,0.83264,0.829887,0.930082,0.87091,0.810344,0.816753,0.836881,0.94391,0.842,0.820963,0.909755,1.0,0.941479,0.850063],[0.844014,0.923674,0.829229,0.829643,0.890307,0.820652,0.889355,0.929646,0.820311,0.925424,0.837188,0.933299,0.924206,0.931084,0.938589,0.851606,