{"scene_id":"pavia-university","method":"cae_1d_8","n_seeds":15,"latent_dim":8,"samples_per_class":220,"ari_vs_gt_per_seed":[0.472223,0.477159,0.483277,0.476207,0.496095,0.482156,0.488696,0.496909,0.485971,0.479641,0.473991,0.47496,0.486639,0.469482,0.487797],"ari_vs_gt_summary":{"mean":0.48208,"std":0.008028,"min":0.469482,"max":0.496909},"seed_pair_ari":[[1.0,0.894357,0.93327,0.872761,0.884037,0.889697,0.922859,0.84785,0.890718,0.887967,0.907745,0.913558,0.916731,0.909289,0.873038],[0.894357,1.0,0.890593,0.918501,0.913347,0.864797,0.891846,0.861609,0.937848,0.840438,0.879541,0.964043,0.888646,0.863463,0.958128],[0.93327,0.890593,1.0,0.844902,0.928662,0.92639,0.923895,0.889478,0.883687,0.926051,0.949909,0.906213,0.930866,0.908547,0.873538],[0.872761,0.918501,0.844902,1.0,0.85945,0.8276,0.856445,0.818558,0.910176,0.81147,0.82812,0.908457,0.863152,0.839163,0.912938],[0.884037,0.913347,0.928662,0.85945,1.0,0.892188,0.924085,0.923156,0.910992,0.885577,0.89776,0.912486,0.922863,0.859399,0.90612],[0.889697,0.864797,0.92639,0.8276,0.892188,1.0,0.889001,0.890527,0.864778,0.934482,0.94253,0.875244,0.892933,0.939708,0.850814],[0.922859,0.891846,0.923895,0.856445,0.924085,0.889001,1.0,0.89251,0.910315,0.893826,0.885613,0.909161,0.937942,0.873326,0.884435],[0.84785,0.861609,0.889478,0.818558,0.923156,0.890527,0.89251,1.0,0.883414,0.890876,0.875657,0.86359,0.905174,0.856798,0.857936],[0.890718,0.937848,0.883687,0.910176,0.910992,0.864778,0.910315,0.883414,1.0,0.848048,0.85253,0.929952,0.901116,0.863896,0.936822],[0.887967,0.840438,0.926051,0.81147,0.885577,0.934482,0.893826,0.890876,0.848048,1.0,0.933748,0.85191,0.900387,0.916543,0.824668],[0.907745,0.879541,0.949909,0.82812,0.89776,0.94253,0.885613,0.875657,0.85253,0.933748,1.0,0.881672,0.893527,0.917307,0.846778],[0.913558,0.964043,0.906213,0.908457,0.912486,0.875244,0.909161,0.86359,0.929952,0.85191,0.881672,1.0,0.897223,0.871896,0.933827],[0.916731,0.888646,0.930866,0.863152,0.922863,0.892933,0.937942,0.905174,0.901116,0.900387,0.893527,0.897223,1.0,0.895474,0.878493],[0.909289,0.863463,0.908547,0.839163,0.859399,0.939708,0.873326,0.856798,0.863896,0.916543,0.917307,0.871896,0.895474,1.0,0.840101],[0.873038,0.958128,0.873538,0.912938,0.90612,0.850814,0.884435,0.857936,0.936822,0.824668,0.846778,0.933827,0.878493,0.840101,1.0]],"seed_pair_procrustes_dist":[[0.0,0.112604,0.105571,0.047737,0.125201,0.187364,0.083731,0.208371,0.143076,0.213526,0.14463,0.064506,0.146392,0.193758,0.17277],[0.112604,0.0,0.054592,0.105759,0.097188,0.106608,0.096213,0.186632,0.07887,0.169585,0.119827,0.084481,0.102665,0.147992,0.109798],[0.105571,0.054592,0.0,0.106848,0.08383,0.113578,0.081342,0.167453,0.084241,0.16983,0.122942,0.077843,0.100196,0.155239,0.112363],[0.047737,0.105759,0.106848,0.0,0.121631,0.18013,0.084852,0.198525,0.131525,0.203804,0.144116,0.072362,0.149295,0.187529,0.177914],[0.125201,0.097188,0.08383,0.121631,0.0,0.128036,0.094193,0.126641,0.096437,0.147835,0.102635,0.116685,0.158647,0.150938,0.172316],[0.187364,0.106608,0.113578,0.18013,0.128036,0.0,0.163455,0.161701,0.092491,0.110951,0.121197,0.158537,0.161171,0.101177,0.171863],[0.083731,0.096213,0.081342,0.084852,0.094193,0.163455,0.0,0.168279,0.10721,0.205454,0.150794,0.075179,0.128038,0.199186,0.138789],[0.208371,0.186632,0.167453,0.198525,0.126641,0.161701,0.168279,0.0,0.161089,0.17593,0.178926,0.203773,0.247095,0.202752,0.237586],[0.143076,0.07887,0.084241,0.131525,0.096437,0.092491,0.10721,0.161089,0.0,0.146503,0.131685,0.116829,0.119051,0.144319,0.137942],[0.213526,0.169585,0.16983,0.203804,0.147835,0.110951,0.205454,0.17593,0.146503,0.0,0.114266,0.218356,0.219246,0.083824,0.267743],[0.14463,0.119827,0.122942,0.144116,0.102635,0.121197,0.150794,0.178926,0.131685,0.114266,0.0,0.16091,0.19945,0.095226,0.227918],[0.064506,0.084481,0.077843,0.072362,0.116685,0.158537,0.075179,0.203773,0.116829,0.218356,0.16091,0.0,0.123175,0.197581,0.126548],[0.146392,0.102665,0.100196,0.149295,0.158647,0.161171,0.128038,0.247095,0.119051,0.219246,0.19945,0.123175,0.0,0.192837,0.1294],[0.193758,0.147992,0.155239,0.187529,0.150938,0.101177,0.199186,0.202752,0.144319,0.083824,0.095226,0.197581,0.192837,0.0,0.248537],[0.17277,0.109798,0.112363,0.177914,0.172316,0.171863,0.138789,0.237586,0.137942,0.267743,0.227918,0.126548,0.1294,0.248537,0.0]],"off_diagonal_summary":{"ari_mean":0.891386,"ari_min":0.81147,"ari_std":0.032439,"procrustes_mean":0.14243,"procrustes_max":0.267743},"framework_axis":"B-6 follow-up: deep-method seed stability for CAE-1D \u2014 pairwise cluster ARI + Procrustes between latent embeddings across N_SEEDS torch initialisations","generated_at":"2026-05-06T20:34:11Z","builder_version":"build_deep_seed_stability v0.1"}