{"scene_id":"pavia-university","method":"cae_3d_8","n_seeds":7,"latent_dim":8,"samples_per_class":220,"ari_vs_gt_per_seed":[0.437362,0.431417,0.438639,0.434129,0.441328,0.434518,0.423709],"ari_vs_gt_summary":{"mean":0.434443,"std":0.005319,"min":0.423709,"max":0.441328},"seed_pair_ari":[[1.0,0.880446,0.891178,0.934531,0.87384,0.929324,0.825164],[0.880446,1.0,0.836394,0.857747,0.826763,0.856225,0.907733],[0.891178,0.836394,1.0,0.905209,0.857615,0.890319,0.799464],[0.934531,0.857747,0.905209,1.0,0.883307,0.913869,0.815339],[0.87384,0.826763,0.857615,0.883307,1.0,0.883932,0.807413],[0.929324,0.856225,0.890319,0.913869,0.883932,1.0,0.825282],[0.825164,0.907733,0.799464,0.815339,0.807413,0.825282,1.0]],"seed_pair_procrustes_dist":[[0.0,0.086475,0.155975,0.06274,0.160875,0.088764,0.125249],[0.086475,0.0,0.155416,0.086218,0.121485,0.072045,0.124415],[0.155975,0.155416,0.0,0.143152,0.239303,0.123969,0.100581],[0.06274,0.086218,0.143152,0.0,0.159784,0.088799,0.113348],[0.160875,0.121485,0.239303,0.159784,0.0,0.146818,0.202452],[0.088764,0.072045,0.123969,0.088799,0.146818,0.0,0.106356],[0.125249,0.124415,0.100581,0.113348,0.202452,0.106356,0.0]],"off_diagonal_summary":{"ari_mean":0.866719,"ari_min":0.799464,"ari_std":0.039511,"procrustes_mean":0.126868,"procrustes_max":0.239303},"framework_axis":"B-6 follow-up: deep-method seed stability for CAE-1D \u2014 pairwise cluster ARI + Procrustes between latent embeddings across N_SEEDS torch initialisations","generated_at":"2026-05-09T15:03:15Z","builder_version":"build_deep_seed_stability v0.1"}