{"scene_id":"salinas-a-corrected","method":"cae_1d_8","n_seeds":7,"latent_dim":8,"samples_per_class":220,"ari_vs_gt_per_seed":[0.611684,0.592588,0.611684,0.608025,0.6112,0.611185,0.591674],"ari_vs_gt_summary":{"mean":0.605434,"std":0.008498,"min":0.591674,"max":0.611684},"seed_pair_ari":[[1.0,0.946355,1.0,0.996322,0.99943,0.99598,0.942052],[0.946355,1.0,0.946355,0.943536,0.946546,0.946866,0.986197],[1.0,0.946355,1.0,0.996322,0.99943,0.99598,0.942052],[0.996322,0.943536,0.996322,1.0,0.996892,0.993452,0.939308],[0.99943,0.946546,0.99943,0.996892,1.0,0.996544,0.942301],[0.99598,0.946866,0.99598,0.993452,0.996544,1.0,0.942637],[0.942052,0.986197,0.942052,0.939308,0.942301,0.942637,1.0]],"seed_pair_procrustes_dist":[[0.0,0.044243,0.048608,0.134859,0.104831,0.096528,0.109553],[0.044243,0.0,0.023008,0.169025,0.140666,0.131744,0.145132],[0.048608,0.023008,0.0,0.17108,0.142861,0.134563,0.145547],[0.134859,0.169025,0.17108,0.0,0.04084,0.046539,0.040263],[0.104831,0.140666,0.142861,0.04084,0.0,0.021423,0.024101],[0.096528,0.131744,0.134563,0.046539,0.021423,0.0,0.030493],[0.109553,0.145132,0.145547,0.040263,0.024101,0.030493,0.0]],"off_diagonal_summary":{"ari_mean":0.971169,"ari_min":0.939308,"ari_std":0.02628,"procrustes_mean":0.092662,"procrustes_max":0.17108},"framework_axis":"B-6 follow-up: deep-method seed stability for CAE-1D \u2014 pairwise cluster ARI + Procrustes between latent embeddings across N_SEEDS torch initialisations","generated_at":"2026-05-06T11:00:20Z","builder_version":"build_deep_seed_stability v0.1"}