{"scene_id":"salinas-a-corrected","method":"cae_3d_8","n_seeds":7,"latent_dim":8,"samples_per_class":220,"ari_vs_gt_per_seed":[0.558732,0.554336,0.551463,0.546676,0.545466,0.555895,0.54979],"ari_vs_gt_summary":{"mean":0.551766,"std":0.0045,"min":0.545466,"max":0.558732},"seed_pair_ari":[[1.0,0.982317,0.953509,0.956328,0.935539,0.959492,0.926812],[0.982317,1.0,0.944632,0.951733,0.937178,0.955478,0.927247],[0.953509,0.944632,1.0,0.966481,0.969792,0.961022,0.954862],[0.956328,0.951733,0.966481,1.0,0.963907,0.956918,0.946606],[0.935539,0.937178,0.969792,0.963907,1.0,0.939449,0.958399],[0.959492,0.955478,0.961022,0.956918,0.939449,1.0,0.949141],[0.926812,0.927247,0.954862,0.946606,0.958399,0.949141,1.0]],"seed_pair_procrustes_dist":[[0.0,0.115522,0.039542,0.112804,0.213895,0.042892,0.14371],[0.115522,0.0,0.113249,0.04557,0.099692,0.110009,0.055389],[0.039542,0.113249,0.0,0.123256,0.22519,0.05431,0.152581],[0.112804,0.04557,0.123256,0.0,0.106883,0.105373,0.064173],[0.213895,0.099692,0.22519,0.106883,0.0,0.182855,0.0772],[0.042892,0.110009,0.05431,0.105373,0.182855,0.0,0.150466],[0.14371,0.055389,0.152581,0.064173,0.0772,0.150466,0.0]],"off_diagonal_summary":{"ari_mean":0.952231,"ari_min":0.926812,"ari_std":0.013482,"procrustes_mean":0.111169,"procrustes_max":0.22519},"framework_axis":"B-6 follow-up: deep-method seed stability for CAE-1D \u2014 pairwise cluster ARI + Procrustes between latent embeddings across N_SEEDS torch initialisations","generated_at":"2026-05-09T15:02:18Z","builder_version":"build_deep_seed_stability v0.1"}