{"scene_id":"salinas-corrected","method":"cae_2d_8","n_seeds":30,"latent_dim":8,"samples_per_class":220,"ari_vs_gt_per_seed":[0.399965,0.401614,0.396049,0.39727,0.397743,0.398576,0.410131,0.39469,0.395796,0.395536,0.396671,0.397466,0.408226,0.401811,0.393756,0.395925,0.421084,0.395684,0.397882,0.400328,0.407211,0.408601,0.399918,0.405082,0.408209,0.393691,0.39349,0.40757,0.396355,0.396908],"ari_vs_gt_summary":{"mean":0.400441,"std":0.006295,"min":0.39349,"max":0.421084},"seed_pair_ari":[[1.0,0.963801,0.974354,0.965794,0.973252,0.982385,0.931216,0.97258,0.977177,0.908334,0.978792,0.969241,0.928187,0.962501,0.965576,0.98058,0.932495,0.973633,0.976213,0.957278,0.936345,0.945051,0.88383,0.916431,0.930032,0.964864,0.952096,0.953522,0.985476,0.973691],[0.963801,1.0,0.959632,0.975944,0.967222,0.962961,0.950039,0.972705,0.965278,0.925741,0.966383,0.966539,0.94997,0.960468,0.968419,0.960859,0.926501,0.968762,0.955998,0.987104,0.94427,0.940325,0.862912,0.928491,0.934083,0.947997,0.954302,0.978049,0.96325,0.967996],[0.974354,0.959632,1.0,0.970891,0.970162,0.97333,0.927346,0.975367,0.981463,0.908037,0.986555,0.973486,0.924627,0.969295,0.97072,0.980256,0.917679,0.971155,0.973057,0.960605,0.933232,0.943466,0.891213,0.911742,0.935493,0.964312,0.948544,0.945541,0.986058,0.971877],[0.965794,0.975944,0.970891,1.0,0.977447,0.970055,0.93949,0.982743,0.976141,0.909594,0.977796,0.979665,0.937867,0.967388,0.98068,0.972548,0.921712,0.979767,0.968331,0.972778,0.934456,0.943672,0.876989,0.913161,0.933845,0.959545,0.955604,0.960298,0.974549,0.979288],[0.973252,0.967222,0.970162,0.977447,1.0,0.976744,0.937762,0.986494,0.974467,0.901324,0.975019,0.981746,0.934016,0.955677,0.981954,0.977953,0.921733,0.985785,0.975808,0.961659,0.927003,0.942175,0.882845,0.912681,0.93797,0.96671,0.959529,0.959969,0.981516,0.986065],[0.982385,0.962961,0.97333,0.970055,0.976744,1.0,0.926216,0.977883,0.976959,0.908559,0.976371,0.975044,0.926837,0.963713,0.972256,0.981611,0.929406,0.978588,0.982709,0.957233,0.934795,0.943338,0.885525,0.916961,0.934316,0.973159,0.950448,0.949981,0.981492,0.974416],[0.931216,0.950039,0.927346,0.93949,0.937762,0.926216,1.0,0.936956,0.931296,0.923091,0.932669,0.938413,0.988636,0.929516,0.937219,0.93015,0.937803,0.935827,0.923526,0.952042,0.97508,0.959253,0.829793,0.955992,0.951467,0.91422,0.940506,0.96089,0.92996,0.938678],[0.97258,0.972705,0.975367,0.982743,0.986494,0.977883,0.936956,1.0,0.974257,0.907033,0.977804,0.982626,0.934982,0.963023,0.987841,0.980756,0.921215,0.990905,0.973894,0.965928,0.930391,0.942588,0.879364,0.908381,0.930322,0.965719,0.965495,0.957401,0.980888,0.990625],[0.977177,0.965278,0.981463,0.976141,0.974467,0.976959,0.931296,0.974257,1.0,0.9164,0.989965,0.972344,0.934486,0.96701,0.973882,0.981784,0.925648,0.974557,0.978721,0.960849,0.940766,0.949589,0.886318,0.918618,0.941709,0.965392,0.94788,0.952515,0.98537,0.971457],[0.908334,0.925741,0.908037,0.909594,0.901324,0.908559,0.923091,0.907033,0.9164,1.0,0.912428,0.903381,0.927669,0.911895,0.911993,0.909878,0.902512,0.907696,0.9046,0.923562,0.93567,0.918726,0.806499,0.918058,0.911415,0.893762,0.893571,0.935671,0.908696,0.902917],[0.978792,0.966383,0.986555,0.977796,0.975019,0.976371,0.932669,0.977804,0.989965,0.912428,1.0,0.974235,0.931833,0.970171,0.974639,0.98289,0.924612,0.975322,0.977399,0.962897,0.942793,0.948916,0.888594,0.918238,0.942068,0.966247,0.95132,0.954324,0.988768,0.974093],[0.969241,0.966539,0.973486,0.979665,0.981746,0.975044,0.938413,0.982626,0.972344,0.903381,0.974235,1.0,0.933363,0.959872,0.978775,0.972493,0.920016,0.982312,0.971384,0.968659,0.927514,0.9378,0.88369,0.909374,0.927877,0.96254,0.954321,0.957097,0.975439,0.982445],[0.928187,0.94997,0.924627,0.937867,0.934016,0.926837,0.988636,0.934982,0.934486,0.927669,0.931833,0.933363,1.0,0.926301,0.936496,0.92776,0.934227,0.934818,0.926001,0.951987,0.974813,0.956563,0.829285,0.958359,0.951615,0.912729,0.934927,0.957013,0.929137,0.931665],[0.962501,0.960468,0.969295,0.967388,0.955677,0.963713,0.929516,0.963023,0.96701,0.911895,0.970171,0.959872,0.926301,1.0,0.962315,0.967649,0.924633,0.960808,0.961018,0.958031,0.938187,0.941684,0.874518,0.915456,0.928151,0.952145,0.941741,0.946957,0.969272,0.964157],[0.965576,0.968419,0.97072,0.98068,0.981954,0.972256,0.937219,0.987841,0.973882,0.911993,0.974639,0.978775,0.936496,0.962315,1.0,0.978375,0.920687,0.988066,0.968543,0.96326,0.935296,0.942431,0.877726,0.910497,0.931491,0.961548,0.963925,0.957071,0.974983,0.986005],[0.98058,0.960859,0.980256,0.972548,0.977953,0.981611,0.93015,0.980756,0.981784,0.909878,0.98289,0.972493,0.92776,0.967649,0.978375,1.0,0.924342,0.981187,0.979848,0.956932,0.938897,0.951397,0.885123,0.912386,0.940382,0.971156,0.957878,0.951634,0.986143,0.979854],[0.932495,0.926501,0.917679,0.921712,0.921733,0.929406,0.937803,0.921215,0.925648,0.902512,0.924612,0.920016,0.934227,0.924633,0.920687,0.924342,1.0,0.922309,0.921036,0.919064,0.943817,0.95582,0.826213,0.930727,0.946187,0.913052,0.899484,0.937379,0.92372,0.924523],[0.973633,0.968762,0.971155,0.979767,0.985785,0.978588,0.935827,0.990905,0.974557,0.907696,0.975322,0.982312,0.934818,0.960808,0.988066,0.981187,0.922309,1.0,0.973522,0.965242,0.93184,0.942228,0.876179,0.907323,0.92931,0.966781,0.964657,0.957648,0.978824,0.990812],[0.976213,0.955998,0.973057,0.968331,0.975808,0.982709,0.923526,0.973894,0.978721,0.9046,0.977399,0.971384,0.926001,0.961018,0.968543,0.979848,0.921036,0.973522,1.0,0.950769,0.931304,0.940021,0.889064,0.915847,0.936278,0.972133,0.945348,0.946307,0.983714,0.974165],[0.957278,0.987104,0.960605,0.972778,0.961659,0.957233,0.952042,0.965928,0.960849,0.923562,0.962897,0.968659,0.951987,0.958031,0.96326,0.956932,0.919064,0.965242,0.950769,1.0,0.945316,0.939736,0.865349,0.926222,0.929878,0.942557,0.952902,0.971671,0.959249,0.961614],[0.936345,0.94427,0.933232,0.934456,0.927003,0.934795,0.97508,0.930391,0.940766,0.93567,0.942793,0.927514,0.974813,0.938187,0.935296,0.938897,0.943817,0.93184,0.931304,0.945316,1.0,0.967031,0.835947,0.967983,0.959662,0.920776,0.929519,0.951956,0.938206,0.930801],[0.945051,0.940325,0.943466,0.943672,0.942175,0.943338,0.959253,0.942588,0.949589,0.918726,0.948916,0.9378,0.956563,0.941684,0.942431,0.951397,0.95582,0.942228,0.940021,0.939736,0.967031,1.0,0.850268,0.942834,0.977021,0.929916,0.920429,0.94943,0.949211,0.943247],[0.88383,0.862912,0.891213,0.876989,0.882845,0.885525,0.829793,0.879364,0.886318,0.806499,0.888594,0.88369,0.829285,0.874518,0.877726,0.885123,0.826213,0.876179,0.889064,0.865349,0.835947,0.850268,1.0,0.827534,0.839111,0.879936,0.853218,0.851573,0.890154,0.880347],[0.916431,0.928491,0.911742,0.913161,0.912681,0.916961,0.955992,0.908381,0.918618,0.918058,0.918238,0.909374,0.958359,0.915456,0.910497,0.912386,0.930727,0.907323,0.915847,0.926222,0.967983,0.942834,0.827534,1.0,0.943171,0.931588,0.904003,0.936885,0.916025,0.908699],[0.930032,0.934083,0.935493,0.933845,0.93797,0.934316,0.951467,0.930322,0.941709,0.911415,0.942068,0.927877,0.951615,0.928151,0.931491,0.940382,0.946187,0.92931,0.936278,0.929878,0.959662,0.977021,0.839111,0.943171,1.0,0.925434,0.91299,0.940752,0.939118,0.930346],[0.964864,0.947997,0.964312,0.959545,0.96671,0.973159,0.91422,0.965719,0.965392,0.893762,0.966247,0.96254,0.912729,0.952145,0.961548,0.971156,0.913052,0.966781,0.972133,0.942557,0.920776,0.929916,0.879936,0.931588,0.925434,1.0,0.938479,0.935465,0.971902,0.966328],[0.952096,0.954302,0.948544,0.955604,0.959529,0.950448,0.940506,0.965495,0.94788,0.893571,0.95132,0.954321,0.934927,0.941741,0.963925,0.957878,0.899484,0.964657,0.945348,0.952902,0.929519,0.920429,0.853218,0.904003,0.91299,0.938479,1.0,0.942636,0.95378,0.965277],[0.953522,0.978049,0.945541,0.960298,0.959969,0.949981,0.96089,0.957401,0.952515,0.935671,0.954324,0.957097,0.957013,0.946957,0.957071,0.951634,0.937379,0.957648,0.946307,0.971671,0.951956,0.94943,0.851573,0.936885,0.940752,0.935465,0.942636,1.0,0.952225,0.957334],[0.985476,0.96325,0.986058,0.974549,0.981516,0.981492,0.92996,0.980888,0.98537,0.908696,0.988768,0.975439,