{"scene_id":"salinas-a-corrected","method":"cae_2d_8","n_seeds":7,"latent_dim":8,"samples_per_class":220,"ari_vs_gt_per_seed":[0.442107,0.439518,0.437288,0.439013,0.441699,0.438915,0.439889],"ari_vs_gt_summary":{"mean":0.439775,"std":0.001546,"min":0.437288,"max":0.442107},"seed_pair_ari":[[1.0,0.99266,0.974804,0.973765,0.987556,0.990578,0.966501],[0.99266,1.0,0.978253,0.97496,0.987448,0.997877,0.965312],[0.974804,0.978253,1.0,0.954436,0.967194,0.976265,0.968461],[0.973765,0.97496,0.954436,1.0,0.986009,0.976972,0.962502],[0.987556,0.987448,0.967194,0.986009,1.0,0.987476,0.959955],[0.990578,0.997877,0.976265,0.976972,0.987476,1.0,0.965417],[0.966501,0.965312,0.968461,0.962502,0.959955,0.965417,1.0]],"seed_pair_procrustes_dist":[[0.0,0.072475,0.112658,0.09252,0.061498,0.074966,0.114029],[0.072475,0.0,0.0898,0.079102,0.100101,0.066041,0.13677],[0.112658,0.0898,0.0,0.124522,0.100965,0.086172,0.090057],[0.09252,0.079102,0.124522,0.0,0.102364,0.065215,0.16429],[0.061498,0.100101,0.100965,0.102364,0.0,0.080414,0.088649],[0.074966,0.066041,0.086172,0.065215,0.080414,0.0,0.118154],[0.114029,0.13677,0.090057,0.16429,0.088649,0.118154,0.0]],"off_diagonal_summary":{"ari_mean":0.975924,"ari_min":0.954436,"ari_std":0.011617,"procrustes_mean":0.096227,"procrustes_max":0.16429},"framework_axis":"B-6 follow-up: deep-method seed stability for CAE-1D \u2014 pairwise cluster ARI + Procrustes between latent embeddings across N_SEEDS torch initialisations","generated_at":"2026-05-09T14:40:12Z","builder_version":"build_deep_seed_stability v0.1"}