{"scene_id":"salinas-a-corrected","method":"beta_vae_8","n_seeds":7,"latent_dim":8,"samples_per_class":220,"ari_vs_gt_per_seed":[0.606139,0.598572,0.600673,0.608113,0.605762,0.56553,0.59788],"ari_vs_gt_summary":{"mean":0.597524,"std":0.01357,"min":0.56553,"max":0.608113},"seed_pair_ari":[[1.0,0.984932,0.981751,0.987004,0.990749,0.817601,0.984932],[0.984932,1.0,0.989621,0.983514,0.983266,0.816312,0.996223],[0.981751,0.989621,1.0,0.987614,0.983789,0.81017,0.989621],[0.987004,0.983514,0.987614,1.0,0.992174,0.813405,0.983514],[0.990749,0.983266,0.983789,0.992174,1.0,0.812351,0.983266],[0.817601,0.816312,0.81017,0.813405,0.812351,1.0,0.816312],[0.984932,0.996223,0.989621,0.983514,0.983266,0.816312,1.0]],"seed_pair_procrustes_dist":[[0.0,0.027536,0.057713,0.027211,0.024362,0.04465,0.034047],[0.027536,0.0,0.073672,0.029186,0.041226,0.038041,0.05083],[0.057713,0.073672,0.0,0.075481,0.051608,0.072107,0.0582],[0.027211,0.029186,0.075481,0.0,0.029367,0.056969,0.038132],[0.024362,0.041226,0.051608,0.029367,0.0,0.056814,0.030127],[0.04465,0.038041,0.072107,0.056969,0.056814,0.0,0.071844],[0.034047,0.05083,0.0582,0.038132,0.030127,0.071844,0.0]],"off_diagonal_summary":{"ari_mean":0.93753,"ari_min":0.81017,"ari_std":0.077985,"procrustes_mean":0.047101,"procrustes_max":0.075481},"framework_axis":"B-6 follow-up: deep-method seed stability for CAE-1D \u2014 pairwise cluster ARI + Procrustes between latent embeddings across N_SEEDS torch initialisations","generated_at":"2026-05-09T14:23:51Z","builder_version":"build_deep_seed_stability v0.1"}