{"scene_id":"salinas-a-corrected","method":"beta_vae_8","n_seeds":7,"latent_dim":8,"samples_per_class":220,"ari_vs_gt_per_seed":[0.564047,0.56962,0.607318,0.601214,0.596346,0.569818,0.598534],"ari_vs_gt_summary":{"mean":0.5867,"std":0.016728,"min":0.564047,"max":0.607318},"seed_pair_ari":[[1.0,0.993276,0.816067,0.811629,0.813364,0.995089,0.814436],[0.993276,1.0,0.819969,0.815929,0.817607,0.998193,0.818604],[0.816067,0.819969,1.0,0.973681,0.978947,0.819185,0.988133],[0.811629,0.815929,0.973681,1.0,0.988442,0.815112,0.983197],[0.813364,0.817607,0.978947,0.988442,1.0,0.816814,0.990558],[0.995089,0.998193,0.819185,0.815112,0.816814,1.0,0.817821],[0.814436,0.818604,0.988133,0.983197,0.990558,0.817821,1.0]],"seed_pair_procrustes_dist":[[0.0,0.037495,0.078968,0.047024,0.052013,0.081851,0.089869],[0.037495,0.0,0.079727,0.02009,0.024632,0.051748,0.060343],[0.078968,0.079727,0.0,0.066806,0.073866,0.108124,0.081953],[0.047024,0.02009,0.066806,0.0,0.026492,0.053254,0.053524],[0.052013,0.024632,0.073866,0.026492,0.0,0.04943,0.04422],[0.081851,0.051748,0.108124,0.053254,0.04943,0.0,0.059649],[0.089869,0.060343,0.081953,0.053524,0.04422,0.059649,0.0]],"off_diagonal_summary":{"ari_mean":0.889812,"ari_min":0.811629,"ari_std":0.084953,"procrustes_mean":0.059099,"procrustes_max":0.108124},"framework_axis":"B-6 follow-up: deep-method seed stability for CAE-1D \u2014 pairwise cluster ARI + Procrustes between latent embeddings across N_SEEDS torch initialisations","generated_at":"2026-05-06T11:50:05Z","builder_version":"build_deep_seed_stability v0.1"}