{"scene_id":"salinas-a-corrected","method":"cae_3d_8","n_seeds":7,"latent_dim":8,"samples_per_class":220,"ari_vs_gt_per_seed":[0.558732,0.554336,0.551187,0.546676,0.545466,0.555236,0.54979],"ari_vs_gt_summary":{"mean":0.551632,"std":0.004422,"min":0.545466,"max":0.558732},"seed_pair_ari":[[1.0,0.982317,0.953658,0.956328,0.935539,0.961401,0.926812],[0.982317,1.0,0.944775,0.951733,0.937178,0.957401,0.927247],[0.953658,0.944775,1.0,0.968949,0.969469,0.963192,0.955152],[0.956328,0.951733,0.968949,1.0,0.963907,0.958861,0.946606],[0.935539,0.937178,0.969469,0.963907,1.0,0.941368,0.958399],[0.961401,0.957401,0.963192,0.958861,0.941368,1.0,0.951076],[0.926812,0.927247,0.955152,0.946606,0.958399,0.951076,1.0]],"seed_pair_procrustes_dist":[[0.0,0.115392,0.039183,0.112858,0.213882,0.042903,0.143484],[0.115392,0.0,0.108087,0.045547,0.099792,0.109901,0.055396],[0.039183,0.108087,0.0,0.117444,0.218064,0.053578,0.14594],[0.112858,0.045547,0.117444,0.0,0.106843,0.105394,0.064242],[0.213882,0.099792,0.218064,0.106843,0.0,0.182849,0.077401],[0.042903,0.109901,0.053578,0.105394,0.182849,0.0,0.150322],[0.143484,0.055396,0.14594,0.064242,0.077401,0.150322,0.0]],"off_diagonal_summary":{"ari_mean":0.952922,"ari_min":0.926812,"ari_std":0.013681,"procrustes_mean":0.109929,"procrustes_max":0.218064},"framework_axis":"B-6 follow-up: deep-method seed stability for CAE-1D \u2014 pairwise cluster ARI + Procrustes between latent embeddings across N_SEEDS torch initialisations","generated_at":"2026-05-06T14:11:33Z","builder_version":"build_deep_seed_stability v0.1"}