{"scene_id":"salinas-corrected","method":"cae_1d_8","n_seeds":15,"latent_dim":8,"samples_per_class":220,"ari_vs_gt_per_seed":[0.549341,0.555718,0.542574,0.555387,0.557354,0.502543,0.545261,0.556358,0.556084,0.550803,0.507479,0.553916,0.544858,0.543948,0.549545],"ari_vs_gt_summary":{"mean":0.544744,"std":0.016323,"min":0.502543,"max":0.557354},"seed_pair_ari":[[1.0,0.894224,0.854924,0.897034,0.891012,0.816559,0.915898,0.901046,0.894297,0.966191,0.805385,0.904775,0.926713,0.909248,0.957586],[0.894224,1.0,0.825798,0.960308,0.952687,0.83744,0.864353,0.938157,0.955821,0.899953,0.818867,0.950232,0.887274,0.894211,0.906069],[0.854924,0.825798,1.0,0.84323,0.833446,0.737329,0.90108,0.839478,0.838972,0.866598,0.723769,0.84857,0.894053,0.832621,0.863319],[0.897034,0.960308,0.84323,1.0,0.975034,0.831334,0.859965,0.960108,0.981802,0.912539,0.819656,0.970663,0.89105,0.913742,0.899858],[0.891012,0.952687,0.833446,0.975034,1.0,0.827466,0.848265,0.966623,0.974188,0.899114,0.822154,0.964978,0.876885,0.921621,0.890165],[0.816559,0.83744,0.737329,0.831334,0.827466,1.0,0.784712,0.836793,0.826276,0.809908,0.942527,0.835356,0.789876,0.79599,0.807398],[0.915898,0.864353,0.90108,0.859965,0.848265,0.784712,1.0,0.855904,0.85307,0.901623,0.772054,0.864873,0.934997,0.857377,0.917623],[0.901046,0.938157,0.839478,0.960108,0.966623,0.836793,0.855904,1.0,0.954236,0.910303,0.823752,0.967526,0.884025,0.911249,0.899098],[0.894297,0.955821,0.838972,0.981802,0.974188,0.826276,0.85307,0.954236,1.0,0.906671,0.819308,0.972005,0.8834,0.91364,0.896669],[0.966191,0.899953,0.866598,0.912539,0.899114,0.809908,0.901623,0.910303,0.906671,1.0,0.790679,0.91685,0.939723,0.91286,0.969171],[0.805385,0.818867,0.723769,0.819656,0.822154,0.942527,0.772054,0.823752,0.819308,0.790679,1.0,0.828355,0.768706,0.794918,0.792518],[0.904775,0.950232,0.84857,0.970663,0.964978,0.835356,0.864873,0.967526,0.972005,0.91685,0.828355,1.0,0.891826,0.91114,0.910215],[0.926713,0.887274,0.894053,0.89105,0.876885,0.789876,0.934997,0.884025,0.8834,0.939723,0.768706,0.891826,1.0,0.875882,0.950775],[0.909248,0.894211,0.832621,0.913742,0.921621,0.79599,0.857377,0.911249,0.91364,0.91286,0.794918,0.91114,0.875882,1.0,0.90251],[0.957586,0.906069,0.863319,0.899858,0.890165,0.807398,0.917623,0.899098,0.896669,0.969171,0.792518,0.910215,0.950775,0.90251,1.0]],"seed_pair_procrustes_dist":[[0.0,0.065539,0.053231,0.128428,0.103319,0.078892,0.108854,0.030259,0.035415,0.029567,0.035089,0.038612,0.037324,0.064428,0.132727],[0.065539,0.0,0.044351,0.17029,0.149741,0.113274,0.151435,0.062431,0.058734,0.053103,0.059351,0.075775,0.048242,0.104297,0.078507],[0.053231,0.044351,0.0,0.162078,0.139415,0.11512,0.143796,0.043198,0.054557,0.04702,0.054932,0.062378,0.03285,0.093966,0.090507],[0.128428,0.17029,0.162078,0.0,0.039528,0.076628,0.037088,0.149764,0.139596,0.159623,0.150118,0.129668,0.162105,0.090789,0.291573],[0.103319,0.149741,0.139415,0.039528,0.0,0.060534,0.038959,0.117654,0.111701,0.129552,0.120618,0.100133,0.133005,0.067936,0.257746],[0.078892,0.113274,0.11512,0.076628,0.060534,0.0,0.059686,0.091644,0.075398,0.091548,0.086097,0.07504,0.09707,0.054541,0.212011],[0.108854,0.151435,0.143796,0.037088,0.038959,0.059686,0.0,0.12571,0.113979,0.136546,0.120363,0.103591,0.137141,0.067424,0.259586],[0.030259,0.062431,0.043198,0.149764,0.117654,0.091644,0.12571,0.0,0.029737,0.038829,0.038052,0.029711,0.029953,0.061835,0.12989],[0.035415,0.058734,0.054557,0.139596,0.111701,0.075398,0.113979,0.029737,0.0,0.045218,0.031989,0.032409,0.036761,0.049925,0.136957],[0.029567,0.053103,0.04702,0.159623,0.129552,0.091548,0.136546,0.038829,0.045218,0.0,0.043267,0.051031,0.028855,0.078735,0.120946],[0.035089,0.059351,0.054932,0.150118,0.120618,0.086097,0.120363,0.038052,0.031989,0.043267,0.0,0.034618,0.038021,0.063151,0.128176],[0.038612,0.075775,0.062378,0.129668,0.100133,0.07504,0.103591,0.029711,0.032409,0.051031,0.034618,0.0,0.044411,0.050673,0.148818],[0.037324,0.048242,0.03285,0.162105,0.133005,0.09707,0.137141,0.029953,0.036761,0.028855,0.038021,0.044411,0.0,0.073912,0.114611],[0.064428,0.104297,0.093966,0.090789,0.067936,0.054541,0.067424,0.061835,0.049925,0.078735,0.063151,0.050673,0.073912,0.0,0.192461],[0.132727,0.078507,0.090507,0.291573,0.257746,0.212011,0.259586,0.12989,0.136957,0.120946,0.128176,0.148818,0.114611,0.192461,0.0]],"off_diagonal_summary":{"ari_mean":0.881334,"ari_min":0.723769,"ari_std":0.058031,"procrustes_mean":0.090721,"procrustes_max":0.291573},"framework_axis":"B-6 follow-up: deep-method seed stability for CAE-1D \u2014 pairwise cluster ARI + Procrustes between latent embeddings across N_SEEDS torch initialisations","generated_at":"2026-05-09T14:16:44Z","builder_version":"build_deep_seed_stability v0.1"}