{"scene_id":"salinas-a-corrected","method":"cae_1d_8","n_seeds":15,"latent_dim":8,"samples_per_class":220,"ari_vs_gt_per_seed":[0.611684,0.592588,0.611684,0.608025,0.6112,0.611185,0.591674,0.591827,0.6112,0.592497,0.591133,0.612738,0.591199,0.588299,0.588686],"ari_vs_gt_summary":{"mean":0.600375,"std":0.010139,"min":0.588299,"max":0.612738},"seed_pair_ari":[[1.0,0.946355,1.0,0.996322,0.99943,0.99598,0.942052,0.945191,0.99943,0.943798,0.944619,0.998953,0.943585,0.948133,0.948718],[0.946355,1.0,0.946355,0.943536,0.946546,0.946866,0.986197,0.997375,0.946546,0.995175,0.992154,0.947294,0.995411,0.990358,0.991666],[1.0,0.946355,1.0,0.996322,0.99943,0.99598,0.942052,0.945191,0.99943,0.943798,0.944619,0.998953,0.943585,0.948133,0.948718],[0.996322,0.943536,0.996322,1.0,0.996892,0.993452,0.939308,0.942386,0.996892,0.94098,0.941821,0.995283,0.940776,0.945301,0.94588],[0.99943,0.946546,0.99943,0.996892,1.0,0.996544,0.942301,0.945394,1.0,0.943975,0.944829,0.99839,0.943783,0.948336,0.948915],[0.99598,0.946866,0.99598,0.993452,0.996544,1.0,0.942637,0.945715,0.996544,0.947311,0.94515,0.994942,0.944097,0.948642,0.94922],[0.942052,0.986197,0.942052,0.939308,0.942301,0.942637,1.0,0.988736,0.942301,0.981505,0.990014,0.942932,0.986824,0.985662,0.984395],[0.945191,0.997375,0.945191,0.942386,0.945394,0.945715,0.988736,1.0,0.945394,0.992578,0.994768,0.946116,0.998036,0.992986,0.991675],[0.99943,0.946546,0.99943,0.996892,1.0,0.996544,0.942301,0.945394,1.0,0.943975,0.944829,0.99839,0.943783,0.948336,0.948915],[0.943798,0.995175,0.943798,0.94098,0.943975,0.947311,0.981505,0.992578,0.943975,1.0,0.991291,0.944743,0.994546,0.989502,0.990802],[0.944619,0.992154,0.944619,0.941821,0.944829,0.94515,0.990014,0.994768,0.944829,0.991291,1.0,0.945538,0.996729,0.995595,0.994292],[0.998953,0.947294,0.998953,0.995283,0.99839,0.994942,0.942932,0.946116,0.99839,0.944743,0.945538,1.0,0.944511,0.94907,0.949662],[0.943585,0.995411,0.943585,0.940776,0.943783,0.944097,0.986824,0.998036,0.943783,0.994546,0.996729,0.944511,1.0,0.994947,0.993638],[0.948133,0.990358,0.948133,0.945301,0.948336,0.948642,0.985662,0.992986,0.948336,0.989502,0.995595,0.94907,0.994947,1.0,0.998678],[0.948718,0.991666,0.948718,0.94588,0.948915,0.94922,0.984395,0.991675,0.948915,0.990802,0.994292,0.949662,0.993638,0.998678,1.0]],"seed_pair_procrustes_dist":[[0.0,0.044239,0.048606,0.134859,0.105013,0.096524,0.109559,0.014849,0.01647,0.017598,0.022279,0.013162,0.030311,0.058408,0.129179],[0.044239,0.0,0.023008,0.169021,0.140838,0.131737,0.145134,0.036031,0.040254,0.048293,0.050349,0.043564,0.031073,0.096137,0.084606],[0.048606,0.023008,0.0,0.171078,0.143035,0.134557,0.145551,0.03824,0.042753,0.054379,0.05151,0.045614,0.034113,0.098595,0.083948],[0.134859,0.169021,0.171078,0.0,0.040655,0.046543,0.040258,0.164878,0.158286,0.15175,0.150426,0.155058,0.1808,0.093417,0.303358],[0.105013,0.140838,0.143035,0.040655,0.0,0.021509,0.024068,0.125723,0.119337,0.114485,0.111942,0.116574,0.142218,0.056697,0.259841],[0.096524,0.131737,0.134557,0.046543,0.021509,0.0,0.030498,0.115161,0.108632,0.103108,0.102376,0.105896,0.131427,0.049129,0.247262],[0.109559,0.145134,0.145551,0.040258,0.024068,0.030498,0.0,0.130893,0.12479,0.119314,0.114899,0.122031,0.144987,0.061977,0.265207],[0.014849,0.036031,0.03824,0.164878,0.125723,0.115161,0.130893,0.0,0.013301,0.024844,0.022257,0.014517,0.02637,0.065822,0.11995],[0.01647,0.040254,0.042753,0.158286,0.119337,0.108632,0.12479,0.013301,0.0,0.026856,0.020425,0.014982,0.031175,0.06167,0.126529],[0.017598,0.048293,0.054379,0.15175,0.114485,0.103108,0.119314,0.024844,0.026856,0.0,0.025157,0.021851,0.031879,0.055812,0.13517],[0.022279,0.050349,0.05151,0.150426,0.111942,0.102376,0.114899,0.022257,0.020425,0.025157,0.0,0.022109,0.03079,0.05418,0.136648],[0.013162,0.043564,0.045614,0.155058,0.116574,0.105896,0.122031,0.014517,0.014982,0.021851,0.022109,0.0,0.03262,0.058767,0.129608],[0.030311,0.031073,0.034113,0.1808,0.142218,0.131427,0.144987,0.02637,0.031175,0.031879,0.03079,0.03262,0.0,0.078585,0.108469],[0.058408,0.096137,0.098595,0.093417,0.056697,0.049129,0.061977,0.065822,0.06167,0.055812,0.05418,0.058767,0.078585,0.0,0.196551],[0.129179,0.084606,0.083948,0.303358,0.259841,0.247262,0.265207,0.11995,0.126529,0.13517,0.136648,0.129608,0.108469,0.196551,0.0]],"off_diagonal_summary":{"ari_mean":0.968149,"ari_min":0.939308,"ari_std":0.024752,"procrustes_mean":0.088255,"procrustes_max":0.303358},"framework_axis":"B-6 follow-up: deep-method seed stability for CAE-1D \u2014 pairwise cluster ARI + Procrustes between latent embeddings across N_SEEDS torch initialisations","generated_at":"2026-05-09T14:17:30Z","builder_version":"build_deep_seed_stability v0.1"}