{"scene_id":"salinas-a-corrected","method":"beta_vae_8","n_seeds":30,"latent_dim":8,"samples_per_class":220,"ari_vs_gt_per_seed":[0.606139,0.598572,0.600673,0.608113,0.605762,0.56553,0.59788,0.564421,0.553556,0.569291,0.563363,0.600312,0.599387,0.59964,0.570448,0.570023,0.598364,0.595848,0.587554,0.571095,0.59981,0.608429,0.562863,0.584612,0.598729,0.600312,0.568971,0.601298,0.56962,0.582169],"ari_vs_gt_summary":{"mean":0.58676,"std":0.01679,"min":0.553556,"max":0.608429},"seed_pair_ari":[[1.0,0.984932,0.981751,0.987004,0.990749,0.817601,0.984932,0.814294,0.809295,0.819118,0.812982,0.979277,0.982686,0.979326,0.820584,0.818274,0.977298,0.984087,0.924168,0.819032,0.982164,0.984939,0.813765,0.922878,0.977845,0.979277,0.819079,0.978261,0.819893,0.921499],[0.984932,1.0,0.989621,0.983514,0.983266,0.816312,0.996223,0.813009,0.807604,0.818105,0.811647,0.994333,0.994654,0.990209,0.819558,0.817237,0.992259,0.988543,0.921662,0.818044,0.99412,0.981462,0.812516,0.920175,0.992901,0.994333,0.818029,0.993298,0.81883,0.918671],[0.981751,0.989621,1.0,0.987614,0.983789,0.81017,0.989621,0.806976,0.801572,0.812006,0.805606,0.995282,0.994953,0.995262,0.813469,0.811172,0.993244,0.985085,0.91508,0.811968,0.994417,0.985557,0.806441,0.913771,0.993847,0.995282,0.811954,0.994271,0.812744,0.912199],[0.987004,0.983514,0.987614,1.0,0.992174,0.813405,0.983514,0.81008,0.805327,0.814886,0.808821,0.989163,0.988797,0.985208,0.816324,0.814085,0.987173,0.978936,0.91661,0.814784,0.988248,0.997879,0.809606,0.91517,0.987728,0.989163,0.814856,0.988128,0.815636,0.913837],[0.990749,0.983266,0.983789,0.992174,1.0,0.812351,0.983266,0.809114,0.804177,0.813897,0.807818,0.98134,0.984771,0.985438,0.815348,0.813085,0.983374,0.978649,0.917131,0.81382,0.984228,0.990092,0.808579,0.915902,0.979904,0.98134,0.813868,0.980334,0.81466,0.914491],[0.817601,0.816312,0.81017,0.813405,0.812351,1.0,0.816312,0.994127,0.980758,0.990978,0.993151,0.812701,0.81398,0.809318,0.992083,0.98913,0.810997,0.820503,0.835222,0.989501,0.814443,0.813999,0.992773,0.83054,0.811365,0.812701,0.990928,0.813562,0.992734,0.834598],[0.984932,0.996223,0.989621,0.983514,0.983266,0.816312,1.0,0.813009,0.807604,0.818105,0.811647,0.994333,0.994654,0.990209,0.819558,0.817237,0.992259,0.992267,0.921662,0.818044,0.99412,0.981462,0.812516,0.920175,0.992901,0.994333,0.818029,0.993298,0.81883,0.918671],[0.814294,0.813009,0.806976,0.81008,0.809114,0.994127,0.813009,1.0,0.982012,0.993458,0.995971,0.809421,0.810686,0.806143,0.992624,0.993294,0.80777,0.817149,0.838276,0.993644,0.811129,0.810648,0.995302,0.833502,0.808088,0.809421,0.991488,0.810257,0.993279,0.837636],[0.809295,0.807604,0.801572,0.805327,0.804177,0.980758,0.807604,0.982012,1.0,0.979331,0.985871,0.804067,0.8054,0.800638,0.976905,0.981088,0.80234,0.811809,0.822064,0.977943,0.805874,0.806011,0.986617,0.81737,0.805236,0.804067,0.97928,0.80494,0.977476,0.821043],[0.819118,0.818105,0.812006,0.814886,0.813897,0.990978,0.818105,0.993458,0.979331,1.0,0.991181,0.814528,0.815746,0.811233,0.995865,0.99656,0.812868,0.822204,0.8402,0.998463,0.816202,0.815423,0.992125,0.832664,0.813196,0.814528,0.994757,0.815367,0.996556,0.831047],[0.812982,0.811647,0.805606,0.808821,0.807818,0.993151,0.811647,0.995971,0.985871,0.991181,1.0,0.808077,0.809348,0.804772,0.98869,0.992955,0.806412,0.815795,0.834834,0.989712,0.809804,0.809413,0.996568,0.830132,0.806744,0.808077,0.987551,0.808918,0.989333,0.834176],[0.979277,0.994333,0.995282,0.989163,0.98134,0.812701,0.994333,0.809421,0.804067,0.814528,0.808077,1.0,0.996535,0.995877,0.815965,0.813684,0.997926,0.986655,0.916145,0.814469,0.995987,0.987088,0.808948,0.914613,0.998566,1.0,0.814455,0.998961,0.815235,0.913096],[0.982686,0.994654,0.994953,0.988797,0.984771,0.81398,0.994654,0.810686,0.8054,0.815746,0.809348,0.996535,1.0,0.992436,0.817189,0.8149,0.994474,0.990081,0.918025,0.81568,0.999453,0.986723,0.810205,0.916521,0.995102,0.996535,0.815679,0.995498,0.816465,0.915035],[0.979326,0.990209,0.995262,0.985208,0.985438,0.809318,0.990209,0.806143,0.800638,0.811233,0.804772,0.995877,0.992436,1.0,0.812673,0.810394,0.997923,0.982554,0.91307,0.811201,0.991886,0.983155,0.80562,0.91172,0.99444,0.995877,0.811163,0.994864,0.81194,0.910116],[0.820584,0.819558,0.813469,0.816324,0.815348,0.992083,0.819558,0.992624,0.976905,0.995865,0.98869,0.815965,0.817189,0.812673,1.0,0.995704,0.814307,0.823661,0.842384,0.997403,0.817633,0.816849,0.989616,0.834763,0.814634,0.815965,0.997502,0.816804,0.999308,0.833211],[0.818274,0.817237,0.811172,0.814085,0.813085,0.98913,0.817237,0.993294,0.981088,0.99656,0.992955,0.813684,0.8149,0.810394,0.995704,1.0,0.812027,0.821318,0.840826,0.996716,0.815356,0.814627,0.993891,0.833314,0.812354,0.813684,0.994604,0.814522,0.996394,0.831702],[0.977298,0.992259,0.993244,0.987173,0.983374,0.810997,0.992259,0.80777,0.80234,0.812868,0.806412,0.997926,0.994474,0.997923,0.814307,0.812027,1.0,0.984593,0.914595,0.812823,0.993925,0.98511,0.807271,0.913154,0.996491,0.997926,0.812797,0.996901,0.813575,0.911593],[0.984087,0.988543,0.985085,0.978936,0.978649,0.820503,0.992267,0.817149,0.811809,0.822204,0.815795,0.986655,0.990081,0.982554,0.823661,0.821318,0.984593,1.0,0.927044,0.822128,0.990626,0.97796,0.816656,0.925554,0.985226,0.986655,0.822125,0.985625,0.822942,0.92411],[0.924168,0.921662,0.91508,0.91661,0.917131,0.835222,0.921662,0.838276,0.822064,0.8402,0.834834,0.916145,0.918025,0.91307,0.842384,0.840826,0.914595,0.927044,1.0,0.840375,0.917816,0.916497,0.834157,0.985897,0.914722,0.916145,0.841943,0.916929,0.843068,0.986499],[0.819032,0.818044,0.811968,0.814784,0.81382,0.989501,0.818044,0.993644,0.977943,0.998463,0.989712,0.814469,0.81568,0.811201,0.997403,0.996716,0.812823,0.822128,0.840375,1.0,0.81613,0.815309,0.990638,0.832813,0.813138,0.814469,0.994914,0.815302,0.996711,0.831241],[0.982164,0.99412,0.994417,0.988248,0.984228,0.814443,0.99412,0.811129,0.805874,0.816202,0.809804,0.995987,0.999453,0.991886,0.817633,0.815356,0.993925,0.990626,0.917816,0.81613,1.0,0.98727,0.810668,0.916253,0.994554,0.995987,0.816128,0.99495,0.816909,0.914786],[0.984939,0.981462,0.985557,0.997879,0.990092,0.813999,0.981462,0.810648,0.806011,0.815423,0.809413,0.987088,0.986723,0.983155,0.816849,0.814627,0.98511,0.97796,0.916497,0.815309,0.98727,1.0,0.810192,0.915011,0.985652,0.987088,0.815393,0.986053,0.816168,0.913724],[0.813765,0.812516,0.806441,0.809606,0.808579,0.992773,0.812516,0.995302,0.986617,0.992125,0.996568,0.808948,0.810205,0.80562,0.989616,0.993891,0.807271,0.816656,0.834157,0.990638,0.810668,0.810192,1.0,0.829524,0.810178,0.808948,0.988482,0.809795,0.990271,0.833597],[0.922878,0.920175,0.913771,0.91517,0.915902,0.83054,0.920175,0.833502,0.81737,0.832664,0.830132,0.914613,0.916521,0.91172,0.834763,0.833314,0.913154,0.925554,0.985897,0.832813,0.916253,0.915011,0.829524,1.0,0.91319,0.914613,0.834369,0.915352,0.835433,0.993159],[0.977845,0.992901,0.993847,0.987728,0.979904,0.811365,0.992901,0.808088,0.805236,0.813196,0.806744,0.998566,0.995102,0.99444,0.814634,0.812354,0.996491,0.985226,0.914722,0.813138,0.994554,0.985652,0.810178,0.91319,1.0,0.998566,0.813124,0.997527,0.813903,0.91167],[0.979277,0.994333,0.995282,0.989163,0.98134,0.812701,0.994333,0.809421,0.804067,0.814528,0.808077,1.0,0.996535,0.995877,0.815965,0.813684,0.997926,0.986655,0.916145,0.814469,0.995987,0.987088,0.808948,0.914613,0.998566,1.0,0.814455,0.998961,0.815235,0.913096],[0.819079,0.818029,0.811954,0.814856,0.813868,0.990928,0.818029,0.991488,0.97928,0.994757,0.987551,0.814455,0.815679,0.811163,0.997502,0.994604,0.812797,0.822125,0.841943,0.994914,0.816128,0.815393,0.988482,0.834369,0.813124,0.814455,1.0,0.815294,0.998193,0.832775],[0.978261,0.993298,0.994271,0.988128,0.980334,0.813562,0.993298,0.810257,0.80494,0.815367,0.808918,0.998961,0.995498,0.994864,0.816804,0.814522,0.996901,0.985625,0.916929,0.815302,0.99495,0.986053,0.809795,0.915352,0.997527,0.998961,0.815294,1.0,0.816074,0.913857],[0.819893,0.81883,0.812744,0.815636,0.81466,0.992734,0.81883,0.993279,0.977476,0.996556,0.989333,0.815235,0.816465,