{"scene_id":"salinas-corrected","method":"cae_2d_8","n_seeds":15,"latent_dim":8,"samples_per_class":220,"ari_vs_gt_per_seed":[0.414784,0.395699,0.408837,0.398603,0.40573,0.394861,0.41299,0.407024,0.406564,0.39949,0.395339,0.395539,0.410393,0.399172,0.408534],"ari_vs_gt_summary":{"mean":0.403571,"std":0.006682,"min":0.394861,"max":0.414784},"seed_pair_ari":[[1.0,0.784453,0.769469,0.78253,0.77217,0.792017,0.768106,0.773302,0.770734,0.711199,0.791939,0.792075,0.769344,0.791101,0.759644],[0.784453,1.0,0.941515,0.97836,0.932199,0.981625,0.94245,0.930701,0.946792,0.886289,0.978181,0.980846,0.937063,0.966552,0.929558],[0.769469,0.941515,1.0,0.942442,0.966072,0.931529,0.983971,0.965029,0.973974,0.929148,0.931097,0.931104,0.965358,0.931894,0.967564],[0.78253,0.97836,0.942442,1.0,0.930139,0.968761,0.943628,0.934759,0.94705,0.890881,0.972294,0.970495,0.938652,0.972837,0.932756],[0.77217,0.932199,0.966072,0.930139,1.0,0.940198,0.96491,0.987257,0.961302,0.929607,0.939868,0.943891,0.948686,0.932366,0.972176],[0.792017,0.981625,0.931529,0.968761,0.940198,1.0,0.931268,0.939159,0.936798,0.881095,0.989387,0.991584,0.926727,0.97313,0.923679],[0.768106,0.94245,0.983971,0.943628,0.96491,0.931268,1.0,0.966418,0.971411,0.925073,0.928994,0.93148,0.967475,0.934222,0.965346],[0.773302,0.930701,0.965029,0.934759,0.987257,0.939159,0.966418,1.0,0.961467,0.93061,0.938989,0.938948,0.949079,0.937455,0.974582],[0.770734,0.946792,0.973974,0.94705,0.961302,0.936798,0.971411,0.961467,1.0,0.920448,0.938579,0.936013,0.978698,0.936012,0.963371],[0.711199,0.886289,0.929148,0.890881,0.929607,0.881095,0.925073,0.93061,0.920448,1.0,0.88232,0.880674,0.908717,0.879853,0.944097],[0.791939,0.978181,0.931097,0.972294,0.939868,0.989387,0.928994,0.938989,0.938579,0.88232,1.0,0.988103,0.926525,0.973551,0.92585],[0.792075,0.980846,0.931104,0.970495,0.943891,0.991584,0.93148,0.938948,0.936013,0.880674,0.988103,1.0,0.924964,0.971435,0.924426],[0.769344,0.937063,0.965358,0.938652,0.948686,0.926727,0.967475,0.949079,0.978698,0.908717,0.926525,0.924964,1.0,0.934456,0.953116],[0.791101,0.966552,0.931894,0.972837,0.932366,0.97313,0.934222,0.937455,0.936012,0.879853,0.973551,0.971435,0.934456,1.0,0.921722],[0.759644,0.929558,0.967564,0.932756,0.972176,0.923679,0.965346,0.974582,0.963371,0.944097,0.92585,0.924426,0.953116,0.921722,1.0]],"seed_pair_procrustes_dist":[[0.0,0.020195,0.035341,0.035777,0.022992,0.02506,0.027879,0.024986,0.028464,0.043728,0.027225,0.031835,0.045004,0.054266,0.029018],[0.020195,0.0,0.035659,0.035588,0.020227,0.027533,0.031182,0.023951,0.026642,0.040297,0.023976,0.031351,0.045039,0.060021,0.026636],[0.035341,0.035659,0.0,0.032151,0.031116,0.046846,0.050428,0.034504,0.029794,0.027472,0.028218,0.028319,0.030046,0.058994,0.032258],[0.035777,0.035588,0.032151,0.0,0.032402,0.041743,0.046386,0.035466,0.033932,0.035273,0.034128,0.034099,0.043294,0.052208,0.032439],[0.022992,0.020227,0.031116,0.032402,0.0,0.030768,0.031181,0.021081,0.019352,0.033772,0.026062,0.024108,0.037931,0.061505,0.021955],[0.02506,0.027533,0.046846,0.041743,0.030768,0.0,0.02579,0.031891,0.037275,0.056183,0.040361,0.041165,0.059909,0.061174,0.03397],[0.027879,0.031182,0.050428,0.046386,0.031181,0.02579,0.0,0.03284,0.035456,0.055334,0.043246,0.041849,0.057016,0.070189,0.036086],[0.024986,0.023951,0.034504,0.035466,0.021081,0.031891,0.03284,0.0,0.02035,0.035524,0.027983,0.028916,0.04119,0.05948,0.021719],[0.028464,0.026642,0.029794,0.033932,0.019352,0.037275,0.035456,0.02035,0.0,0.026223,0.029685,0.022949,0.032221,0.066213,0.018407],[0.043728,0.040297,0.027472,0.035273,0.033772,0.056183,0.055334,0.035524,0.026223,0.0,0.032435,0.02891,0.023823,0.068145,0.032379],[0.027225,0.023976,0.028218,0.034128,0.026062,0.040361,0.043246,0.027983,0.029685,0.032435,0.0,0.033299,0.035157,0.054045,0.032384],[0.031835,0.031351,0.028319,0.034099,0.024108,0.041165,0.041849,0.028916,0.022949,0.02891,0.033299,0.0,0.03275,0.069432,0.026343],[0.045004,0.045039,0.030046,0.043294,0.037931,0.059909,0.057016,0.04119,0.032221,0.023823,0.035157,0.03275,0.0,0.070312,0.04085],[0.054266,0.060021,0.058994,0.052208,0.061505,0.061174,0.070189,0.05948,0.066213,0.068145,0.054045,0.069432,0.070312,0.0,0.065195],[0.029018,0.026636,0.032258,0.032439,0.021955,0.03397,0.036086,0.021719,0.018407,0.032379,0.032384,0.026343,0.04085,0.065195,0.0]],"off_diagonal_summary":{"ari_mean":0.922183,"ari_min":0.711199,"ari_std":0.06352,"procrustes_mean":0.036906,"procrustes_max":0.070312},"framework_axis":"B-6 follow-up: deep-method seed stability for CAE-1D \u2014 pairwise cluster ARI + Procrustes between latent embeddings across N_SEEDS torch initialisations","generated_at":"2026-05-09T14:48:13Z","builder_version":"build_deep_seed_stability v0.1"}