{"scene_id":"salinas-corrected","method":"cae_3d_8","n_seeds":15,"latent_dim":8,"samples_per_class":220,"ari_vs_gt_per_seed":[0.4416,0.436234,0.397825,0.386801,0.387357,0.422024,0.395244,0.416826,0.429718,0.448939,0.39541,0.399726,0.396938,0.393393,0.393081],"ari_vs_gt_summary":{"mean":0.409408,"std":0.020405,"min":0.386801,"max":0.448939},"seed_pair_ari":[[1.0,0.827642,0.673384,0.700082,0.696458,0.788245,0.694876,0.744405,0.790477,0.824967,0.682126,0.694001,0.73705,0.748522,0.709151],[0.827642,1.0,0.677481,0.689387,0.723573,0.730104,0.715496,0.766204,0.732621,0.783324,0.659016,0.727349,0.737741,0.752694,0.713432],[0.673384,0.677481,1.0,0.779798,0.770614,0.802932,0.872999,0.759,0.821707,0.680205,0.920511,0.891778,0.78869,0.802599,0.762877],[0.700082,0.689387,0.779798,1.0,0.848702,0.713388,0.818036,0.820394,0.684935,0.726323,0.782584,0.799197,0.852264,0.867859,0.890885],[0.696458,0.723573,0.770614,0.848702,1.0,0.691479,0.800087,0.827959,0.687296,0.747029,0.773742,0.812004,0.825382,0.850855,0.856176],[0.788245,0.730104,0.802932,0.713388,0.691479,1.0,0.811969,0.683609,0.904047,0.77572,0.814033,0.824821,0.733769,0.733142,0.712104],[0.694876,0.715496,0.872999,0.818036,0.800087,0.811969,1.0,0.809374,0.812423,0.690125,0.868907,0.931433,0.810237,0.826062,0.811916],[0.744405,0.766204,0.759,0.820394,0.827959,0.683609,0.809374,1.0,0.684033,0.805644,0.753173,0.822068,0.825616,0.849767,0.860385],[0.790477,0.732621,0.821707,0.684935,0.687296,0.904047,0.812423,0.684033,1.0,0.801262,0.813883,0.820785,0.694466,0.709815,0.671996],[0.824967,0.783324,0.680205,0.726323,0.747029,0.77572,0.690125,0.805644,0.801262,1.0,0.680927,0.702149,0.730872,0.750696,0.749489],[0.682126,0.659016,0.920511,0.782584,0.773742,0.814033,0.868907,0.753173,0.813883,0.680927,1.0,0.876357,0.785543,0.810945,0.753462],[0.694001,0.727349,0.891778,0.799197,0.812004,0.824821,0.931433,0.822068,0.820785,0.702149,0.876357,1.0,0.813389,0.822349,0.800865],[0.73705,0.737741,0.78869,0.852264,0.825382,0.733769,0.810237,0.825616,0.694466,0.730872,0.785543,0.813389,1.0,0.887526,0.881402],[0.748522,0.752694,0.802599,0.867859,0.850855,0.733142,0.826062,0.849767,0.709815,0.750696,0.810945,0.822349,0.887526,1.0,0.877534],[0.709151,0.713432,0.762877,0.890885,0.856176,0.712104,0.811916,0.860385,0.671996,0.749489,0.753462,0.800865,0.881402,0.877534,1.0]],"seed_pair_procrustes_dist":[[0.0,0.093553,0.071663,0.096243,0.120271,0.071671,0.072581,0.051771,0.049211,0.065894,0.061724,0.068693,0.097626,0.060739,0.209373],[0.093553,0.0,0.127886,0.073509,0.059899,0.075033,0.06188,0.084605,0.089379,0.079172,0.094004,0.117506,0.081088,0.083076,0.129791],[0.071663,0.127886,0.0,0.148653,0.175605,0.113659,0.106436,0.072715,0.066754,0.084061,0.080774,0.058617,0.134641,0.094082,0.270437],[0.096243,0.073509,0.148653,0.0,0.077943,0.060169,0.067891,0.094423,0.103649,0.08638,0.081449,0.121628,0.062282,0.070557,0.127716],[0.120271,0.059899,0.175605,0.077943,0.0,0.091574,0.086438,0.112176,0.11288,0.096636,0.110259,0.137653,0.088895,0.096978,0.114612],[0.071671,0.075033,0.113659,0.060169,0.091574,0.0,0.068832,0.081438,0.076974,0.072664,0.058231,0.102564,0.073483,0.055737,0.158567],[0.072581,0.06188,0.106436,0.067891,0.086438,0.068832,0.0,0.059702,0.072142,0.060075,0.062578,0.087227,0.069326,0.055781,0.169534],[0.051771,0.084605,0.072715,0.094423,0.112176,0.081438,0.059702,0.0,0.053479,0.056395,0.067782,0.065861,0.093438,0.067128,0.210835],[0.049211,0.089379,0.066754,0.103649,0.11288,0.076974,0.072142,0.053479,0.0,0.057626,0.062638,0.072966,0.105645,0.067677,0.216197],[0.065894,0.079172,0.084061,0.08638,0.096636,0.072664,0.060075,0.056395,0.057626,0.0,0.055198,0.082615,0.08299,0.062379,0.193435],[0.061724,0.094004,0.080774,0.081449,0.110259,0.058231,0.062578,0.067782,0.062638,0.055198,0.0,0.079621,0.092789,0.048661,0.203774],[0.068693,0.117506,0.058617,0.121628,0.137653,0.102564,0.087227,0.065861,0.072966,0.082615,0.079621,0.0,0.127624,0.0882,0.258825],[0.097626,0.081088,0.134641,0.062282,0.088895,0.073483,0.069326,0.093438,0.105645,0.08299,0.092789,0.127624,0.0,0.072325,0.145005],[0.060739,0.083076,0.094082,0.070557,0.096978,0.055737,0.055781,0.067128,0.067677,0.062379,0.048661,0.0882,0.072325,0.0,0.185023],[0.209373,0.129791,0.270437,0.127716,0.114612,0.158567,0.169534,0.210835,0.216197,0.193435,0.203774,0.258825,0.145005,0.185023,0.0]],"off_diagonal_summary":{"ari_mean":0.777526,"ari_min":0.659016,"ari_std":0.065982,"procrustes_mean":0.096357,"procrustes_max":0.270437},"framework_axis":"B-6 follow-up: deep-method seed stability for CAE-1D \u2014 pairwise cluster ARI + Procrustes between latent embeddings across N_SEEDS torch initialisations","generated_at":"2026-05-09T15:20:18Z","builder_version":"build_deep_seed_stability v0.1"}