{"scene_id":"salinas-a-corrected","method":"beta_vae_8","n_seeds":15,"latent_dim":8,"samples_per_class":220,"ari_vs_gt_per_seed":[0.606139,0.598572,0.600673,0.608113,0.605762,0.56553,0.59788,0.564421,0.553556,0.569291,0.563363,0.600312,0.599387,0.59964,0.570448],"ari_vs_gt_summary":{"mean":0.586873,"std":0.018848,"min":0.553556,"max":0.608113},"seed_pair_ari":[[1.0,0.984932,0.981751,0.987004,0.990749,0.817601,0.984932,0.814294,0.809295,0.819118,0.812982,0.979277,0.982686,0.979326,0.820584],[0.984932,1.0,0.989621,0.983514,0.983266,0.816312,0.996223,0.813009,0.807604,0.818105,0.811647,0.994333,0.994654,0.990209,0.819558],[0.981751,0.989621,1.0,0.987614,0.983789,0.81017,0.989621,0.806976,0.801572,0.812006,0.805606,0.995282,0.994953,0.995262,0.813469],[0.987004,0.983514,0.987614,1.0,0.992174,0.813405,0.983514,0.81008,0.805327,0.814886,0.808821,0.989163,0.988797,0.985208,0.816324],[0.990749,0.983266,0.983789,0.992174,1.0,0.812351,0.983266,0.809114,0.804177,0.813897,0.807818,0.98134,0.984771,0.985438,0.815348],[0.817601,0.816312,0.81017,0.813405,0.812351,1.0,0.816312,0.994127,0.980758,0.990978,0.993151,0.812701,0.81398,0.809318,0.992083],[0.984932,0.996223,0.989621,0.983514,0.983266,0.816312,1.0,0.813009,0.807604,0.818105,0.811647,0.994333,0.994654,0.990209,0.819558],[0.814294,0.813009,0.806976,0.81008,0.809114,0.994127,0.813009,1.0,0.982012,0.993458,0.995971,0.809421,0.810686,0.806143,0.992624],[0.809295,0.807604,0.801572,0.805327,0.804177,0.980758,0.807604,0.982012,1.0,0.979331,0.985871,0.804067,0.8054,0.800638,0.976905],[0.819118,0.818105,0.812006,0.814886,0.813897,0.990978,0.818105,0.993458,0.979331,1.0,0.991181,0.814528,0.815746,0.811233,0.995865],[0.812982,0.811647,0.805606,0.808821,0.807818,0.993151,0.811647,0.995971,0.985871,0.991181,1.0,0.808077,0.809348,0.804772,0.98869],[0.979277,0.994333,0.995282,0.989163,0.98134,0.812701,0.994333,0.809421,0.804067,0.814528,0.808077,1.0,0.996535,0.995877,0.815965],[0.982686,0.994654,0.994953,0.988797,0.984771,0.81398,0.994654,0.810686,0.8054,0.815746,0.809348,0.996535,1.0,0.992436,0.817189],[0.979326,0.990209,0.995262,0.985208,0.985438,0.809318,0.990209,0.806143,0.800638,0.811233,0.804772,0.995877,0.992436,1.0,0.812673],[0.820584,0.819558,0.813469,0.816324,0.815348,0.992083,0.819558,0.992624,0.976905,0.995865,0.98869,0.815965,0.817189,0.812673,1.0]],"seed_pair_procrustes_dist":[[0.0,0.027536,0.057713,0.027211,0.024362,0.04465,0.034047,0.029872,0.080576,0.046574,0.042789,0.036792,0.02021,0.024552,0.068078],[0.027536,0.0,0.073672,0.029186,0.041226,0.038041,0.05083,0.017471,0.080974,0.054843,0.02433,0.042155,0.026735,0.029178,0.077665],[0.057713,0.073672,0.0,0.075481,0.051608,0.072107,0.0582,0.073727,0.06885,0.043419,0.092973,0.050713,0.058663,0.054417,0.043347],[0.027211,0.029186,0.075481,0.0,0.029367,0.056969,0.038132,0.037866,0.095344,0.062261,0.036379,0.038481,0.038128,0.039633,0.085522],[0.024362,0.041226,0.051608,0.029367,0.0,0.056814,0.030127,0.045107,0.085197,0.051066,0.056438,0.025864,0.032449,0.031807,0.069605],[0.04465,0.038041,0.072107,0.056969,0.056814,0.0,0.071844,0.025703,0.048938,0.034376,0.048404,0.050076,0.037294,0.030584,0.054369],[0.034047,0.05083,0.0582,0.038132,0.030127,0.071844,0.0,0.058318,0.101128,0.06513,0.06328,0.04428,0.043245,0.047893,0.08287],[0.029872,0.017471,0.073727,0.037866,0.045107,0.025703,0.058318,0.0,0.068389,0.044455,0.032573,0.042565,0.025965,0.025257,0.067081],[0.080576,0.080974,0.06885,0.095344,0.085197,0.048938,0.101128,0.068389,0.0,0.04094,0.09506,0.07483,0.072537,0.064208,0.032944],[0.046574,0.054843,0.043419,0.062261,0.051066,0.034376,0.06513,0.044455,0.04094,0.0,0.069666,0.046096,0.042315,0.03406,0.029428],[0.042789,0.02433,0.092973,0.036379,0.056438,0.048404,0.06328,0.032573,0.09506,0.069666,0.0,0.052693,0.043995,0.045463,0.089714],[0.036792,0.042155,0.050713,0.038481,0.025864,0.050076,0.04428,0.042565,0.07483,0.046096,0.052693,0.0,0.036404,0.030291,0.063977],[0.02021,0.026735,0.058663,0.038128,0.032449,0.037294,0.043245,0.025965,0.072537,0.042315,0.043995,0.036404,0.0,0.015261,0.060859],[0.024552,0.029178,0.054417,0.039633,0.031807,0.030584,0.047893,0.025257,0.064208,0.03406,0.045463,0.030291,0.015261,0.0,0.054417],[0.068078,0.077665,0.043347,0.085522,0.069605,0.054369,0.08287,0.067081,0.032944,0.029428,0.089714,0.063977,0.060859,0.054417,0.0]],"off_diagonal_summary":{"ari_mean":0.897612,"ari_min":0.800638,"ari_std":0.088595,"procrustes_mean":0.049967,"procrustes_max":0.101128},"framework_axis":"B-6 follow-up: deep-method seed stability for CAE-1D \u2014 pairwise cluster ARI + Procrustes between latent embeddings across N_SEEDS torch initialisations","generated_at":"2026-05-09T14:31:48Z","builder_version":"build_deep_seed_stability v0.1"}