{"scene_id":"salinas-a-corrected","method":"cae_2d_8","n_seeds":7,"latent_dim":8,"samples_per_class":220,"ari_vs_gt_per_seed":[0.443604,0.439637,0.437813,0.441651,0.441699,0.438915,0.441868],"ari_vs_gt_summary":{"mean":0.440741,"std":0.001865,"min":0.437813,"max":0.443604},"seed_pair_ari":[[1.0,0.990737,0.973128,0.972535,0.984251,0.987267,0.964764],[0.990737,1.0,0.979117,0.974864,0.988131,0.996465,0.960813],[0.973128,0.979117,1.0,0.955132,0.968828,0.977908,0.965089],[0.972535,0.974864,0.955132,1.0,0.984715,0.976254,0.953347],[0.984251,0.988131,0.968828,0.984715,1.0,0.987476,0.95498],[0.987267,0.996465,0.977908,0.976254,0.987476,1.0,0.960434],[0.964764,0.960813,0.965089,0.953347,0.95498,0.960434,1.0]],"seed_pair_procrustes_dist":[[0.0,0.07629,0.111971,0.091375,0.059612,0.078914,0.107819],[0.07629,0.0,0.090857,0.082745,0.100734,0.06841,0.129826],[0.111971,0.090857,0.0,0.12862,0.100451,0.087569,0.08574],[0.091375,0.082745,0.12862,0.0,0.096485,0.068279,0.15995],[0.059612,0.100734,0.100451,0.096485,0.0,0.076775,0.088505],[0.078914,0.06841,0.087569,0.068279,0.076775,0.0,0.111393],[0.107819,0.129826,0.08574,0.15995,0.088505,0.111393,0.0]],"off_diagonal_summary":{"ari_mean":0.974106,"ari_min":0.953347,"ari_std":0.012546,"procrustes_mean":0.095349,"procrustes_max":0.15995},"framework_axis":"B-6 follow-up: deep-method seed stability for CAE-1D \u2014 pairwise cluster ARI + Procrustes between latent embeddings across N_SEEDS torch initialisations","generated_at":"2026-05-06T12:17:08Z","builder_version":"build_deep_seed_stability v0.1"}