{"scene_id":"salinas-corrected","method":"cae_3d_8","n_seeds":7,"latent_dim":8,"samples_per_class":220,"ari_vs_gt_per_seed":[0.4059,0.404917,0.403804,0.392358,0.387357,0.391543,0.402519],"ari_vs_gt_summary":{"mean":0.398343,"std":0.007075,"min":0.387357,"max":0.4059},"seed_pair_ari":[[1.0,0.83655,0.883995,0.846873,0.843363,0.81941,0.809695],[0.83655,1.0,0.846808,0.81816,0.865952,0.771386,0.806205],[0.883995,0.846808,1.0,0.829908,0.846145,0.837893,0.825009],[0.846873,0.81816,0.829908,1.0,0.845729,0.814272,0.801171],[0.843363,0.865952,0.846145,0.845729,1.0,0.791419,0.798331],[0.81941,0.771386,0.837893,0.814272,0.791419,1.0,0.900156],[0.809695,0.806205,0.825009,0.801171,0.798331,0.900156,1.0]],"seed_pair_procrustes_dist":[[0.0,0.096734,0.069851,0.097849,0.122966,0.073191,0.073974],[0.096734,0.0,0.128141,0.07393,0.059514,0.075947,0.061849],[0.069851,0.128141,0.0,0.147378,0.17553,0.109751,0.106314],[0.097849,0.07393,0.147378,0.0,0.079149,0.061586,0.067329],[0.122966,0.059514,0.17553,0.079149,0.0,0.093159,0.086371],[0.073191,0.075947,0.109751,0.061586,0.093159,0.0,0.067689],[0.073974,0.061849,0.106314,0.067329,0.086371,0.067689,0.0]],"off_diagonal_summary":{"ari_mean":0.830401,"ari_min":0.771386,"ari_std":0.029878,"procrustes_mean":0.091819,"procrustes_max":0.17553},"framework_axis":"B-6 follow-up: deep-method seed stability for CAE-1D \u2014 pairwise cluster ARI + Procrustes between latent embeddings across N_SEEDS torch initialisations","generated_at":"2026-05-09T15:01:10Z","builder_version":"build_deep_seed_stability v0.1"}