{"scene_id":"salinas-corrected","method":"beta_vae_8","n_seeds":15,"latent_dim":8,"samples_per_class":220,"ari_vs_gt_per_seed":[0.457564,0.417533,0.4401,0.423708,0.429791,0.436225,0.444906,0.422573,0.426943,0.456236,0.433088,0.421175,0.422374,0.426991,0.426846],"ari_vs_gt_summary":{"mean":0.432404,"std":0.011968,"min":0.417533,"max":0.457564},"seed_pair_ari":[[1.0,0.870532,0.847265,0.853798,0.870978,0.840532,0.8721,0.856415,0.872558,0.953811,0.870313,0.866992,0.855646,0.871288,0.870114],[0.870532,1.0,0.79898,0.930235,0.940055,0.917014,0.925094,0.936885,0.949895,0.849988,0.950358,0.960556,0.948358,0.964649,0.941732],[0.847265,0.79898,1.0,0.785135,0.832217,0.789322,0.818479,0.828901,0.817842,0.843302,0.813578,0.813683,0.81484,0.805532,0.811457],[0.853798,0.930235,0.785135,1.0,0.906524,0.908611,0.912302,0.908943,0.9298,0.838536,0.93508,0.918665,0.897299,0.925908,0.93504],[0.870978,0.940055,0.832217,0.906524,1.0,0.917078,0.931541,0.965322,0.957407,0.857719,0.94104,0.952089,0.958446,0.947507,0.93455],[0.840532,0.917014,0.789322,0.908611,0.917078,1.0,0.948182,0.903509,0.92688,0.829396,0.942916,0.915196,0.913723,0.927986,0.937987],[0.8721,0.925094,0.818479,0.912302,0.931541,0.948182,1.0,0.918141,0.938965,0.856948,0.963189,0.931534,0.922867,0.93496,0.950476],[0.856415,0.936885,0.828901,0.908943,0.965322,0.903509,0.918141,1.0,0.947819,0.84201,0.919223,0.963467,0.97162,0.92375,0.927405],[0.872558,0.949895,0.817842,0.9298,0.957407,0.92688,0.938965,0.947819,1.0,0.862295,0.937625,0.957352,0.943246,0.946552,0.95639],[0.953811,0.849988,0.843302,0.838536,0.857719,0.829396,0.856948,0.84201,0.862295,1.0,0.854722,0.8581,0.842686,0.860348,0.86078],[0.870313,0.950358,0.813578,0.93508,0.94104,0.942916,0.963189,0.919223,0.937625,0.854722,1.0,0.932798,0.921998,0.960084,0.953787],[0.866992,0.960556,0.813683,0.918665,0.952089,0.915196,0.931534,0.963467,0.957352,0.8581,0.932798,1.0,0.96846,0.943826,0.940175],[0.855646,0.948358,0.81484,0.897299,0.958446,0.913723,0.922867,0.97162,0.943246,0.842686,0.921998,0.96846,1.0,0.935374,0.928952],[0.871288,0.964649,0.805532,0.925908,0.947507,0.927986,0.93496,0.92375,0.946552,0.860348,0.960084,0.943826,0.935374,1.0,0.94403],[0.870114,0.941732,0.811457,0.93504,0.93455,0.937987,0.950476,0.927405,0.95639,0.86078,0.953787,0.940175,0.928952,0.94403,1.0]],"seed_pair_procrustes_dist":[[0.0,0.080917,0.027215,0.077255,0.035237,0.116576,0.051989,0.098265,0.052996,0.095925,0.04818,0.050492,0.089213,0.04843,0.108291],[0.080917,0.0,0.056411,0.038418,0.049303,0.037643,0.042066,0.026429,0.03282,0.048141,0.037365,0.032617,0.026788,0.036378,0.053941],[0.027215,0.056411,0.0,0.057793,0.01608,0.094483,0.031399,0.077154,0.032704,0.077125,0.027415,0.028922,0.06638,0.030963,0.091683],[0.077255,0.038418,0.057793,0.0,0.053762,0.065183,0.034505,0.058067,0.048902,0.026494,0.033148,0.042287,0.022478,0.0501,0.088775],[0.035237,0.049303,0.01608,0.053762,0.0,0.086408,0.033514,0.068677,0.024556,0.075258,0.025569,0.024537,0.062527,0.02124,0.081012],[0.116576,0.037643,0.094483,0.065183,0.086408,0.0,0.073865,0.024295,0.062684,0.063231,0.070057,0.064226,0.045968,0.065726,0.048761],[0.051989,0.042066,0.031399,0.034505,0.033514,0.073865,0.0,0.064582,0.030807,0.056682,0.015789,0.026778,0.043329,0.035983,0.088152],[0.098265,0.026429,0.077154,0.058067,0.068677,0.024295,0.064582,0.0,0.046833,0.062878,0.057788,0.049705,0.044126,0.050621,0.039243],[0.052996,0.03282,0.032704,0.048902,0.024556,0.062684,0.030807,0.046833,0.0,0.068041,0.025163,0.018212,0.050281,0.017045,0.063626],[0.095925,0.048141,0.077125,0.026494,0.075258,0.063231,0.056682,0.062878,0.068041,0.0,0.052415,0.05855,0.029743,0.063134,0.093538],[0.04818,0.037365,0.027415,0.033148,0.025569,0.070057,0.015789,0.057788,0.025163,0.052415,0.0,0.020519,0.042167,0.026727,0.081627],[0.050492,0.032617,0.028922,0.042287,0.024537,0.064226,0.026778,0.049705,0.018212,0.05855,0.020519,0.0,0.044907,0.018536,0.068048],[0.089213,0.026788,0.06638,0.022478,0.062527,0.045968,0.043329,0.044126,0.050281,0.029743,0.042167,0.044907,0.0,0.051004,0.075935],[0.04843,0.036378,0.030963,0.0501,0.02124,0.065726,0.035983,0.050621,0.017045,0.063134,0.026727,0.018536,0.051004,0.0,0.065252],[0.108291,0.053941,0.091683,0.088775,0.081012,0.048761,0.088152,0.039243,0.063626,0.093538,0.081627,0.068048,0.075935,0.065252,0.0]],"off_diagonal_summary":{"ari_mean":0.902929,"ari_min":0.785135,"ari_std":0.050009,"procrustes_mean":0.051666,"procrustes_max":0.116576},"framework_axis":"B-6 follow-up: deep-method seed stability for CAE-1D \u2014 pairwise cluster ARI + Procrustes between latent embeddings across N_SEEDS torch initialisations","generated_at":"2026-05-09T14:30:53Z","builder_version":"build_deep_seed_stability v0.1"}