{"scene_id":"salinas-corrected","method":"cae_1d_8","n_seeds":7,"latent_dim":8,"samples_per_class":220,"ari_vs_gt_per_seed":[0.549341,0.555878,0.542733,0.555387,0.557354,0.554488,0.546379],"ari_vs_gt_summary":{"mean":0.551651,"std":0.005142,"min":0.542733,"max":0.557354},"seed_pair_ari":[[1.0,0.886684,0.886839,0.897034,0.891012,0.8889,0.949941],[0.886684,1.0,0.834163,0.954132,0.946686,0.95125,0.881339],[0.886839,0.834163,1.0,0.86065,0.850422,0.838818,0.863029],[0.897034,0.954132,0.86065,1.0,0.975034,0.939525,0.883574],[0.891012,0.946686,0.850422,0.975034,1.0,0.932125,0.871473],[0.8889,0.95125,0.838818,0.939525,0.932125,1.0,0.88539],[0.949941,0.881339,0.863029,0.883574,0.871473,0.88539,1.0]],"seed_pair_procrustes_dist":[[0.0,0.065535,0.053263,0.128385,0.103277,0.078475,0.108772],[0.065535,0.0,0.044341,0.170277,0.149724,0.11283,0.15138],[0.053263,0.044341,0.0,0.162082,0.139416,0.114737,0.143757],[0.128385,0.170277,0.162082,0.0,0.039532,0.077116,0.03713],[0.103277,0.149724,0.139416,0.039532,0.0,0.060884,0.038978],[0.078475,0.11283,0.114737,0.077116,0.060884,0.0,0.060017],[0.108772,0.15138,0.143757,0.03713,0.038978,0.060017,0.0]],"off_diagonal_summary":{"ari_mean":0.898477,"ari_min":0.834163,"ari_std":0.040276,"procrustes_mean":0.097138,"procrustes_max":0.170277},"framework_axis":"B-6 follow-up: deep-method seed stability for CAE-1D \u2014 pairwise cluster ARI + Procrustes between latent embeddings across N_SEEDS torch initialisations","generated_at":"2026-05-09T14:11:02Z","builder_version":"build_deep_seed_stability v0.1"}