{"scene_id":"salinas-corrected","method":"cae_1d_8","n_seeds":30,"latent_dim":8,"samples_per_class":220,"ari_vs_gt_per_seed":[0.549341,0.555238,0.543774,0.555387,0.557354,0.555091,0.541567,0.547544,0.556084,0.550803,0.505273,0.54475,0.544858,0.561402,0.54921,0.556801,0.545193,0.51023,0.498954,0.548436,0.54991,0.542462,0.547021,0.551096,0.549034,0.553091,0.554115,0.562137,0.555325,0.558581],"ari_vs_gt_summary":{"mean":0.546669,"std":0.014995,"min":0.498954,"max":0.562137},"seed_pair_ari":[[1.0,0.894375,0.924133,0.897034,0.891012,0.888895,0.869051,0.877503,0.894297,0.966191,0.771933,0.940371,0.926713,0.862927,0.95756,0.8736,0.956514,0.81504,0.797999,0.972515,0.884689,0.950184,0.947065,0.924174,0.964061,0.890382,0.902586,0.895105,0.890871,0.866011],[0.894375,1.0,0.863152,0.958657,0.952474,0.96169,0.835649,0.846344,0.952195,0.898893,0.800965,0.872119,0.886214,0.915398,0.906756,0.967082,0.885551,0.859231,0.825351,0.888754,0.94364,0.882385,0.90188,0.853635,0.901393,0.954711,0.942911,0.95271,0.943229,0.903433],[0.924133,0.863152,1.0,0.879936,0.869798,0.860931,0.906374,0.905701,0.874202,0.931198,0.754122,0.95129,0.953747,0.846117,0.927646,0.854456,0.954158,0.791888,0.773233,0.938535,0.893212,0.942858,0.901945,0.970865,0.920885,0.871471,0.890134,0.862962,0.871539,0.844422],[0.897034,0.958657,0.879936,1.0,0.975034,0.938452,0.831829,0.863465,0.981802,0.912539,0.808476,0.884418,0.89105,0.939576,0.900269,0.961547,0.904371,0.854282,0.819226,0.903342,0.957777,0.897129,0.905164,0.867485,0.907478,0.979544,0.96694,0.953333,0.957143,0.931146],[0.891012,0.952474,0.869798,0.975034,1.0,0.931027,0.820797,0.870339,0.974188,0.899114,0.80919,0.880916,0.876885,0.942699,0.890605,0.950527,0.896146,0.845439,0.820158,0.893601,0.956334,0.888967,0.893425,0.865166,0.896073,0.96791,0.951396,0.947842,0.952084,0.938212],[0.888895,0.96169,0.860931,0.938452,0.931027,1.0,0.829177,0.841157,0.933203,0.899682,0.790722,0.870596,0.884459,0.895506,0.908772,0.955544,0.884841,0.86743,0.823847,0.888451,0.920685,0.882038,0.896038,0.851673,0.902581,0.9343,0.93346,0.927732,0.920679,0.884359],[0.869051,0.835649,0.906374,0.831829,0.820797,0.829177,1.0,0.921406,0.824949,0.857659,0.741875,0.881596,0.897184,0.803034,0.868408,0.814862,0.87496,0.75473,0.749324,0.871955,0.837788,0.868846,0.862952,0.894671,0.855049,0.825315,0.828739,0.82378,0.826253,0.799748],[0.877503,0.846344,0.905701,0.863465,0.870339,0.841157,0.921406,1.0,0.858053,0.882707,0.724048,0.882043,0.918444,0.842031,0.881102,0.839228,0.908148,0.773916,0.756813,0.886954,0.858635,0.893736,0.847683,0.907269,0.86966,0.856485,0.856352,0.840191,0.84973,0.832374],[0.894297,0.952195,0.874202,0.981802,0.974188,0.933203,0.824949,0.858053,1.0,0.906671,0.806563,0.888323,0.8834,0.9461,0.897083,0.958355,0.899939,0.843345,0.815302,0.900101,0.95497,0.900147,0.899191,0.867202,0.903951,0.981361,0.964018,0.95588,0.952145,0.938046],[0.966191,0.898893,0.931198,0.912539,0.899114,0.899682,0.857659,0.882707,0.906671,1.0,0.758355,0.94878,0.939723,0.875919,0.971347,0.890831,0.963111,0.82479,0.786295,0.972579,0.897153,0.95435,0.941001,0.929697,0.96881,0.903485,0.919437,0.896042,0.901033,0.870112],[0.771933,0.800965,0.754122,0.808476,0.80919,0.790722,0.741875,0.724048,0.806563,0.758355,1.0,0.767997,0.737032,0.782203,0.759378,0.794971,0.746421,0.738673,0.941464,0.763333,0.809003,0.742524,0.794871,0.754593,0.765115,0.802029,0.797026,0.801344,0.778817,0.779867],[0.940371,0.872119,0.95129,0.884418,0.880916,0.870596,0.881596,0.882043,0.888323,0.94878,0.767997,1.0,0.931435,0.853097,0.950503,0.866949,0.957228,0.791024,0.777314,0.957625,0.900588,0.950339,0.918848,0.957169,0.940324,0.881032,0.888046,0.869565,0.874598,0.861143],[0.926713,0.886214,0.953747,0.89105,0.876885,0.884459,0.897184,0.918444,0.8834,0.939723,0.737032,0.931435,1.0,0.851212,0.948225,0.878312,0.963173,0.802564,0.768658,0.942017,0.873654,0.951901,0.895262,0.943991,0.930997,0.883813,0.888938,0.866216,0.883898,0.848903],[0.862927,0.915398,0.846117,0.939576,0.942699,0.895506,0.803034,0.842031,0.9461,0.875919,0.782203,0.853097,0.851212,1.0,0.863424,0.916199,0.866234,0.813334,0.786877,0.863392,0.918963,0.878402,0.867124,0.841669,0.865289,0.943728,0.918444,0.936419,0.934134,0.960281],[0.95756,0.906756,0.927646,0.900269,0.890605,0.908772,0.868408,0.881102,0.897083,0.971347,0.759378,0.950503,0.948225,0.863424,1.0,0.891129,0.961548,0.81865,0.789551,0.971637,0.885148,0.95646,0.929743,0.931191,0.967098,0.894234,0.903829,0.883844,0.891436,0.863289],[0.8736,0.967082,0.854456,0.961547,0.950527,0.955544,0.814862,0.839228,0.958355,0.890831,0.794971,0.866949,0.878312,0.916199,0.891129,1.0,0.878265,0.851755,0.811636,0.879921,0.942956,0.876638,0.881513,0.843171,0.895787,0.957907,0.945854,0.939338,0.933004,0.904096],[0.956514,0.885551,0.954158,0.904371,0.896146,0.884841,0.87496,0.908148,0.899939,0.963111,0.746421,0.957228,0.963173,0.866234,0.961548,0.878265,1.0,0.809788,0.779877,0.967619,0.891234,0.980446,0.916326,0.953594,0.947983,0.895835,0.902005,0.882208,0.897869,0.867006],[0.81504,0.859231,0.791888,0.854282,0.845439,0.86743,0.75473,0.773916,0.843345,0.82479,0.738673,0.791024,0.802564,0.813334,0.81865,0.851755,0.809788,1.0,0.773561,0.814437,0.834698,0.804113,0.822481,0.780138,0.822054,0.843869,0.857155,0.838715,0.836065,0.802095],[0.797999,0.825351,0.773233,0.819226,0.820158,0.823847,0.749324,0.756813,0.815302,0.786295,0.941464,0.777314,0.768658,0.786877,0.789551,0.811636,0.779877,0.773561,1.0,0.791342,0.818006,0.773371,0.817629,0.763814,0.79384,0.813791,0.819069,0.811444,0.795782,0.781128],[0.972515,0.888754,0.938535,0.903342,0.893601,0.888451,0.871955,0.886954,0.900101,0.972579,0.763333,0.957625,0.942017,0.863392,0.971637,0.879921,0.967619,0.814437,0.791342,1.0,0.888114,0.957578,0.939439,0.937716,0.968845,0.895054,0.913042,0.884539,0.891416,0.864713],[0.884689,0.94364,0.893212,0.957777,0.956334,0.920685,0.837788,0.858635,0.95497,0.897153,0.809003,0.900588,0.873654,0.918963,0.885148,0.942956,0.891234,0.834698,0.818006,0.888114,1.0,0.887433,0.905578,0.88533,0.891533,0.955709,0.948807,0.931853,0.929079,0.908825],[0.950184,0.882385,0.942858,0.897129,0.888967,0.882038,0.868846,0.893736,0.900147,0.95435,0.742524,0.950339,0.951901,0.878402,0.95646,0.876638,0.980446,0.804113,0.773371,0.957578,0.887433,1.0,0.914029,0.939662,0.938383,0.905738,0.895311,0.893699,0.894594,0.877452],[0.947065,0.90188,0.901945,0.905164,0.893425,0.896038,0.862952,0.847683,0.899191,0.941001,0.794871,0.918848,0.895262,0.867124,0.929743,0.881513,0.916326,0.822481,0.817629,0.939439,0.905578,0.914029,1.0,0.903452,0.941694,0.898531,0.910044,0.896954,0.894215,0.866807],[0.924174,0.853635,0.970865,0.867485,0.865166,0.851673,0.894671,0.907269,0.867202,0.929697,0.754593,0.957169,0.943991,0.841669,0.931191,0.843171,0.953594,0.780138,0.763814,0.937716,0.88533,0.939662,0.903452,1.0,0.915104,0.860979,0.869535,0.855642,0.859345,0.843849],[0.964061,0.901393,0.920885,0.907478,0.896073,0.902581,0.855049,0.86966,0.903951,0.96881,0.765115,0.940324,0.930997,0.865289,0.967098,0.895787,0.947983,0.822054,0.79384,0.968845,0.891533,0.938383,0.941694,0.915104,1.0,0.899355,0.921994,0.886908,0.894657,0.867552],[0.890382,0.954711,0.871471,0.979544,0.96791,0.9343,0.825315,0.856485,0.981361,0.903485,0.802029,0.881032,0.883813,0.943728,0.894234,0.957907,0.895835,0.843869,0.813791,0.895054,0.955709,0.905738,0.898531,0.860979,0.899355,1.0,0.958636,0.95947,0.947886,0.932833],[0.902586,0.942911,0.890134,0.96694,0.951396,0.93346,0.828739,0.856352,0.964018,0.919437,0.797026,0.888046,0.888938,0.918444,0.903829,0.945854,0.902005,0.857155,0.819069,0.913042,0.948807,0.895311,0.910044,0.869535,0.921994,0.958636,1.0,0.941689,0.932343,0.909092],[0.895105,0.95271,0.862962,0.953333,0.947842,0.927732,0.82378,0.840191,0.95588,0.896042,0.801344,0.869565,0.866216,0.936419,0.883844,0.939338,0.882208,0.838715,0.811444,0.884539,0.931853,0.893699,0.896954,0.855642,0.886908,0.95947,0.941689,1.0,0.928933,0.935302],[0.890871,0.943229,0.871539,0.957143,0.952084,0.920679,0.826253,0.84973,0.952145,0.901033,0.778817,