{"scene_id":"salinas-a-corrected","method":"cae_1d_8","n_seeds":30,"latent_dim":8,"samples_per_class":220,"ari_vs_gt_per_seed":[0.611684,0.592588,0.611684,0.608025,0.6112,0.611185,0.591674,0.591827,0.6112,0.592497,0.591133,0.612738,0.591199,0.588299,0.588686,0.591964,0.6112,0.591885,0.6112,0.588686,0.593819,0.614898,0.589406,0.612703,0.591964,0.613064,0.591889,0.6112,0.610725,0.614176],"ari_vs_gt_summary":{"mean":0.60148,"std":0.010431,"min":0.588299,"max":0.614898},"seed_pair_ari":[[1.0,0.946355,1.0,0.996322,0.99943,0.99598,0.942052,0.945191,0.99943,0.943798,0.944619,0.998953,0.943585,0.948133,0.948718,0.944755,0.99943,0.942209,0.99943,0.948718,0.944305,0.996891,0.941864,0.99302,0.944755,0.995791,0.945769,0.99943,0.998866,0.995851],[0.946355,1.0,0.946355,0.943536,0.946546,0.946866,0.986197,0.997375,0.946546,0.995175,0.992154,0.947294,0.995411,0.990358,0.991666,0.998028,0.946546,0.993216,0.946546,0.991666,0.997143,0.949393,0.985784,0.948568,0.998028,0.945037,0.994751,0.946546,0.946743,0.950337],[1.0,0.946355,1.0,0.996322,0.99943,0.99598,0.942052,0.945191,0.99943,0.943798,0.944619,0.998953,0.943585,0.948133,0.948718,0.944755,0.99943,0.942209,0.99943,0.948718,0.944305,0.996891,0.941864,0.99302,0.944755,0.995791,0.945769,0.99943,0.998866,0.995851],[0.996322,0.943536,0.996322,1.0,0.996892,0.993452,0.939308,0.942386,0.996892,0.94098,0.941821,0.995283,0.940776,0.945301,0.94588,0.941931,0.996892,0.939387,0.996892,0.94588,0.941506,0.993239,0.939103,0.98936,0.941931,0.993268,0.942957,0.996892,0.996322,0.992208],[0.99943,0.946546,0.99943,0.996892,1.0,0.996544,0.942301,0.945394,1.0,0.943975,0.944829,0.99839,0.943783,0.948336,0.948915,0.944939,1.0,0.942381,1.0,0.948915,0.944502,0.996321,0.942107,0.992465,0.944939,0.996362,0.945967,1.0,0.99943,0.995288],[0.99598,0.946866,0.99598,0.993452,0.996544,1.0,0.942637,0.945715,0.996544,0.947311,0.94515,0.994942,0.944097,0.948642,0.94922,0.945253,0.996544,0.945709,0.996544,0.94922,0.94483,0.992886,0.94243,0.989036,0.945253,0.996014,0.946287,0.996544,0.995974,0.991856],[0.942052,0.986197,0.942052,0.939308,0.942301,0.942637,1.0,0.988736,0.942301,0.981505,0.990014,0.942932,0.986824,0.985662,0.984395,0.984292,0.942301,0.979613,0.942301,0.984395,0.989008,0.945073,0.996493,0.944513,0.984292,0.940801,0.987463,0.942301,0.942558,0.945958],[0.945191,0.997375,0.945191,0.942386,0.945394,0.945715,0.988736,1.0,0.945394,0.992578,0.994768,0.946116,0.998036,0.992986,0.991675,0.995418,0.945394,0.990635,0.945394,0.991675,0.997138,0.948227,0.988334,0.947455,0.995418,0.943887,0.99476,0.945394,0.945605,0.949158],[0.99943,0.946546,0.99943,0.996892,1.0,0.996544,0.942301,0.945394,1.0,0.943975,0.944829,0.99839,0.943783,0.948336,0.948915,0.944939,1.0,0.942381,1.0,0.948915,0.944502,0.996321,0.942107,0.992465,0.944939,0.996362,0.945967,1.0,0.99943,0.995288],[0.943798,0.995175,0.943798,0.94098,0.943975,0.947311,0.981505,0.992578,0.943975,1.0,0.991291,0.944743,0.994546,0.989502,0.990802,0.997149,0.943975,0.998027,0.943975,0.990802,0.992346,0.946821,0.984956,0.945959,0.997149,0.945491,0.993873,0.943975,0.94416,0.947772],[0.944619,0.992154,0.944619,0.941821,0.944829,0.94515,0.990014,0.994768,0.944829,0.991291,1.0,0.945538,0.996729,0.995595,0.994292,0.994123,0.944829,0.989354,0.944829,0.994292,0.991912,0.947654,0.993497,0.94691,0.994123,0.943322,0.997376,0.944829,0.945046,0.948579],[0.998953,0.947294,0.998953,0.995283,0.99839,0.994942,0.942932,0.946116,0.99839,0.944743,0.945538,1.0,0.944511,0.94907,0.949662,0.945693,0.99839,0.943155,0.99839,0.949662,0.945231,0.995845,0.942751,0.992003,0.945693,0.996833,0.946702,0.99839,0.997833,0.994813],[0.943585,0.995411,0.943585,0.940776,0.943783,0.944097,0.986824,0.998036,0.943783,0.994546,0.996729,0.944511,1.0,0.994947,0.993638,0.997384,0.943783,0.992596,0.943783,0.993638,0.995175,0.94662,0.990295,0.945824,0.997384,0.942276,0.996721,0.943783,0.943986,0.947551],[0.948133,0.990358,0.948133,0.945301,0.948336,0.948642,0.985662,0.992986,0.948336,0.989502,0.995595,0.94907,0.994947,1.0,0.998678,0.992328,0.948336,0.98756,0.948336,0.998678,0.990135,0.945083,0.989129,0.950369,0.992328,0.946815,0.995593,0.948336,0.948546,0.946015],[0.948718,0.991666,0.948718,0.94588,0.948915,0.94922,0.984395,0.991675,0.948915,0.990802,0.994292,0.949662,0.993638,0.998678,1.0,0.993635,0.948915,0.988853,0.948915,1.0,0.991449,0.945668,0.987857,0.950928,0.993635,0.947394,0.996914,0.948915,0.949119,0.946607],[0.944755,0.998028,0.944755,0.941931,0.944939,0.945253,0.984292,0.995418,0.944939,0.997149,0.994123,0.945693,0.997384,0.992328,0.993635,1.0,0.944939,0.995184,0.944939,0.993635,0.995179,0.947791,0.987754,0.946941,1.0,0.943431,0.996719,0.944939,0.94513,0.948735],[0.99943,0.946546,0.99943,0.996892,1.0,0.996544,0.942301,0.945394,1.0,0.943975,0.944829,0.99839,0.943783,0.948336,0.948915,0.944939,1.0,0.942381,1.0,0.948915,0.944502,0.996321,0.942107,0.992465,0.944939,0.996362,0.945967,1.0,0.99943,0.995288],[0.942209,0.993216,0.942209,0.939387,0.942381,0.945709,0.979613,0.990635,0.942381,0.998027,0.989354,0.943155,0.992596,0.98756,0.988853,0.995184,0.942381,1.0,0.942381,0.988853,0.990395,0.94523,0.983057,0.944344,0.995184,0.943895,0.991922,0.942381,0.942559,0.946182],[0.99943,0.946546,0.99943,0.996892,1.0,0.996544,0.942301,0.945394,1.0,0.943975,0.944829,0.99839,0.943783,0.948336,0.948915,0.944939,1.0,0.942381,1.0,0.948915,0.944502,0.996321,0.942107,0.992465,0.944939,0.996362,0.945967,1.0,0.99943,0.995288],[0.948718,0.991666,0.948718,0.94588,0.948915,0.94922,0.984395,0.991675,0.948915,0.990802,0.994292,0.949662,0.993638,0.998678,1.0,0.993635,0.948915,0.988853,0.948915,1.0,0.991449,0.945668,0.987857,0.950928,0.993635,0.947394,0.996914,0.948915,0.949119,0.946607],[0.944305,0.997143,0.944305,0.941506,0.944502,0.94483,0.989008,0.997138,0.944502,0.992346,0.991912,0.945231,0.995175,0.990135,0.991449,0.995179,0.944502,0.990395,0.944502,0.991449,1.0,0.947329,0.985511,0.946558,0.995179,0.943,0.994521,0.944502,0.944706,0.948261],[0.996891,0.949393,0.996891,0.993239,0.996321,0.992886,0.945073,0.948227,0.996321,0.946821,0.947654,0.995845,0.94662,0.945083,0.945668,0.947791,0.996321,0.94523,0.996321,0.945668,0.947329,1.0,0.944896,0.989939,0.947791,0.992708,0.948807,0.996321,0.995757,0.998959],[0.941864,0.985784,0.941864,0.939103,0.942107,0.94243,0.996493,0.988334,0.942107,0.984956,0.993497,0.942751,0.990295,0.989129,0.987857,0.987754,0.942107,0.983057,0.942107,0.987857,0.985511,0.944896,1.0,0.944285,0.987754,0.940602,0.990937,0.942107,0.942357,0.945788],[0.99302,0.948568,0.99302,0.98936,0.992465,0.989036,0.944513,0.947455,0.992465,0.945959,0.94691,0.992003,0.945824,0.950369,0.950928,0.946941,0.992465,0.944344,0.992465,0.950928,0.946558,0.989939,0.944285,1.0,0.946941,0.990909,0.948008,0.992465,0.991915,0.98893],[0.944755,0.998028,0.944755,0.941931,0.944939,0.945253,0.984292,0.995418,0.944939,0.997149,0.994123,0.945693,0.997384,0.992328,0.993635,1.0,0.944939,0.995184,0.944939,0.993635,0.995179,0.947791,0.987754,0.946941,1.0,0.943431,0.996719,0.944939,0.94513,0.948735],[0.995791,0.945037,0.995791,0.993268,0.996362,0.996014,0.940801,0.943887,0.996362,0.945491,0.943322,0.996833,0.942276,0.946815,0.947394,0.943431,0.996362,0.943895,0.996362,0.947394,0.943,0.992708,0.940602,0.990909,0.943431,1.0,0.944458,0.996362,0.995798,0.991691],[0.945769,0.994751,0.945769,0.942957,0.945967,0.946287,0.987463,0.99476,0.945967,0.993873,0.997376,0.946702,0.996721,0.995593,0.996914,0.996719,0.945967,0.991922,0.945967,0.996914,0.994521,0.948807,0.990937,0.948008,0.996719,0.944458,1.0,0.945967,0.946171,0.949744],[0.99943,0.946546,0.99943,0.996892,1.0,0.996544,0.942301,0.945394,1.0,0.943975,0.944829,0.99839,0.943783,0.948336,0.948915,0.944939,1.0,0.942381,1.0,0.948915,0.944502,0.996321,0.942107,0.992465,0.944939,0.996362,0.945967,1.0,0.99943,0.995288],[0.998866,0.946743,0.998866,0.996322,0.99943,0.995974,0.942558,0.945605,0.99943,0.94416,0.945046,0.997833,0.943986,0.948546,0.949119,0.94513,0.99943,0.942559,0.99943,0.949119,0.944706,0.995757,0.942357,0.991915,0.94513,0.995798,0.946171,0.99943,1.0,