{"scene_id":"salinas-a-corrected","method":"cae_2d_8","n_seeds":15,"latent_dim":8,"samples_per_class":220,"ari_vs_gt_per_seed":[0.443359,0.439518,0.437394,0.442762,0.442611,0.439841,0.442404,0.436311,0.451189,0.439783,0.437143,0.466461,0.439134,0.440709,0.437725],"ari_vs_gt_summary":{"mean":0.442423,"std":0.007322,"min":0.436311,"max":0.466461},"seed_pair_ari":[[1.0,0.989946,0.972797,0.978978,0.987891,0.988932,0.96049,0.969479,0.952712,0.988587,0.970832,0.913953,0.953437,0.96982,0.968443],[0.989946,1.0,0.979314,0.979254,0.986479,0.996779,0.9587,0.975578,0.953062,0.995834,0.971607,0.908015,0.95293,0.973115,0.96833],[0.972797,0.979314,1.0,0.960109,0.967452,0.978403,0.960779,0.996147,0.935983,0.975658,0.952651,0.905709,0.95534,0.968556,0.970566],[0.978978,0.979254,0.960109,1.0,0.988941,0.980259,0.959957,0.9565,0.951286,0.983259,0.980394,0.913406,0.953226,0.988713,0.966431],[0.987891,0.986479,0.967452,0.988941,1.0,0.983378,0.955484,0.964149,0.958488,0.988477,0.971394,0.920151,0.948727,0.979774,0.963408],[0.988932,0.996779,0.978403,0.980259,0.983378,1.0,0.959797,0.974678,0.950784,0.994753,0.972588,0.90675,0.954148,0.974122,0.969478],[0.96049,0.9587,0.960779,0.959957,0.955484,0.959797,1.0,0.961152,0.924459,0.957092,0.961083,0.90482,0.975394,0.968751,0.98636],[0.969479,0.975578,0.996147,0.9565,0.964149,0.974678,0.961152,1.0,0.932954,0.971947,0.949122,0.905292,0.955739,0.964897,0.970955],[0.952712,0.953062,0.935983,0.951286,0.958488,0.950784,0.924459,0.932954,1.0,0.954865,0.937126,0.914214,0.939759,0.945765,0.932247],[0.988587,0.995834,0.975658,0.983259,0.988477,0.994753,0.957092,0.971947,0.954865,1.0,0.975505,0.909936,0.949698,0.974448,0.964939],[0.970832,0.971607,0.952651,0.980394,0.971394,0.972588,0.961083,0.949122,0.937126,0.975505,1.0,0.900855,0.951299,0.973607,0.960963],[0.913953,0.908015,0.905709,0.913406,0.920151,0.90675,0.90482,0.905292,0.914214,0.909936,0.900855,1.0,0.915618,0.918538,0.907212],[0.953437,0.95293,0.95534,0.953226,0.948727,0.954148,0.975394,0.955739,0.939759,0.949698,0.951299,0.915618,1.0,0.963307,0.982177],[0.96982,0.973115,0.968556,0.988713,0.979774,0.974122,0.968751,0.964897,0.945765,0.974448,0.973607,0.918538,0.963307,1.0,0.976982],[0.968443,0.96833,0.970566,0.966431,0.963408,0.969478,0.98636,0.970955,0.932247,0.964939,0.960963,0.907212,0.982177,0.976982,1.0]],"seed_pair_procrustes_dist":[[0.0,0.073003,0.113252,0.097414,0.058405,0.075869,0.112941,0.073029,0.117865,0.067809,0.081237,0.063183,0.083971,0.126246,0.071429],[0.073003,0.0,0.092151,0.079541,0.099038,0.071154,0.136665,0.069313,0.170637,0.110932,0.112242,0.085735,0.142679,0.114006,0.108278],[0.113252,0.092151,0.0,0.122273,0.099174,0.091669,0.08877,0.066002,0.143571,0.104883,0.163183,0.090142,0.1369,0.14066,0.092545],[0.097414,0.079541,0.122273,0.0,0.108358,0.065193,0.16733,0.12676,0.182891,0.115722,0.078926,0.085468,0.16471,0.075141,0.136821],[0.058405,0.099038,0.099174,0.108358,0.0,0.084735,0.088297,0.084321,0.091492,0.035885,0.103903,0.057322,0.074493,0.14232,0.05995],[0.075869,0.071154,0.091669,0.065193,0.084735,0.0,0.121632,0.090101,0.142541,0.09106,0.092122,0.055869,0.132451,0.086235,0.09286],[0.112941,0.136665,0.08877,0.16733,0.088297,0.121632,0.0,0.085362,0.08327,0.093832,0.1778,0.105308,0.087513,0.1908,0.057702],[0.073029,0.069313,0.066002,0.12676,0.084321,0.090101,0.085362,0.0,0.130354,0.096877,0.143498,0.088603,0.106836,0.156231,0.065914],[0.117865,0.170637,0.143571,0.182891,0.091492,0.142541,0.08327,0.130354,0.0,0.089882,0.16288,0.116903,0.069115,0.204157,0.07508],[0.067809,0.110932,0.104883,0.115722,0.035885,0.09106,0.093832,0.096877,0.089882,0.0,0.103087,0.055182,0.071981,0.138123,0.063667],[0.081237,0.112242,0.163183,0.078926,0.103903,0.092122,0.1778,0.143498,0.16288,0.103087,0.0,0.089098,0.133072,0.084525,0.132157],[0.063183,0.085735,0.090142,0.085468,0.057322,0.055869,0.105308,0.088603,0.116903,0.055182,0.089098,0.0,0.100499,0.104344,0.075832],[0.083971,0.142679,0.1369,0.16471,0.074493,0.132451,0.087513,0.106836,0.069115,0.071981,0.133072,0.100499,0.0,0.186813,0.063259],[0.126246,0.114006,0.14066,0.075141,0.14232,0.086235,0.1908,0.156231,0.204157,0.138123,0.084525,0.104344,0.186813,0.0,0.161712],[0.071429,0.108278,0.092545,0.136821,0.05995,0.09286,0.057702,0.065914,0.07508,0.063667,0.132157,0.075832,0.063259,0.161712,0.0]],"off_diagonal_summary":{"ari_mean":0.959473,"ari_min":0.900855,"ari_std":0.024125,"procrustes_mean":0.104133,"procrustes_max":0.204157},"framework_axis":"B-6 follow-up: deep-method seed stability for CAE-1D \u2014 pairwise cluster ARI + Procrustes between latent embeddings across N_SEEDS torch initialisations","generated_at":"2026-05-09T14:49:19Z","builder_version":"build_deep_seed_stability v0.1"}