{"scene_id":"salinas-corrected","method":"cae_2d_8","n_seeds":7,"latent_dim":8,"samples_per_class":220,"ari_vs_gt_per_seed":[0.442331,0.400404,0.407115,0.396924,0.406515,0.43914,0.444064],"ari_vs_gt_summary":{"mean":0.419499,"std":0.019664,"min":0.396924,"max":0.444064},"seed_pair_ari":[[1.0,0.870492,0.855338,0.868628,0.862812,0.981361,0.982072],[0.870492,1.0,0.933303,0.966542,0.934074,0.871252,0.873225],[0.855338,0.933303,1.0,0.921337,0.975052,0.853816,0.854073],[0.868628,0.966542,0.921337,1.0,0.931142,0.869118,0.864558],[0.862812,0.934074,0.975052,0.931142,1.0,0.857995,0.862832],[0.981361,0.871252,0.853816,0.869118,0.857995,1.0,0.974695],[0.982072,0.873225,0.854073,0.864558,0.862832,0.974695,1.0]],"seed_pair_procrustes_dist":[[0.0,0.02094,0.025121,0.03409,0.023826,0.029031,0.028925],[0.02094,0.0,0.024551,0.035779,0.02298,0.032196,0.032315],[0.025121,0.024551,0.0,0.033047,0.022291,0.042941,0.040063],[0.03409,0.035779,0.033047,0.0,0.03505,0.046112,0.047821],[0.023826,0.02298,0.022291,0.03505,0.0,0.036305,0.032537],[0.029031,0.032196,0.042941,0.046112,0.036305,0.0,0.024922],[0.028925,0.032315,0.040063,0.047821,0.032537,0.024922,0.0]],"off_diagonal_summary":{"ari_mean":0.903034,"ari_min":0.853816,"ari_std":0.048241,"procrustes_mean":0.031945,"procrustes_max":0.047821},"framework_axis":"B-6 follow-up: deep-method seed stability for CAE-1D \u2014 pairwise cluster ARI + Procrustes between latent embeddings across N_SEEDS torch initialisations","generated_at":"2026-05-09T14:39:41Z","builder_version":"build_deep_seed_stability v0.1"}