{"scene_id":"salinas-corrected","method":"beta_vae_8","n_seeds":15,"latent_dim":8,"samples_per_class":220,"ari_vs_gt_per_seed":[0.447661,0.431224,0.430414,0.425084,0.426631,0.437016,0.435967,0.436574,0.442751,0.430356,0.438402,0.43575,0.446864,0.437443,0.470605],"ari_vs_gt_summary":{"mean":0.438183,"std":0.010732,"min":0.425084,"max":0.470605},"seed_pair_ari":[[1.0,0.829712,0.876526,0.867909,0.892451,0.808119,0.865537,0.84713,0.819124,0.870925,0.866433,0.840917,0.905962,0.834005,0.894305],[0.829712,1.0,0.8112,0.821296,0.78648,0.946579,0.811048,0.813187,0.930549,0.812303,0.811301,0.83754,0.852888,0.818871,0.820575],[0.876526,0.8112,1.0,0.945573,0.928693,0.795468,0.944216,0.919771,0.792261,0.955009,0.954843,0.927816,0.838061,0.911163,0.848511],[0.867909,0.821296,0.945573,1.0,0.946621,0.808327,0.95497,0.946089,0.78239,0.95217,0.954973,0.919343,0.837561,0.901744,0.851173],[0.892451,0.78648,0.928693,0.946621,1.0,0.77646,0.91774,0.909768,0.760447,0.915143,0.925976,0.898349,0.850746,0.885644,0.846859],[0.808119,0.946579,0.795468,0.808327,0.77646,1.0,0.790134,0.797495,0.934039,0.784034,0.784182,0.834359,0.847415,0.79976,0.824862],[0.865537,0.811048,0.944216,0.95497,0.91774,0.790134,1.0,0.955434,0.792565,0.971752,0.975313,0.909801,0.821778,0.906345,0.878164],[0.84713,0.813187,0.919771,0.946089,0.909768,0.797495,0.955434,1.0,0.779736,0.938453,0.945103,0.901685,0.816859,0.895649,0.869126],[0.819124,0.930549,0.792261,0.78239,0.760447,0.934039,0.792565,0.779736,1.0,0.792156,0.792271,0.823648,0.853074,0.832578,0.837115],[0.870925,0.812303,0.955009,0.95217,0.915143,0.784034,0.971752,0.938453,0.792156,1.0,0.968441,0.902208,0.817656,0.896543,0.871099],[0.866433,0.811301,0.954843,0.954973,0.925976,0.784182,0.975313,0.945103,0.792271,0.968441,1.0,0.910572,0.820663,0.908037,0.87967],[0.840917,0.83754,0.927816,0.919343,0.898349,0.834359,0.909801,0.901685,0.823648,0.902208,0.910572,1.0,0.884991,0.947447,0.82723],[0.905962,0.852888,0.838061,0.837561,0.850746,0.847415,0.821778,0.816859,0.853074,0.817656,0.820663,0.884991,1.0,0.874477,0.850914],[0.834005,0.818871,0.911163,0.901744,0.885644,0.79976,0.906345,0.895649,0.832578,0.896543,0.908037,0.947447,0.874477,1.0,0.832911],[0.894305,0.820575,0.848511,0.851173,0.846859,0.824862,0.878164,0.869126,0.837115,0.871099,0.87967,0.82723,0.850914,0.832911,1.0]],"seed_pair_procrustes_dist":[[0.0,0.070481,0.029668,0.078586,0.044861,0.028938,0.086107,0.030662,0.026775,0.073126,0.067486,0.073308,0.017995,0.045475,0.044157],[0.070481,0.0,0.048338,0.077638,0.07866,0.056042,0.031287,0.085014,0.04612,0.039285,0.028456,0.041518,0.056987,0.060784,0.038036],[0.029668,0.048338,0.0,0.05585,0.039404,0.035966,0.059697,0.042813,0.022838,0.044876,0.040397,0.048036,0.023237,0.026483,0.036562],[0.078586,0.077638,0.05585,0.0,0.045529,0.085872,0.069886,0.072089,0.075068,0.048614,0.055185,0.049513,0.069883,0.039998,0.07907],[0.044861,0.07866,0.039404,0.045529,0.0,0.060407,0.087356,0.03419,0.055138,0.067264,0.067332,0.065058,0.042444,0.030101,0.063423],[0.028938,0.056042,0.035966,0.085872,0.060407,0.0,0.07975,0.045865,0.02174,0.072544,0.062707,0.068205,0.025382,0.05094,0.029381],[0.086107,0.031287,0.059697,0.069886,0.087356,0.07975,0.0,0.093866,0.061342,0.026435,0.026762,0.03933,0.070152,0.062661,0.057174],[0.030662,0.085014,0.042813,0.072089,0.03419,0.045865,0.093866,0.0,0.049345,0.086455,0.082246,0.083932,0.036502,0.046127,0.063864],[0.026775,0.04612,0.022838,0.075068,0.055138,0.02174,0.061342,0.049345,0.0,0.057466,0.049667,0.059373,0.020014,0.043909,0.027819],[0.073126,0.039285,0.044876,0.048614,0.067264,0.072544,0.026435,0.086455,0.057466,0.0,0.018867,0.029392,0.060158,0.045091,0.054242],[0.067486,0.028456,0.040397,0.055185,0.067332,0.062707,0.026762,0.082246,0.049667,0.018867,0.0,0.022545,0.054252,0.043525,0.043632],[0.073308,0.041518,0.048036,0.049513,0.065058,0.068205,0.03933,0.083932,0.059373,0.029392,0.022545,0.0,0.059218,0.041163,0.04926],[0.017995,0.056987,0.023237,0.069883,0.042444,0.025382,0.070152,0.036502,0.020014,0.060158,0.054252,0.059218,0.0,0.037765,0.035813],[0.045475,0.060784,0.026483,0.039998,0.030101,0.05094,0.062661,0.046127,0.043909,0.045091,0.043525,0.041163,0.037765,0.0,0.049335],[0.044157,0.038036,0.036562,0.07907,0.063423,0.029381,0.057174,0.063864,0.027819,0.054242,0.043632,0.04926,0.035813,0.049335,0.0]],"off_diagonal_summary":{"ari_mean":0.867376,"ari_min":0.760447,"ari_std":0.056411,"procrustes_mean":0.051339,"procrustes_max":0.093866},"framework_axis":"B-6 follow-up: deep-method seed stability for CAE-1D \u2014 pairwise cluster ARI + Procrustes between latent embeddings across N_SEEDS torch initialisations","generated_at":"2026-05-06T20:53:47Z","builder_version":"build_deep_seed_stability v0.1"}