{"scene_id":"salinas-corrected","method":"cae_1d_8","n_seeds":15,"latent_dim":8,"samples_per_class":220,"ari_vs_gt_per_seed":[0.54913,0.55845,0.542733,0.555387,0.557354,0.551604,0.543954,0.547133,0.556084,0.551685,0.507479,0.54376,0.527016,0.558142,0.549417],"ari_vs_gt_summary":{"mean":0.546622,"std":0.013079,"min":0.507479,"max":0.55845},"seed_pair_ari":[[1.0,0.886939,0.887896,0.898122,0.892108,0.890595,0.921573,0.874917,0.89539,0.961259,0.804394,0.894955,0.849614,0.869215,0.958481],[0.886939,1.0,0.840957,0.956633,0.948988,0.943167,0.86059,0.837963,0.952151,0.891991,0.809685,0.846908,0.866697,0.922472,0.899028],[0.887896,0.840957,1.0,0.86065,0.850422,0.837563,0.884352,0.952297,0.854757,0.901436,0.746072,0.961003,0.805268,0.829972,0.891651],[0.898122,0.956633,0.86065,1.0,0.975034,0.93902,0.859927,0.862092,0.981802,0.910558,0.819656,0.863949,0.886994,0.945285,0.900825],[0.892108,0.948988,0.850422,0.975034,1.0,0.93013,0.848449,0.868971,0.974188,0.89906,0.822154,0.861342,0.878403,0.948189,0.891131],[0.890595,0.943167,0.837563,0.93902,0.93013,1.0,0.863167,0.838735,0.935068,0.900749,0.817979,0.846227,0.889512,0.903542,0.909759],[0.921573,0.86059,0.884352,0.859927,0.848449,0.863167,1.0,0.876185,0.854476,0.919988,0.777325,0.894563,0.816424,0.828663,0.925755],[0.874917,0.837963,0.952297,0.862092,0.868971,0.838735,0.876185,1.0,0.85674,0.886961,0.75051,0.955589,0.803319,0.840671,0.878479],[0.89539,0.952151,0.854757,0.981802,0.974188,0.935068,0.854476,0.85674,1.0,0.906671,0.819308,0.867203,0.877253,0.951809,0.89764],[0.961259,0.891991,0.901436,0.910558,0.89906,0.900749,0.919988,0.886961,0.906671,1.0,0.789504,0.910532,0.8601,0.881213,0.9764],[0.804394,0.809685,0.746072,0.819656,0.822154,0.817979,0.777325,0.75051,0.819308,0.789504,1.0,0.750206,0.776555,0.800838,0.793467],[0.894955,0.846908,0.961003,0.863949,0.861342,0.846227,0.894563,0.955589,0.867203,0.910532,0.750206,1.0,0.806132,0.83583,0.9073],[0.849614,0.866697,0.805268,0.886994,0.878403,0.889512,0.816424,0.803319,0.877253,0.8601,0.776555,0.806132,1.0,0.847595,0.849523],[0.869215,0.922472,0.829972,0.945285,0.948189,0.903542,0.828663,0.840671,0.951809,0.881213,0.800838,0.83583,0.847595,1.0,0.86882],[0.958481,0.899028,0.891651,0.900825,0.891131,0.909759,0.925755,0.878479,0.89764,0.9764,0.793467,0.9073,0.849523,0.86882,1.0]],"seed_pair_procrustes_dist":[[0.0,0.065507,0.053242,0.128431,0.103316,0.078367,0.108837,0.030088,0.035407,0.029561,0.035082,0.038742,0.037291,0.06459,0.130062],[0.065507,0.0,0.044319,0.170265,0.149711,0.112641,0.151389,0.062715,0.05866,0.05306,0.059365,0.076,0.048247,0.104467,0.076093],[0.053242,0.044319,0.0,0.162092,0.139425,0.114576,0.14379,0.043622,0.054519,0.047009,0.054976,0.062718,0.032887,0.094197,0.088079],[0.128431,0.170265,0.162092,0.0,0.03953,0.077299,0.037103,0.149125,0.13966,0.159639,0.15007,0.129268,0.162042,0.090509,0.288496],[0.103316,0.149711,0.139425,0.03953,0.0,0.061011,0.038949,0.117015,0.111755,0.129553,0.120562,0.099765,0.132936,0.067676,0.254729],[0.078367,0.112641,0.114576,0.077299,0.061011,0.0,0.060122,0.090478,0.074814,0.090881,0.085413,0.074161,0.096339,0.054196,0.208327],[0.108837,0.151389,0.14379,0.037103,0.038949,0.060122,0.0,0.125097,0.114012,0.136529,0.120292,0.103159,0.137054,0.067147,0.256572],[0.030088,0.062715,0.043622,0.149125,0.117015,0.090478,0.125097,0.0,0.029523,0.038803,0.038014,0.029631,0.030054,0.061601,0.127837],[0.035407,0.05866,0.054519,0.13966,0.111755,0.074814,0.114012,0.029523,0.0,0.045194,0.031953,0.032509,0.036671,0.050177,0.134219],[0.029561,0.05306,0.047009,0.159639,0.129553,0.090881,0.136529,0.038803,0.045194,0.0,0.043281,0.05119,0.028833,0.078903,0.118334],[0.035082,0.059365,0.054976,0.15007,0.120562,0.085413,0.120292,0.038014,0.031953,0.043281,0.0,0.034716,0.038003,0.063296,0.125609],[0.038742,0.076,0.062718,0.129268,0.099765,0.074161,0.103159,0.029631,0.032509,0.05119,0.034716,0.0,0.044618,0.050603,0.146516],[0.037291,0.048247,0.032887,0.162042,0.132936,0.096339,0.137054,0.030054,0.036671,0.028833,0.038003,0.044618,0.0,0.074047,0.112077],[0.06459,0.104467,0.094197,0.090509,0.067676,0.054196,0.067147,0.061601,0.050177,0.078903,0.063296,0.050603,0.074047,0.0,0.189973],[0.130062,0.076093,0.088079,0.288496,0.254729,0.208327,0.256572,0.127837,0.134219,0.118334,0.125609,0.146516,0.112077,0.189973,0.0]],"off_diagonal_summary":{"ari_mean":0.876663,"ari_min":0.746072,"ari_std":0.052967,"procrustes_mean":0.090293,"procrustes_max":0.288496},"framework_axis":"B-6 follow-up: deep-method seed stability for CAE-1D \u2014 pairwise cluster ARI + Procrustes between latent embeddings across N_SEEDS torch initialisations","generated_at":"2026-05-06T20:30:12Z","builder_version":"build_deep_seed_stability v0.1"}