{"scene_id":"salinas-a-corrected","method":"cae_3d_8","n_seeds":15,"latent_dim":8,"samples_per_class":220,"ari_vs_gt_per_seed":[0.558732,0.554336,0.551187,0.546676,0.545466,0.555236,0.54979,0.54904,0.558083,0.55295,0.554032,0.552682,0.546818,0.548631,0.558153],"ari_vs_gt_summary":{"mean":0.552121,"std":0.004203,"min":0.545466,"max":0.558732},"seed_pair_ari":[[1.0,0.982317,0.953658,0.956328,0.935539,0.961401,0.926812,0.957716,0.986964,0.965771,0.973081,0.942262,0.939517,0.961444,0.917326],[0.982317,1.0,0.944775,0.951733,0.937178,0.957401,0.927247,0.951182,0.985128,0.980981,0.985016,0.948013,0.932784,0.962104,0.913096],[0.953658,0.944775,1.0,0.968949,0.969469,0.963192,0.955152,0.977416,0.955992,0.954739,0.941659,0.959916,0.964969,0.974206,0.941298],[0.956328,0.951733,0.968949,1.0,0.963907,0.958861,0.946606,0.973052,0.954909,0.950419,0.95551,0.958876,0.957862,0.988965,0.948881],[0.935539,0.937178,0.969469,0.963907,1.0,0.941368,0.958399,0.963007,0.947835,0.947111,0.94053,0.951621,0.96883,0.965884,0.929121],[0.961401,0.957401,0.963192,0.958861,0.941368,1.0,0.951076,0.963343,0.952524,0.953432,0.955354,0.950973,0.95985,0.964085,0.9471],[0.926812,0.927247,0.955152,0.946606,0.958399,0.951076,1.0,0.94588,0.929583,0.931206,0.927577,0.948895,0.96151,0.953519,0.949661],[0.957716,0.951182,0.977416,0.973052,0.963007,0.963343,0.94588,1.0,0.956392,0.958978,0.947985,0.970026,0.966107,0.978458,0.939154],[0.986964,0.985128,0.955992,0.954909,0.947835,0.952524,0.929583,0.956392,1.0,0.978487,0.975747,0.944932,0.937988,0.962618,0.914356],[0.965771,0.980981,0.954739,0.950419,0.947111,0.953432,0.931206,0.958978,0.978487,1.0,0.97759,0.952188,0.940303,0.960825,0.919036],[0.973081,0.985016,0.941659,0.95551,0.94053,0.955354,0.927577,0.947985,0.975747,0.97759,1.0,0.948095,0.929756,0.962089,0.913713],[0.942262,0.948013,0.959916,0.958876,0.951621,0.950973,0.948895,0.970026,0.944932,0.952188,0.948095,1.0,0.939603,0.969608,0.926836],[0.939517,0.932784,0.964969,0.957862,0.96883,0.95985,0.96151,0.966107,0.937988,0.940303,0.929756,0.939603,1.0,0.955434,0.946943],[0.961444,0.962104,0.974206,0.988965,0.965884,0.964085,0.953519,0.978458,0.962618,0.960825,0.962089,0.969608,0.955434,1.0,0.938375],[0.917326,0.913096,0.941298,0.948881,0.929121,0.9471,0.949661,0.939154,0.914356,0.919036,0.913713,0.926836,0.946943,0.938375,1.0]],"seed_pair_procrustes_dist":[[0.0,0.115392,0.039183,0.112858,0.213882,0.042903,0.143484,0.039877,0.10686,0.050077,0.06069,0.049808,0.103226,0.04906,0.290171],[0.115392,0.0,0.108087,0.045547,0.099792,0.109901,0.055396,0.089663,0.043987,0.104358,0.078356,0.10949,0.047141,0.081066,0.168063],[0.039183,0.108087,0.0,0.117444,0.218064,0.053578,0.14594,0.046991,0.112976,0.046552,0.06098,0.050599,0.103384,0.049435,0.296747],[0.112858,0.045547,0.117444,0.0,0.106843,0.105394,0.064242,0.089435,0.052176,0.103854,0.074013,0.108781,0.047352,0.074801,0.170699],[0.213882,0.099792,0.218064,0.106843,0.0,0.182849,0.077401,0.163882,0.099029,0.176899,0.149171,0.179787,0.109129,0.153437,0.08547],[0.042903,0.109901,0.053578,0.105394,0.182849,0.0,0.150322,0.050193,0.120469,0.052752,0.065473,0.05526,0.106029,0.053953,0.293805],[0.143484,0.055396,0.14594,0.064242,0.077401,0.150322,0.0,0.111311,0.057029,0.123571,0.094955,0.123417,0.063056,0.101377,0.152834],[0.039877,0.089663,0.046991,0.089435,0.163882,0.050193,0.111311,0.0,0.093427,0.046347,0.046669,0.044864,0.080903,0.035225,0.267839],[0.10686,0.043987,0.112976,0.052176,0.099029,0.120469,0.057029,0.093427,0.0,0.096671,0.069713,0.106757,0.048741,0.077857,0.177701],[0.050077,0.104358,0.046552,0.103854,0.176899,0.052752,0.123571,0.046347,0.096671,0.0,0.055213,0.05806,0.094937,0.051754,0.286826],[0.06069,0.078356,0.06098,0.074013,0.149171,0.065473,0.094955,0.046669,0.069713,0.055213,0.0,0.062427,0.063895,0.035316,0.244219],[0.049808,0.10949,0.050599,0.108781,0.179787,0.05526,0.123417,0.044864,0.106757,0.05806,0.062427,0.0,0.105769,0.056041,0.295214],[0.103226,0.047141,0.103384,0.047352,0.109129,0.106029,0.063056,0.080903,0.048741,0.094937,0.063895,0.105769,0.0,0.064077,0.187971],[0.04906,0.081066,0.049435,0.074801,0.153437,0.053953,0.101377,0.035225,0.077857,0.051754,0.035316,0.056041,0.064077,0.0,0.252904],[0.290171,0.168063,0.296747,0.170699,0.08547,0.293805,0.152834,0.267839,0.177701,0.286826,0.244219,0.295214,0.187971,0.252904,0.0]],"off_diagonal_summary":{"ari_mean":0.953262,"ari_min":0.913096,"ari_std":0.016617,"procrustes_mean":0.105893,"procrustes_max":0.296747},"framework_axis":"B-6 follow-up: deep-method seed stability for CAE-1D \u2014 pairwise cluster ARI + Procrustes between latent embeddings across N_SEEDS torch initialisations","generated_at":"2026-05-07T01:48:21Z","builder_version":"build_deep_seed_stability v0.1"}