{"scene_id":"salinas-corrected","method":"beta_vae_8","n_seeds":30,"latent_dim":8,"samples_per_class":220,"ari_vs_gt_per_seed":[0.457564,0.417533,0.4401,0.423708,0.429791,0.436225,0.444906,0.422573,0.426943,0.456236,0.433088,0.421175,0.422374,0.426991,0.426846,0.42788,0.430755,0.453044,0.437601,0.43109,0.445337,0.434681,0.424195,0.424906,0.432333,0.430921,0.425281,0.451548,0.441801,0.457544],"ari_vs_gt_summary":{"mean":0.434499,"std":0.011446,"min":0.417533,"max":0.457564},"seed_pair_ari":[[1.0,0.870532,0.847265,0.853798,0.870978,0.840532,0.8721,0.856415,0.872558,0.953811,0.870313,0.866992,0.855646,0.871288,0.870114,0.872943,0.867368,0.917217,0.844728,0.858135,0.826031,0.862362,0.874938,0.868049,0.857902,0.857464,0.856252,0.950727,0.878344,0.919287],[0.870532,1.0,0.79898,0.930235,0.940055,0.917014,0.925094,0.936885,0.949895,0.849988,0.950358,0.960556,0.948358,0.964649,0.941732,0.952731,0.948043,0.809228,0.81023,0.927969,0.784951,0.936657,0.964738,0.950526,0.937262,0.91564,0.956828,0.86174,0.919575,0.818779],[0.847265,0.79898,1.0,0.785135,0.832217,0.789322,0.818479,0.828901,0.817842,0.843302,0.813578,0.813683,0.81484,0.805532,0.811457,0.814608,0.801626,0.801011,0.92325,0.813142,0.928932,0.817946,0.813395,0.825286,0.806676,0.84329,0.79876,0.822375,0.825352,0.819116],[0.853798,0.930235,0.785135,1.0,0.906524,0.908611,0.912302,0.908943,0.9298,0.838536,0.93508,0.918665,0.897299,0.925908,0.93504,0.920684,0.931109,0.801609,0.786039,0.92257,0.751288,0.931193,0.941412,0.919536,0.928658,0.898895,0.942408,0.855951,0.922286,0.833612],[0.870978,0.940055,0.832217,0.906524,1.0,0.917078,0.931541,0.965322,0.957407,0.857719,0.94104,0.952089,0.958446,0.947507,0.93455,0.94945,0.936377,0.811304,0.824645,0.936091,0.810658,0.933271,0.944573,0.968172,0.935137,0.956243,0.931581,0.840543,0.938186,0.817367],[0.840532,0.917014,0.789322,0.908611,0.917078,1.0,0.948182,0.903509,0.92688,0.829396,0.942916,0.915196,0.913723,0.927986,0.937987,0.921981,0.94436,0.783514,0.780809,0.901746,0.773251,0.938009,0.928344,0.917595,0.947003,0.899621,0.937801,0.836713,0.919446,0.831734],[0.8721,0.925094,0.818479,0.912302,0.931541,0.948182,1.0,0.918141,0.938965,0.856948,0.963189,0.931534,0.922867,0.93496,0.950476,0.943154,0.958945,0.817612,0.806793,0.927026,0.803389,0.956488,0.934444,0.929468,0.963817,0.91141,0.951175,0.860353,0.948304,0.865739],[0.856415,0.936885,0.828901,0.908943,0.965322,0.903509,0.918141,1.0,0.947819,0.84201,0.919223,0.963467,0.97162,0.92375,0.927405,0.947443,0.916085,0.809086,0.850865,0.942188,0.805541,0.92051,0.951408,0.956557,0.93011,0.956797,0.937083,0.85541,0.937211,0.809146],[0.872558,0.949895,0.817842,0.9298,0.957407,0.92688,0.938965,0.947819,1.0,0.862295,0.937625,0.957352,0.943246,0.946552,0.95639,0.973559,0.936006,0.815778,0.815905,0.955491,0.794392,0.945426,0.95782,0.969739,0.955137,0.937762,0.949607,0.861693,0.949208,0.825645],[0.953811,0.849988,0.843302,0.838536,0.857719,0.829396,0.856948,0.84201,0.862295,1.0,0.854722,0.8581,0.842686,0.860348,0.86078,0.863624,0.852784,0.907483,0.840361,0.84592,0.839952,0.856217,0.855616,0.861604,0.851787,0.848247,0.849907,0.946571,0.864656,0.922042],[0.870313,0.950358,0.813578,0.93508,0.94104,0.942916,0.963189,0.919223,0.937625,0.854722,1.0,0.932798,0.921998,0.960084,0.953787,0.935593,0.977001,0.809609,0.799202,0.908086,0.793148,0.960483,0.952295,0.934924,0.961982,0.911939,0.963146,0.851634,0.930464,0.850592],[0.866992,0.960556,0.813683,0.918665,0.952089,0.915196,0.931534,0.963467,0.957352,0.8581,0.932798,1.0,0.96846,0.943826,0.940175,0.967788,0.928859,0.82239,0.829822,0.946387,0.803968,0.937998,0.952254,0.97245,0.941479,0.943752,0.96045,0.867943,0.938969,0.821674],[0.855646,0.948358,0.81484,0.897299,0.958446,0.913723,0.922867,0.97162,0.943246,0.842686,0.921998,0.96846,1.0,0.935374,0.928952,0.947719,0.926112,0.807972,0.836206,0.940622,0.810722,0.910711,0.944111,0.952475,0.932072,0.943466,0.938542,0.856459,0.925188,0.807442],[0.871288,0.964649,0.805532,0.925908,0.947507,0.927986,0.93496,0.92375,0.946552,0.860348,0.960084,0.943826,0.935374,1.0,0.94403,0.95059,0.95481,0.806811,0.797458,0.91655,0.790057,0.947108,0.946822,0.948286,0.944414,0.925433,0.952563,0.85343,0.921431,0.827309],[0.870114,0.941732,0.811457,0.93504,0.93455,0.937987,0.950476,0.927405,0.95639,0.86078,0.953787,0.940175,0.928952,0.94403,1.0,0.95669,0.946801,0.820072,0.809756,0.931471,0.797754,0.947878,0.9508,0.946337,0.967579,0.916447,0.954254,0.861471,0.937941,0.845465],[0.872943,0.952731,0.814608,0.920684,0.94945,0.921981,0.943154,0.947443,0.973559,0.863624,0.935593,0.967788,0.947719,0.95059,0.95669,1.0,0.93289,0.820966,0.815922,0.951745,0.804108,0.949764,0.951977,0.97336,0.958772,0.938549,0.952602,0.861771,0.946359,0.828798],[0.867368,0.948043,0.801626,0.931109,0.936377,0.94436,0.958945,0.916085,0.936006,0.852784,0.977001,0.928859,0.926112,0.95481,0.946801,0.93289,1.0,0.808521,0.791292,0.901735,0.781475,0.948055,0.948534,0.930148,0.958331,0.902706,0.954693,0.853514,0.922052,0.854246],[0.917217,0.809228,0.801011,0.801609,0.811304,0.783514,0.817612,0.809086,0.815778,0.907483,0.809609,0.82239,0.807972,0.806811,0.820072,0.820966,0.808521,1.0,0.812593,0.811748,0.827176,0.811462,0.818096,0.815464,0.812317,0.810714,0.806183,0.906773,0.839029,0.920502],[0.844728,0.81023,0.92325,0.786039,0.824645,0.780809,0.806793,0.850865,0.815905,0.840361,0.799202,0.829822,0.836206,0.797458,0.809756,0.815922,0.791292,0.812593,1.0,0.823899,0.931472,0.802337,0.818822,0.822556,0.803696,0.834897,0.81134,0.850504,0.814147,0.820331],[0.858135,0.927969,0.813142,0.92257,0.936091,0.901746,0.927026,0.942188,0.955491,0.84592,0.908086,0.946387,0.940622,0.91655,0.931471,0.951745,0.901735,0.811748,0.823899,1.0,0.795864,0.914536,0.933223,0.947497,0.931144,0.921194,0.92486,0.853831,0.940152,0.812613],[0.826031,0.784951,0.928932,0.751288,0.810658,0.773251,0.803389,0.805541,0.794392,0.839952,0.793148,0.803968,0.810722,0.790057,0.797754,0.804108,0.781475,0.827176,0.931472,0.795864,1.0,0.789699,0.781767,0.803696,0.796052,0.819952,0.784253,0.813538,0.798004,0.838749],[0.862362,0.936657,0.817946,0.931193,0.933271,0.938009,0.956488,0.92051,0.945426,0.856217,0.960483,0.937998,0.910711,0.947108,0.947878,0.949764,0.948055,0.811462,0.802337,0.914536,0.789699,1.0,0.941287,0.945754,0.959974,0.9274,0.958686,0.851707,0.939595,0.852349],[0.874938,0.964738,0.813395,0.941412,0.944573,0.928344,0.934444,0.951408,0.95782,0.855616,0.952295,0.952254,0.944111,0.946822,0.9508,0.951977,0.948534,0.818096,0.818822,0.933223,0.781767,0.941287,1.0,0.946932,0.947778,0.925943,0.958935,0.868821,0.944596,0.832874],[0.868049,0.950526,0.825286,0.919536,0.968172,0.917595,0.929468,0.956557,0.969739,0.861604,0.934924,0.97245,0.952475,0.948286,0.946337,0.97336,0.930148,0.815464,0.822556,0.947497,0.803696,0.945754,0.946932,1.0,0.947206,0.955208,0.948079,0.851372,0.940684,0.818848],[0.857902,0.937262,0.806676,0.928658,0.935137,0.947003,0.963817,0.93011,0.955137,0.851787,0.961982,0.941479,0.932072,0.944414,0.967579,0.958772,0.958331,0.812317,0.803696,0.931144,0.796052,0.959974,0.947778,0.947206,1.0,0.910893,0.962518,0.85907,0.941613,0.847451],[0.857464,0.91564,0.84329,0.898895,0.956243,0.899621,0.91141,0.956797,0.937762,0.848247,0.911939,0.943752,0.943466,0.925433,0.916447,0.938549,0.902706,0.810714,0.834897,0.921194,0.819952,0.9274,0.925943,0.955208,0.910893,1.0,0.915456,0.831402,0.941644,0.816326],[0.856252,0.956828,0.79876,0.942408,0.931581,0.937801,0.951175,0.937083,0.949607,0.849907,0.963146,0.96045,0.938542,0.952563,0.954254,0.952602,0.954693,0.806183,0.81134,0.92486,0.784253,0.958686,0.958935,0.948079,0.962518,0.915456,1.0,0.872785,0.930602,0.837103],[0.950727,0.86174,0.822375,0.855951,0.840543,0.836713,0.860353,0.85541,0.861693,0.946571,0.851634,0.867943,0.856459,0.85343,0.861471,0.861771,0.853514,0.906773,0.850504,0.853831,0.813538,0.851707,0.868821,0.851372,0.85907,0.831402,0.872785,1.0,0.863938,0.916599],[0.878344,0.919575,0.825352,0.922286,0.938186,0.919446,0.948304,0.937211,0.949208,0.864656,0.930464,0.938969,0.925188,0.921431,