{"scene_id":"salinas-corrected","method":"beta_vae_8","n_seeds":7,"latent_dim":8,"samples_per_class":220,"ari_vs_gt_per_seed":[0.447661,0.431224,0.430414,0.425084,0.426631,0.437016,0.435967],"ari_vs_gt_summary":{"mean":0.433428,"std":0.007088,"min":0.425084,"max":0.447661},"seed_pair_ari":[[1.0,0.829712,0.876526,0.867909,0.892451,0.808119,0.865537],[0.829712,1.0,0.8112,0.821296,0.78648,0.946579,0.811048],[0.876526,0.8112,1.0,0.945573,0.928693,0.795468,0.944216],[0.867909,0.821296,0.945573,1.0,0.946621,0.808327,0.95497],[0.892451,0.78648,0.928693,0.946621,1.0,0.77646,0.91774],[0.808119,0.946579,0.795468,0.808327,0.77646,1.0,0.790134],[0.865537,0.811048,0.944216,0.95497,0.91774,0.790134,1.0]],"seed_pair_procrustes_dist":[[0.0,0.070481,0.029668,0.078586,0.044861,0.028938,0.086107],[0.070481,0.0,0.048338,0.077638,0.07866,0.056042,0.031287],[0.029668,0.048338,0.0,0.05585,0.039404,0.035966,0.059697],[0.078586,0.077638,0.05585,0.0,0.045529,0.085872,0.069886],[0.044861,0.07866,0.039404,0.045529,0.0,0.060407,0.087356],[0.028938,0.056042,0.035966,0.085872,0.060407,0.0,0.07975],[0.086107,0.031287,0.059697,0.069886,0.087356,0.07975,0.0]],"off_diagonal_summary":{"ari_mean":0.863098,"ari_min":0.77646,"ari_std":0.062369,"procrustes_mean":0.059539,"procrustes_max":0.087356},"framework_axis":"B-6 follow-up: deep-method seed stability for CAE-1D \u2014 pairwise cluster ARI + Procrustes between latent embeddings across N_SEEDS torch initialisations","generated_at":"2026-05-06T11:49:09Z","builder_version":"build_deep_seed_stability v0.1"}