{"scene_id":"salinas-corrected","method":"beta_vae_8","n_seeds":7,"latent_dim":8,"samples_per_class":220,"ari_vs_gt_per_seed":[0.457564,0.417533,0.4401,0.423708,0.429791,0.436225,0.444906],"ari_vs_gt_summary":{"mean":0.43569,"std":0.012485,"min":0.417533,"max":0.457564},"seed_pair_ari":[[1.0,0.870532,0.847265,0.853798,0.870978,0.840532,0.8721],[0.870532,1.0,0.79898,0.930235,0.940055,0.917014,0.925094],[0.847265,0.79898,1.0,0.785135,0.832217,0.789322,0.818479],[0.853798,0.930235,0.785135,1.0,0.906524,0.908611,0.912302],[0.870978,0.940055,0.832217,0.906524,1.0,0.917078,0.931541],[0.840532,0.917014,0.789322,0.908611,0.917078,1.0,0.948182],[0.8721,0.925094,0.818479,0.912302,0.931541,0.948182,1.0]],"seed_pair_procrustes_dist":[[0.0,0.080917,0.027215,0.077255,0.035237,0.116576,0.051989],[0.080917,0.0,0.056411,0.038418,0.049303,0.037643,0.042066],[0.027215,0.056411,0.0,0.057793,0.01608,0.094483,0.031399],[0.077255,0.038418,0.057793,0.0,0.053762,0.065183,0.034505],[0.035237,0.049303,0.01608,0.053762,0.0,0.086408,0.033514],[0.116576,0.037643,0.094483,0.065183,0.086408,0.0,0.073865],[0.051989,0.042066,0.031399,0.034505,0.033514,0.073865,0.0]],"off_diagonal_summary":{"ari_mean":0.876951,"ari_min":0.785135,"ari_std":0.050703,"procrustes_mean":0.055239,"procrustes_max":0.116576},"framework_axis":"B-6 follow-up: deep-method seed stability for CAE-1D \u2014 pairwise cluster ARI + Procrustes between latent embeddings across N_SEEDS torch initialisations","generated_at":"2026-05-09T14:23:16Z","builder_version":"build_deep_seed_stability v0.1"}