{"scene_id":"salinas-corrected","method":"cae_3d_8","n_seeds":15,"latent_dim":8,"samples_per_class":220,"ari_vs_gt_per_seed":[0.405033,0.406506,0.435631,0.401437,0.387357,0.395113,0.434323,0.412551,0.429718,0.448974,0.406074,0.399726,0.401063,0.393474,0.386679],"ari_vs_gt_summary":{"mean":0.409577,"std":0.018298,"min":0.386679,"max":0.448974},"seed_pair_ari":[[1.0,0.883613,0.687566,0.8395,0.850402,0.818522,0.77656,0.857384,0.715409,0.723611,0.833473,0.809732,0.856485,0.892684,0.836071],[0.883613,1.0,0.698051,0.801048,0.830817,0.799213,0.770252,0.88916,0.700829,0.721811,0.794668,0.837508,0.848467,0.858435,0.827499],[0.687566,0.698051,1.0,0.675584,0.681972,0.812995,0.753799,0.663837,0.905485,0.786435,0.791638,0.832378,0.695431,0.699411,0.677388],[0.8395,0.801048,0.675584,1.0,0.833779,0.814659,0.75998,0.825768,0.683879,0.716493,0.841518,0.795653,0.864236,0.856515,0.86759],[0.850402,0.830817,0.681972,0.833779,1.0,0.792396,0.750137,0.837544,0.687296,0.701946,0.797572,0.812004,0.827297,0.851956,0.847808],[0.818522,0.799213,0.812995,0.814659,0.792396,1.0,0.691902,0.77405,0.81295,0.66469,0.90261,0.926179,0.84036,0.831559,0.832846],[0.77656,0.770252,0.753799,0.75998,0.750137,0.691902,1.0,0.789967,0.775717,0.854266,0.703173,0.702794,0.76319,0.772927,0.742051],[0.857384,0.88916,0.663837,0.825768,0.837544,0.77405,0.789967,1.0,0.66528,0.734361,0.777368,0.804158,0.827033,0.836843,0.837467],[0.715409,0.700829,0.905485,0.683879,0.687296,0.81295,0.775717,0.66528,1.0,0.759032,0.81338,0.820785,0.693081,0.709674,0.676983],[0.723611,0.721811,0.786435,0.716493,0.701946,0.66469,0.854266,0.734361,0.759032,1.0,0.66345,0.669408,0.706938,0.715453,0.706233],[0.833473,0.794668,0.791638,0.841518,0.797572,0.90261,0.703173,0.777368,0.81338,0.66345,1.0,0.893578,0.819094,0.840175,0.792001],[0.809732,0.837508,0.832378,0.795653,0.812004,0.926179,0.702794,0.804158,0.820785,0.669408,0.893578,1.0,0.819672,0.82329,0.807481],[0.856485,0.848467,0.695431,0.864236,0.827297,0.84036,0.76319,0.827033,0.693081,0.706938,0.819094,0.819672,1.0,0.883897,0.887821],[0.892684,0.858435,0.699411,0.856515,0.851956,0.831559,0.772927,0.836843,0.709674,0.715453,0.840175,0.82329,0.883897,1.0,0.877886],[0.836071,0.827499,0.677388,0.86759,0.847808,0.832846,0.742051,0.837467,0.676983,0.706233,0.792001,0.807481,0.887821,0.877886,1.0]],"seed_pair_procrustes_dist":[[0.0,0.096676,0.071028,0.088394,0.120544,0.071231,0.071992,0.054636,0.048874,0.064955,0.060437,0.068205,0.098624,0.061035,0.210496],[0.096676,0.0,0.131348,0.070583,0.058913,0.074951,0.063896,0.095561,0.092104,0.081866,0.095021,0.121299,0.079089,0.083748,0.123868],[0.071028,0.131348,0.0,0.139155,0.175556,0.111198,0.105724,0.070015,0.066701,0.084019,0.08098,0.058639,0.134941,0.094192,0.27079],[0.088394,0.070583,0.139155,0.0,0.081534,0.058905,0.065738,0.095541,0.097722,0.081795,0.074125,0.114927,0.062403,0.064938,0.138738],[0.120544,0.058913,0.175556,0.081534,0.0,0.09242,0.086354,0.119451,0.112887,0.096631,0.10992,0.137639,0.088473,0.096851,0.114729],[0.071231,0.074951,0.111198,0.058905,0.09242,0.0,0.068512,0.088256,0.075919,0.072159,0.057752,0.100577,0.072754,0.054766,0.160763],[0.071992,0.063896,0.105724,0.065738,0.086354,0.068512,0.0,0.062588,0.071493,0.059395,0.062084,0.086704,0.067093,0.055697,0.170434],[0.054636,0.095561,0.070015,0.095541,0.119451,0.088256,0.062588,0.0,0.058325,0.063313,0.072782,0.062448,0.099523,0.07357,0.2218],[0.048874,0.092104,0.066701,0.097722,0.112887,0.075919,0.071493,0.058325,0.0,0.057607,0.062579,0.072964,0.10613,0.067735,0.216604],[0.064955,0.081866,0.084019,0.081795,0.096631,0.072159,0.059395,0.063313,0.057607,0.0,0.054974,0.082603,0.081733,0.062352,0.193728],[0.060437,0.095021,0.08098,0.074125,0.10992,0.057752,0.062084,0.072782,0.062579,0.054974,0.0,0.079814,0.089782,0.048606,0.203475],[0.068205,0.121299,0.058639,0.114927,0.137639,0.100577,0.086704,0.062448,0.072964,0.082603,0.079814,0.0,0.127552,0.088398,0.259209],[0.098624,0.079089,0.134941,0.062403,0.088473,0.072754,0.067093,0.099523,0.10613,0.081733,0.089782,0.127552,0.0,0.070104,0.144551],[0.061035,0.083748,0.094192,0.064938,0.096851,0.054766,0.055697,0.07357,0.067735,0.062352,0.048606,0.088398,0.070104,0.0,0.185002],[0.210496,0.123868,0.27079,0.138738,0.114729,0.160763,0.170434,0.2218,0.216604,0.193728,0.203475,0.259209,0.144551,0.185002,0.0]],"off_diagonal_summary":{"ari_mean":0.78804,"ari_min":0.66345,"ari_std":0.068882,"procrustes_mean":0.096545,"procrustes_max":0.27079},"framework_axis":"B-6 follow-up: deep-method seed stability for CAE-1D \u2014 pairwise cluster ARI + Procrustes between latent embeddings across N_SEEDS torch initialisations","generated_at":"2026-05-07T01:11:32Z","builder_version":"build_deep_seed_stability v0.1"}