{"scene_id":"salinas-corrected","method":"cae_3d_8","n_seeds":30,"latent_dim":8,"samples_per_class":220,"ari_vs_gt_per_seed":[0.402375,0.422703,0.435125,0.390091,0.387357,0.39167,0.395877,0.44617,0.429553,0.462521,0.401259,0.399605,0.410859,0.423702,0.400354,0.409426,0.4041,0.412098,0.402432,0.390736,0.407892,0.392501,0.428856,0.450608,0.43404,0.454568,0.428176,0.426612,0.398063,0.434625],"ari_vs_gt_summary":{"mean":0.415798,"std":0.02074,"min":0.387357,"max":0.462521},"seed_pair_ari":[[1.0,0.705259,0.692012,0.876394,0.850797,0.854846,0.799691,0.775281,0.723513,0.712585,0.83272,0.808962,0.683538,0.709171,0.841798,0.861223,0.831707,0.853316,0.922223,0.870111,0.846843,0.861377,0.710769,0.741157,0.750784,0.716615,0.72061,0.713498,0.815413,0.783531],[0.705259,1.0,0.862348,0.712763,0.711411,0.729177,0.841899,0.805258,0.845189,0.676543,0.804971,0.853407,0.803751,0.85179,0.692682,0.683928,0.793267,0.664333,0.713348,0.728343,0.780367,0.721317,0.875203,0.752792,0.696892,0.725976,0.850205,0.838358,0.729337,0.78065],[0.692012,0.862348,1.0,0.692728,0.678858,0.720084,0.799679,0.767351,0.895391,0.726157,0.812017,0.819456,0.841569,0.873656,0.671675,0.658488,0.809578,0.652788,0.696824,0.707004,0.767934,0.717614,0.885246,0.773026,0.744218,0.775144,0.901632,0.868539,0.724019,0.806813],[0.876394,0.712763,0.692728,1.0,0.830279,0.902287,0.828648,0.713804,0.715357,0.675503,0.853181,0.81566,0.715956,0.743044,0.87207,0.817131,0.837366,0.817073,0.862243,0.819453,0.853225,0.888237,0.709223,0.704287,0.747721,0.682693,0.726226,0.731865,0.840808,0.739545],[0.850797,0.711411,0.678858,0.830279,1.0,0.815678,0.803513,0.698154,0.69369,0.672236,0.797939,0.811379,0.711186,0.691941,0.836635,0.838234,0.806663,0.823939,0.84103,0.831253,0.822293,0.820149,0.70657,0.721079,0.722745,0.637305,0.695884,0.682162,0.766485,0.722355],[0.854846,0.729177,0.720084,0.902287,0.815678,1.0,0.836891,0.708128,0.733177,0.667275,0.85077,0.841712,0.718485,0.766203,0.8848,0.808436,0.847686,0.817181,0.855124,0.815154,0.854107,0.877757,0.733878,0.701331,0.729615,0.681042,0.739891,0.729936,0.823334,0.734985],[0.799691,0.841899,0.799679,0.828648,0.803513,0.836891,1.0,0.701579,0.809369,0.650081,0.906106,0.933967,0.782577,0.828698,0.791467,0.781855,0.892238,0.773586,0.825391,0.79745,0.871729,0.826198,0.832341,0.671318,0.675213,0.647216,0.804967,0.805713,0.843658,0.695737],[0.775281,0.805258,0.767351,0.713804,0.698154,0.708128,0.701579,1.0,0.741673,0.763131,0.687055,0.711016,0.703898,0.7394,0.711326,0.761586,0.700212,0.732861,0.803644,0.750549,0.716757,0.695479,0.7603,0.841412,0.760102,0.816985,0.745711,0.738878,0.678173,0.866207],[0.723513,0.845189,0.895391,0.715357,0.69369,0.733177,0.809369,0.741673,1.0,0.772621,0.831664,0.832009,0.856762,0.913758,0.675955,0.675839,0.814958,0.668697,0.709698,0.697118,0.782106,0.736513,0.915879,0.739943,0.779926,0.755872,0.934877,0.921183,0.747365,0.79206],[0.712585,0.676543,0.726157,0.675503,0.672236,0.667275,0.650081,0.763131,0.772621,1.0,0.678872,0.660908,0.734372,0.746759,0.697618,0.750808,0.678026,0.759058,0.707656,0.679571,0.681097,0.676235,0.753595,0.820846,0.842739,0.838759,0.780455,0.761506,0.664314,0.777517],[0.83272,0.804971,0.812017,0.853181,0.797939,0.85077,0.906106,0.687055,0.831664,0.678872,1.0,0.917101,0.784247,0.824305,0.791342,0.780768,0.919787,0.777638,0.823646,0.807544,0.888477,0.868222,0.812397,0.677082,0.708215,0.671768,0.841143,0.828123,0.876232,0.702965],[0.808962,0.853407,0.819456,0.81566,0.811379,0.841712,0.933967,0.711016,0.832009,0.660908,0.917101,1.0,0.791206,0.836928,0.798287,0.803167,0.908403,0.789341,0.828605,0.797761,0.880269,0.821459,0.848619,0.686188,0.676782,0.663356,0.830561,0.818159,0.839891,0.70768],[0.683538,0.803751,0.841569,0.715956,0.711186,0.718485,0.782577,0.703898,0.856762,0.734372,0.784247,0.791206,1.0,0.878457,0.714803,0.680414,0.7904,0.66354,0.675124,0.649493,0.764421,0.703994,0.844647,0.722743,0.758783,0.710604,0.874865,0.871226,0.738446,0.744241],[0.709171,0.85179,0.873656,0.743044,0.691941,0.766203,0.828698,0.7394,0.913758,0.746759,0.824305,0.836928,0.878457,1.0,0.716046,0.67535,0.809107,0.683457,0.720357,0.680187,0.7934,0.737943,0.90521,0.732638,0.77589,0.748833,0.9142,0.918856,0.755466,0.779632],[0.841798,0.692682,0.671675,0.87207,0.836635,0.8848,0.791467,0.711326,0.675955,0.697618,0.791342,0.798287,0.714803,0.716046,1.0,0.859772,0.798097,0.85522,0.848621,0.797827,0.82741,0.820257,0.693054,0.744973,0.761862,0.667062,0.692406,0.688117,0.790952,0.741445],[0.861223,0.683928,0.658488,0.817131,0.838234,0.808436,0.781855,0.761586,0.675839,0.750808,0.780768,0.803167,0.680414,0.67535,0.859772,1.0,0.793259,0.890606,0.889426,0.819064,0.814634,0.789387,0.693713,0.805367,0.745764,0.684749,0.678042,0.676196,0.774175,0.74869],[0.831707,0.793267,0.809578,0.837366,0.806663,0.847686,0.892238,0.700212,0.814958,0.678026,0.919787,0.908403,0.7904,0.809107,0.798097,0.793259,1.0,0.791705,0.828866,0.791983,0.920398,0.839216,0.810883,0.688271,0.69358,0.681208,0.832616,0.804624,0.883455,0.7108],[0.853316,0.664333,0.652788,0.817073,0.823939,0.817181,0.773586,0.732861,0.668697,0.759058,0.777638,0.789341,0.66354,0.683457,0.85522,0.890606,0.791705,1.0,0.869843,0.818777,0.817913,0.808608,0.682363,0.762076,0.753216,0.698325,0.670339,0.663881,0.808776,0.737498],[0.922223,0.713348,0.696824,0.862243,0.84103,0.855124,0.825391,0.803644,0.709698,0.707656,0.823646,0.828605,0.675124,0.720357,0.848621,0.889426,0.828866,0.869843,1.0,0.86245,0.84559,0.846302,0.721971,0.747896,0.736443,0.720566,0.708807,0.702601,0.814855,0.78473],[0.870111,0.728343,0.707004,0.819453,0.831253,0.815154,0.79745,0.750549,0.697118,0.679571,0.807544,0.797761,0.649493,0.680187,0.797827,0.819064,0.791983,0.818777,0.86245,1.0,0.813457,0.827591,0.700758,0.754354,0.708412,0.718885,0.700489,0.687557,0.760025,0.76786],[0.846843,0.780367,0.767934,0.853225,0.822293,0.854107,0.871729,0.716757,0.782106,0.681097,0.888477,0.880269,0.764421,0.7934,0.82741,0.814634,0.920398,0.817913,0.84559,0.813457,1.0,0.835141,0.787232,0.699068,0.705506,0.682324,0.788808,0.788074,0.889075,0.741222],[0.861377,0.721317,0.717614,0.888237,0.820149,0.877757,0.826198,0.695479,0.736513,0.676235,0.868222,0.821459,0.703994,0.737943,0.820257,0.789387,0.839216,0.808608,0.846302,0.827591,0.835141,1.0,0.731298,0.696168,0.762161,0.68291,0.748073,0.742714,0.824728,0.733951],[0.710769,0.875203,0.885246,0.709223,0.70657,0.733878,0.832341,0.7603,0.915879,0.753595,0.812397,0.848619,0.844647,0.90521,0.693054,0.693713,0.810883,0.682363,0.721971,0.700758,0.787232,0.731298,1.0,0.755684,0.762185,0.737636,0.913452,0.894195,0.739339,0.782838],[0.741157,0.752792,0.773026,0.704287,0.721079,0.701331,0.671318,0.841412,0.739943,0.820846,0.677082,0.686188,0.722743,0.732638,0.744973,0.805367,0.688271,0.762076,0.747896,0.754354,0.699068,0.696168,0.755684,1.0,0.826501,0.796201,0.754833,0.736883,0.6474,0.856852],[0.750784,0.696892,0.744218,0.747721,0.722745,0.729615,0.675213,0.760102,0.779926,0.842739,0.708215,0.676782,0.758783,0.77589,0.761862,0.745764,0.69358,0.753216,0.736443,0.708412,0.705506,0.762161,0.762185,0.826501,1.0,0.771256,0.784076,0.787541,0.675658,0.813464],[0.716615,0.725976,0.775144,0.682693,0.637305,0.681042,0.647216,0.816985,0.755872,0.838759,0.671768,0.663356,0.710604,0.748833,0.667062,0.684749,0.681208,0.698325,0.720566,0.718885,0.682324,0.68291,0.737636,0.796201,0.771256,1.0,0.771074,0.759575,0.675538,0.838356],[0.72061,0.850205,0.901632,0.726226,0.695884,0.739891,0.804967,0.745711,0.934877,0.780455,0.841143,0.830561,0.874865,0.9142,0.692406,0.678042,0.832616,0.670339,0.708807,0.700489,0.788808,0.748073,0.913452,0.754833,0.784076,0.771074,1.0,0.928222,0.755857,0.789218],[0.713498,0.838358,0.868539,0.731865,0.682162,0.729936,0.805713,0.738878,0.921183,0.761506,0.828123,0.818159,0.871226,0.918856,0.688117,0.676196,0.804624,0.663881,0.702601,0.687557,0.788074,0.742714,0.894195,0.736883,0.787541,0.759575,0.928222,1.0,0.761273,0.777338],[0.815413,0.729337,0.724019,0.840808,0.766485,0.823334,0.843658,0.678173,0.747365,0.664314,0.876232,