{"scene_id":"salinas-a-corrected","method":"beta_vae_8","n_seeds":15,"latent_dim":8,"samples_per_class":220,"ari_vs_gt_per_seed":[0.564047,0.56962,0.607318,0.601214,0.596346,0.569818,0.598534,0.600737,0.599357,0.573498,0.567452,0.602758,0.555111,0.599357,0.569614],"ari_vs_gt_summary":{"mean":0.584985,"std":0.017368,"min":0.555111,"max":0.607318},"seed_pair_ari":[[1.0,0.993276,0.816067,0.811629,0.813364,0.995089,0.814436,0.811463,0.81325,0.987235,0.99465,0.805987,0.987657,0.81325,0.99065],[0.993276,1.0,0.819969,0.815929,0.817607,0.998193,0.818604,0.815682,0.817415,0.992142,0.996974,0.810286,0.985083,0.817415,0.9921],[0.816067,0.819969,1.0,0.973681,0.978947,0.819185,0.988133,0.98274,0.986233,0.821659,0.818654,0.976405,0.815085,0.986233,0.816584],[0.811629,0.815929,0.973681,1.0,0.988442,0.815112,0.983197,0.984784,0.981314,0.821305,0.814541,0.99138,0.80972,0.981314,0.815808],[0.813364,0.817607,0.978947,0.988442,1.0,0.816814,0.990558,0.992261,0.988673,0.823041,0.81624,0.985581,0.811495,0.988673,0.81765],[0.995089,0.998193,0.819185,0.815112,0.816814,1.0,0.817821,0.814908,0.81664,0.990345,0.995167,0.809498,0.983282,0.81664,0.993899],[0.814436,0.818604,0.988133,0.983197,0.990558,0.817821,1.0,0.994471,0.998107,0.82052,0.817244,0.987869,0.812772,0.998107,0.815228],[0.811463,0.815682,0.98274,0.984784,0.992261,0.814908,0.994471,1.0,0.996362,0.821125,0.81431,0.993258,0.809631,0.996362,0.815821],[0.81325,0.817415,0.986233,0.981314,0.988673,0.81664,0.998107,0.996362,1.0,0.819325,0.816053,0.989759,0.811577,1.0,0.814059],[0.987235,0.992142,0.821659,0.821305,0.823041,0.990345,0.82052,0.821125,0.819325,1.0,0.992402,0.81563,0.979406,0.819325,0.989267],[0.99465,0.996974,0.818654,0.814541,0.81624,0.995167,0.817244,0.81431,0.816053,0.992402,1.0,0.808887,0.986311,0.816053,0.99075],[0.805987,0.810286,0.976405,0.99138,0.985581,0.809498,0.987869,0.993258,0.989759,0.81563,0.808887,1.0,0.804006,0.989759,0.810232],[0.987657,0.985083,0.815085,0.80972,0.811495,0.983282,0.812772,0.809631,0.811577,0.979406,0.986311,0.804006,1.0,0.811577,0.978856],[0.81325,0.817415,0.986233,0.981314,0.988673,0.81664,0.998107,0.996362,1.0,0.819325,0.816053,0.989759,0.811577,1.0,0.814059],[0.99065,0.9921,0.816584,0.815808,0.81765,0.993899,0.815228,0.815821,0.814059,0.989267,0.99075,0.810232,0.978856,0.814059,1.0]],"seed_pair_procrustes_dist":[[0.0,0.037495,0.078968,0.047024,0.052013,0.081851,0.089869,0.093667,0.115879,0.047843,0.018617,0.117441,0.094983,0.060146,0.067605],[0.037495,0.0,0.079727,0.02009,0.024632,0.051748,0.060343,0.068787,0.142319,0.080347,0.04079,0.089362,0.076203,0.054274,0.103503],[0.078968,0.079727,0.0,0.066806,0.073866,0.108124,0.081953,0.127042,0.092621,0.087037,0.073376,0.145924,0.143712,0.044447,0.100427],[0.047024,0.02009,0.066806,0.0,0.026492,0.053254,0.053524,0.074286,0.139339,0.084941,0.046385,0.092162,0.085859,0.047444,0.107355],[0.052013,0.024632,0.073866,0.026492,0.0,0.04943,0.04422,0.059456,0.148463,0.093679,0.055542,0.08354,0.077846,0.055178,0.117946],[0.081851,0.051748,0.108124,0.053254,0.04943,0.0,0.059649,0.046449,0.199241,0.133534,0.089701,0.049936,0.055392,0.097659,0.157795],[0.089869,0.060343,0.081953,0.053524,0.04422,0.059649,0.0,0.070637,0.172689,0.133448,0.095731,0.082091,0.097151,0.068209,0.156383],[0.093667,0.068787,0.127042,0.074286,0.059456,0.046449,0.070637,0.0,0.214461,0.145166,0.10557,0.041911,0.04429,0.116905,0.172216],[0.115879,0.142319,0.092621,0.139339,0.148463,0.199241,0.172689,0.214461,0.0,0.080074,0.10183,0.199634,0.186396,0.09382,0.071267],[0.047843,0.080347,0.087037,0.084941,0.093679,0.133534,0.133448,0.145166,0.080074,0.0,0.042509,0.151816,0.129418,0.077351,0.032844],[0.018617,0.04079,0.073376,0.046385,0.055542,0.089701,0.095731,0.10557,0.10183,0.042509,0.0,0.11905,0.098228,0.057457,0.065062],[0.117441,0.089362,0.145924,0.092162,0.08354,0.049936,0.082091,0.041911,0.199634,0.151816,0.11905,0.0,0.051007,0.139826,0.204598],[0.094983,0.076203,0.143712,0.085859,0.077846,0.055392,0.097151,0.04429,0.186396,0.129418,0.098228,0.051007,0.0,0.13151,0.170969],[0.060146,0.054274,0.044447,0.047444,0.055178,0.097659,0.068209,0.116905,0.09382,0.077351,0.057457,0.139826,0.13151,0.0,0.095421],[0.067605,0.103503,0.100427,0.107355,0.117946,0.157795,0.156383,0.172216,0.071267,0.032844,0.065062,0.204598,0.170969,0.095421,0.0]],"off_diagonal_summary":{"ari_mean":0.896319,"ari_min":0.804006,"ari_std":0.086921,"procrustes_mean":0.090891,"procrustes_max":0.214461},"framework_axis":"B-6 follow-up: deep-method seed stability for CAE-1D \u2014 pairwise cluster ARI + Procrustes between latent embeddings across N_SEEDS torch initialisations","generated_at":"2026-05-06T20:55:31Z","builder_version":"build_deep_seed_stability v0.1"}