{"scene_id":"salinas-corrected","method":"cae_2d_8","n_seeds":15,"latent_dim":8,"samples_per_class":220,"ari_vs_gt_per_seed":[0.409464,0.397547,0.396422,0.395836,0.397815,0.396551,0.409227,0.407477,0.405585,0.39655,0.395796,0.408847,0.397781,0.398242,0.398784],"ari_vs_gt_summary":{"mean":0.400795,"std":0.005307,"min":0.395796,"max":0.409464},"seed_pair_ari":[[1.0,0.932492,0.940325,0.938419,0.848297,0.932749,0.979638,0.982547,0.958357,0.942276,0.947169,0.967228,0.950644,0.943908,0.937598],[0.932492,1.0,0.983904,0.977268,0.894881,0.98019,0.930052,0.934065,0.936779,0.966982,0.973196,0.927333,0.958259,0.969051,0.970733],[0.940325,0.983904,1.0,0.978325,0.884679,0.979839,0.931193,0.939568,0.936322,0.97867,0.979316,0.930302,0.966975,0.97824,0.969479],[0.938419,0.977268,0.978325,1.0,0.87898,0.978828,0.942843,0.939716,0.938187,0.980595,0.975492,0.928342,0.967207,0.976678,0.967547],[0.848297,0.894881,0.884679,0.87898,1.0,0.888972,0.847026,0.841949,0.831031,0.869745,0.88721,0.844617,0.877443,0.876773,0.891085],[0.932749,0.98019,0.979839,0.978828,0.888972,1.0,0.934612,0.933288,0.929773,0.967261,0.970574,0.927673,0.959708,0.970744,0.961089],[0.979638,0.930052,0.931193,0.942843,0.847026,0.934612,1.0,0.980901,0.957324,0.934862,0.942425,0.965109,0.945034,0.933876,0.93426],[0.982547,0.934065,0.939568,0.939716,0.841949,0.933288,0.980901,1.0,0.961112,0.938145,0.947186,0.965615,0.947038,0.941986,0.938692],[0.958357,0.936779,0.936322,0.938187,0.831031,0.929773,0.957324,0.961112,1.0,0.937889,0.930573,0.978561,0.935004,0.93145,0.923675],[0.942276,0.966982,0.97867,0.980595,0.869745,0.967261,0.934862,0.938145,0.937889,1.0,0.969982,0.926736,0.965772,0.97461,0.959298],[0.947169,0.973196,0.979316,0.975492,0.88721,0.970574,0.942425,0.947186,0.930573,0.969982,1.0,0.939346,0.972197,0.974515,0.973607],[0.967228,0.927333,0.930302,0.928342,0.844617,0.927673,0.965109,0.965615,0.978561,0.926736,0.939346,1.0,0.942986,0.92956,0.930729],[0.950644,0.958259,0.966975,0.967207,0.877443,0.959708,0.945034,0.947038,0.935004,0.965772,0.972197,0.942986,1.0,0.962965,0.969126],[0.943908,0.969051,0.97824,0.976678,0.876773,0.970744,0.933876,0.941986,0.93145,0.97461,0.974515,0.92956,0.962965,1.0,0.964852],[0.937598,0.970733,0.969479,0.967547,0.891085,0.961089,0.93426,0.938692,0.923675,0.959298,0.973607,0.930729,0.969126,0.964852,1.0]],"seed_pair_procrustes_dist":[[0.0,0.021838,0.033036,0.033485,0.020965,0.034638,0.032768,0.029225,0.027174,0.037377,0.027666,0.034149,0.036336,0.045382,0.027629],[0.021838,0.0,0.032472,0.032492,0.020101,0.038852,0.036391,0.028993,0.026943,0.033503,0.023987,0.034024,0.035765,0.04971,0.026588],[0.033036,0.032472,0.0,0.032009,0.02843,0.058821,0.054419,0.0258,0.025207,0.022268,0.026653,0.024483,0.026852,0.053259,0.033193],[0.033485,0.032492,0.032009,0.0,0.029956,0.049512,0.049322,0.030171,0.03337,0.030181,0.032211,0.03366,0.041389,0.045164,0.031922],[0.020965,0.020101,0.02843,0.029956,0.0,0.040579,0.035662,0.025635,0.020638,0.030546,0.025918,0.026436,0.030917,0.050337,0.024335],[0.034638,0.038852,0.058821,0.049512,0.040579,0.0,0.026461,0.053754,0.050641,0.062595,0.051437,0.058971,0.061397,0.057261,0.043517],[0.032768,0.036391,0.054419,0.049322,0.035662,0.026461,0.0,0.048731,0.041312,0.055295,0.047189,0.052212,0.050944,0.064321,0.037344],[0.029225,0.028993,0.0258,0.030171,0.025635,0.053754,0.048731,0.0,0.023122,0.024901,0.026863,0.031143,0.033013,0.044732,0.028387],[0.027174,0.026943,0.025207,0.03337,0.020638,0.050641,0.041312,0.023122,0.0,0.024032,0.02953,0.023855,0.025155,0.056463,0.02312],[0.037377,0.033503,0.022268,0.030181,0.030546,0.062595,0.055295,0.024901,0.024032,0.0,0.027159,0.026483,0.027862,0.055367,0.031332],[0.027666,0.023987,0.026653,0.032211,0.025918,0.051437,0.047189,0.026863,0.02953,0.027159,0.0,0.034993,0.029433,0.045164,0.030747],[0.034149,0.034024,0.024483,0.03366,0.026436,0.058971,0.052212,0.031143,0.023855,0.026483,0.034993,0.0,0.028493,0.060451,0.032637],[0.036336,0.035765,0.026852,0.041389,0.030917,0.061397,0.050944,0.033013,0.025155,0.027862,0.029433,0.028493,0.0,0.06016,0.034879],[0.045382,0.04971,0.053259,0.045164,0.050337,0.057261,0.064321,0.044732,0.056463,0.055367,0.045164,0.060451,0.06016,0.0,0.054164],[0.027629,0.026588,0.033193,0.031922,0.024335,0.043517,0.037344,0.028387,0.02312,0.031332,0.030747,0.032637,0.034879,0.054164,0.0]],"off_diagonal_summary":{"ari_mean":0.942564,"ari_min":0.831031,"ari_std":0.034591,"procrustes_mean":0.036455,"procrustes_max":0.064321},"framework_axis":"B-6 follow-up: deep-method seed stability for CAE-1D \u2014 pairwise cluster ARI + Procrustes between latent embeddings across N_SEEDS torch initialisations","generated_at":"2026-05-06T21:36:54Z","builder_version":"build_deep_seed_stability v0.1"}