{"scene_id":"salinas-corrected","method":"cae_3d_8","n_seeds":7,"latent_dim":8,"samples_per_class":220,"ari_vs_gt_per_seed":[0.405033,0.406506,0.435631,0.401437,0.387357,0.395113,0.434323],"ari_vs_gt_summary":{"mean":0.409343,"std":0.017279,"min":0.387357,"max":0.435631},"seed_pair_ari":[[1.0,0.883613,0.687566,0.8395,0.850402,0.818522,0.77656],[0.883613,1.0,0.698051,0.801048,0.830817,0.799213,0.770252],[0.687566,0.698051,1.0,0.675584,0.681972,0.812995,0.753799],[0.8395,0.801048,0.675584,1.0,0.833779,0.814659,0.75998],[0.850402,0.830817,0.681972,0.833779,1.0,0.792396,0.750137],[0.818522,0.799213,0.812995,0.814659,0.792396,1.0,0.691902],[0.77656,0.770252,0.753799,0.75998,0.750137,0.691902,1.0]],"seed_pair_procrustes_dist":[[0.0,0.096676,0.071028,0.088394,0.120544,0.071231,0.071992],[0.096676,0.0,0.131348,0.070583,0.058913,0.074951,0.063896],[0.071028,0.131348,0.0,0.139155,0.175556,0.111198,0.105724],[0.088394,0.070583,0.139155,0.0,0.081534,0.058905,0.065738],[0.120544,0.058913,0.175556,0.081534,0.0,0.09242,0.086354],[0.071231,0.074951,0.111198,0.058905,0.09242,0.0,0.068512],[0.071992,0.063896,0.105724,0.065738,0.086354,0.068512,0.0]],"off_diagonal_summary":{"ari_mean":0.777274,"ari_min":0.675584,"ari_std":0.059725,"procrustes_mean":0.090698,"procrustes_max":0.175556},"framework_axis":"B-6 follow-up: deep-method seed stability for CAE-1D \u2014 pairwise cluster ARI + Procrustes between latent embeddings across N_SEEDS torch initialisations","generated_at":"2026-05-06T13:54:00Z","builder_version":"build_deep_seed_stability v0.1"}