{"scene_id":"salinas-a-corrected","method":"cae_1d_8","n_seeds":15,"latent_dim":8,"samples_per_class":220,"ari_vs_gt_per_seed":[0.611684,0.592588,0.611684,0.608025,0.6112,0.611185,0.591674,0.591827,0.6112,0.592497,0.591133,0.612738,0.591199,0.588299,0.588686],"ari_vs_gt_summary":{"mean":0.600375,"std":0.010139,"min":0.588299,"max":0.612738},"seed_pair_ari":[[1.0,0.946355,1.0,0.996322,0.99943,0.99598,0.942052,0.945191,0.99943,0.943798,0.944619,0.998953,0.943585,0.948133,0.948718],[0.946355,1.0,0.946355,0.943536,0.946546,0.946866,0.986197,0.997375,0.946546,0.995175,0.992154,0.947294,0.995411,0.990358,0.991666],[1.0,0.946355,1.0,0.996322,0.99943,0.99598,0.942052,0.945191,0.99943,0.943798,0.944619,0.998953,0.943585,0.948133,0.948718],[0.996322,0.943536,0.996322,1.0,0.996892,0.993452,0.939308,0.942386,0.996892,0.94098,0.941821,0.995283,0.940776,0.945301,0.94588],[0.99943,0.946546,0.99943,0.996892,1.0,0.996544,0.942301,0.945394,1.0,0.943975,0.944829,0.99839,0.943783,0.948336,0.948915],[0.99598,0.946866,0.99598,0.993452,0.996544,1.0,0.942637,0.945715,0.996544,0.947311,0.94515,0.994942,0.944097,0.948642,0.94922],[0.942052,0.986197,0.942052,0.939308,0.942301,0.942637,1.0,0.988736,0.942301,0.981505,0.990014,0.942932,0.986824,0.985662,0.984395],[0.945191,0.997375,0.945191,0.942386,0.945394,0.945715,0.988736,1.0,0.945394,0.992578,0.994768,0.946116,0.998036,0.992986,0.991675],[0.99943,0.946546,0.99943,0.996892,1.0,0.996544,0.942301,0.945394,1.0,0.943975,0.944829,0.99839,0.943783,0.948336,0.948915],[0.943798,0.995175,0.943798,0.94098,0.943975,0.947311,0.981505,0.992578,0.943975,1.0,0.991291,0.944743,0.994546,0.989502,0.990802],[0.944619,0.992154,0.944619,0.941821,0.944829,0.94515,0.990014,0.994768,0.944829,0.991291,1.0,0.945538,0.996729,0.995595,0.994292],[0.998953,0.947294,0.998953,0.995283,0.99839,0.994942,0.942932,0.946116,0.99839,0.944743,0.945538,1.0,0.944511,0.94907,0.949662],[0.943585,0.995411,0.943585,0.940776,0.943783,0.944097,0.986824,0.998036,0.943783,0.994546,0.996729,0.944511,1.0,0.994947,0.993638],[0.948133,0.990358,0.948133,0.945301,0.948336,0.948642,0.985662,0.992986,0.948336,0.989502,0.995595,0.94907,0.994947,1.0,0.998678],[0.948718,0.991666,0.948718,0.94588,0.948915,0.94922,0.984395,0.991675,0.948915,0.990802,0.994292,0.949662,0.993638,0.998678,1.0]],"seed_pair_procrustes_dist":[[0.0,0.044243,0.048608,0.134859,0.104831,0.096528,0.109553,0.014852,0.015962,0.017597,0.022199,0.013163,0.030313,0.058425,0.129181],[0.044243,0.0,0.023008,0.169025,0.140666,0.131744,0.145132,0.036037,0.03969,0.048296,0.050154,0.043568,0.031077,0.096159,0.084605],[0.048608,0.023008,0.0,0.17108,0.142861,0.134563,0.145547,0.038245,0.042019,0.054381,0.051299,0.045615,0.034114,0.09861,0.083948],[0.134859,0.169025,0.17108,0.0,0.04084,0.046539,0.040263,0.164876,0.158925,0.15175,0.150696,0.155059,0.180803,0.093417,0.303361],[0.104831,0.140666,0.142861,0.04084,0.0,0.021423,0.024101,0.125488,0.119796,0.114264,0.111982,0.116344,0.141991,0.056498,0.259583],[0.096528,0.131744,0.134563,0.046539,0.021423,0.0,0.030493,0.115161,0.109264,0.103113,0.10264,0.105901,0.131432,0.049137,0.24727],[0.109553,0.145132,0.145547,0.040263,0.024101,0.030493,0.0,0.130884,0.125385,0.119308,0.115153,0.122025,0.144981,0.061958,0.265201],[0.014852,0.036037,0.038245,0.164876,0.125488,0.115161,0.130884,0.0,0.012417,0.024843,0.022119,0.014517,0.026374,0.065838,0.119955],[0.015962,0.03969,0.042019,0.158925,0.119796,0.109264,0.125385,0.012417,0.0,0.026517,0.020558,0.014455,0.030675,0.062128,0.125797],[0.017597,0.048296,0.054381,0.15175,0.114264,0.103113,0.119308,0.024843,0.026517,0.0,0.025153,0.02185,0.031874,0.055824,0.135173],[0.022199,0.050154,0.051299,0.150696,0.111982,0.10264,0.115153,0.022119,0.020558,0.025153,0.0,0.022046,0.030579,0.05441,0.13638],[0.013163,0.043568,0.045615,0.155059,0.116344,0.105901,0.122025,0.014517,0.014455,0.02185,0.022046,0.0,0.032618,0.058786,0.12961],[0.030313,0.031077,0.034114,0.180803,0.141991,0.131432,0.144981,0.026374,0.030675,0.031874,0.030579,0.032618,0.0,0.078601,0.108469],[0.058425,0.096159,0.09861,0.093417,0.056498,0.049137,0.061958,0.065838,0.062128,0.055824,0.05441,0.058786,0.078601,0.0,0.196569],[0.129181,0.084605,0.083948,0.303361,0.259583,0.24727,0.265201,0.119955,0.125797,0.135173,0.13638,0.12961,0.108469,0.196569,0.0]],"off_diagonal_summary":{"ari_mean":0.968149,"ari_min":0.939308,"ari_std":0.024752,"procrustes_mean":0.088221,"procrustes_max":0.303361},"framework_axis":"B-6 follow-up: deep-method seed stability for CAE-1D \u2014 pairwise cluster ARI + Procrustes between latent embeddings across N_SEEDS torch initialisations","generated_at":"2026-05-06T20:31:54Z","builder_version":"build_deep_seed_stability v0.1"}