{"scene_id":"salinas-a-corrected","method":"cae_2d_8","n_seeds":30,"latent_dim":8,"samples_per_class":220,"ari_vs_gt_per_seed":[0.464693,0.439643,0.437813,0.442045,0.440885,0.440437,0.439889,0.436311,0.448583,0.439841,0.437886,0.44095,0.450101,0.470511,0.438692,0.450561,0.43799,0.437945,0.46857,0.440308,0.435649,0.469796,0.439641,0.469796,0.447471,0.438446,0.439655,0.471762,0.431545,0.464944],"ari_vs_gt_summary":{"mean":0.447079,"std":0.012564,"min":0.431545,"max":0.471762},"seed_pair_ari":[[1.0,0.90917,0.905668,0.917256,0.911429,0.908553,0.906563,0.905814,0.915125,0.907374,0.901363,0.910413,0.925869,0.993258,0.908606,0.908719,0.90308,0.906204,0.99347,0.907375,0.896947,0.993021,0.90957,0.993021,0.918437,0.901081,0.909333,0.991717,0.901302,0.997445],[0.90917,1.0,0.978828,0.978075,0.995839,0.997489,0.966121,0.974513,0.937262,0.995725,0.970853,0.995476,0.950672,0.91286,0.968085,0.958778,0.975689,0.980838,0.9125,0.954155,0.965615,0.909569,0.999289,0.909569,0.942747,0.990957,0.99516,0.911083,0.96201,0.910012],[0.905668,0.978828,1.0,0.957657,0.978614,0.978924,0.970115,0.995523,0.920283,0.978981,0.95153,0.979593,0.933231,0.908544,0.974606,0.943032,0.986707,0.984789,0.908817,0.938174,0.985413,0.906003,0.97912,0.906003,0.936563,0.985766,0.976244,0.907549,0.982126,0.906538],[0.917256,0.978075,0.957657,1.0,0.97747,0.97773,0.955551,0.953444,0.950335,0.976024,0.965396,0.977045,0.962147,0.916738,0.957517,0.954185,0.959911,0.963613,0.916435,0.947687,0.945149,0.913563,0.977415,0.913563,0.956176,0.971148,0.978726,0.915042,0.941616,0.918086],[0.911429,0.995839,0.978614,0.97747,1.0,0.996196,0.965383,0.974322,0.938472,0.99377,0.970697,0.994858,0.951983,0.914423,0.967932,0.961821,0.971678,0.978994,0.914735,0.953985,0.964921,0.911814,0.996511,0.911814,0.943571,0.986816,0.991027,0.913352,0.961493,0.912277],[0.908553,0.997489,0.978924,0.97773,0.996196,1.0,0.966274,0.974625,0.937689,0.99752,0.971041,0.99584,0.949403,0.911494,0.968268,0.959239,0.97531,0.98263,0.911831,0.956377,0.9658,0.908927,0.997489,0.908927,0.941195,0.990577,0.994765,0.91044,0.962259,0.909408],[0.906563,0.966121,0.970115,0.955551,0.965383,0.966274,1.0,0.967813,0.927079,0.966451,0.962804,0.967679,0.939716,0.908562,0.991791,0.955497,0.970377,0.974299,0.909637,0.951692,0.984455,0.90859,0.965811,0.90859,0.947234,0.957514,0.967057,0.90758,0.965143,0.907448],[0.905814,0.974513,0.995523,0.953444,0.974322,0.974625,0.967813,1.0,0.91641,0.974678,0.947462,0.975287,0.929244,0.908589,0.972284,0.939001,0.982309,0.98041,0.908887,0.934205,0.983034,0.906112,0.974805,0.906112,0.932511,0.981409,0.971954,0.907651,0.986518,0.906703],[0.915125,0.937262,0.920283,0.950335,0.938472,0.937689,0.927079,0.91641,1.0,0.935964,0.940219,0.937339,0.982352,0.911813,0.924212,0.961152,0.923122,0.923995,0.915375,0.954615,0.913697,0.912489,0.9372,0.912489,0.962298,0.930536,0.938246,0.910434,0.909035,0.915892],[0.907374,0.995725,0.978981,0.976024,0.99377,0.99752,0.966451,0.974678,0.935964,1.0,0.970899,0.995498,0.947554,0.910231,0.970262,0.959223,0.977773,0.985097,0.910599,0.95632,0.96786,0.907722,0.995028,0.907722,0.94142,0.99093,0.997223,0.909215,0.964165,0.90824],[0.901363,0.970853,0.95153,0.965396,0.970697,0.971041,0.962804,0.947462,0.940219,0.970899,1.0,0.970371,0.945399,0.905004,0.96004,0.963598,0.963548,0.963916,0.904739,0.978368,0.949164,0.901784,0.970729,0.901784,0.940936,0.96405,0.973612,0.903207,0.939869,0.902198],[0.910413,0.995476,0.979593,0.977045,0.994858,0.99584,0.967679,0.975287,0.937339,0.995498,0.970371,1.0,0.950778,0.913359,0.972036,0.96058,0.976635,0.980615,0.91369,0.955776,0.965761,0.910786,0.996173,0.910786,0.942771,0.988557,0.992754,0.912306,0.962176,0.911274],[0.925869,0.950672,0.933231,0.962147,0.951983,0.949403,0.939716,0.929244,0.982352,0.947554,0.945399,0.950778,1.0,0.922258,0.936813,0.97493,0.934229,0.935042,0.921271,0.952065,0.926173,0.923113,0.950653,0.923113,0.974459,0.942153,0.949877,0.920953,0.921427,0.926659],[0.993258,0.91286,0.908544,0.916738,0.914423,0.911494,0.908562,0.908589,0.911813,0.910231,0.905004,0.913359,0.922258,1.0,0.910478,0.911032,0.906661,0.909017,0.99495,0.910386,0.89884,0.994426,0.913286,0.994426,0.915471,0.904714,0.912925,0.997422,0.902805,0.990734],[0.908606,0.968085,0.974606,0.957517,0.967932,0.968268,0.991791,0.972284,0.924212,0.970262,0.96004,0.972036,0.936813,0.910478,1.0,0.954237,0.972724,0.976654,0.911603,0.946949,0.983118,0.908876,0.968319,0.908876,0.943039,0.961312,0.970863,0.909559,0.972541,0.909515],[0.908719,0.958778,0.943032,0.954185,0.961821,0.959239,0.955497,0.939001,0.961152,0.959223,0.963598,0.96058,0.97493,0.911032,0.954237,1.0,0.950416,0.95287,0.912018,0.970256,0.945173,0.910712,0.958759,0.910712,0.967581,0.950254,0.959819,0.909958,0.933914,0.909572],[0.90308,0.975689,0.986707,0.959911,0.971678,0.97531,0.970377,0.982309,0.923122,0.977773,0.963548,0.976635,0.934229,0.906661,0.972724,0.950416,1.0,0.990831,0.906276,0.947249,0.982274,0.90344,0.974981,0.90344,0.944332,0.984655,0.97719,0.904928,0.972556,0.903942],[0.906204,0.980838,0.984789,0.963613,0.978994,0.98263,0.974299,0.98041,0.923995,0.985097,0.963916,0.980615,0.935042,0.909017,0.976654,0.95287,0.990831,1.0,0.909345,0.949739,0.980333,0.906538,0.980143,0.906538,0.946449,0.980629,0.982326,0.908025,0.970677,0.907073],[0.99347,0.9125,0.908817,0.916435,0.914735,0.911831,0.909637,0.908887,0.915375,0.910599,0.904739,0.91369,0.921271,0.99495,0.911603,0.912018,0.906276,0.909345,1.0,0.9108,0.899952,0.994638,0.9129,0.994638,0.918778,0.904365,0.912584,0.99336,0.904054,0.99094],[0.907375,0.954155,0.938174,0.947687,0.953985,0.956377,0.951692,0.934205,0.954615,0.95632,0.978368,0.955776,0.952065,0.910386,0.946949,0.970256,0.947249,0.949739,0.9108,1.0,0.938171,0.909524,0.954006,0.909524,0.945229,0.947404,0.956903,0.909243,0.92702,0.908197],[0.896947,0.965615,0.985413,0.945149,0.964921,0.9658,0.984455,0.983034,0.913697,0.96786,0.949164,0.965761,0.926173,0.89884,0.983118,0.945173,0.982274,0.980333,0.899952,0.938171,1.0,0.898939,0.965312,0.898939,0.936851,0.97257,0.965138,0.89791,0.980117,0.897836],[0.993021,0.909569,0.906003,0.913563,0.911814,0.908927,0.90859,0.906112,0.912489,0.907722,0.901784,0.910786,0.923113,0.994426,0.908876,0.910712,0.90344,0.906538,0.994638,0.909524,0.898939,1.0,0.909969,1.0,0.915811,0.901456,0.909694,0.996958,0.901449,0.992508],[0.90957,0.999289,0.97912,0.977415,0.996511,0.997489,0.965811,0.974805,0.9372,0.995028,0.970729,0.996173,0.950653,0.913286,0.968319,0.958759,0.974981,0.980143,0.9129,0.954006,0.965312,0.909969,1.0,0.909969,0.942697,0.990246,0.99445,0.911496,0.961762,0.910413],[0.993021,0.909569,0.906003,0.913563,0.911814,0.908927,0.90859,0.906112,0.912489,0.907722,0.901784,0.910786,0.923113,0.994426,0.908876,0.910712,0.90344,0.906538,0.994638,0.909524,0.898939,1.0,0.909969,1.0,0.915811,0.901456,0.909694,0.996958,0.901449,0.992508],[0.918437,0.942747,0.936563,0.956176,0.943571,0.941195,0.947234,0.932511,0.962298,0.94142,0.940936,0.942771,0.974459,0.915471,0.943039,0.967581,0.944332,0.946449,0.918778,0.945229,0.936851,0.915811,0.942697,0.915811,1.0,0.934325,0.940618,0.914074,0.925911,0.91924],[0.901081,0.990957,0.985766,0.971148,0.986816,0.990577,0.957514,0.981409,0.930536,0.99093,0.96405,0.988557,0.942153,0.904714,0.961312,0.950254,0.984655,0.980629,0.904365,0.947404,0.97257,0.901456,0.990246,0.901456,0.934325,1.0,0.99035,0.902959,0.96887,0.901935],[0.909333,0.99516,0.976244,0.978726,0.991027,0.994765,0.967057,0.971954,0.938246,0.997223,0.973612,0.992754,0.949877,0.912925,0.970863,0.959819,0.97719,0.982326,0.912584,0.956903,0.965138,0.909694,0.99445,0.909694,0.940618,0.99035,1.0,0.911188,0.961444,0.9102],[0.991717,0.911083,0.907549,0.915042,0.913352,0.91044,0.90758,0.907651,0.910434,0.909215,0.903207,0.912306,0.920953,0.997422,0.909559,0.909958,0.904928,0.908025,0.99336,0.909243,0.89791,0.996958,0.911496,0.996958,0.914074,0.902959,0.911188,1.0,0.90207,0.991204],[0.901302,0.96201,0.982126,0.941616,0.961493,0.962259,0.965143,0.986518,0.909035,0.964165,0.939869,0.962176,0.921427,0.902805,0.972541,0.933914,