{"scene_id":"salinas-a-corrected","method":"cae_2d_8","n_seeds":15,"latent_dim":8,"samples_per_class":220,"ari_vs_gt_per_seed":[0.443604,0.439637,0.437813,0.441651,0.441699,0.438915,0.441868,0.436311,0.453127,0.442704,0.437603,0.440032,0.439837,0.440964,0.437989],"ari_vs_gt_summary":{"mean":0.440917,"std":0.003826,"min":0.436311,"max":0.453127},"seed_pair_ari":[[1.0,0.990737,0.973128,0.972535,0.984251,0.987267,0.964764,0.968876,0.95512,0.982717,0.972054,0.991012,0.954401,0.971943,0.970741],[0.990737,1.0,0.979117,0.974864,0.988131,0.996465,0.960813,0.974796,0.948837,0.987819,0.970729,0.996905,0.950395,0.972338,0.969957],[0.973128,0.979117,1.0,0.955132,0.968828,0.977908,0.965089,0.995523,0.932039,0.97073,0.951762,0.978226,0.956353,0.972478,0.976296],[0.972535,0.974864,0.955132,1.0,0.984715,0.976254,0.953347,0.950945,0.961373,0.982953,0.972884,0.975881,0.942969,0.980513,0.960436],[0.984251,0.988131,0.968828,0.984715,1.0,0.987476,0.95498,0.964598,0.95774,0.996328,0.972427,0.98912,0.944561,0.979586,0.963647],[0.987267,0.996465,0.977908,0.976254,0.987476,1.0,0.960434,0.973605,0.946539,0.987178,0.971828,0.996202,0.951445,0.975266,0.970888],[0.964764,0.960813,0.965089,0.953347,0.95498,0.960434,1.0,0.962808,0.930771,0.953642,0.961013,0.961959,0.978762,0.969735,0.985019],[0.968876,0.974796,0.995523,0.950945,0.964598,0.973605,0.962808,1.0,0.928081,0.966496,0.947685,0.973919,0.954065,0.968175,0.973968],[0.95512,0.948837,0.932039,0.961373,0.95774,0.946539,0.930771,0.928081,1.0,0.956338,0.943391,0.949783,0.942934,0.948217,0.934448],[0.982717,0.987819,0.97073,0.982953,0.996328,0.987178,0.953642,0.966496,0.956338,1.0,0.9706,0.985478,0.943306,0.97985,0.96231],[0.972054,0.970729,0.951762,0.972884,0.972427,0.971828,0.961013,0.947685,0.943391,0.9706,1.0,0.971409,0.948226,0.972015,0.958676],[0.991012,0.996905,0.978226,0.975881,0.98912,0.996202,0.961959,0.973919,0.949783,0.985478,0.971409,1.0,0.952892,0.97482,0.972427],[0.954401,0.950395,0.956353,0.942969,0.944561,0.951445,0.978762,0.954065,0.942934,0.943306,0.948226,0.952892,1.0,0.961311,0.977905],[0.971943,0.972338,0.972478,0.980513,0.979586,0.975266,0.969735,0.968175,0.948217,0.97985,0.972015,0.97482,0.961311,1.0,0.979262],[0.970741,0.969957,0.976296,0.960436,0.963647,0.970888,0.985019,0.973968,0.934448,0.96231,0.958676,0.972427,0.977905,0.979262,1.0]],"seed_pair_procrustes_dist":[[0.0,0.07629,0.111971,0.091375,0.059612,0.078914,0.107819,0.07334,0.116477,0.068048,0.085706,0.062333,0.085897,0.124419,0.068461],[0.07629,0.0,0.090857,0.082745,0.100734,0.06841,0.129826,0.075304,0.174512,0.118293,0.104384,0.086006,0.150544,0.100968,0.10716],[0.111971,0.090857,0.0,0.12862,0.100451,0.087569,0.08574,0.069153,0.150383,0.113677,0.159787,0.092639,0.145618,0.135945,0.090318],[0.091375,0.082745,0.12862,0.0,0.096485,0.068279,0.15995,0.130741,0.173789,0.112395,0.063379,0.082958,0.160072,0.083298,0.130364],[0.059612,0.100734,0.100451,0.096485,0.0,0.076775,0.088505,0.089128,0.090611,0.038887,0.106719,0.051023,0.083328,0.137443,0.058705],[0.078914,0.06841,0.087569,0.068279,0.076775,0.0,0.111393,0.094169,0.144035,0.091616,0.089056,0.051441,0.13808,0.080323,0.090423],[0.107819,0.129826,0.08574,0.15995,0.088505,0.111393,0.0,0.079822,0.096148,0.099229,0.180167,0.104919,0.100973,0.183394,0.054465],[0.07334,0.075304,0.069153,0.130741,0.089128,0.094169,0.079822,0.0,0.136071,0.104393,0.145151,0.094027,0.113774,0.153408,0.06449],[0.116477,0.174512,0.150383,0.173789,0.090611,0.144035,0.096148,0.136071,0.0,0.08017,0.168784,0.113417,0.067529,0.203468,0.080679],[0.068048,0.118293,0.113677,0.112395,0.038887,0.091616,0.099229,0.104393,0.08017,0.0,0.109691,0.056176,0.072521,0.143004,0.061398],[0.085706,0.104384,0.159787,0.063379,0.106719,0.089056,0.180167,0.145151,0.168784,0.109691,0.0,0.08939,0.143156,0.075181,0.133651],[0.062333,0.086006,0.092639,0.082958,0.051023,0.051441,0.104919,0.094027,0.113417,0.056176,0.08939,0.0,0.103691,0.104351,0.071518],[0.085897,0.150544,0.145618,0.160072,0.083328,0.13808,0.100973,0.113774,0.067529,0.072521,0.143156,0.103691,0.0,0.189517,0.070634],[0.124419,0.100968,0.135945,0.083298,0.137443,0.080323,0.183394,0.153408,0.203468,0.143004,0.075181,0.104351,0.189517,0.0,0.157185],[0.068461,0.10716,0.090318,0.130364,0.058705,0.090423,0.054465,0.06449,0.080679,0.061398,0.133651,0.071518,0.070634,0.157185,0.0]],"off_diagonal_summary":{"ari_mean":0.967608,"ari_min":0.928081,"ari_std":0.015489,"procrustes_mean":0.104183,"procrustes_max":0.203468},"framework_axis":"B-6 follow-up: deep-method seed stability for CAE-1D \u2014 pairwise cluster ARI + Procrustes between latent embeddings across N_SEEDS torch initialisations","generated_at":"2026-05-06T21:42:11Z","builder_version":"build_deep_seed_stability v0.1"}