{"scene_id":"salinas-a-corrected","method":"cae_3d_8","n_seeds":15,"latent_dim":8,"samples_per_class":220,"ari_vs_gt_per_seed":[0.558732,0.554336,0.551463,0.546676,0.545466,0.555895,0.54979,0.54904,0.558083,0.55295,0.554032,0.552682,0.550911,0.548631,0.558351],"ari_vs_gt_summary":{"mean":0.552469,"std":0.004025,"min":0.545466,"max":0.558732},"seed_pair_ari":[[1.0,0.982317,0.953509,0.956328,0.935539,0.959492,0.926812,0.957716,0.986964,0.965771,0.973081,0.942262,0.951764,0.961444,0.924554],[0.982317,1.0,0.944632,0.951733,0.937178,0.955478,0.927247,0.951182,0.985128,0.980981,0.985016,0.948013,0.959954,0.962104,0.914465],[0.953509,0.944632,1.0,0.966481,0.969792,0.961022,0.954862,0.977162,0.953634,0.952374,0.941522,0.959672,0.960117,0.971748,0.945673],[0.956328,0.951733,0.966481,1.0,0.963907,0.956918,0.946606,0.973052,0.954909,0.950419,0.95551,0.958876,0.960963,0.988965,0.952613],[0.935539,0.937178,0.969792,0.963907,1.0,0.939449,0.958399,0.963007,0.947835,0.947111,0.94053,0.951621,0.956535,0.965884,0.935599],[0.959492,0.955478,0.961022,0.956918,0.939449,1.0,0.949141,0.961396,0.950622,0.951518,0.953433,0.949027,0.962047,0.962125,0.95031],[0.926812,0.927247,0.954862,0.946606,0.958399,0.949141,1.0,0.94588,0.929583,0.931206,0.927577,0.948895,0.948355,0.953519,0.95336],[0.957716,0.951182,0.977162,0.973052,0.963007,0.961396,0.94588,1.0,0.956392,0.958978,0.947985,0.970026,0.956222,0.978458,0.943256],[0.986964,0.985128,0.953634,0.954909,0.947835,0.950622,0.929583,0.956392,1.0,0.978487,0.975747,0.944932,0.950746,0.962618,0.921566],[0.965771,0.980981,0.952374,0.950419,0.947111,0.951518,0.931206,0.958978,0.978487,1.0,0.97759,0.952188,0.954318,0.960825,0.920367],[0.973081,0.985016,0.941522,0.95551,0.94053,0.953433,0.927577,0.947985,0.975747,0.97759,1.0,0.948095,0.954569,0.962089,0.914797],[0.942262,0.948013,0.959672,0.958876,0.951621,0.949027,0.948895,0.970026,0.944932,0.952188,0.948095,1.0,0.9443,0.969608,0.931509],[0.951764,0.959954,0.960117,0.960963,0.956535,0.962047,0.948355,0.956222,0.950746,0.954318,0.954569,0.9443,1.0,0.965042,0.944009],[0.961444,0.962104,0.971748,0.988965,0.965884,0.962125,0.953519,0.978458,0.962618,0.960825,0.962089,0.969608,0.965042,1.0,0.945818],[0.924554,0.914465,0.945673,0.952613,0.935599,0.95031,0.95336,0.943256,0.921566,0.920367,0.914797,0.931509,0.944009,0.945818,1.0]],"seed_pair_procrustes_dist":[[0.0,0.115574,0.039495,0.112769,0.213863,0.042895,0.143762,0.039857,0.106901,0.050053,0.060701,0.04983,0.113066,0.049011,0.294509],[0.115574,0.0,0.113355,0.045574,0.099632,0.110078,0.055376,0.089799,0.04404,0.104529,0.078561,0.109588,0.049092,0.081284,0.17184],[0.039495,0.113355,0.0,0.123253,0.225228,0.054231,0.152666,0.049607,0.119249,0.04757,0.065446,0.051578,0.120558,0.053828,0.308528],[0.112769,0.045574,0.123253,0.0,0.106845,0.105374,0.064137,0.08937,0.0521,0.103809,0.074002,0.108695,0.051014,0.074777,0.174496],[0.213863,0.099632,0.225228,0.106845,0.0,0.182849,0.077112,0.163881,0.098994,0.176908,0.149201,0.179763,0.106961,0.153468,0.086025],[0.042895,0.110078,0.054231,0.105374,0.182849,0.0,0.150541,0.05019,0.120527,0.052763,0.065495,0.055283,0.113448,0.053921,0.299027],[0.143762,0.055376,0.152666,0.064137,0.077112,0.150541,0.0,0.111504,0.057088,0.123779,0.095068,0.123645,0.066364,0.101536,0.155006],[0.039857,0.089799,0.049607,0.08937,0.163881,0.05019,0.111504,0.0,0.09348,0.046338,0.046681,0.044881,0.091047,0.035206,0.272274],[0.106901,0.04404,0.119249,0.0521,0.098994,0.120527,0.057088,0.09348,0.0,0.096718,0.069789,0.10679,0.055151,0.077932,0.180283],[0.050053,0.104529,0.04757,0.103809,0.176908,0.052763,0.123779,0.046338,0.096718,0.0,0.055256,0.058099,0.10515,0.051717,0.29114],[0.060701,0.078561,0.065446,0.074002,0.149201,0.065495,0.095068,0.046681,0.069789,0.055256,0.0,0.062396,0.073344,0.035459,0.248503],[0.04983,0.109588,0.051578,0.108695,0.179763,0.055283,0.123645,0.044881,0.10679,0.058099,0.062396,0.0,0.114612,0.056026,0.299792],[0.113066,0.049092,0.120558,0.051014,0.106961,0.113448,0.066364,0.091047,0.055151,0.10515,0.073344,0.114612,0.0,0.073475,0.183794],[0.049011,0.081284,0.053828,0.074777,0.153468,0.053921,0.101536,0.035206,0.077932,0.051717,0.035459,0.056026,0.073475,0.0,0.257248],[0.294509,0.17184,0.308528,0.174496,0.086025,0.299027,0.155006,0.272274,0.180283,0.29114,0.248503,0.299792,0.183794,0.257248,0.0]],"off_diagonal_summary":{"ari_mean":0.954114,"ari_min":0.914465,"ari_std":0.015307,"procrustes_mean":0.107755,"procrustes_max":0.308528},"framework_axis":"B-6 follow-up: deep-method seed stability for CAE-1D \u2014 pairwise cluster ARI + Procrustes between latent embeddings across N_SEEDS torch initialisations","generated_at":"2026-05-09T15:22:47Z","builder_version":"build_deep_seed_stability v0.1"}