{"scene_id":"salinas-a-corrected","method":"cae_3d_8","n_seeds":30,"latent_dim":8,"samples_per_class":220,"ari_vs_gt_per_seed":[0.558732,0.554336,0.550496,0.546676,0.545466,0.555236,0.54979,0.54904,0.558083,0.55295,0.553159,0.552682,0.551558,0.548631,0.556415,0.556575,0.552509,0.552598,0.555639,0.556384,0.550539,0.557637,0.546999,0.54739,0.553604,0.553654,0.556678,0.557133,0.551633,0.554018],"ari_vs_gt_summary":{"mean":0.552875,"std":0.003596,"min":0.545466,"max":0.558732},"seed_pair_ari":[[1.0,0.982317,0.95718,0.956328,0.935539,0.961401,0.926812,0.957716,0.986964,0.965771,0.971106,0.942262,0.953069,0.961444,0.921518,0.972628,0.959067,0.959148,0.973494,0.97703,0.969209,0.982122,0.951216,0.947662,0.963052,0.977953,0.980368,0.976443,0.966668,0.946993],[0.982317,1.0,0.950857,0.951733,0.937178,0.957401,0.927247,0.951182,0.985128,0.980981,0.983022,0.948013,0.961248,0.962104,0.917348,0.958487,0.952524,0.952596,0.972908,0.977944,0.966498,0.982119,0.958796,0.939501,0.973019,0.964328,0.98254,0.965997,0.971875,0.940442],[0.95718,0.950857,1.0,0.970356,0.969807,0.959135,0.95389,0.981144,0.959962,0.958749,0.949528,0.962391,0.961471,0.97841,0.938554,0.961559,0.961994,0.967103,0.958079,0.963629,0.969666,0.958482,0.922586,0.969467,0.961252,0.961072,0.962974,0.971665,0.971282,0.963337],[0.956328,0.951733,0.970356,1.0,0.963907,0.958861,0.946606,0.973052,0.954909,0.950419,0.957369,0.958876,0.962359,0.988965,0.953302,0.96344,0.961195,0.962494,0.960628,0.961732,0.96942,0.946502,0.917664,0.966488,0.958295,0.953817,0.953503,0.959814,0.970539,0.954922],[0.935539,0.937178,0.969807,0.963907,1.0,0.941368,0.958399,0.963007,0.947835,0.947111,0.942326,0.951621,0.951369,0.965884,0.932544,0.944473,0.953946,0.951372,0.942132,0.944406,0.95568,0.939467,0.903678,0.95917,0.951147,0.942951,0.943797,0.946153,0.959476,0.947554],[0.961401,0.957401,0.959135,0.958861,0.941368,1.0,0.951076,0.963343,0.952524,0.953432,0.957212,0.950973,0.969271,0.964085,0.951492,0.959403,0.972467,0.982702,0.962499,0.967562,0.971319,0.947388,0.923724,0.964557,0.975688,0.961063,0.951764,0.96658,0.95938,0.972792],[0.926812,0.927247,0.95389,0.946606,0.958399,0.951076,1.0,0.94588,0.929583,0.931206,0.929319,0.948895,0.946032,0.953519,0.950278,0.931216,0.943643,0.948569,0.933694,0.940734,0.939038,0.924063,0.893876,0.958541,0.945816,0.924212,0.931775,0.936998,0.940682,0.944649],[0.957716,0.951182,0.981144,0.973052,0.963007,0.963343,0.94588,1.0,0.956392,0.958978,0.949796,0.970026,0.957622,0.978458,0.93983,0.96473,0.966241,0.968608,0.954569,0.962563,0.980054,0.951255,0.91778,0.969817,0.961294,0.962706,0.958227,0.974251,0.974052,0.96752],[0.986964,0.985128,0.959962,0.954909,0.947835,0.952524,0.929583,0.956392,1.0,0.978487,0.973771,0.944932,0.952054,0.962618,0.91506,0.96208,0.952416,0.95248,0.970659,0.97939,0.967941,0.991048,0.95004,0.935207,0.965859,0.969009,0.982698,0.967471,0.971614,0.947791],[0.965771,0.980981,0.958749,0.950419,0.947111,0.953432,0.931206,0.958978,0.978487,1.0,0.979546,0.952188,0.955641,0.960825,0.919722,0.960888,0.954899,0.950766,0.964077,0.976558,0.966792,0.975569,0.952376,0.937495,0.970772,0.957791,0.982971,0.967122,0.976525,0.941399],[0.971106,0.983022,0.949528,0.957369,0.942326,0.957212,0.929319,0.949796,0.973771,0.979546,1.0,0.949933,0.957723,0.963972,0.919656,0.960876,0.954899,0.944876,0.969447,0.972591,0.965077,0.967694,0.951777,0.936006,0.96897,0.957226,0.975025,0.959409,0.97042,0.934042],[0.942262,0.948013,0.962391,0.958876,0.951621,0.950973,0.948895,0.970026,0.944932,0.952188,0.949933,1.0,0.945687,0.969608,0.927525,0.942115,0.943585,0.945943,0.954708,0.952809,0.957199,0.939164,0.929614,0.947002,0.949271,0.939743,0.949921,0.951529,0.959275,0.944892],[0.953069,0.961248,0.961471,0.962359,0.951369,0.969271,0.946032,0.957622,0.952054,0.955641,0.957723,0.945687,1.0,0.966425,0.94572,0.961287,0.982407,0.968082,0.964275,0.95789,0.957904,0.95058,0.932602,0.972621,0.977494,0.958154,0.961003,0.948418,0.959469,0.949022],[0.961444,0.962104,0.97841,0.988965,0.965884,0.964085,0.953519,0.978458,0.962618,0.960825,0.963972,0.969608,0.966425,1.0,0.94277,0.964814,0.962582,0.967773,0.967225,0.966871,0.974701,0.956724,0.92399,0.967908,0.966179,0.958955,0.961222,0.965046,0.978522,0.960213],[0.921518,0.917348,0.938554,0.953302,0.932544,0.951492,0.950278,0.93983,0.91506,0.919722,0.919656,0.927525,0.94572,0.94277,1.0,0.942197,0.950058,0.954972,0.92622,0.931721,0.933236,0.910423,0.886333,0.951286,0.941811,0.925076,0.920409,0.931146,0.932603,0.943434],[0.972628,0.958487,0.961559,0.96344,0.944473,0.959403,0.931216,0.96473,0.96208,0.960888,0.960876,0.942115,0.961287,0.964814,0.942197,1.0,0.972112,0.963051,0.960276,0.968334,0.962337,0.960654,0.934083,0.965937,0.964926,0.95872,0.971569,0.971821,0.975982,0.954481],[0.959067,0.952524,0.961994,0.961195,0.953946,0.972467,0.943643,0.966241,0.952416,0.954899,0.954899,0.943585,0.982407,0.962582,0.950058,0.972112,1.0,0.978865,0.961931,0.958576,0.963893,0.951059,0.924421,0.977959,0.970412,0.966723,0.961758,0.958129,0.966078,0.962393],[0.959148,0.952596,0.967103,0.962494,0.951372,0.982702,0.948569,0.968608,0.95248,0.950766,0.944876,0.945943,0.968082,0.967773,0.954972,0.963051,0.978865,1.0,0.959802,0.959791,0.965123,0.9474,0.919169,0.972577,0.974517,0.965218,0.95172,0.964228,0.963063,0.974054],[0.973494,0.972908,0.958079,0.960628,0.942132,0.962499,0.933694,0.954569,0.970659,0.964077,0.969447,0.954708,0.964275,0.967225,0.92622,0.960276,0.961931,0.959802,1.0,0.965969,0.958471,0.968468,0.953802,0.944288,0.958979,0.976611,0.967961,0.963429,0.963716,0.942173],[0.97703,0.977944,0.963629,0.961732,0.944406,0.967562,0.940734,0.962563,0.97939,0.976558,0.972591,0.952809,0.95789,0.966871,0.931721,0.968334,0.958576,0.959791,0.965969,1.0,0.970419,0.973935,0.937777,0.944966,0.965267,0.959205,0.981255,0.972388,0.975334,0.956161],[0.969209,0.966498,0.969666,0.96942,0.95568,0.971319,0.939038,0.980054,0.967941,0.966792,0.965077,0.957199,0.957904,0.974701,0.933236,0.962337,0.963893,0.965123,0.958471,0.970419,1.0,0.962633,0.92888,0.959895,0.969197,0.962909,0.965958,0.97833,0.975447,0.965238],[0.982122,0.982119,0.958482,0.946502,0.939467,0.947388,0.924063,0.951255,0.991048,0.975569,0.967694,0.939164,0.95058,0.956724,0.910423,0.960654,0.951059,0.9474,0.968468,0.973935,0.962633,1.0,0.949508,0.933913,0.9605,0.964275,0.983701,0.965948,0.966266,0.942791],[0.951216,0.958796,0.922586,0.917664,0.903678,0.923724,0.893876,0.91778,0.95004,0.952376,0.951777,0.929614,0.932602,0.92399,0.886333,0.934083,0.924421,0.919169,0.953802,0.937777,0.92888,0.949508,1.0,0.907891,0.936609,0.943317,0.953691,0.937858,0.937782,0.90184],[0.947662,0.939501,0.969467,0.966488,0.95917,0.964557,0.958541,0.969817,0.935207,0.937495,0.936006,0.947002,0.972621,0.967908,0.951286,0.965937,0.977959,0.972577,0.944288,0.944966,0.959895,0.933913,0.907891,1.0,0.962472,0.951426,0.946556,0.957885,0.959856,0.963673],[0.963052,0.973019,0.961252,0.958295,0.951147,0.975688,0.945816,0.961294,0.965859,0.970772,0.96897,0.949271,0.977494,0.966179,0.941811,0.964926,0.970412,0.974517,0.958979,0.965267,0.969197,0.9605,0.936609,0.962472,1.0,0.956786,0.966283,0.962267,0.974681,0.959168],[0.977953,0.964328,0.961072,0.953817,0.942951,0.961063,0.924212,0.962706,0.969009,0.957791,0.957226,0.939743,0.958154,0.958955,0.925076,0.95872,0.966723,0.965218,0.976611,0.959205,0.962909,0.964275,0.943317,0.951426,0.956786,1.0,0.962459,0.968436,0.958718,0.950733],[0.980368,0.98254,0.962974,0.953503,0.943797,0.951764,0.931775,0.958227,0.982698,0.982971,0.975025,0.949921,0.961003,0.961222,0.920409,0.971569,0.961758,0.95172,0.967961,0.981255,0.965958,0.983701,0.953691,0.946556,0.966283,0.962459,1.0,0.967937,0.974709,0.940809],[0.976443,0.965997,0.971665,0.959814,0.946153,0.96658,0.936998,0.974251,0.967471,0.967122,0.959409,0.951529,0.948418,0.965046,0.931146,0.971821,0.958129,0.964228,0.963429,0.972388,0.97833,0.965948,0.937858,0.957885,0.962267,0.968436,0.967937,1.0,0.979697,0.960997],[0.966668,0.971875,0.971282,0.970539,0.959476,0.95938,0.940682,0.974052,0.971614,0.976525,0.97042,