{"scene_id":"salinas-corrected","method":"cae_2d_8","n_seeds":7,"latent_dim":8,"samples_per_class":220,"ari_vs_gt_per_seed":[0.409464,0.397547,0.396422,0.395836,0.397815,0.396551,0.409227],"ari_vs_gt_summary":{"mean":0.400409,"std":0.005687,"min":0.395836,"max":0.409464},"seed_pair_ari":[[1.0,0.932492,0.940325,0.938419,0.848297,0.932749,0.979638],[0.932492,1.0,0.983904,0.977268,0.894881,0.98019,0.930052],[0.940325,0.983904,1.0,0.978325,0.884679,0.979839,0.931193],[0.938419,0.977268,0.978325,1.0,0.87898,0.978828,0.942843],[0.848297,0.894881,0.884679,0.87898,1.0,0.888972,0.847026],[0.932749,0.98019,0.979839,0.978828,0.888972,1.0,0.934612],[0.979638,0.930052,0.931193,0.942843,0.847026,0.934612,1.0]],"seed_pair_procrustes_dist":[[0.0,0.021838,0.033036,0.033485,0.020965,0.034638,0.032768],[0.021838,0.0,0.032472,0.032492,0.020101,0.038852,0.036391],[0.033036,0.032472,0.0,0.032009,0.02843,0.058821,0.054419],[0.033485,0.032492,0.032009,0.0,0.029956,0.049512,0.049322],[0.020965,0.020101,0.02843,0.029956,0.0,0.040579,0.035662],[0.034638,0.038852,0.058821,0.049512,0.040579,0.0,0.026461],[0.032768,0.036391,0.054419,0.049322,0.035662,0.026461,0.0]],"off_diagonal_summary":{"ari_mean":0.932548,"ari_min":0.847026,"ari_std":0.04293,"procrustes_mean":0.035343,"procrustes_max":0.058821},"framework_axis":"B-6 follow-up: deep-method seed stability for CAE-1D \u2014 pairwise cluster ARI + Procrustes between latent embeddings across N_SEEDS torch initialisations","generated_at":"2026-05-06T12:14:26Z","builder_version":"build_deep_seed_stability v0.1"}