{"scene_id":"salinas-corrected","method":"cae_1d_8","n_seeds":7,"latent_dim":8,"samples_per_class":220,"ari_vs_gt_per_seed":[0.54913,0.55845,0.542733,0.555387,0.557354,0.551604,0.543954],"ari_vs_gt_summary":{"mean":0.55123,"std":0.005814,"min":0.542733,"max":0.55845},"seed_pair_ari":[[1.0,0.886939,0.887896,0.898122,0.892108,0.890595,0.921573],[0.886939,1.0,0.840957,0.956633,0.948988,0.943167,0.86059],[0.887896,0.840957,1.0,0.86065,0.850422,0.837563,0.884352],[0.898122,0.956633,0.86065,1.0,0.975034,0.93902,0.859927],[0.892108,0.948988,0.850422,0.975034,1.0,0.93013,0.848449],[0.890595,0.943167,0.837563,0.93902,0.93013,1.0,0.863167],[0.921573,0.86059,0.884352,0.859927,0.848449,0.863167,1.0]],"seed_pair_procrustes_dist":[[0.0,0.065507,0.053242,0.128431,0.103316,0.078367,0.108837],[0.065507,0.0,0.044319,0.170265,0.149711,0.112641,0.151389],[0.053242,0.044319,0.0,0.162092,0.139425,0.114576,0.14379],[0.128431,0.170265,0.162092,0.0,0.03953,0.077299,0.037103],[0.103316,0.149711,0.139425,0.03953,0.0,0.061011,0.038949],[0.078367,0.112641,0.114576,0.077299,0.061011,0.0,0.060122],[0.108837,0.151389,0.14379,0.037103,0.038949,0.060122,0.0]],"off_diagonal_summary":{"ari_mean":0.894109,"ari_min":0.837563,"ari_std":0.04056,"procrustes_mean":0.097139,"procrustes_max":0.170265},"framework_axis":"B-6 follow-up: deep-method seed stability for CAE-1D \u2014 pairwise cluster ARI + Procrustes between latent embeddings across N_SEEDS torch initialisations","generated_at":"2026-05-06T10:59:32Z","builder_version":"build_deep_seed_stability v0.1"}