{"subset_code":"MINERAL1","mask_id":"vnir","mask_label":"VNIR-only (400-1100 nm)","mask_description":"Visible + near-infrared only. Auto-skipped for HIDSAG swir_low modality (no VNIR bands).","modality":"swir_low","topic_count":6,"document_count":99,"vocabulary_size":18,"n_bands_full":268,"n_bands_kept":18,"kept_band_indices":[0,1,2,3,4,5,6,7,8,9,10,11,12,13,14,15,16,17],"wavelengths_nm_kept_first_last":[1000.21,1096.4],"wavelengths_nm_kept":[1000.21,1005.87,1011.53,1017.19,1022.85,1028.51,1034.17,1039.83,1045.48,1051.14,1056.8,1062.46,1068.12,1073.77,1079.43,1085.09,1090.75,1096.4],"topic_prevalence":[0.239493,0.023479,0.335912,0.023357,0.029267,0.348493],"topic_distance_cosine":[[0.0,0.017473,0.019261,0.024203,0.289691,0.017908],[0.017473,0.0,0.014463,0.025553,0.315441,0.012091],[0.019261,0.014463,0.0,0.022648,0.348319,0.010764],[0.024203,0.025553,0.022648,0.0,0.275467,0.018973],[0.289691,0.315441,0.348319,0.275467,0.0,0.311884],[0.017908,0.012091,0.010764,0.018973,0.311884,0.0]],"top_words_per_topic_lambda_05":[["swir_1068nm","swir_1000nm","swir_1023nm","swir_1040nm","swir_1012nm","swir_1045nm","swir_1029nm","swir_1006nm","swir_1017nm","swir_1062nm","swir_1085nm","swir_1074nm","swir_1079nm","swir_1034nm","swir_1091nm"],["swir_1091nm","swir_1012nm","swir_1062nm","swir_1085nm","swir_1096nm","swir_1068nm","swir_1000nm","swir_1045nm","swir_1074nm","swir_1040nm","swir_1079nm","swir_1029nm","swir_1034nm","swir_1057nm","swir_1051nm"],["swir_1051nm","swir_1029nm","swir_1091nm","swir_1074nm","swir_1045nm","swir_1057nm","swir_1012nm","swir_1023nm","swir_1096nm","swir_1017nm","swir_1034nm","swir_1079nm","swir_1068nm","swir_1062nm","swir_1006nm"],["swir_1085nm","swir_1006nm","swir_1000nm","swir_1079nm","swir_1074nm","swir_1045nm","swir_1057nm","swir_1029nm","swir_1091nm","swir_1051nm","swir_1096nm","swir_1062nm","swir_1023nm","swir_1017nm","swir_1012nm"],["swir_1000nm","swir_1006nm","swir_1012nm","swir_1051nm","swir_1068nm","swir_1096nm","swir_1091nm","swir_1085nm","swir_1040nm","swir_1062nm","swir_1045nm","swir_1029nm","swir_1057nm","swir_1074nm","swir_1079nm"],["swir_1034nm","swir_1096nm","swir_1057nm","swir_1079nm","swir_1085nm","swir_1062nm","swir_1000nm","swir_1040nm","swir_1051nm","swir_1006nm","swir_1017nm","swir_1091nm","swir_1012nm","swir_1068nm","swir_1074nm"]],"p_covariate_given_topic_dominant":[[{"covariate":"P2","count":11,"p":0.9166666666666666},{"covariate":"P3","count":1,"p":0.08333333333333333},{"covariate":"P1","count":0,"p":0.0}],[],[{"covariate":"P3","count":11,"p":0.44},{"covariate":"P1","count":7,"p":0.28},{"covariate":"P2","count":7,"p":0.28}],[],[{"covariate":"P2","count":1,"p":0.5},{"covariate":"P3","count":1,"p":0.5},{"covariate":"P1","count":0,"p":0.0}],[{"covariate":"P1","count":26,"p":0.43333333333333335},{"covariate":"P3","count":20,"p":0.3333333333333333},{"covariate":"P2","count":14,"p":0.23333333333333334}]],"docs_per_topic_dominant":[12,0,25,0,2,60],"perplexity_train":20.018879674580642,"mean_confidence":0.36455851793289185,"doc_names":["M1-0001__m0__01","M1-0002__m0__01","M1-0003__m0__01","M1-0004__m0__01","M1-0005__m0__01","M1-0006__m0__01","M1-0007__m0__01","M1-0008__m0__01","M1-0009__m0__01","M1-0010__m0__01","M1-0011__m0__01","M1-0012__m0__01","M1-0013__m0__01","M1-0014__m0__01","M1-0015__m0__01","M1-0016__m0__01","M1-0017__m0__01","M1-0018__m0__01","M1-0019__m0__01","M1-0020__m0__01","M1-0021__m0__01","M1-0022__m0__01","M1-0023__m0__01","M1-0024__m0__01","M1-0025__m0__01","M1-0026__m0__01","M1-0027__m0__01","M1-0028__m0__01","M1-0029__m0__01","M1-0030__m0__01","M1-0031__m0__01","M1-0032__m0__01","M1-0033__m0__01","M1-0034__m0__01","M1-0035__m0__01","M1-0036__m0__01","M1-0037__m0__01","M1-0038__m0__01","M1-0039__m0__01","M1-0040__m0__01","M1-0041__m0__01","M1-0042__m0__01","M1-0043__m0__01","M1-0044__m0__01","M1-0045__m0__01","M1-0046__m0__01","M1-0047__m0__01","M1-0048__m0__01","M1-0049__m0__01","M1-0050__m0__01","M1-0051__m0__01","M1-0052__m0__01","M1-0053__m0__01","M1-0054__m0__01","M1-0055__m0__01","M1-0056__m0__01","M1-0057__m0__01","M1-0058__m0__01","M1-0059__m0__01","M1-0060__m0__01","M1-0061__m0__01","M1-0062__m0__01","M1-0063__m0__01","M1-0064__m0__01","M1-0065__m0__01","M1-0066__m0__01","M1-0067__m0__01","M1-0068__m0__01","M1-0069__m0__01","M1-0070__m0__01","M1-0071__m0__01","M1-0072__m0__01","M1-0073__m0__01","M1-0074__m0__01","M1-0075__m0__01","M1-0076__m0__01","M1-0077__m0__01","M1-0078__m0__01","M1-0079__m0__01","M1-0080__m0__01","M1-0081__m0__01","M1-0082__m0__01","M1-0083__m0__01","M1-0084__m0__01","M1-0085__m0__01","M1-0086__m0__01","M1-0087__m0__01","M1-0088__m0__01","M1-0089__m0__01","M1-0090__m0__01","M1-0091__m0__01","M1-0092__m0__01","M1-0093__m0__01","M1-0094__m0__01","M1-0095__m0__01","M1-0096__m0__01","M1-0097__m0__01","M1-0098__m0__01","M1-0099__m0__01"],"sample_names":["M1-0001","M1-0002","M1-0003","M1-0004","M1-0005","M1-0006","M1-0007","M1-0008","M1-0009","M1-0010","M1-0011","M1-0012","M1-0013","M1-0014","M1-0015","M1-0016","M1-0017","M1-0018","M1-0019","M1-0020","M1-0021","M1-0022","M1-0023","M1-0024","M1-0025","M1-0026","M1-0027","M1-0028","M1-0029","M1-0030","M1-0031","M1-0032","M1-0033","M1-0034","M1-0035","M1-0036","M1-0037","M1-0038","M1-0039","M1-0040","M1-0041","M1-0042","M1-0043","M1-0044","M1-0045","M1-0046","M1-0047","M1-0048","M1-0049","M1-0050","M1-0051","M1-0052","M1-0053","M1-0054","M1-0055","M1-0056","M1-0057","M1-0058","M1-0059","M1-0060","M1-0061","M1-0062","M1-0063","M1-0064","M1-0065","M1-0066","M1-0067","M1-0068","M1-0069","M1-0070","M1-0071","M1-0072","M1-0073","M1-0074","M1-0075","M1-0076","M1-0077","M1-0078","M1-0079","M1-0080","M1-0081","M1-0082","M1-0083","M1-0084","M1-0085","M1-0086","M1-0087","M1-0088","M1-0089","M1-0090","M1-0091","M1-0092","M1-0093","M1-0094","M1-0095","M1-0096","M1-0097","M1-0098","M1-0099"],"covariates":["P1","P2","P3","P1","P2","P3","P1","P2","P3","P1","P2","P3","P1","P2","P3","P1","P2","P3","P1","P2","P3","P1","P2","P3","P1","P2","P3","P1","P2","P3","P1","P2","P3","P1","P2","P3","P1","P2","P3","P1","P2","P3","P1","P2","P3","P1","P2","P3","P1","P2","P3","P1","P2","P3","P1","P2","P3","P1","P2","P3","P1","P2","P3","P1","P2","P3","P1","P2","P3","P1","P2","P3","P1","P2","P3","P1","P2","P3","P1","P2","P3","P1","P2","P3","P1","P2","P3","P1","P2","P3","P1","P2","P3","P1","P2","P3","P1","P2","P3"],