{"scene_id":"indian-pines-corrected","mask_id":"vnir","mask_label":"VNIR-only (400-1100 nm)","mask_description":"Visible + near-infrared bands only. Removes SWIR signal so topics can only express visible-light + chlorophyll-region absorption.","spatial_shape":[145,145],"topic_count":12,"document_count":2812,"vocabulary_size":67,"n_bands_full":200,"n_bands_kept":67,"kept_band_indices":[0,1,2,3,4,5,6,7,8,9,10,11,12,13,14,15,16,17,18,19,20,21,22,23,24,25,26,27,28,29,30,31,32,33,34,35,36,37,38,39,40,41,42,43,44,45,46,47,48,49,50,51,52,53,54,55,56,57,58,59,60,61,62,63,64,65,66],"wavelengths_nm_kept_first_last":[400.0,1096.482421875],"wavelengths_nm_kept":[400.0,410.55,421.11,431.66,442.21,452.76,463.32,473.87,484.42,494.97,505.53,516.08,526.63,537.19,547.74,558.29,568.84,579.4,589.95,600.5,611.06,621.61,632.16,642.71,653.27,663.82,674.37,684.92,695.48,706.03,716.58,727.14,737.69,748.24,758.79,769.35,779.9,790.45,801.01,811.56,822.11,832.66,843.22,853.77,864.32,874.87,885.43,895.98,906.53,917.09,927.64,938.19,948.74,959.3,969.85,980.4,990.95,1001.51,1012.06,1022.61,1033.17,1043.72,1054.27,1064.82,1075.38,1085.93,1096.48],"topic_prevalence":[0.05102,0.047156,0.077271,0.055054,0.053712,0.065978,0.3109,0.062367,0.081603,0.087937,0.052275,0.054727],"topic_distance_cosine":[[0.0,0.032307,0.14962,0.058267,0.062102,0.112941,0.26782,0.064446,0.095747,0.090034,0.051821,0.047832],[0.032307,0.0,0.139305,0.068051,0.055238,0.112231,0.269097,0.056484,0.070931,0.097573,0.050335,0.058859],[0.14962,0.139305,0.0,0.178487,0.182598,0.201246,0.195462,0.119978,0.155732,0.116442,0.184389,0.2042],[0.058267,0.068051,0.178487,0.0,0.055466,0.119512,0.275064,0.09061,0.103109,0.115862,0.055426,0.046614],[0.062102,0.055238,0.182598,0.055466,0.0,0.057987,0.335655,0.088881,0.100651,0.13008,0.060852,0.028115],[0.112941,0.112231,0.201246,0.119512,0.057987,0.0,0.493686,0.16625,0.159354,0.215565,0.108412,0.054436],[0.26782,0.269097,0.195462,0.275064,0.335655,0.493686,0.0,0.169718,0.209154,0.131832,0.297779,0.369464],[0.064446,0.056484,0.119978,0.09061,0.088881,0.16625,0.169718,0.0,0.063491,0.064662,0.103468,0.104086],[0.095747,0.070931,0.155732,0.103109,0.100651,0.159354,0.209154,0.063491,0.0,0.086267,0.091346,0.116481],[0.090034,0.097573,0.116442,0.115862,0.13008,0.215565,0.131832,0.064662,0.086267,0.0,0.130573,0.149787],[0.051821,0.050335,0.184389,0.055426,0.060852,0.108412,0.297779,0.103468,0.091346,0.130573,0.0,0.054787],[0.047832,0.058859,0.2042,0.046614,0.028115,0.054436,0.369464,0.104086,0.116481,0.149787,0.054787,0.0]],"top_words_per_topic_lambda_05":[["0769nm","0643nm","0653nm","0759nm","0748nm","0664nm","0717nm","1023nm","0590nm","0706nm","1065nm","0738nm","0685nm","1075nm","0695nm"],["1054nm","0632nm","0643nm","1023nm","0706nm","1065nm","0738nm","0653nm","0579nm","1075nm","0769nm","0685nm","0717nm","0411nm","1044nm"],["0400nm","1023nm","1054nm","0527nm","1096nm","1065nm","1012nm","1075nm","1086nm","0411nm","1002nm","0769nm","1044nm","0569nm","0949nm"],["0674nm","0601nm","0717nm","0695nm","0622nm","0759nm","0780nm","1044nm","0685nm","0980nm","0727nm","0769nm","1075nm","0664nm","0896nm"],["0685nm","0611nm","0674nm","0622nm","0411nm","0695nm","0706nm","0632nm","0516nm","0991nm","0537nm","0664nm","0421nm","0601nm","0790nm"],["0411nm","0400nm","0590nm","0601nm","0611nm","0622nm","0706nm","0653nm","0695nm","0558nm","0569nm","0664nm","0643nm","0579nm","0516nm"],["1023nm","0991nm","1012nm","0907nm","1002nm","0928nm","0970nm","0812nm","0980nm","0833nm","0959nm","0885nm","0854nm","0822nm","0938nm"],["1033nm","1023nm","0411nm","1012nm","1075nm","1086nm","1054nm","1065nm","1002nm","0769nm","0717nm","1096nm","0833nm","0864nm","0917nm"],["1033nm","1023nm","1075nm","1065nm","0748nm","1054nm","1096nm","0611nm","0601nm","0759nm","1086nm","1044nm","0411nm","0769nm","1012nm"],["0411nm","0769nm","1044nm","1086nm","0527nm","1023nm","0759nm","0780nm","1096nm","0790nm","1012nm","1065nm","1054nm","0569nm","0980nm"],["0727nm","0706nm","0748nm","0622nm","0632nm","0643nm","0769nm","0601nm","0812nm","0738nm","0611nm","1044nm","1086nm","0759nm","1075nm"],["0695nm","0674nm","0748nm","0664nm","0685nm","0717nm","0653nm","0601nm","0738nm","0611nm","0727nm","0590nm","0706nm","0622nm","0780nm"]],"p_label_given_topic_dominant":[[{"label_id":1,"name":"Alfalfa","count":0,"p":0.0},{"label_id":2,"name":"Corn-notill","count":6,"p":0.057692307692307696},{"label_id":3,"name":"Corn-mintill","count":27,"p":0.25961538461538464},{"label_id":4,"name":"Corn","count":7,"p":0.0673076923076923},{"label_id":5,"name":"Grass-pasture","count":0,"p":0.0},{"label_id":6,"name":"Grass-trees","count":0,"p":0.0},{"label_id":7,"name":"Grass-pasture-mowed","count":0,"p":0.0},{"label_id":8,"name":"Hay-windrowed","count":0,"p":0.0},{"label_id":9,"name":"Oats","count":0,"p":0.0},{"label_id":10,"name":"Soybean-notill","count":6,"p":0.057692307692307696},{"label_id":11,"name":"Soybean-mintill","count":45,"p":0.4326923076923077},{"label_id":12,"name":"Soybean-clean","count":13,"p":0.125},{"label_id":13,"name":"Wheat","count":0,"p":0.0},{"label_id":14,"name":"Woods","count":0,"p":0.0},{"label_id":15,"name":"Buildings-Grass-Trees-Drives","count":0,"p":0.0},{"label_id":16,"name":"Stone-Steel-Towers","count":0,"p":0.0}],[{"label_id":1,"name":"Alfalfa","count":0,"p":0.0},{"label_id":2,"name":"Corn-notill","count":5,"p":0.1724137931034483},{"label_id":3,"name":"Corn-mintill","count":6,"p":0.20689655172413793},{"label_id":4,"name":"Corn","count":0,"p":0.0},{"label_id":5,"name":"Grass-pasture","count":0,"p":0.0},{"label_id":6,"name":"Grass-trees","count":0,"p":0.0},{"label_id":7,"name":"Grass-pasture-mowed","count":0,"p":0.0},{"label_id":8,"name":"Hay-windrowed","count":0,"p":0.0},{"label_id":9,"name":"Oats","count":0,"p":0.0},{"label_id":10,"name":"Soybean-notill","count":9,"p":0.3103448275862069},{"label_id":11,"name":"Soybean-mintill","count":9,"p":0.3103448275862069},{"label_id":12,"name":"Soybean-clean","count":0,"p":0.0},{"label_id":13,"name":"Wheat","count":0,"p":0.0},{"label_id":14,"name":"Woods","count":0,"p":0.0},{"label_id":15,"name":"Buildings-Grass-Trees-Drives","count":0,"p":0.0},{"label_id":16,"name":"Stone-Steel-Towers","count":0,"p":0.0}],[{"label_id":1,"name":"Alfalfa","count":0,"p":0.0},{"label_id":2,"name":"Corn-notill","count":31,"p":0.13247863247863248},{"label_id":3,"name":"Corn-mintill","count":58,"p":0.24786324786324787},{"label_id":4,"name":"Corn","count":34,"p":0.1452991452991453},{"label_id":5,"name":"Grass-pasture","count":3,"p":0.01282051282051282},{"label_id":6,"name":"Grass-trees","count":0,"p":0.0},{"label_id":7,"name":"Grass-pasture-mowed","count":1,"p":0.004273504273504274},{"label_id":8,"name":"Hay-windrowed","count":6,"p":0.02564102564102564},{"label_id":9,"name":"Oats","count":0,"p":0.0},{"label_id":10,"name":"Soybean-notill","count":25,"p":0.10683760683760683},{"label_id":11,"name":"Soybean-mintill","count":30,"p":0.1282051282051282},{"label_id":12,"name":"Soybean-clean","count":35,"p":0.14957264957264957},{"label_id":13,"name":"Wheat","count":8,"p":0.03418803418803419},{"label_id":14,"name":"Woods","count":0,"p":0.0},{"label_id":15,"name":"Buildings-Grass-Trees-Drives","count":3,"p":0.01282051282051282},{"label_id":16,"name":"Stone-Steel-Towers","count":0,"p":0.0}],[{"label_id":1,"name":"Alfalfa","count":0,"p":0.0},{"label_id":2,"name":"Corn-notill","count":9,"p":0.09278350515463918},{"label_id":3,"name":"Corn-mintill","count":35,"p":0.36082474226804123},{"label_id":4,"name":"Corn","count":3,"p":0.030927835051546393},{"label_id":5,"name":"Grass-pasture","count":0,"p":0.0},{"label_id":6,"name":"Grass-trees","count":0,"p":0.0},{"label_id":7,"name":"Grass-pasture-mowed","count":0,"p":0.0},{"label_id":8,"name":"Hay-windrowed","count":0,"p":0.0},{"label_id":9,"name":"Oats","count":0,"p":0.0},{"label_id":10,"name":"Soybean-notill","count":16,"p":0.16494845360824742},{"label_id":11,"name":"Soybean-mintill","count":28,"p":0.28865979381443296},{"label_id":12,"name":"Soybean-clean","count":6,