{"scene_id":"salinas-corrected","mask_id":"swir","mask_label":"SWIR-only (1100-2500 nm)","mask_description":"Shortwave-infrared bands only. Removes VNIR signal so topics can only express mineral / moisture absorption regions.","spatial_shape":[512,217],"topic_count":12,"document_count":3520,"vocabulary_size":136,"n_bands_full":204,"n_bands_kept":136,"kept_band_indices":[68,69,70,71,72,73,74,75,76,77,78,79,80,81,82,83,84,85,86,87,88,89,90,91,92,93,94,95,96,97,98,99,100,101,102,103,104,105,106,107,108,109,110,111,112,113,114,115,116,117,118,119,120,121,122,123,124,125,126,127,128,129,130,131,132,133,134,135,136,137,138,139,140,141,142,143,144,145,146,147,148,149,150,151,152,153,154,155,156,157,158,159,160,161,162,163,164,165,166,167,168,169,170,171,172,173,174,175,176,177,178,179,180,181,182,183,184,185,186,187,188,189,190,191,192,193,194,195,196,197,198,199,200,201,202,203],"wavelengths_nm_kept_first_last":[1103.4482421875,2500.0],"wavelengths_nm_kept":[1103.45,1113.79,1124.14,1134.48,1144.83,1155.17,1165.52,1175.86,1186.21,1196.55,1206.9,1217.24,1227.59,1237.93,1248.28,1258.62,1268.97,1279.31,1289.66,1300.0,1310.34,1320.69,1331.03,1341.38,1351.72,1362.07,1372.41,1382.76,1393.1,1403.45,1413.79,1424.14,1434.48,1444.83,1455.17,1465.52,1475.86,1486.21,1496.55,1506.9,1517.24,1527.59,1537.93,1548.28,1558.62,1568.97,1579.31,1589.66,1600.0,1610.34,1620.69,1631.03,1641.38,1651.72,1662.07,1672.41,1682.76,1693.1,1703.45,1713.79,1724.14,1734.48,1744.83,1755.17,1765.52,1775.86,1786.21,1796.55,1806.9,1817.24,1827.59,1837.93,1848.28,1858.62,1868.97,1879.31,1889.66,1900.0,1910.34,1920.69,1931.03,1941.38,1951.72,1962.07,1972.41,1982.76,1993.1,2003.45,2013.79,2024.14,2034.48,2044.83,2055.17,2065.52,2075.86,2086.21,2096.55,2106.9,2117.24,2127.59,2137.93,2148.28,2158.62,2168.97,2179.31,2189.66,2200.0,2210.34,2220.69,2231.03,2241.38,2251.72,2262.07,2272.41,2282.76,2293.1,2303.45,2313.79,2324.14,2334.48,2344.83,2355.17,2365.52,2375.86,2386.21,2396.55,2406.9,2417.24,2427.59,2437.93,2448.28,2458.62,2468.97,2479.31,2489.66,2500.0],"topic_prevalence":[0.028614,0.040976,0.04189,0.317998,0.157775,0.052796,0.04334,0.115408,0.070286,0.039931,0.040478,0.050508],"topic_distance_cosine":[[0.0,0.066472,0.079189,0.377691,0.281932,0.114283,0.079681,0.123016,0.089721,0.065812,0.068573,0.066166],[0.066472,0.0,0.029593,0.215134,0.145777,0.035358,0.027805,0.295854,0.243255,0.189264,0.030853,0.187767],[0.079189,0.029593,0.0,0.216062,0.139311,0.03247,0.030614,0.317225,0.273758,0.213396,0.023745,0.201186],[0.377691,0.215134,0.216062,0.0,0.028047,0.164455,0.201958,0.772325,0.619639,0.590428,0.224913,0.619012],[0.281932,0.145777,0.139311,0.028047,0.0,0.098513,0.130725,0.648513,0.522637,0.480149,0.144326,0.498619],[0.114283,0.035358,0.03247,0.164455,0.098513,0.0,0.030836,0.384091,0.326822,0.264791,0.033098,0.25598],[0.079681,0.027805,0.030614,0.201958,0.130725,0.030836,0.0,0.31915,0.26652,0.210922,0.029592,0.204543],[0.123016,0.295854,0.317225,0.772325,0.648513,0.384091,0.31915,0.0,0.027497,0.031499,0.292204,0.026414],[0.089721,0.243255,0.273758,0.619639,0.522637,0.326822,0.26652,0.027497,0.0,0.024997,0.246526,0.037975],[0.065812,0.189264,0.213396,0.590428,0.480149,0.264791,0.210922,0.031499,0.024997,0.0,0.194087,0.023016],[0.068573,0.030853,0.023745,0.224913,0.144326,0.033098,0.029592,0.292204,0.246526,0.194087,0.0,0.186157],[0.066166,0.187767,0.201186,0.619012,0.498619,0.25598,0.204543,0.026414,0.037975,0.023016,0.186157,0.0]],"top_words_per_topic_lambda_05":[["1228nm","1145nm","1403nm","1248nm","1259nm","1414nm","1310nm","1186nm","1155nm","1103nm","1445nm","1362nm","1238nm","1352nm","1134nm"],["1434nm","1352nm","1372nm","1269nm","1259nm","1290nm","1476nm","1466nm","1279nm","1310nm","1403nm","1414nm","1321nm","1693nm","1486nm"],["1486nm","1341nm","1466nm","1445nm","1755nm","1331nm","1362nm","1269nm","1279nm","1476nm","1383nm","1393nm","1817nm","1455nm","1414nm"],["2128nm","1993nm","2045nm","2034nm","1941nm","2438nm","2355nm","1983nm","2334nm","2159nm","2500nm","1952nm","2376nm","1931nm","2190nm"],["2003nm","2479nm","1786nm","1714nm","2386nm","2469nm","1848nm","2097nm","1838nm","2314nm","2179nm","2345nm","2262nm","2055nm","2014nm"],["1734nm","1476nm","1321nm","1403nm","1776nm","1424nm","1300nm","1724nm","1414nm","1331nm","1341nm","1517nm","1766nm","1662nm","1745nm"],["1300nm","1455nm","1372nm","1393nm","1383nm","1248nm","1310nm","1424nm","1269nm","1703nm","1528nm","1290nm","1321nm","1538nm","1890nm"],["1166nm","1176nm","1145nm","1197nm","1155nm","1124nm","1186nm","1114nm","1217nm","1134nm","1103nm","1207nm","1228nm","1238nm","1248nm"],["1166nm","1197nm","1186nm","1228nm","1207nm","1217nm","1155nm","1134nm","1124nm","1176nm","1114nm","1103nm","1145nm","1238nm","1248nm"],["1114nm","1176nm","1145nm","1103nm","1238nm","1197nm","1124nm","1217nm","1279nm","1207nm","1259nm","1352nm","1155nm","1166nm","1424nm"],["1497nm","1331nm","1486nm","1341nm","1238nm","1703nm","1259nm","1445nm","1434nm","1362nm","1321nm","1910nm","1455nm","1269nm","1424nm"],["1134nm","1186nm","1155nm","1166nm","1207nm","1124nm","1103nm","1197nm","1145nm","1228nm","1176nm","1290nm","1372nm","1269nm","1238nm"]],"p_label_given_topic_dominant":[[{"label_id":1,"name":"Brocoli_green_weeds_1","count":0,"p":0.0},{"label_id":2,"name":"Brocoli_green_weeds_2","count":0,"p":0.0},{"label_id":3,"name":"Fallow","count":0,"p":0.0},{"label_id":4,"name":"Fallow_rough_plow","count":0,"p":0.0},{"label_id":5,"name":"Fallow_smooth","count":0,"p":0.0},{"label_id":6,"name":"Stubble","count":0,"p":0.0},{"label_id":7,"name":"Celery","count":0,"p":0.0},{"label_id":8,"name":"Grapes_untrained","count":4,"p":0.4444444444444444},{"label_id":9,"name":"Soil_vinyard_develop","count":0,"p":0.0},{"label_id":10,"name":"Corn_senesced_green_weeds","count":0,"p":0.0},{"label_id":11,"name":"Lettuce_romaine_4wk","count":0,"p":0.0},{"label_id":12,"name":"Lettuce_romaine_5wk","count":0,"p":0.0},{"label_id":13,"name":"Lettuce_romaine_6wk","count":0,"p":0.0},{"label_id":14,"name":"Lettuce_romaine_7wk","count":0,"p":0.0},{"label_id":15,"name":"Vinyard_untrained","count":5,"p":0.5555555555555556},{"label_id":16,"name":"Vinyard_vertical_trellis","count":0,"p":0.0}],[{"label_id":1,"name":"Brocoli_green_weeds_1","count":0,"p":0.0},{"label_id":2,"name":"Brocoli_green_weeds_2","count":0,"p":0.0},{"label_id":3,"name":"Fallow","count":0,"p":0.0},{"label_id":4,"name":"Fallow_rough_plow","count":0,"p":0.0},{"label_id":5,"name":"Fallow_smooth","count":0,"p":0.0},{"label_id":6,"name":"Stubble","count":0,"p":0.0},{"label_id":7,"name":"Celery","count":0,"p":0.0},{"label_id":8,"name":"Grapes_untrained","count":2,"p":0.2857142857142857},{"label_id":9,"name":"Soil_vinyard_develop","count":0,"p":0.0},{"label_id":10,"name":"Corn_senesced_green_weeds","count":0,"p":0.0},{"label_id":11,"name":"Lettuce_romaine_4wk","count":0,"p":0.0},{"label_id":12,"name":"Lettuce_romaine_5wk","count":0,"p":0.0},{"label_id":13,"name":"Lettuce_romaine_6wk","count":0,"p":0.0},{"label_id":14,"name":"Lettuce_romaine_7wk","count":0,"p":0.0},{"label_id":15,"name":"Vinyard_untrained","count":5,"p":0.7142857142857143},{"label_id":16,"name":"Vinyard_vertical_trellis","count":0,"p":0.0}],[{"label_id":1,"name":"Brocoli_green_weeds_1","count":0,"p":0.0},{"label_id":2,"name":"Brocoli_green_weeds_2","count":0,"p":0.0},{"label_id":3,"name":"Fallow","count":0,"p":0.0},{"label_id":4,"name":"Fallow_rough_plow","count":0,"p":0.0},{"label_id":5,"name":"Fallow_smooth","count":0,"p":0.0},{"label_id":6,"name":"Stubble","count":110,"p":0.9821428571428571},{"label_id":7,"name":"Celery","count":0,"p":0.0},{"label_id":8,"name":"Grapes_untrained","count":0,"p":0.0},{"label_id":9,"name":"Soil_vinyard_develop","count":0,"p":0.0},{"label_id":10,"name":"Corn_senesced_green_weeds","count":0,"p":0.0},{"label_id":11,"name":"Lettuce_romaine_4wk","count":0,"p":0.0},{"label_id":12,"name":"Lettuce_romaine_5wk","count":0,"p":0.0},{"label_id":13,"name":"Lettuce_romaine_6wk","count":0,"p":0.0},{"label_id":14,"name":"Lettuce_romaine_7wk","count":0,