{"scene_id":"botswana","method":"dense_ae_8","n_seeds":15,"latent_dim":8,"samples_per_class":220,"ari_vs_gt_per_seed":[0.368014,0.299605,0.172943,0.309701,0.376207,0.31389,0.194346,0.390807,0.367811,0.289497,0.360255,0.310192,0.406264,0.355528,0.379277],"ari_vs_gt_summary":{"mean":0.326289,"std":0.065833,"min":0.172943,"max":0.406264},"seed_pair_ari":[[1.0,0.425597,0.271745,0.501368,0.595844,0.481913,0.271709,0.618871,0.588283,0.442699,0.582816,0.483843,0.698656,0.586453,0.597241],[0.425597,1.0,0.465577,0.655694,0.48026,0.656906,0.450398,0.45334,0.516103,0.615123,0.507684,0.648103,0.477554,0.492256,0.467582],[0.271745,0.465577,1.0,0.457579,0.350581,0.465476,0.63847,0.321807,0.342695,0.457275,0.350754,0.428379,0.321603,0.362807,0.334832],[0.501368,0.655694,0.457579,1.0,0.567719,0.799357,0.435902,0.537419,0.607885,0.70731,0.610808,0.756567,0.5613,0.623418,0.54518],[0.595844,0.48026,0.350581,0.567719,1.0,0.57573,0.363386,0.784147,0.661286,0.53343,0.561324,0.532527,0.741696,0.565448,0.858948],[0.481913,0.656906,0.465476,0.799357,0.57573,1.0,0.461827,0.526875,0.60343,0.71621,0.596293,0.742622,0.56059,0.605006,0.544059],[0.271709,0.450398,0.63847,0.435902,0.363386,0.461827,1.0,0.330765,0.359901,0.465017,0.359797,0.43457,0.33449,0.367637,0.345178],[0.618871,0.45334,0.321807,0.537419,0.784147,0.526875,0.330765,1.0,0.619153,0.476967,0.558447,0.495827,0.778517,0.568966,0.831909],[0.588283,0.516103,0.342695,0.607885,0.661286,0.60343,0.359901,0.619153,1.0,0.505979,0.697904,0.535472,0.693956,0.725084,0.63271],[0.442699,0.615123,0.457275,0.70731,0.53343,0.71621,0.465017,0.476967,0.505979,1.0,0.536717,0.743389,0.509251,0.526104,0.503933],[0.582816,0.507684,0.350754,0.610808,0.561324,0.596293,0.359797,0.558447,0.697904,0.536717,1.0,0.585531,0.600812,0.84664,0.559892],[0.483843,0.648103,0.428379,0.756567,0.532527,0.742622,0.43457,0.495827,0.535472,0.743389,0.585531,1.0,0.52892,0.555948,0.519049],[0.698656,0.477554,0.321603,0.5613,0.741696,0.56059,0.33449,0.778517,0.693956,0.509251,0.600812,0.52892,1.0,0.62035,0.736197],[0.586453,0.492256,0.362807,0.623418,0.565448,0.605006,0.367637,0.568966,0.725084,0.526104,0.84664,0.555948,0.62035,1.0,0.562487],[0.597241,0.467582,0.334832,0.54518,0.858948,0.544059,0.345178,0.831909,0.63271,0.503933,0.559892,0.519049,0.736197,0.562487,1.0]],"seed_pair_procrustes_dist":[[0.0,0.752078,0.869171,0.425308,0.349327,0.59296,0.676349,0.267755,0.316243,0.582333,0.205723,0.344731,0.568528,0.306768,0.395304],[0.752078,0.0,0.106746,0.234178,0.314021,0.132848,0.131347,0.375641,0.322379,0.142936,0.396524,0.325023,0.25343,0.296468,0.309089],[0.869171,0.106746,0.0,0.283201,0.37637,0.188935,0.144638,0.437201,0.385992,0.19248,0.440596,0.362428,0.322302,0.356128,0.378029],[0.425308,0.234178,0.283201,0.0,0.178201,0.163531,0.213898,0.243176,0.192488,0.147818,0.220965,0.129758,0.322002,0.136938,0.232862],[0.349327,0.314021,0.37637,0.178201,0.0,0.283249,0.363661,0.11058,0.077547,0.277022,0.218223,0.211118,0.323071,0.117629,0.118524],[0.59296,0.132848,0.188935,0.163531,0.283249,0.0,0.107228,0.311469,0.25275,0.066761,0.321969,0.240739,0.261383,0.220341,0.253707],[0.676349,0.131347,0.144638,0.213898,0.363661,0.107228,0.0,0.372484,0.318206,0.09534,0.362577,0.265306,0.32864,0.282807,0.325933],[0.267755,0.375641,0.437201,0.243176,0.11058,0.311469,0.372484,0.0,0.099749,0.384282,0.211934,0.259294,0.373401,0.1566,0.156174],[0.316243,0.322379,0.385992,0.192488,0.077547,0.25275,0.318206,0.099749,0.0,0.291895,0.209346,0.222884,0.294177,0.096961,0.108511],[0.582333,0.142936,0.19248,0.147818,0.277022,0.066761,0.09534,0.384282,0.291895,0.0,0.314039,0.228143,0.279775,0.217474,0.259473],[0.205723,0.396524,0.440596,0.220965,0.218223,0.321969,0.362577,0.211934,0.209346,0.314039,0.0,0.161661,0.53913,0.21527,0.352058],[0.344731,0.325023,0.362428,0.129758,0.211118,0.240739,0.265306,0.259294,0.222884,0.228143,0.161661,0.0,0.477984,0.194411,0.327159],[0.568528,0.25343,0.322302,0.322002,0.323071,0.261383,0.32864,0.373401,0.294177,0.279775,0.53913,0.477984,0.0,0.222127,0.186648],[0.306768,0.296468,0.356128,0.136938,0.117629,0.220341,0.282807,0.1566,0.096961,0.217474,0.21527,0.194411,0.222127,0.0,0.149707],[0.395304,0.309089,0.378029,0.232862,0.118524,0.253707,0.325933,0.156174,0.108511,0.259473,0.352058,0.327159,0.186648,0.149707,0.0]],"off_diagonal_summary":{"ari_mean":0.544829,"ari_min":0.271709,"ari_std":0.131085,"procrustes_mean":0.281159,"procrustes_max":0.869171},"framework_axis":"B-6 follow-up: classical-method seed stability (sklearn) \u2014 pairwise cluster ARI + Procrustes between latents across N_SEEDS sklearn random_state seeds","generated_at":"2026-05-07T05:35:53Z","builder_version":"build_classical_seed_stability v0.1"}