{"scene_id":"botswana","method":"nmf_8","n_seeds":15,"latent_dim":8,"samples_per_class":220,"ari_vs_gt_per_seed":[0.46877,0.383107,0.398061,0.447313,0.393867,0.374867,0.460418,0.389079,0.423328,0.378909,0.384549,0.394169,0.38887,0.369737,0.37472],"ari_vs_gt_summary":{"mean":0.401984,"std":0.031174,"min":0.369737,"max":0.46877},"seed_pair_ari":[[1.0,0.568655,0.67083,0.658687,0.688766,0.567944,0.673121,0.594142,0.639172,0.570709,0.588808,0.611142,0.603373,0.564113,0.561005],[0.568655,1.0,0.656857,0.611332,0.69021,0.862305,0.639662,0.903416,0.664555,0.810908,0.9241,0.751536,0.616481,0.864754,0.866228],[0.67083,0.656857,1.0,0.691338,0.913617,0.63064,0.629917,0.690117,0.617227,0.677877,0.661377,0.656641,0.676463,0.657031,0.628876],[0.658687,0.611332,0.691338,1.0,0.678293,0.592686,0.798646,0.624633,0.655288,0.610138,0.618867,0.733497,0.842027,0.599975,0.599576],[0.688766,0.69021,0.913617,0.678293,1.0,0.661677,0.618777,0.723204,0.640231,0.706165,0.694778,0.68195,0.69707,0.686642,0.659406],[0.567944,0.862305,0.63064,0.592686,0.661677,1.0,0.624054,0.843455,0.699357,0.878263,0.894447,0.706773,0.632874,0.896567,0.8487],[0.673121,0.639662,0.629917,0.798646,0.618777,0.624054,1.0,0.646542,0.807601,0.619788,0.665733,0.706537,0.728582,0.602503,0.664255],[0.594142,0.903416,0.690117,0.624633,0.723204,0.843455,0.646542,1.0,0.674406,0.866513,0.928138,0.771279,0.630772,0.843923,0.853617],[0.639172,0.664555,0.617227,0.655288,0.640231,0.699357,0.807601,0.674406,1.0,0.705627,0.69215,0.717833,0.683153,0.657284,0.676018],[0.570709,0.810908,0.677877,0.610138,0.706165,0.878263,0.619788,0.866513,0.705627,1.0,0.817094,0.718771,0.640848,0.86136,0.773256],[0.588808,0.9241,0.661377,0.618867,0.694778,0.894447,0.665733,0.928138,0.69215,0.817094,1.0,0.773341,0.625697,0.852608,0.90881],[0.611142,0.751536,0.656641,0.733497,0.68195,0.706773,0.706537,0.771279,0.717833,0.718771,0.773341,1.0,0.74496,0.718559,0.740606],[0.603373,0.616481,0.676463,0.842027,0.69707,0.632874,0.728582,0.630772,0.683153,0.640848,0.625697,0.74496,1.0,0.669888,0.618062],[0.564113,0.864754,0.657031,0.599975,0.686642,0.896567,0.602503,0.843923,0.657284,0.86136,0.852608,0.718559,0.669888,1.0,0.817307],[0.561005,0.866228,0.628876,0.599576,0.659406,0.8487,0.664255,0.853617,0.676018,0.773256,0.90881,0.740606,0.618062,0.817307,1.0]],"seed_pair_procrustes_dist":[[0.0,0.18705,0.127565,0.145098,0.11804,0.156666,0.139935,0.149138,0.120886,0.15522,0.147288,0.163488,0.171516,0.190525,0.18028],[0.18705,0.0,0.072114,0.050244,0.081493,0.035447,0.056591,0.050848,0.077465,0.050311,0.046988,0.038515,0.026759,0.020169,0.020633],[0.127565,0.072114,0.0,0.022638,0.011123,0.036936,0.015818,0.026826,0.010991,0.033518,0.025848,0.042004,0.050632,0.071966,0.060122],[0.145098,0.050244,0.022638,0.0,0.03203,0.015406,0.007151,0.012177,0.028593,0.021516,0.00407,0.023333,0.030059,0.051405,0.039473],[0.11804,0.081493,0.011123,0.03203,0.0,0.045263,0.025291,0.036935,0.005557,0.044067,0.034283,0.052171,0.060496,0.081668,0.06988],[0.156666,0.035447,0.036936,0.015406,0.045263,0.0,0.022126,0.021294,0.042093,0.027168,0.011856,0.020943,0.020952,0.040169,0.028786],[0.139935,0.056591,0.015818,0.007151,0.025291,0.022126,0.0,0.013863,0.022788,0.022546,0.010687,0.027874,0.0357,0.057164,0.045244],[0.149138,0.050848,0.026826,0.012177,0.036935,0.021294,0.013863,0.0,0.035695,0.010683,0.014689,0.016016,0.026324,0.047755,0.036166],[0.120886,0.077465,0.010991,0.028593,0.005557,0.042093,0.022788,0.035695,0.0,0.042972,0.030568,0.049882,0.057591,0.07867,0.066866],[0.15522,0.050311,0.033518,0.021516,0.044067,0.027168,0.022546,0.010683,0.042972,0.0,0.023499,0.013746,0.024569,0.044381,0.033475],[0.147288,0.046988,0.025848,0.00407,0.034283,0.011856,0.010687,0.014689,0.030568,0.023499,0.0,0.023115,0.028341,0.049277,0.037418],[0.163488,0.038515,0.042004,0.023333,0.052171,0.020943,0.027874,0.016016,0.049882,0.013746,0.023115,0.0,0.011991,0.032604,0.021389],[0.171516,0.026759,0.050632,0.030059,0.060496,0.020952,0.0357,0.026324,0.057591,0.024569,0.028341,0.011991,0.0,0.022117,0.0103],[0.190525,0.020169,0.071966,0.051405,0.081668,0.040169,0.057164,0.047755,0.07867,0.044381,0.049277,0.032604,0.022117,0.0,0.012615],[0.18028,0.020633,0.060122,0.039473,0.06988,0.028786,0.045244,0.036166,0.066866,0.033475,0.037418,0.021389,0.0103,0.012615,0.0]],"off_diagonal_summary":{"ari_mean":0.705956,"ari_min":0.561005,"ari_std":0.097642,"procrustes_mean":0.050319,"procrustes_max":0.190525},"framework_axis":"B-6 follow-up: classical-method seed stability (sklearn) \u2014 pairwise cluster ARI + Procrustes between latents across N_SEEDS sklearn random_state seeds","generated_at":"2026-05-07T05:33:59Z","builder_version":"build_classical_seed_stability v0.1"}