{"scene_id":"botswana","method":"ica_8","n_seeds":15,"latent_dim":8,"samples_per_class":220,"ari_vs_gt_per_seed":[0.59802,0.59802,0.59802,0.59802,0.59802,0.59802,0.59802,0.59802,0.59802,0.59802,0.59802,0.59802,0.59802,0.59802,0.59802],"ari_vs_gt_summary":{"mean":0.59802,"std":0.0,"min":0.59802,"max":0.59802},"seed_pair_ari":[[1.0,1.0,1.0,1.0,1.0,1.0,1.0,1.0,1.0,1.0,1.0,1.0,1.0,1.0,1.0],[1.0,1.0,1.0,1.0,1.0,1.0,1.0,1.0,1.0,1.0,1.0,1.0,1.0,1.0,1.0],[1.0,1.0,1.0,1.0,1.0,1.0,1.0,1.0,1.0,1.0,1.0,1.0,1.0,1.0,1.0],[1.0,1.0,1.0,1.0,1.0,1.0,1.0,1.0,1.0,1.0,1.0,1.0,1.0,1.0,1.0],[1.0,1.0,1.0,1.0,1.0,1.0,1.0,1.0,1.0,1.0,1.0,1.0,1.0,1.0,1.0],[1.0,1.0,1.0,1.0,1.0,1.0,1.0,1.0,1.0,1.0,1.0,1.0,1.0,1.0,1.0],[1.0,1.0,1.0,1.0,1.0,1.0,1.0,1.0,1.0,1.0,1.0,1.0,1.0,1.0,1.0],[1.0,1.0,1.0,1.0,1.0,1.0,1.0,1.0,1.0,1.0,1.0,1.0,1.0,1.0,1.0],[1.0,1.0,1.0,1.0,1.0,1.0,1.0,1.0,1.0,1.0,1.0,1.0,1.0,1.0,1.0],[1.0,1.0,1.0,1.0,1.0,1.0,1.0,1.0,1.0,1.0,1.0,1.0,1.0,1.0,1.0],[1.0,1.0,1.0,1.0,1.0,1.0,1.0,1.0,1.0,1.0,1.0,1.0,1.0,1.0,1.0],[1.0,1.0,1.0,1.0,1.0,1.0,1.0,1.0,1.0,1.0,1.0,1.0,1.0,1.0,1.0],[1.0,1.0,1.0,1.0,1.0,1.0,1.0,1.0,1.0,1.0,1.0,1.0,1.0,1.0,1.0],[1.0,1.0,1.0,1.0,1.0,1.0,1.0,1.0,1.0,1.0,1.0,1.0,1.0,1.0,1.0],[1.0,1.0,1.0,1.0,1.0,1.0,1.0,1.0,1.0,1.0,1.0,1.0,1.0,1.0,1.0]],"seed_pair_procrustes_dist":[[0.0,1e-06,1e-06,1e-06,1e-06,1e-06,1e-06,1e-06,1e-06,1e-06,1e-06,1e-06,1e-06,1e-06,1e-06],[1e-06,0.0,1e-06,1e-06,1e-06,1e-06,1e-06,1e-06,1e-06,1e-06,1e-06,1e-06,1e-06,1e-06,1e-06],[1e-06,1e-06,0.0,1e-06,1e-06,1e-06,1e-06,1e-06,1e-06,1e-06,1e-06,1e-06,1e-06,1e-06,1e-06],[1e-06,1e-06,1e-06,0.0,1e-06,1e-06,1e-06,1e-06,1e-06,1e-06,1e-06,1e-06,1e-06,1e-06,1e-06],[1e-06,1e-06,1e-06,1e-06,0.0,1e-06,1e-06,1e-06,1e-06,1e-06,1e-06,1e-06,2e-06,1e-06,1e-06],[1e-06,1e-06,1e-06,1e-06,1e-06,0.0,1e-06,1e-06,1e-06,1e-06,1e-06,1e-06,1e-06,1e-06,1e-06],[1e-06,1e-06,1e-06,1e-06,1e-06,1e-06,0.0,1e-06,1e-06,1e-06,1e-06,1e-06,1e-06,1e-06,1e-06],[1e-06,1e-06,1e-06,1e-06,1e-06,1e-06,1e-06,0.0,1e-06,1e-06,1e-06,1e-06,1e-06,1e-06,1e-06],[1e-06,1e-06,1e-06,1e-06,1e-06,1e-06,1e-06,1e-06,0.0,1e-06,1e-06,1e-06,1e-06,1e-06,1e-06],[1e-06,1e-06,1e-06,1e-06,1e-06,1e-06,1e-06,1e-06,1e-06,0.0,1e-06,1e-06,1e-06,1e-06,1e-06],[1e-06,1e-06,1e-06,1e-06,1e-06,1e-06,1e-06,1e-06,1e-06,1e-06,0.0,1e-06,1e-06,1e-06,1e-06],[1e-06,1e-06,1e-06,1e-06,1e-06,1e-06,1e-06,1e-06,1e-06,1e-06,1e-06,0.0,1e-06,1e-06,1e-06],[1e-06,1e-06,1e-06,1e-06,2e-06,1e-06,1e-06,1e-06,1e-06,1e-06,1e-06,1e-06,0.0,1e-06,1e-06],[1e-06,1e-06,1e-06,1e-06,1e-06,1e-06,1e-06,1e-06,1e-06,1e-06,1e-06,1e-06,1e-06,0.0,1e-06],[1e-06,1e-06,1e-06,1e-06,1e-06,1e-06,1e-06,1e-06,1e-06,1e-06,1e-06,1e-06,1e-06,1e-06,0.0]],"off_diagonal_summary":{"ari_mean":1.0,"ari_min":1.0,"ari_std":0.0,"procrustes_mean":1e-06,"procrustes_max":2e-06},"framework_axis":"B-6 follow-up: classical-method seed stability (sklearn) \u2014 pairwise cluster ARI + Procrustes between latents across N_SEEDS sklearn random_state seeds","generated_at":"2026-05-07T05:34:37Z","builder_version":"build_classical_seed_stability v0.1"}