{"scene_id":"botswana","method":"dense_ae_8","n_seeds":7,"latent_dim":8,"samples_per_class":220,"ari_vs_gt_per_seed":[0.368014,0.299605,0.172943,0.309701,0.376207,0.31389,0.194346],"ari_vs_gt_summary":{"mean":0.290672,"std":0.073112,"min":0.172943,"max":0.376207},"seed_pair_ari":[[1.0,0.425597,0.271745,0.501368,0.595844,0.481913,0.271709],[0.425597,1.0,0.465577,0.655694,0.48026,0.656906,0.450398],[0.271745,0.465577,1.0,0.457579,0.350581,0.465476,0.63847],[0.501368,0.655694,0.457579,1.0,0.567719,0.799357,0.435902],[0.595844,0.48026,0.350581,0.567719,1.0,0.57573,0.363386],[0.481913,0.656906,0.465476,0.799357,0.57573,1.0,0.461827],[0.271709,0.450398,0.63847,0.435902,0.363386,0.461827,1.0]],"seed_pair_procrustes_dist":[[0.0,0.752078,0.869171,0.425308,0.349327,0.59296,0.676349],[0.752078,0.0,0.106746,0.234178,0.314021,0.132848,0.131347],[0.869171,0.106746,0.0,0.283201,0.37637,0.188935,0.144638],[0.425308,0.234178,0.283201,0.0,0.178201,0.163531,0.213898],[0.349327,0.314021,0.37637,0.178201,0.0,0.283249,0.363661],[0.59296,0.132848,0.188935,0.163531,0.283249,0.0,0.107228],[0.676349,0.131347,0.144638,0.213898,0.363661,0.107228,0.0]],"off_diagonal_summary":{"ari_mean":0.493954,"ari_min":0.271709,"ari_std":0.127251,"procrustes_mean":0.327964,"procrustes_max":0.869171},"framework_axis":"B-6 follow-up: classical-method seed stability (sklearn) \u2014 pairwise cluster ARI + Procrustes between latents across N_SEEDS sklearn random_state seeds","generated_at":"2026-05-06T15:57:33Z","builder_version":"build_classical_seed_stability v0.1"}