{"scene_id":"botswana","method":"nmf_8","n_seeds":7,"latent_dim":8,"samples_per_class":220,"ari_vs_gt_per_seed":[0.46877,0.383107,0.398061,0.447313,0.393867,0.374867,0.460418],"ari_vs_gt_summary":{"mean":0.418058,"std":0.036438,"min":0.374867,"max":0.46877},"seed_pair_ari":[[1.0,0.568655,0.67083,0.658687,0.688766,0.567944,0.673121],[0.568655,1.0,0.656857,0.611332,0.69021,0.862305,0.639662],[0.67083,0.656857,1.0,0.691338,0.913617,0.63064,0.629917],[0.658687,0.611332,0.691338,1.0,0.678293,0.592686,0.798646],[0.688766,0.69021,0.913617,0.678293,1.0,0.661677,0.618777],[0.567944,0.862305,0.63064,0.592686,0.661677,1.0,0.624054],[0.673121,0.639662,0.629917,0.798646,0.618777,0.624054,1.0]],"seed_pair_procrustes_dist":[[0.0,0.18705,0.127565,0.145098,0.11804,0.156666,0.139935],[0.18705,0.0,0.072114,0.050244,0.081493,0.035447,0.056591],[0.127565,0.072114,0.0,0.022638,0.011123,0.036936,0.015818],[0.145098,0.050244,0.022638,0.0,0.03203,0.015406,0.007151],[0.11804,0.081493,0.011123,0.03203,0.0,0.045263,0.025291],[0.156666,0.035447,0.036936,0.015406,0.045263,0.0,0.022126],[0.139935,0.056591,0.015818,0.007151,0.025291,0.022126,0.0]],"off_diagonal_summary":{"ari_mean":0.672763,"ari_min":0.567944,"ari_std":0.085441,"procrustes_mean":0.066858,"procrustes_max":0.18705},"framework_axis":"B-6 follow-up: classical-method seed stability (sklearn) \u2014 pairwise cluster ARI + Procrustes between latents across N_SEEDS sklearn random_state seeds","generated_at":"2026-05-06T15:56:33Z","builder_version":"build_classical_seed_stability v0.1"}