{"scene_id":"indian-pines-corrected","method":"dense_ae_8","n_seeds":7,"latent_dim":8,"samples_per_class":220,"ari_vs_gt_per_seed":[0.289835,0.296455,0.294629,0.298849,0.276725,0.212042,0.283594],"ari_vs_gt_summary":{"mean":0.278876,"std":0.028208,"min":0.212042,"max":0.298849},"seed_pair_ari":[[1.0,0.652432,0.783513,0.681061,0.728785,0.449467,0.756575],[0.652432,1.0,0.700058,0.751034,0.717681,0.4637,0.712612],[0.783513,0.700058,1.0,0.743246,0.73909,0.462159,0.810121],[0.681061,0.751034,0.743246,1.0,0.681867,0.462775,0.673579],[0.728785,0.717681,0.73909,0.681867,1.0,0.484972,0.752636],[0.449467,0.4637,0.462159,0.462775,0.484972,1.0,0.471157],[0.756575,0.712612,0.810121,0.673579,0.752636,0.471157,1.0]],"seed_pair_procrustes_dist":[[0.0,0.250531,0.225993,0.233308,0.220534,0.352243,0.247992],[0.250531,0.0,0.07197,0.059258,0.10391,0.477331,0.076983],[0.225993,0.07197,0.0,0.060154,0.091044,0.443535,0.085196],[0.233308,0.059258,0.060154,0.0,0.102946,0.469343,0.079755],[0.220534,0.10391,0.091044,0.102946,0.0,0.372017,0.113567],[0.352243,0.477331,0.443535,0.469343,0.372017,0.0,0.368037],[0.247992,0.076983,0.085196,0.079755,0.113567,0.368037,0.0]],"off_diagonal_summary":{"ari_mean":0.651358,"ari_min":0.449467,"ari_std":0.122745,"procrustes_mean":0.214555,"procrustes_max":0.477331},"framework_axis":"B-6 follow-up: classical-method seed stability (sklearn) \u2014 pairwise cluster ARI + Procrustes between latents across N_SEEDS sklearn random_state seeds","generated_at":"2026-05-06T15:57:04Z","builder_version":"build_classical_seed_stability v0.1"}