{"scene_id":"indian-pines-corrected","method":"nmf_8","n_seeds":7,"latent_dim":8,"samples_per_class":220,"ari_vs_gt_per_seed":[0.307411,0.323877,0.316166,0.303885,0.290351,0.307837,0.308968],"ari_vs_gt_summary":{"mean":0.308357,"std":0.009618,"min":0.290351,"max":0.323877},"seed_pair_ari":[[1.0,0.750526,0.711785,0.820315,0.833877,0.822669,0.95798],[0.750526,1.0,0.897847,0.773198,0.761277,0.786919,0.727413],[0.711785,0.897847,1.0,0.726093,0.776969,0.736478,0.693649],[0.820315,0.773198,0.726093,1.0,0.855417,0.972379,0.796187],[0.833877,0.761277,0.776969,0.855417,1.0,0.854315,0.813641],[0.822669,0.786919,0.736478,0.972379,0.854315,1.0,0.799005],[0.95798,0.727413,0.693649,0.796187,0.813641,0.799005,1.0]],"seed_pair_procrustes_dist":[[0.0,0.002264,0.001522,0.00242,0.00301,0.001041,0.003962],[0.002264,0.0,0.002311,0.001866,0.002867,0.002799,0.005491],[0.001522,0.002311,0.0,0.001889,0.002272,0.001511,0.003755],[0.00242,0.001866,0.001889,0.0,0.001137,0.00235,0.005171],[0.00301,0.002867,0.002272,0.001137,0.0,0.002626,0.005179],[0.001041,0.002799,0.001511,0.00235,0.002626,0.0,0.003837],[0.003962,0.005491,0.003755,0.005171,0.005179,0.003837,0.0]],"off_diagonal_summary":{"ari_mean":0.803235,"ari_min":0.693649,"ari_std":0.072883,"procrustes_mean":0.002823,"procrustes_max":0.005491},"framework_axis":"B-6 follow-up: classical-method seed stability (sklearn) \u2014 pairwise cluster ARI + Procrustes between latents across N_SEEDS sklearn random_state seeds","generated_at":"2026-05-06T15:56:14Z","builder_version":"build_classical_seed_stability v0.1"}