{"scene_id":"indian-pines-corrected","method":"dense_ae_8","n_seeds":15,"latent_dim":8,"samples_per_class":220,"ari_vs_gt_per_seed":[0.289835,0.296455,0.294629,0.298849,0.276725,0.212042,0.283594,0.274651,0.292447,0.294794,0.287184,0.26595,0.287355,0.290177,0.29982],"ari_vs_gt_summary":{"mean":0.282967,"std":0.021053,"min":0.212042,"max":0.29982},"seed_pair_ari":[[1.0,0.652432,0.783513,0.681061,0.728785,0.449467,0.756575,0.709625,0.735706,0.692214,0.709586,0.508488,0.709988,0.649004,0.695458],[0.652432,1.0,0.700058,0.751034,0.717681,0.4637,0.712612,0.65688,0.702922,0.705246,0.717336,0.539534,0.707579,0.807448,0.682557],[0.783513,0.700058,1.0,0.743246,0.73909,0.462159,0.810121,0.719882,0.808239,0.751257,0.746079,0.524304,0.766021,0.708455,0.740514],[0.681061,0.751034,0.743246,1.0,0.681867,0.462775,0.673579,0.683744,0.736173,0.705073,0.702783,0.537735,0.677517,0.758291,0.671173],[0.728785,0.717681,0.73909,0.681867,1.0,0.484972,0.752636,0.698653,0.749375,0.773241,0.735181,0.555405,0.754216,0.746794,0.693708],[0.449467,0.4637,0.462159,0.462775,0.484972,1.0,0.471157,0.488559,0.499727,0.486413,0.469906,0.546533,0.496725,0.464712,0.477577],[0.756575,0.712612,0.810121,0.673579,0.752636,0.471157,1.0,0.683075,0.812106,0.728337,0.725492,0.548563,0.839279,0.712792,0.777461],[0.709625,0.65688,0.719882,0.683744,0.698653,0.488559,0.683075,1.0,0.736539,0.671067,0.668378,0.575826,0.688488,0.666508,0.654649],[0.735706,0.702922,0.808239,0.736173,0.749375,0.499727,0.812106,0.736539,1.0,0.769238,0.779815,0.560875,0.802082,0.734321,0.751343],[0.692214,0.705246,0.751257,0.705073,0.773241,0.486413,0.728337,0.671067,0.769238,1.0,0.762262,0.579042,0.761324,0.745561,0.741913],[0.709586,0.717336,0.746079,0.702783,0.735181,0.469906,0.725492,0.668378,0.779815,0.762262,1.0,0.530585,0.719205,0.721069,0.679919],[0.508488,0.539534,0.524304,0.537735,0.555405,0.546533,0.548563,0.575826,0.560875,0.579042,0.530585,1.0,0.575966,0.536554,0.556913],[0.709988,0.707579,0.766021,0.677517,0.754216,0.496725,0.839279,0.688488,0.802082,0.761324,0.719205,0.575966,1.0,0.702455,0.754432],[0.649004,0.807448,0.708455,0.758291,0.746794,0.464712,0.712792,0.666508,0.734321,0.745561,0.721069,0.536554,0.702455,1.0,0.676284],[0.695458,0.682557,0.740514,0.671173,0.693708,0.477577,0.777461,0.654649,0.751343,0.741913,0.679919,0.556913,0.754432,0.676284,1.0]],"seed_pair_procrustes_dist":[[0.0,0.250531,0.225993,0.233308,0.220534,0.352243,0.247992,0.372482,0.249798,0.21689,0.232578,0.30682,0.251813,0.294805,0.116143],[0.250531,0.0,0.07197,0.059258,0.10391,0.477331,0.076983,0.178001,0.088149,0.097637,0.073621,0.564482,0.075687,0.083204,0.313608],[0.225993,0.07197,0.0,0.060154,0.091044,0.443535,0.085196,0.202834,0.09006,0.095075,0.07043,0.522197,0.09268,0.111764,0.27854],[0.233308,0.059258,0.060154,0.0,0.102946,0.469343,0.079755,0.194902,0.096114,0.099693,0.070748,0.547883,0.09095,0.104301,0.290701],[0.220534,0.10391,0.091044,0.102946,0.0,0.372017,0.113567,0.226276,0.09176,0.074294,0.099796,0.454454,0.0864,0.135164,0.254608],[0.352243,0.477331,0.443535,0.469343,0.372017,0.0,0.368037,0.427867,0.329173,0.31926,0.354021,0.216806,0.339144,0.378642,0.335765],[0.247992,0.076983,0.085196,0.079755,0.113567,0.368037,0.0,0.187395,0.094221,0.104403,0.085537,0.566814,0.083108,0.097699,0.306227],[0.372482,0.178001,0.202834,0.194902,0.226276,0.427867,0.187395,0.0,0.227693,0.289071,0.245379,0.841212,0.23135,0.152136,0.562413],[0.249798,0.088149,0.09006,0.096114,0.09176,0.329173,0.094221,0.227693,0.0,0.090128,0.100769,0.528717,0.082285,0.09996,0.299288],[0.21689,0.097637,0.095075,0.099693,0.074294,0.31926,0.104403,0.289071,0.090128,0.0,0.094606,0.465032,0.067687,0.131231,0.238707],[0.232578,0.073621,0.07043,0.070748,0.099796,0.354021,0.085537,0.245379,0.100769,0.094606,0.0,0.535902,0.100201,0.112248,0.286155],[0.30682,0.564482,0.522197,0.547883,0.454454,0.216806,0.566814,0.841212,0.528717,0.465032,0.535902,0.0,0.355968,0.404458,0.250213],[0.251813,0.075687,0.09268,0.09095,0.0864,0.339144,0.083108,0.23135,0.082285,0.067687,0.100201,0.355968,0.0,0.100684,0.296419],[0.294805,0.083204,0.111764,0.104301,0.135164,0.378642,0.097699,0.152136,0.09996,0.131231,0.112248,0.404458,0.100684,0.0,0.389075],[0.116143,0.313608,0.27854,0.290701,0.254608,0.335765,0.306227,0.562413,0.299288,0.238707,0.286155,0.250213,0.296419,0.389075,0.0]],"off_diagonal_summary":{"ari_mean":0.670588,"ari_min":0.449467,"ari_std":0.101525,"procrustes_mean":0.230553,"procrustes_max":0.841212},"framework_axis":"B-6 follow-up: classical-method seed stability (sklearn) \u2014 pairwise cluster ARI + Procrustes between latents across N_SEEDS sklearn random_state seeds","generated_at":"2026-05-07T05:34:54Z","builder_version":"build_classical_seed_stability v0.1"}