{"scene_id":"indian-pines-corrected","method":"ica_8","n_seeds":15,"latent_dim":8,"samples_per_class":220,"ari_vs_gt_per_seed":[0.293197,0.293197,0.293197,0.293197,0.293197,0.293197,0.293197,0.293197,0.293197,0.293197,0.293197,0.293197,0.293197,0.293197,0.293197],"ari_vs_gt_summary":{"mean":0.293197,"std":0.0,"min":0.293197,"max":0.293197},"seed_pair_ari":[[1.0,1.0,1.0,1.0,1.0,1.0,1.0,1.0,1.0,1.0,1.0,1.0,1.0,1.0,1.0],[1.0,1.0,1.0,1.0,1.0,1.0,1.0,1.0,1.0,1.0,1.0,1.0,1.0,1.0,1.0],[1.0,1.0,1.0,1.0,1.0,1.0,1.0,1.0,1.0,1.0,1.0,1.0,1.0,1.0,1.0],[1.0,1.0,1.0,1.0,1.0,1.0,1.0,1.0,1.0,1.0,1.0,1.0,1.0,1.0,1.0],[1.0,1.0,1.0,1.0,1.0,1.0,1.0,1.0,1.0,1.0,1.0,1.0,1.0,1.0,1.0],[1.0,1.0,1.0,1.0,1.0,1.0,1.0,1.0,1.0,1.0,1.0,1.0,1.0,1.0,1.0],[1.0,1.0,1.0,1.0,1.0,1.0,1.0,1.0,1.0,1.0,1.0,1.0,1.0,1.0,1.0],[1.0,1.0,1.0,1.0,1.0,1.0,1.0,1.0,1.0,1.0,1.0,1.0,1.0,1.0,1.0],[1.0,1.0,1.0,1.0,1.0,1.0,1.0,1.0,1.0,1.0,1.0,1.0,1.0,1.0,1.0],[1.0,1.0,1.0,1.0,1.0,1.0,1.0,1.0,1.0,1.0,1.0,1.0,1.0,1.0,1.0],[1.0,1.0,1.0,1.0,1.0,1.0,1.0,1.0,1.0,1.0,1.0,1.0,1.0,1.0,1.0],[1.0,1.0,1.0,1.0,1.0,1.0,1.0,1.0,1.0,1.0,1.0,1.0,1.0,1.0,1.0],[1.0,1.0,1.0,1.0,1.0,1.0,1.0,1.0,1.0,1.0,1.0,1.0,1.0,1.0,1.0],[1.0,1.0,1.0,1.0,1.0,1.0,1.0,1.0,1.0,1.0,1.0,1.0,1.0,1.0,1.0],[1.0,1.0,1.0,1.0,1.0,1.0,1.0,1.0,1.0,1.0,1.0,1.0,1.0,1.0,1.0]],"seed_pair_procrustes_dist":[[0.0,1e-06,1e-06,5e-06,8e-06,1e-06,1e-06,0.000134,1e-06,1e-06,1e-06,1e-06,1e-06,1e-06,1e-06],[1e-06,0.0,1e-06,5e-06,8e-06,1e-06,1e-06,0.000134,1e-06,1e-06,1e-06,1e-06,1e-06,1e-06,1e-06],[1e-06,1e-06,0.0,5e-06,9e-06,1e-06,1e-06,0.000134,1e-06,1e-06,1e-06,1e-06,1e-06,1e-06,1e-06],[5e-06,5e-06,5e-06,0.0,1.1e-05,5e-06,5e-06,0.000135,5e-06,5e-06,5e-06,5e-06,5e-06,5e-06,5e-06],[8e-06,8e-06,9e-06,1.1e-05,0.0,8e-06,8e-06,0.000133,9e-06,8e-06,8e-06,8e-06,8e-06,9e-06,8e-06],[1e-06,1e-06,1e-06,5e-06,8e-06,0.0,1e-06,0.000134,1e-06,1e-06,1e-06,1e-06,1e-06,1e-06,1e-06],[1e-06,1e-06,1e-06,5e-06,8e-06,1e-06,0.0,0.000134,1e-06,1e-06,1e-06,1e-06,1e-06,1e-06,1e-06],[0.000134,0.000134,0.000134,0.000135,0.000133,0.000134,0.000134,0.0,0.000134,0.000134,0.000134,0.000134,0.000134,0.000134,0.000134],[1e-06,1e-06,1e-06,5e-06,9e-06,1e-06,1e-06,0.000134,0.0,1e-06,1e-06,1e-06,1e-06,1e-06,1e-06],[1e-06,1e-06,1e-06,5e-06,8e-06,1e-06,1e-06,0.000134,1e-06,0.0,1e-06,1e-06,1e-06,1e-06,1e-06],[1e-06,1e-06,1e-06,5e-06,8e-06,1e-06,1e-06,0.000134,1e-06,1e-06,0.0,1e-06,1e-06,1e-06,1e-06],[1e-06,1e-06,1e-06,5e-06,8e-06,1e-06,1e-06,0.000134,1e-06,1e-06,1e-06,0.0,1e-06,1e-06,1e-06],[1e-06,1e-06,1e-06,5e-06,8e-06,1e-06,1e-06,0.000134,1e-06,1e-06,1e-06,1e-06,0.0,1e-06,1e-06],[1e-06,1e-06,1e-06,5e-06,9e-06,1e-06,1e-06,0.000134,1e-06,1e-06,1e-06,1e-06,1e-06,0.0,1e-06],[1e-06,1e-06,1e-06,5e-06,8e-06,1e-06,1e-06,0.000134,1e-06,1e-06,1e-06,1e-06,1e-06,1e-06,0.0]],"off_diagonal_summary":{"ari_mean":1.0,"ari_min":1.0,"ari_std":0.0,"procrustes_mean":2e-05,"procrustes_max":0.000135},"framework_axis":"B-6 follow-up: classical-method seed stability (sklearn) \u2014 pairwise cluster ARI + Procrustes between latents across N_SEEDS sklearn random_state seeds","generated_at":"2026-05-07T05:34:08Z","builder_version":"build_classical_seed_stability v0.1"}