{"scene_id":"indian-pines-corrected","method":"nmf_8","n_seeds":15,"latent_dim":8,"samples_per_class":220,"ari_vs_gt_per_seed":[0.307411,0.323877,0.316166,0.303885,0.290351,0.307837,0.308968,0.325265,0.291103,0.303368,0.31973,0.322497,0.324566,0.308557,0.31621],"ari_vs_gt_summary":{"mean":0.311319,"std":0.010888,"min":0.290351,"max":0.325265},"seed_pair_ari":[[1.0,0.750526,0.711785,0.820315,0.833877,0.822669,0.95798,0.786243,0.754115,0.884175,0.78824,0.740818,0.745939,0.90121,0.844392],[0.750526,1.0,0.897847,0.773198,0.761277,0.786919,0.727413,0.807544,0.763403,0.771016,0.926072,0.979281,0.977862,0.789517,0.864532],[0.711785,0.897847,1.0,0.726093,0.776969,0.736478,0.693649,0.810168,0.852131,0.756846,0.840339,0.900876,0.897843,0.767803,0.796171],[0.820315,0.773198,0.726093,1.0,0.855417,0.972379,0.796187,0.662868,0.773948,0.784865,0.821304,0.770767,0.767185,0.792491,0.735999],[0.833877,0.761277,0.776969,0.855417,1.0,0.854315,0.813641,0.669897,0.877551,0.784823,0.801336,0.754079,0.749268,0.792493,0.738208],[0.822669,0.786919,0.736478,0.972379,0.854315,1.0,0.799005,0.66761,0.783365,0.786783,0.812956,0.782581,0.781491,0.792229,0.739133],[0.95798,0.727413,0.693649,0.796187,0.813641,0.799005,1.0,0.79185,0.739155,0.859214,0.765788,0.718584,0.72274,0.878326,0.854597],[0.786243,0.807544,0.810168,0.662868,0.669897,0.66761,0.79185,1.0,0.680758,0.77825,0.803667,0.810443,0.81359,0.780253,0.85458],[0.754115,0.763403,0.852131,0.773948,0.877551,0.783365,0.739155,0.680758,1.0,0.801723,0.71321,0.76979,0.765512,0.814395,0.665565],[0.884175,0.771016,0.756846,0.784865,0.784823,0.786783,0.859214,0.77825,0.801723,1.0,0.742178,0.781033,0.784207,0.948616,0.757654],[0.78824,0.926072,0.840339,0.821304,0.801336,0.812956,0.765788,0.803667,0.71321,0.742178,1.0,0.922367,0.918938,0.744791,0.895805],[0.740818,0.979281,0.900876,0.770767,0.754079,0.782581,0.718584,0.810443,0.76979,0.781033,0.922367,1.0,0.993781,0.796013,0.857456],[0.745939,0.977862,0.897843,0.767185,0.749268,0.781491,0.72274,0.81359,0.765512,0.784207,0.918938,0.993781,1.0,0.799791,0.860298],[0.90121,0.789517,0.767803,0.792491,0.792493,0.792229,0.878326,0.780253,0.814395,0.948616,0.744791,0.796013,0.799791,1.0,0.765027],[0.844392,0.864532,0.796171,0.735999,0.738208,0.739133,0.854597,0.85458,0.665565,0.757654,0.895805,0.857456,0.860298,0.765027,1.0]],"seed_pair_procrustes_dist":[[0.0,0.002264,0.001522,0.00242,0.00301,0.001041,0.003962,0.001719,0.002779,0.001337,0.002248,0.00364,0.002854,0.004308,0.002253],[0.002264,0.0,0.002311,0.001866,0.002867,0.002799,0.005491,0.002977,0.003959,0.002311,0.003951,0.005446,0.004648,0.006011,0.003094],[0.001522,0.002311,0.0,0.001889,0.002272,0.001511,0.003755,0.001065,0.002182,0.001751,0.002168,0.003473,0.002817,0.004286,0.001837],[0.00242,0.001866,0.001889,0.0,0.001137,0.00235,0.005171,0.002347,0.003576,0.002836,0.003654,0.005129,0.004237,0.005887,0.003389],[0.00301,0.002867,0.002272,0.001137,0.0,0.002626,0.005179,0.002544,0.003747,0.003475,0.003806,0.005172,0.004311,0.006039,0.003956],[0.001041,0.002799,0.001511,0.00235,0.002626,0.0,0.003837,0.001569,0.002718,0.001916,0.002074,0.003516,0.002708,0.004301,0.002615],[0.003962,0.005491,0.003755,0.005171,0.005179,0.003837,0.0,0.002973,0.002313,0.00353,0.001881,0.001683,0.001504,0.001536,0.003711],[0.001719,0.002977,0.001065,0.002347,0.002544,0.001569,0.002973,0.0,0.001492,0.001901,0.001553,0.00287,0.002085,0.003616,0.002075],[0.002779,0.003959,0.002182,0.003576,0.003747,0.002718,0.002313,0.001492,0.0,0.002529,0.001767,0.002386,0.002022,0.002887,0.002078],[0.001337,0.002311,0.001751,0.002836,0.003475,0.001916,0.00353,0.001901,0.002529,0.0,0.002087,0.003521,0.002788,0.003936,0.002209],[0.002248,0.003951,0.002168,0.003654,0.003806,0.002074,0.001881,0.001553,0.001767,0.002087,0.0,0.001778,0.001013,0.002388,0.002514],[0.00364,0.005446,0.003473,0.005129,0.005172,0.003516,0.001683,0.00287,0.002386,0.003521,0.001778,0.0,0.001422,0.001282,0.003254],[0.002854,0.004648,0.002817,0.004237,0.004311,0.002708,0.001504,0.002085,0.002022,0.002788,0.001013,0.001422,0.0,0.002009,0.002975],[0.004308,0.006011,0.004286,0.005887,0.006039,0.004301,0.001536,0.003616,0.002887,0.003936,0.002388,0.001282,0.002009,0.0,0.00381],[0.002253,0.003094,0.001837,0.003389,0.003956,0.002615,0.003711,0.002075,0.002078,0.002209,0.002514,0.003254,0.002975,0.00381,0.0]],"off_diagonal_summary":{"ari_mean":0.801787,"ari_min":0.662868,"ari_std":0.070695,"procrustes_mean":0.002889,"procrustes_max":0.006039},"framework_axis":"B-6 follow-up: classical-method seed stability (sklearn) \u2014 pairwise cluster ARI + Procrustes between latents across N_SEEDS sklearn random_state seeds","generated_at":"2026-05-07T05:33:21Z","builder_version":"build_classical_seed_stability v0.1"}