{"scene_id":"kennedy-space-center","method":"dense_ae_8","n_seeds":15,"latent_dim":8,"samples_per_class":220,"ari_vs_gt_per_seed":[0.226815,0.279248,0.305283,0.264799,0.236901,0.274437,0.239942,0.249884,0.263508,0.259609,0.233546,0.257866,0.250143,0.253521,0.264682],"ari_vs_gt_summary":{"mean":0.257346,"std":0.01926,"min":0.226815,"max":0.305283},"seed_pair_ari":[[1.0,0.714488,0.51696,0.583348,0.576546,0.577382,0.542582,0.591728,0.713636,0.587547,0.515175,0.577594,0.561258,0.564477,0.551819],[0.714488,1.0,0.573134,0.551202,0.562325,0.584592,0.531235,0.553571,0.78869,0.553492,0.544864,0.549916,0.535293,0.544446,0.542847],[0.51696,0.573134,1.0,0.784135,0.702931,0.806915,0.676808,0.694596,0.620264,0.734085,0.476944,0.756936,0.766869,0.765445,0.733317],[0.583348,0.551202,0.784135,1.0,0.832953,0.791168,0.706766,0.839769,0.590597,0.892712,0.546826,0.921403,0.890863,0.919376,0.859899],[0.576546,0.562325,0.702931,0.832953,1.0,0.774182,0.655416,0.934293,0.635437,0.907736,0.545617,0.877886,0.836471,0.844309,0.76785],[0.577382,0.584592,0.806915,0.791168,0.774182,1.0,0.617769,0.758551,0.59687,0.787111,0.512834,0.791459,0.752443,0.766946,0.727528],[0.542582,0.531235,0.676808,0.706766,0.655416,0.617769,1.0,0.674954,0.569096,0.687862,0.537545,0.701777,0.727445,0.740697,0.784431],[0.591728,0.553571,0.694596,0.839769,0.934293,0.758551,0.674954,1.0,0.616448,0.917334,0.535509,0.893382,0.850118,0.852641,0.781097],[0.713636,0.78869,0.620264,0.590597,0.635437,0.59687,0.569096,0.616448,1.0,0.61092,0.51571,0.602698,0.588783,0.576635,0.567089],[0.587547,0.553492,0.734085,0.892712,0.907736,0.787111,0.687862,0.917334,0.61092,1.0,0.537869,0.935649,0.88531,0.888021,0.822693],[0.515175,0.544864,0.476944,0.546826,0.545617,0.512834,0.537545,0.535509,0.51571,0.537869,1.0,0.546183,0.557753,0.564576,0.546146],[0.577594,0.549916,0.756936,0.921403,0.877886,0.791459,0.701777,0.893382,0.602698,0.935649,0.546183,1.0,0.890265,0.90864,0.842854],[0.561258,0.535293,0.766869,0.890863,0.836471,0.752443,0.727445,0.850118,0.588783,0.88531,0.557753,0.890265,1.0,0.907377,0.843273],[0.564477,0.544446,0.765445,0.919376,0.844309,0.766946,0.740697,0.852641,0.576635,0.888021,0.564576,0.90864,0.907377,1.0,0.870314],[0.551819,0.542847,0.733317,0.859899,0.76785,0.727528,0.784431,0.781097,0.567089,0.822693,0.546146,0.842854,0.843273,0.870314,1.0]],"seed_pair_procrustes_dist":[[0.0,0.57307,0.913894,0.598841,0.4868,0.629218,1.0302,0.51715,0.468783,0.454838,0.389398,0.515824,0.792188,0.766857,0.856193],[0.57307,0.0,0.326198,0.193027,0.285941,0.27805,0.628748,0.294367,0.152569,0.237444,0.462179,0.343842,0.328248,0.272226,0.422336],[0.913894,0.326198,0.0,0.310313,0.375876,0.259609,0.695822,0.404899,0.307421,0.357776,0.562627,0.419845,0.349212,0.317678,0.385916],[0.598841,0.193027,0.310313,0.0,0.22741,0.222665,0.576989,0.169787,0.158649,0.162154,0.379222,0.244178,0.231572,0.160332,0.30746],[0.4868,0.285941,0.375876,0.22741,0.0,0.235033,0.862533,0.205775,0.204239,0.243562,0.359098,0.357644,0.436722,0.400353,0.539886],[0.629218,0.27805,0.259609,0.222665,0.235033,0.0,0.797565,0.282567,0.219468,0.258015,0.436623,0.345532,0.313773,0.31016,0.402415],[1.0302,0.628748,0.695822,0.576989,0.862533,0.797565,0.0,0.502707,0.518813,0.474276,0.560743,0.438903,0.52584,0.456152,0.456695],[0.51715,0.294367,0.404899,0.169787,0.205775,0.282567,0.502707,0.0,0.196578,0.172181,0.288555,0.214231,0.359852,0.299099,0.404023],[0.468783,0.152569,0.307421,0.158649,0.204239,0.219468,0.518813,0.196578,0.0,0.158655,0.366191,0.266543,0.363835,0.312077,0.434339],[0.454838,0.237444,0.357776,0.162154,0.243562,0.258015,0.474276,0.172181,0.158655,0.0,0.338137,0.205995,0.398554,0.320513,0.417211],[0.389398,0.462179,0.562627,0.379222,0.359098,0.436623,0.560743,0.288555,0.366191,0.338137,0.0,0.322819,0.627986,0.601881,0.641101],[0.515824,0.343842,0.419845,0.244178,0.357644,0.345532,0.438903,0.214231,0.266543,0.205995,0.322819,0.0,0.385976,0.331029,0.320507],[0.792188,0.328248,0.349212,0.231572,0.436722,0.313773,0.52584,0.359852,0.363835,0.398554,0.627986,0.385976,0.0,0.146094,0.202405],[0.766857,0.272226,0.317678,0.160332,0.400353,0.31016,0.456152,0.299099,0.312077,0.320513,0.601881,0.331029,0.146094,0.0,0.20779],[0.856193,0.422336,0.385916,0.30746,0.539886,0.402415,0.456695,0.404023,0.434339,0.417211,0.641101,0.320507,0.202405,0.20779,0.0]],"off_diagonal_summary":{"ari_mean":0.694015,"ari_min":0.476944,"ari_std":0.135462,"procrustes_mean":0.392906,"procrustes_max":1.0302},"framework_axis":"B-6 follow-up: classical-method seed stability (sklearn) \u2014 pairwise cluster ARI + Procrustes between latents across N_SEEDS sklearn random_state seeds","generated_at":"2026-05-07T05:35:42Z","builder_version":"build_classical_seed_stability v0.1"}