{"scene_id":"kennedy-space-center","method":"dense_ae_8","n_seeds":7,"latent_dim":8,"samples_per_class":220,"ari_vs_gt_per_seed":[0.226815,0.279248,0.305283,0.264799,0.236901,0.274437,0.239942],"ari_vs_gt_summary":{"mean":0.261061,"std":0.025861,"min":0.226815,"max":0.305283},"seed_pair_ari":[[1.0,0.714488,0.51696,0.583348,0.576546,0.577382,0.542582],[0.714488,1.0,0.573134,0.551202,0.562325,0.584592,0.531235],[0.51696,0.573134,1.0,0.784135,0.702931,0.806915,0.676808],[0.583348,0.551202,0.784135,1.0,0.832953,0.791168,0.706766],[0.576546,0.562325,0.702931,0.832953,1.0,0.774182,0.655416],[0.577382,0.584592,0.806915,0.791168,0.774182,1.0,0.617769],[0.542582,0.531235,0.676808,0.706766,0.655416,0.617769,1.0]],"seed_pair_procrustes_dist":[[0.0,0.57307,0.913894,0.598841,0.4868,0.629218,1.0302],[0.57307,0.0,0.326198,0.193027,0.285941,0.27805,0.628748],[0.913894,0.326198,0.0,0.310313,0.375876,0.259609,0.695822],[0.598841,0.193027,0.310313,0.0,0.22741,0.222665,0.576989],[0.4868,0.285941,0.375876,0.22741,0.0,0.235033,0.862533],[0.629218,0.27805,0.259609,0.222665,0.235033,0.0,0.797565],[1.0302,0.628748,0.695822,0.576989,0.862533,0.797565,0.0]],"off_diagonal_summary":{"ari_mean":0.650611,"ari_min":0.51696,"ari_std":0.099878,"procrustes_mean":0.500372,"procrustes_max":1.0302},"framework_axis":"B-6 follow-up: classical-method seed stability (sklearn) \u2014 pairwise cluster ARI + Procrustes between latents across N_SEEDS sklearn random_state seeds","generated_at":"2026-05-06T15:57:28Z","builder_version":"build_classical_seed_stability v0.1"}