{"scene_id":"kennedy-space-center","method":"nmf_8","n_seeds":7,"latent_dim":8,"samples_per_class":220,"ari_vs_gt_per_seed":[0.337746,0.32517,0.32526,0.32517,0.325224,0.32517,0.32517],"ari_vs_gt_summary":{"mean":0.326987,"std":0.004393,"min":0.32517,"max":0.337746},"seed_pair_ari":[[1.0,0.951945,0.952175,0.951945,0.951299,0.951945,0.951945],[0.951945,1.0,0.999691,1.0,0.999086,1.0,1.0],[0.952175,0.999691,1.0,0.999691,0.99878,0.999691,0.999691],[0.951945,1.0,0.999691,1.0,0.999086,1.0,1.0],[0.951299,0.999086,0.99878,0.999086,1.0,0.999086,0.999086],[0.951945,1.0,0.999691,1.0,0.999086,1.0,1.0],[0.951945,1.0,0.999691,1.0,0.999086,1.0,1.0]],"seed_pair_procrustes_dist":[[0.0,0.00122,0.004906,0.005104,0.001173,0.00401,0.002829],[0.00122,0.0,0.005309,0.004446,0.001051,0.003408,0.001957],[0.004906,0.005309,0.0,0.0096,0.005125,0.008313,0.007013],[0.005104,0.004446,0.0096,0.0,0.004776,0.001679,0.002801],[0.001173,0.001051,0.005125,0.004776,0.0,0.00368,0.002294],[0.00401,0.003408,0.008313,0.001679,0.00368,0.0,0.002101],[0.002829,0.001957,0.007013,0.002801,0.002294,0.002101,0.0]],"off_diagonal_summary":{"ari_mean":0.985959,"ari_min":0.951299,"ari_std":0.02156,"procrustes_mean":0.003943,"procrustes_max":0.0096},"framework_axis":"B-6 follow-up: classical-method seed stability (sklearn) \u2014 pairwise cluster ARI + Procrustes between latents across N_SEEDS sklearn random_state seeds","generated_at":"2026-05-06T15:56:28Z","builder_version":"build_classical_seed_stability v0.1"}