{"scene_id":"kennedy-space-center","method":"nmf_8","n_seeds":15,"latent_dim":8,"samples_per_class":220,"ari_vs_gt_per_seed":[0.337746,0.32517,0.32526,0.32517,0.325224,0.32517,0.32517,0.32513,0.326004,0.32515,0.324046,0.325262,0.325154,0.325115,0.32517],"ari_vs_gt_summary":{"mean":0.325996,"std":0.003161,"min":0.324046,"max":0.337746},"seed_pair_ari":[[1.0,0.951945,0.952175,0.951945,0.951299,0.951945,0.951945,0.951832,0.949503,0.951738,0.955982,0.951414,0.951479,0.951645,0.951945],[0.951945,1.0,0.999691,1.0,0.999086,1.0,1.0,0.999845,0.995347,0.999774,0.991683,0.999242,0.999268,0.999475,1.0],[0.952175,0.999691,1.0,0.999691,0.99878,0.999691,0.999691,0.999539,0.995042,0.999465,0.991914,0.998933,0.998963,0.999166,0.999691],[0.951945,1.0,0.999691,1.0,0.999086,1.0,1.0,0.999845,0.995347,0.999774,0.991683,0.999242,0.999268,0.999475,1.0],[0.951299,0.999086,0.99878,0.999086,1.0,0.999086,0.999086,0.999241,0.995804,0.999312,0.991942,0.999842,0.999818,0.99961,0.999086],[0.951945,1.0,0.999691,1.0,0.999086,1.0,1.0,0.999845,0.995347,0.999774,0.991683,0.999242,0.999268,0.999475,1.0],[0.951945,1.0,0.999691,1.0,0.999086,1.0,1.0,0.999845,0.995347,0.999774,0.991683,0.999242,0.999268,0.999475,1.0],[0.951832,0.999845,0.999539,0.999845,0.999241,0.999845,0.999845,1.0,0.995502,0.999619,0.991569,0.999087,0.999423,0.999319,0.999845],[0.949503,0.995347,0.995042,0.995347,0.995804,0.995347,0.995347,0.995502,1.0,0.995492,0.98815,0.995647,0.995625,0.995596,0.995347],[0.951738,0.999774,0.999465,0.999774,0.999312,0.999774,0.999774,0.999619,0.995492,1.0,0.991909,0.999468,0.999494,0.999701,0.999774],[0.955982,0.991683,0.991914,0.991683,0.991942,0.991683,0.991683,0.991569,0.98815,0.991909,1.0,0.992058,0.992124,0.991824,0.991683],[0.951414,0.999242,0.998933,0.999242,0.999842,0.999242,0.999242,0.999087,0.995647,0.999468,0.992058,1.0,0.999664,0.999767,0.999242],[0.951479,0.999268,0.998963,0.999268,0.999818,0.999268,0.999268,0.999423,0.995625,0.999494,0.992124,0.999664,1.0,0.999431,0.999268],[0.951645,0.999475,0.999166,0.999475,0.99961,0.999475,0.999475,0.999319,0.995596,0.999701,0.991824,0.999767,0.999431,1.0,0.999475],[0.951945,1.0,0.999691,1.0,0.999086,1.0,1.0,0.999845,0.995347,0.999774,0.991683,0.999242,0.999268,0.999475,1.0]],"seed_pair_procrustes_dist":[[0.0,0.00122,0.004906,0.005104,0.001173,0.00401,0.002829,0.003326,0.001531,0.001538,0.002362,0.002177,0.001135,0.001826,0.001648],[0.00122,0.0,0.005309,0.004446,0.001051,0.003408,0.001957,0.002537,0.001108,0.00074,0.002795,0.001712,0.001472,0.002182,0.001123],[0.004906,0.005309,0.0,0.0096,0.005125,0.008313,0.007013,0.007699,0.005132,0.005298,0.002836,0.006817,0.004128,0.003847,0.005639],[0.005104,0.004446,0.0096,0.0,0.004776,0.001679,0.002801,0.002063,0.004675,0.004423,0.006965,0.002996,0.005664,0.006418,0.004166],[0.001173,0.001051,0.005125,0.004776,0.0,0.00368,0.002294,0.002949,0.001498,0.000958,0.002462,0.00194,0.001054,0.001942,0.001223],[0.00401,0.003408,0.008313,0.001679,0.00368,0.0,0.002101,0.001572,0.003324,0.00325,0.005701,0.002038,0.004479,0.005425,0.003217],[0.002829,0.001957,0.007013,0.002801,0.002294,0.002101,0.0,0.001085,0.002427,0.00184,0.004445,0.0013,0.003154,0.00377,0.001592],[0.003326,0.002537,0.007699,0.002063,0.002949,0.001572,0.001085,0.0,0.002908,0.002578,0.005098,0.001337,0.003781,0.004548,0.002356],[0.001531,0.001108,0.005132,0.004675,0.001498,0.003324,0.002427,0.002908,0.0,0.00096,0.00271,0.002028,0.001623,0.002622,0.001735],[0.001538,0.00074,0.005298,0.004423,0.000958,0.00325,0.00184,0.002578,0.00096,0.0,0.002761,0.00178,0.001502,0.002308,0.001029],[0.002362,0.002795,0.002836,0.006965,0.002462,0.005701,0.004445,0.005098,0.00271,0.002761,0.0,0.004129,0.001473,0.001922,0.00305],[0.002177,0.001712,0.006817,0.002996,0.00194,0.002038,0.0013,0.001337,0.002028,0.00178,0.004129,0.0,0.002774,0.003613,0.001647],[0.001135,0.001472,0.004128,0.005664,0.001054,0.004479,0.003154,0.003781,0.001623,0.001502,0.001473,0.002774,0.0,0.001448,0.001824],[0.001826,0.002182,0.003847,0.006418,0.001942,0.005425,0.00377,0.004548,0.002622,0.002308,0.001922,0.003613,0.001448,0.0,0.002412],[0.001648,0.001123,0.005639,0.004166,0.001223,0.003217,0.001592,0.002356,0.001735,0.001029,0.00305,0.001647,0.001824,0.002412,0.0]],"off_diagonal_summary":{"ari_mean":0.99173,"ari_min":0.949503,"ari_std":0.015865,"procrustes_mean":0.003061,"procrustes_max":0.0096},"framework_axis":"B-6 follow-up: classical-method seed stability (sklearn) \u2014 pairwise cluster ARI + Procrustes between latents across N_SEEDS sklearn random_state seeds","generated_at":"2026-05-07T05:33:50Z","builder_version":"build_classical_seed_stability v0.1"}