{"scene_id":"pavia-university","method":"nmf_8","n_seeds":7,"latent_dim":8,"samples_per_class":220,"ari_vs_gt_per_seed":[0.526823,0.530998,0.527245,0.52512,0.529766,0.527365,0.524019],"ari_vs_gt_summary":{"mean":0.527334,"std":0.002252,"min":0.524019,"max":0.530998},"seed_pair_ari":[[1.0,0.975325,0.983913,0.885847,0.974735,0.951687,0.921832],[0.975325,1.0,0.981065,0.89921,0.996809,0.967089,0.937397],[0.983913,0.981065,1.0,0.889117,0.980461,0.953078,0.930923],[0.885847,0.89921,0.889117,1.0,0.896552,0.904774,0.936427],[0.974735,0.996809,0.980461,0.896552,1.0,0.965731,0.93616],[0.951687,0.967089,0.953078,0.904774,0.965731,1.0,0.954948],[0.921832,0.937397,0.930923,0.936427,0.93616,0.954948,1.0]],"seed_pair_procrustes_dist":[[0.0,0.001488,0.004659,0.002519,0.001446,0.002313,0.00244],[0.001488,0.0,0.005888,0.001487,0.00153,0.003299,0.003375],[0.004659,0.005888,0.0,0.006872,0.004688,0.002724,0.003598],[0.002519,0.001487,0.006872,0.0,0.002692,0.004412,0.004627],[0.001446,0.00153,0.004688,0.002692,0.0,0.002021,0.00238],[0.002313,0.003299,0.002724,0.004412,0.002021,0.0,0.001861],[0.00244,0.003375,0.003598,0.004627,0.00238,0.001861,0.0]],"off_diagonal_summary":{"ari_mean":0.943956,"ari_min":0.885847,"ari_std":0.033304,"procrustes_mean":0.003158,"procrustes_max":0.006872},"framework_axis":"B-6 follow-up: classical-method seed stability (sklearn) \u2014 pairwise cluster ARI + Procrustes between latents across N_SEEDS sklearn random_state seeds","generated_at":"2026-05-06T15:56:24Z","builder_version":"build_classical_seed_stability v0.1"}