{"scene_id":"pavia-university","method":"dense_ae_8","n_seeds":15,"latent_dim":8,"samples_per_class":220,"ari_vs_gt_per_seed":[0.482638,0.467729,0.463782,0.462174,0.46218,0.497613,0.46191,0.47222,0.465783,0.448659,0.457498,0.461499,0.484142,0.506421,0.473331],"ari_vs_gt_summary":{"mean":0.471172,"std":0.015006,"min":0.448659,"max":0.506421},"seed_pair_ari":[[1.0,0.783302,0.830147,0.794575,0.736152,0.821063,0.748498,0.804213,0.84401,0.706759,0.781216,0.810237,0.866565,0.849881,0.848143],[0.783302,1.0,0.746476,0.835038,0.873755,0.769982,0.685024,0.879306,0.832584,0.796277,0.774906,0.815467,0.773747,0.793961,0.831562],[0.830147,0.746476,1.0,0.824496,0.706666,0.772161,0.678898,0.756998,0.810707,0.716759,0.840344,0.743654,0.87107,0.848237,0.813691],[0.794575,0.835038,0.824496,1.0,0.812419,0.7575,0.713342,0.871707,0.900066,0.783062,0.868526,0.830196,0.83478,0.824303,0.901104],[0.736152,0.873755,0.706666,0.812419,1.0,0.739018,0.63268,0.852081,0.81096,0.837661,0.765064,0.795656,0.738647,0.751921,0.8146],[0.821063,0.769982,0.772161,0.7575,0.739018,1.0,0.666189,0.78609,0.784812,0.706782,0.737631,0.77445,0.771916,0.844795,0.783527],[0.748498,0.685024,0.678898,0.713342,0.63268,0.666189,1.0,0.701988,0.739057,0.604549,0.6747,0.78014,0.721678,0.678078,0.746158],[0.804213,0.879306,0.756998,0.871707,0.852081,0.78609,0.701988,1.0,0.887873,0.771262,0.818389,0.861955,0.79725,0.819011,0.890725],[0.84401,0.832584,0.810707,0.900066,0.81096,0.784812,0.739057,0.887873,1.0,0.753732,0.852713,0.849637,0.839708,0.830349,0.924308],[0.706759,0.796277,0.716759,0.783062,0.837661,0.706782,0.604549,0.771262,0.753732,1.0,0.743879,0.724342,0.721422,0.721425,0.759094],[0.781216,0.774906,0.840344,0.868526,0.765064,0.737631,0.6747,0.818389,0.852713,0.743879,1.0,0.772206,0.828682,0.805002,0.84617],[0.810237,0.815467,0.743654,0.830196,0.795656,0.77445,0.78014,0.861955,0.849637,0.724342,0.772206,1.0,0.797288,0.773956,0.855175],[0.866565,0.773747,0.87107,0.83478,0.738647,0.771916,0.721678,0.79725,0.839708,0.721422,0.828682,0.797288,1.0,0.859952,0.856722],[0.849881,0.793961,0.848237,0.824303,0.751921,0.844795,0.678078,0.819011,0.830349,0.721425,0.805002,0.773956,0.859952,1.0,0.836356],[0.848143,0.831562,0.813691,0.901104,0.8146,0.783527,0.746158,0.890725,0.924308,0.759094,0.84617,0.855175,0.856722,0.836356,1.0]],"seed_pair_procrustes_dist":[[0.0,0.249125,0.271211,0.345199,0.282525,0.407873,0.229583,0.368712,0.27836,0.288473,0.343929,0.235801,0.195957,0.356696,0.138975],[0.249125,0.0,0.286659,0.230339,0.16575,0.403178,0.351507,0.178518,0.124434,0.186495,0.197467,0.363061,0.308351,0.274099,0.21769],[0.271211,0.286659,0.0,0.225885,0.336142,0.296776,0.39417,0.444211,0.344213,0.222562,0.265985,0.404868,0.250909,0.275118,0.22239],[0.345199,0.230339,0.225885,0.0,0.244262,0.355625,0.458299,0.310514,0.268672,0.131465,0.213642,0.45452,0.331617,0.207741,0.2469],[0.282525,0.16575,0.336142,0.244262,0.0,0.388945,0.392006,0.21138,0.178117,0.238183,0.271334,0.374362,0.375098,0.28983,0.244981],[0.407873,0.403178,0.296776,0.355625,0.388945,0.0,0.441186,0.554537,0.442546,0.389788,0.429692,0.435682,0.425142,0.360894,0.389378],[0.229583,0.351507,0.39417,0.458299,0.392006,0.441186,0.0,0.546404,0.453523,0.504008,0.561782,0.135863,0.300171,0.549355,0.330608],[0.368712,0.178518,0.444211,0.310514,0.21138,0.554537,0.546404,0.0,0.17346,0.260972,0.274755,0.417734,0.386399,0.314999,0.29026],[0.27836,0.124434,0.344213,0.268672,0.178117,0.442546,0.453523,0.17346,0.0,0.225899,0.199766,0.367102,0.339488,0.284137,0.241022],[0.288473,0.186495,0.222562,0.131465,0.238183,0.389788,0.504008,0.260972,0.225899,0.0,0.207416,0.413001,0.281587,0.193697,0.210639],[0.343929,0.197467,0.265985,0.213642,0.271334,0.429692,0.561782,0.274755,0.199766,0.207416,0.0,0.434652,0.322229,0.251626,0.251304],[0.235801,0.363061,0.404868,0.45452,0.374362,0.435682,0.135863,0.417734,0.367102,0.413001,0.434652,0.0,0.358123,0.625028,0.361813],[0.195957,0.308351,0.250909,0.331617,0.375098,0.425142,0.300171,0.386399,0.339488,0.281587,0.322229,0.358123,0.0,0.408545,0.19758],[0.356696,0.274099,0.275118,0.207741,0.28983,0.360894,0.549355,0.314999,0.284137,0.193697,0.251626,0.625028,0.408545,0.0,0.272171],[0.138975,0.21769,0.22239,0.2469,0.244981,0.389378,0.330608,0.29026,0.241022,0.210639,0.251304,0.361813,0.19758,0.272171,0.0]],"off_diagonal_summary":{"ari_mean":0.791933,"ari_min":0.604549,"ari_std":0.061634,"procrustes_mean":0.313968,"procrustes_max":0.625028},"framework_axis":"B-6 follow-up: classical-method seed stability (sklearn) \u2014 pairwise cluster ARI + Procrustes between latents across N_SEEDS sklearn random_state seeds","generated_at":"2026-05-07T05:35:29Z","builder_version":"build_classical_seed_stability v0.1"}