{"scene_id":"pavia-university","method":"dense_ae_8","n_seeds":7,"latent_dim":8,"samples_per_class":220,"ari_vs_gt_per_seed":[0.482638,0.467729,0.463782,0.462174,0.46218,0.497613,0.46191],"ari_vs_gt_summary":{"mean":0.471147,"std":0.012788,"min":0.46191,"max":0.497613},"seed_pair_ari":[[1.0,0.783302,0.830147,0.794575,0.736152,0.821063,0.748498],[0.783302,1.0,0.746476,0.835038,0.873755,0.769982,0.685024],[0.830147,0.746476,1.0,0.824496,0.706666,0.772161,0.678898],[0.794575,0.835038,0.824496,1.0,0.812419,0.7575,0.713342],[0.736152,0.873755,0.706666,0.812419,1.0,0.739018,0.63268],[0.821063,0.769982,0.772161,0.7575,0.739018,1.0,0.666189],[0.748498,0.685024,0.678898,0.713342,0.63268,0.666189,1.0]],"seed_pair_procrustes_dist":[[0.0,0.249125,0.271211,0.345199,0.282525,0.407873,0.229583],[0.249125,0.0,0.286659,0.230339,0.16575,0.403178,0.351507],[0.271211,0.286659,0.0,0.225885,0.336142,0.296776,0.39417],[0.345199,0.230339,0.225885,0.0,0.244262,0.355625,0.458299],[0.282525,0.16575,0.336142,0.244262,0.0,0.388945,0.392006],[0.407873,0.403178,0.296776,0.355625,0.388945,0.0,0.441186],[0.229583,0.351507,0.39417,0.458299,0.392006,0.441186,0.0]],"off_diagonal_summary":{"ari_mean":0.758447,"ari_min":0.63268,"ari_std":0.061576,"procrustes_mean":0.321726,"procrustes_max":0.458299},"framework_axis":"B-6 follow-up: classical-method seed stability (sklearn) \u2014 pairwise cluster ARI + Procrustes between latents across N_SEEDS sklearn random_state seeds","generated_at":"2026-05-06T15:57:20Z","builder_version":"build_classical_seed_stability v0.1"}