{"scene_id":"pavia-university","method":"nmf_8","n_seeds":15,"latent_dim":8,"samples_per_class":220,"ari_vs_gt_per_seed":[0.526823,0.530998,0.527245,0.52512,0.529766,0.527365,0.524019,0.524042,0.525709,0.530464,0.494133,0.529543,0.528313,0.526202,0.530362],"ari_vs_gt_summary":{"mean":0.52534,"std":0.008632,"min":0.494133,"max":0.530998},"seed_pair_ari":[[1.0,0.975325,0.983913,0.885847,0.974735,0.951687,0.921832,0.893207,0.975085,0.975564,0.766122,0.975982,0.973662,0.992023,0.983484],[0.975325,1.0,0.981065,0.89921,0.996809,0.967089,0.937397,0.911936,0.963841,0.997651,0.776098,0.995524,0.993276,0.974715,0.99173],[0.983913,0.981065,1.0,0.889117,0.980461,0.953078,0.930923,0.898061,0.966302,0.981292,0.766583,0.981729,0.982212,0.981957,0.985144],[0.885847,0.89921,0.889117,1.0,0.896552,0.904774,0.936427,0.981654,0.871944,0.897348,0.793128,0.895648,0.894875,0.885747,0.898008],[0.974735,0.996809,0.980461,0.896552,1.0,0.965731,0.93616,0.909191,0.966928,0.999157,0.773575,0.99871,0.996462,0.975786,0.988562],[0.951687,0.967089,0.953078,0.904774,0.965731,1.0,0.954948,0.916083,0.938022,0.964879,0.79813,0.964516,0.962292,0.946964,0.967358],[0.921832,0.937397,0.930923,0.936427,0.93616,0.954948,1.0,0.951433,0.91219,0.935302,0.810413,0.935072,0.937181,0.917453,0.936172],[0.893207,0.911936,0.898061,0.981654,0.909191,0.916083,0.951433,1.0,0.886367,0.909991,0.784172,0.908248,0.910262,0.891521,0.905933],[0.975085,0.963841,0.966302,0.871944,0.966928,0.938022,0.91219,0.886367,1.0,0.966074,0.758249,0.968126,0.968591,0.979073,0.95938],[0.975564,0.997651,0.981292,0.897348,0.999157,0.964879,0.935302,0.909991,0.966074,1.0,0.774339,0.997867,0.995618,0.974935,0.989395],[0.766122,0.776098,0.766583,0.793128,0.773575,0.79813,0.810413,0.784172,0.758249,0.774339,1.0,0.772536,0.77097,0.760388,0.777502],[0.975982,0.995524,0.981729,0.895648,0.99871,0.964516,0.935072,0.908248,0.968126,0.997867,0.772536,1.0,0.995172,0.977021,0.987277],[0.973662,0.993276,0.982212,0.894875,0.996462,0.962292,0.937181,0.910262,0.968591,0.995618,0.77097,0.995172,1.0,0.974708,0.985047],[0.992023,0.974715,0.981957,0.885747,0.975786,0.946964,0.917453,0.891521,0.979073,0.974935,0.760388,0.977021,0.974708,1.0,0.975707],[0.983484,0.99173,0.985144,0.898008,0.988562,0.967358,0.936172,0.905933,0.95938,0.989395,0.777502,0.987277,0.985047,0.975707,1.0]],"seed_pair_procrustes_dist":[[0.0,0.001488,0.004659,0.002519,0.001446,0.002313,0.00244,0.002215,0.001587,0.001904,0.001731,0.001533,0.001882,0.002203,0.002333],[0.001488,0.0,0.005888,0.001487,0.00153,0.003299,0.003375,0.003121,0.002324,0.002157,0.001942,0.001709,0.002155,0.002272,0.001243],[0.004659,0.005888,0.0,0.006872,0.004688,0.002724,0.003598,0.003446,0.004025,0.004854,0.004742,0.00486,0.004812,0.004977,0.006762],[0.002519,0.001487,0.006872,0.0,0.002692,0.004412,0.004627,0.003888,0.003569,0.002398,0.00288,0.002937,0.003283,0.002479,0.00059],[0.001446,0.00153,0.004688,0.002692,0.0,0.002021,0.00238,0.002418,0.001376,0.001944,0.001164,0.001273,0.001487,0.001959,0.002521],[0.002313,0.003299,0.002724,0.004412,0.002021,0.0,0.001861,0.001752,0.001494,0.002769,0.002368,0.002276,0.002547,0.002743,0.00425],[0.00244,0.003375,0.003598,0.004627,0.00238,0.001861,0.0,0.003223,0.001826,0.003669,0.002273,0.002251,0.002099,0.003825,0.004467],[0.002215,0.003121,0.003446,0.003888,0.002418,0.001752,0.003223,0.0,0.002354,0.002078,0.002811,0.002826,0.00311,0.002169,0.003771],[0.001587,0.002324,0.004025,0.003569,0.001376,0.001494,0.001826,0.002354,0.0,0.002695,0.002129,0.001001,0.002245,0.00249,0.0033],[0.001904,0.002157,0.004854,0.002398,0.001944,0.002769,0.003669,0.002078,0.002695,0.0,0.00215,0.002698,0.002639,0.001211,0.002455],[0.001731,0.001942,0.004742,0.00288,0.001164,0.002368,0.002273,0.002811,0.002129,0.00215,0.0,0.002,0.000944,0.002541,0.002875],[0.001533,0.001709,0.00486,0.002937,0.001273,0.002276,0.002251,0.002826,0.001001,0.002698,0.002,0.0,0.002246,0.002395,0.00269],[0.001882,0.002155,0.004812,0.003283,0.001487,0.002547,0.002099,0.00311,0.002245,0.002639,0.000944,0.002246,0.0,0.003179,0.003178],[0.002203,0.002272,0.004977,0.002479,0.001959,0.002743,0.003825,0.002169,0.00249,0.001211,0.002541,0.002395,0.003179,0.0,0.002482],[0.002333,0.001243,0.006762,0.00059,0.002521,0.00425,0.004467,0.003771,0.0033,0.002455,0.002875,0.00269,0.003178,0.002482,0.0]],"off_diagonal_summary":{"ari_mean":0.928866,"ari_min":0.758249,"ari_std":0.068537,"procrustes_mean":0.002722,"procrustes_max":0.006872},"framework_axis":"B-6 follow-up: classical-method seed stability (sklearn) \u2014 pairwise cluster ARI + Procrustes between latents across N_SEEDS sklearn random_state seeds","generated_at":"2026-05-07T05:33:42Z","builder_version":"build_classical_seed_stability v0.1"}