{"scene_id":"salinas-corrected","method":"dense_ae_8","n_seeds":15,"latent_dim":8,"samples_per_class":220,"ari_vs_gt_per_seed":[0.486893,0.490604,0.55558,0.497296,0.545094,0.539421,0.547774,0.559977,0.56029,0.490399,0.508489,0.496375,0.52003,0.54708,0.496309],"ari_vs_gt_summary":{"mean":0.522774,"std":0.027674,"min":0.486893,"max":0.56029},"seed_pair_ari":[[1.0,0.908888,0.792696,0.897444,0.834307,0.829855,0.825585,0.775101,0.789517,0.951387,0.90354,0.881867,0.83087,0.821423,0.917608],[0.908888,1.0,0.764502,0.950917,0.796519,0.805269,0.805006,0.770822,0.779325,0.912604,0.908732,0.917582,0.829366,0.7941,0.900065],[0.792696,0.764502,1.0,0.77893,0.904053,0.882951,0.918573,0.945303,0.953169,0.78538,0.813504,0.807515,0.787657,0.943414,0.834373],[0.897444,0.950917,0.77893,1.0,0.812342,0.81287,0.822164,0.803315,0.798608,0.921859,0.922384,0.933484,0.852,0.807922,0.906643],[0.834307,0.796519,0.904053,0.812342,1.0,0.943086,0.960289,0.890549,0.905235,0.828339,0.798331,0.787522,0.849169,0.946251,0.807138],[0.829855,0.805269,0.882951,0.81287,0.943086,1.0,0.945197,0.873135,0.882721,0.811501,0.797066,0.79076,0.853573,0.932865,0.79785],[0.825585,0.805006,0.918573,0.822164,0.960289,0.945197,1.0,0.912772,0.926706,0.825082,0.815788,0.789721,0.843477,0.964974,0.806403],[0.775101,0.770822,0.945303,0.803315,0.890549,0.873135,0.912772,1.0,0.954271,0.800968,0.839167,0.80089,0.802564,0.930424,0.818916],[0.789517,0.779325,0.953169,0.798608,0.905235,0.882721,0.926706,0.954271,1.0,0.800791,0.83626,0.781463,0.80857,0.94469,0.813596],[0.951387,0.912604,0.78538,0.921859,0.828339,0.811501,0.825082,0.800968,0.800791,1.0,0.929516,0.890694,0.841967,0.816045,0.924285],[0.90354,0.908732,0.813504,0.922384,0.798331,0.797066,0.815788,0.839167,0.83626,0.929516,1.0,0.913125,0.836963,0.816261,0.945104],[0.881867,0.917582,0.807515,0.933484,0.787522,0.79076,0.789721,0.80089,0.781463,0.890694,0.913125,1.0,0.821081,0.801209,0.930505],[0.83087,0.829366,0.787657,0.852,0.849169,0.853573,0.843477,0.802564,0.80857,0.841967,0.836963,0.821081,1.0,0.823321,0.814655],[0.821423,0.7941,0.943414,0.807922,0.946251,0.932865,0.964974,0.930424,0.94469,0.816045,0.816261,0.801209,0.823321,1.0,0.823905],[0.917608,0.900065,0.834373,0.906643,0.807138,0.79785,0.806403,0.818916,0.813596,0.924285,0.945104,0.930505,0.814655,0.823905,1.0]],"seed_pair_procrustes_dist":[[0.0,0.050442,0.244863,0.327841,0.230526,0.041411,0.247562,0.285044,0.109342,0.094248,0.181894,0.056248,0.155952,0.102154,0.223984],[0.050442,0.0,0.207106,0.291588,0.20115,0.038488,0.212687,0.244581,0.074079,0.072235,0.149266,0.040347,0.12837,0.071548,0.192745],[0.244863,0.207106,0.0,0.085059,0.060205,0.172,0.04133,0.047178,0.117983,0.129155,0.05967,0.160726,0.092398,0.119203,0.053825],[0.327841,0.291588,0.085059,0.0,0.07932,0.223713,0.064463,0.055898,0.175903,0.179419,0.113674,0.212931,0.137344,0.176665,0.082337],[0.230526,0.20115,0.060205,0.07932,0.0,0.162904,0.033419,0.071834,0.117371,0.11437,0.053169,0.152166,0.073015,0.115068,0.027001],[0.041411,0.038488,0.172,0.223713,0.162904,0.0,0.209244,0.244213,0.08092,0.061566,0.146202,0.023336,0.120322,0.066458,0.186167],[0.247562,0.212687,0.04133,0.064463,0.033419,0.209244,0.0,0.047014,0.122533,0.126474,0.057953,0.162198,0.084525,0.122875,0.034415],[0.285044,0.244581,0.047178,0.055898,0.071834,0.244213,0.047014,0.0,0.143679,0.153747,0.085986,0.185916,0.112291,0.146756,0.06693],[0.109342,0.074079,0.117983,0.175903,0.117371,0.08092,0.122533,0.143679,0.0,0.045464,0.081403,0.063371,0.071645,0.0367,0.123758],[0.094248,0.072235,0.129155,0.179419,0.11437,0.061566,0.126474,0.153747,0.045464,0.0,0.087247,0.047012,0.064195,0.031772,0.123204],[0.181894,0.149266,0.05967,0.113674,0.053169,0.146202,0.057953,0.085986,0.081403,0.087247,0.0,0.116503,0.048959,0.074373,0.049689],[0.056248,0.040347,0.160726,0.212931,0.152166,0.023336,0.162198,0.185916,0.063371,0.047012,0.116503,0.0,0.102989,0.055479,0.17019],[0.155952,0.12837,0.092398,0.137344,0.073015,0.120322,0.084525,0.112291,0.071645,0.064195,0.048959,0.102989,0.0,0.065293,0.069032],[0.102154,0.071548,0.119203,0.176665,0.115068,0.066458,0.122875,0.146756,0.0367,0.031772,0.074373,0.055479,0.065293,0.0,0.122115],[0.223984,0.192745,0.053825,0.082337,0.027001,0.186167,0.034415,0.06693,0.123758,0.123204,0.049689,0.17019,0.069032,0.122115,0.0]],"off_diagonal_summary":{"ari_mean":0.855143,"ari_min":0.764502,"ari_std":0.0588,"procrustes_mean":0.116938,"procrustes_max":0.327841},"framework_axis":"B-6 follow-up: classical-method seed stability (sklearn) \u2014 pairwise cluster ARI + Procrustes between latents across N_SEEDS sklearn random_state seeds","generated_at":"2026-05-07T05:35:11Z","builder_version":"build_classical_seed_stability v0.1"}