{"scene_id":"salinas-corrected","method":"nmf_8","n_seeds":15,"latent_dim":8,"samples_per_class":220,"ari_vs_gt_per_seed":[0.617013,0.615126,0.610149,0.627135,0.610152,0.611266,0.619621,0.614101,0.611874,0.625124,0.599607,0.621135,0.609286,0.610664,0.620728],"ari_vs_gt_summary":{"mean":0.614865,"std":0.006857,"min":0.599607,"max":0.627135},"seed_pair_ari":[[1.0,0.977309,0.856706,0.876458,0.970381,0.969832,0.983446,0.972802,0.973504,0.957128,0.813204,0.863276,0.967892,0.97135,0.871926],[0.977309,1.0,0.850035,0.873105,0.963319,0.963771,0.97919,0.970513,0.972507,0.971939,0.808696,0.857346,0.960377,0.965285,0.866296],[0.856706,0.850035,1.0,0.835189,0.84528,0.843907,0.855182,0.848746,0.847512,0.840536,0.915821,0.929967,0.842429,0.84608,0.939662],[0.876458,0.873105,0.835189,1.0,0.867486,0.868735,0.878862,0.869713,0.870059,0.875836,0.826027,0.857425,0.867765,0.869598,0.849777],[0.970381,0.963319,0.84528,0.867486,1.0,0.992995,0.974551,0.984953,0.989264,0.946842,0.821176,0.857222,0.990041,0.993037,0.864241],[0.969832,0.963771,0.843907,0.868735,0.992995,1.0,0.975407,0.986716,0.989899,0.948545,0.824544,0.859058,0.994352,0.99631,0.863273],[0.983446,0.97919,0.855182,0.878862,0.974551,0.975407,1.0,0.97829,0.976493,0.96815,0.816911,0.86078,0.96993,0.975768,0.877337],[0.972802,0.970513,0.848746,0.869713,0.984953,0.986716,0.97829,1.0,0.992962,0.95794,0.819725,0.858899,0.982578,0.987091,0.865796],[0.973504,0.972507,0.847512,0.870059,0.989264,0.989899,0.976493,0.992962,1.0,0.954719,0.819356,0.858799,0.986159,0.992183,0.864907],[0.957128,0.971939,0.840536,0.875836,0.946842,0.948545,0.96815,0.95794,0.954719,1.0,0.805409,0.851703,0.94355,0.94927,0.860264],[0.813204,0.808696,0.915821,0.826027,0.821176,0.824544,0.816911,0.819725,0.819356,0.805409,1.0,0.884766,0.825343,0.823608,0.880131],[0.863276,0.857346,0.929967,0.857425,0.857222,0.859058,0.86078,0.858899,0.858799,0.851703,0.884766,1.0,0.858221,0.860962,0.972935],[0.967892,0.960377,0.842429,0.867765,0.990041,0.994352,0.96993,0.982578,0.986159,0.94355,0.825343,0.858221,1.0,0.993932,0.859888],[0.97135,0.965285,0.84608,0.869598,0.993037,0.99631,0.975768,0.987091,0.992183,0.94927,0.823608,0.860962,0.993932,1.0,0.864705],[0.871926,0.866296,0.939662,0.849777,0.864241,0.863273,0.877337,0.865796,0.864907,0.860264,0.880131,0.972935,0.859888,0.864705,1.0]],"seed_pair_procrustes_dist":[[0.0,0.025687,0.012934,0.029257,0.014921,0.008211,0.039213,0.041662,0.013949,0.084799,0.023513,0.020967,0.013658,0.017077,0.009006],[0.025687,0.0,0.01873,0.008417,0.031256,0.024323,0.015545,0.017222,0.018089,0.061158,0.047238,0.015262,0.026976,0.013183,0.019132],[0.012934,0.01873,0.0,0.021783,0.02024,0.011195,0.031326,0.032685,0.011738,0.077734,0.031127,0.020963,0.014228,0.012134,0.006607],[0.029257,0.008417,0.021783,0.0,0.037202,0.02845,0.012087,0.012948,0.023592,0.056838,0.050829,0.017616,0.031769,0.019803,0.023745],[0.014921,0.031256,0.02024,0.037202,0.0,0.013031,0.046246,0.0485,0.01636,0.092447,0.021568,0.029398,0.011648,0.019345,0.014938],[0.008211,0.024323,0.011195,0.02845,0.013031,0.0,0.03933,0.040585,0.008771,0.085951,0.023807,0.020441,0.006362,0.013733,0.007614],[0.039213,0.015545,0.031326,0.012087,0.046246,0.03933,0.0,0.007367,0.033037,0.046017,0.060388,0.027674,0.041323,0.027986,0.032723],[0.041662,0.017222,0.032685,0.012948,0.0485,0.040585,0.007367,0.0,0.033876,0.046493,0.062207,0.02853,0.042089,0.029266,0.034673],[0.013949,0.018089,0.011738,0.023592,0.01636,0.008771,0.033037,0.033876,0.0,0.080025,0.031526,0.015904,0.009664,0.006294,0.008158],[0.084799,0.061158,0.077734,0.056838,0.092447,0.085951,0.046017,0.046493,0.080025,0.0,0.10292,0.067933,0.08501,0.071632,0.07641],[0.023513,0.047238,0.031127,0.050829,0.021568,0.023807,0.060388,0.062207,0.031526,0.10292,0.0,0.042624,0.023706,0.036972,0.029183],[0.020967,0.015262,0.020963,0.017616,0.029398,0.020441,0.027674,0.02853,0.015904,0.067933,0.042624,0.0,0.023955,0.015906,0.019208],[0.013658,0.026976,0.014228,0.031769,0.011648,0.006362,0.041323,0.042089,0.009664,0.08501,0.023706,0.023955,0.0,0.014924,0.011201],[0.017077,0.013183,0.012134,0.019803,0.019345,0.013733,0.027986,0.029266,0.006294,0.071632,0.036972,0.015906,0.014924,0.0,0.009473],[0.009006,0.019132,0.006607,0.023745,0.014938,0.007614,0.032723,0.034673,0.008158,0.07641,0.029183,0.019208,0.011201,0.009473,0.0]],"off_diagonal_summary":{"ari_mean":0.908296,"ari_min":0.805409,"ari_std":0.062359,"procrustes_mean":0.030232,"procrustes_max":0.10292},"framework_axis":"B-6 follow-up: classical-method seed stability (sklearn) \u2014 pairwise cluster ARI + Procrustes between latents across N_SEEDS sklearn random_state seeds","generated_at":"2026-05-07T05:33:31Z","builder_version":"build_classical_seed_stability v0.1"}