{"scene_id":"salinas-corrected","method":"dense_ae_8","n_seeds":7,"latent_dim":8,"samples_per_class":220,"ari_vs_gt_per_seed":[0.486893,0.490604,0.55558,0.497296,0.545094,0.539421,0.547774],"ari_vs_gt_summary":{"mean":0.523237,"std":0.027894,"min":0.486893,"max":0.55558},"seed_pair_ari":[[1.0,0.908888,0.792696,0.897444,0.834307,0.829855,0.825585],[0.908888,1.0,0.764502,0.950917,0.796519,0.805269,0.805006],[0.792696,0.764502,1.0,0.77893,0.904053,0.882951,0.918573],[0.897444,0.950917,0.77893,1.0,0.812342,0.81287,0.822164],[0.834307,0.796519,0.904053,0.812342,1.0,0.943086,0.960289],[0.829855,0.805269,0.882951,0.81287,0.943086,1.0,0.945197],[0.825585,0.805006,0.918573,0.822164,0.960289,0.945197,1.0]],"seed_pair_procrustes_dist":[[0.0,0.050442,0.244863,0.327841,0.230526,0.041411,0.247562],[0.050442,0.0,0.207106,0.291588,0.20115,0.038488,0.212687],[0.244863,0.207106,0.0,0.085059,0.060205,0.172,0.04133],[0.327841,0.291588,0.085059,0.0,0.07932,0.223713,0.064463],[0.230526,0.20115,0.060205,0.07932,0.0,0.162904,0.033419],[0.041411,0.038488,0.172,0.223713,0.162904,0.0,0.209244],[0.247562,0.212687,0.04133,0.064463,0.033419,0.209244,0.0]],"off_diagonal_summary":{"ari_mean":0.856735,"ari_min":0.764502,"ari_std":0.062068,"procrustes_mean":0.153587,"procrustes_max":0.327841},"framework_axis":"B-6 follow-up: classical-method seed stability (sklearn) \u2014 pairwise cluster ARI + Procrustes between latents across N_SEEDS sklearn random_state seeds","generated_at":"2026-05-06T15:57:12Z","builder_version":"build_classical_seed_stability v0.1"}