{"scene_id":"salinas-a-corrected","method":"dense_ae_8","n_seeds":15,"latent_dim":8,"samples_per_class":220,"ari_vs_gt_per_seed":[0.613318,0.607551,0.607551,0.609732,0.607551,0.591656,0.608025,0.589632,0.618123,0.619738,0.607551,0.588328,0.614175,0.607551,0.591533],"ari_vs_gt_summary":{"mean":0.605468,"std":0.009923,"min":0.588328,"max":0.619738},"seed_pair_ari":[[1.0,0.99225,0.99225,0.990022,0.99225,0.941096,0.991679,0.937309,0.989186,0.992081,0.99225,0.944485,0.991131,0.99225,0.94157],[0.99225,1.0,1.0,0.99776,1.0,0.940519,0.99943,0.936553,0.986639,0.987503,1.0,0.943894,0.992728,1.0,0.94098],[0.99225,1.0,1.0,0.99776,1.0,0.940519,0.99943,0.936553,0.986639,0.987503,1.0,0.943894,0.992728,1.0,0.94098],[0.990022,0.99776,0.99776,1.0,0.99776,0.940519,0.99831,0.936553,0.988838,0.989717,0.99776,0.943894,0.992728,0.99776,0.94098],[0.99225,1.0,1.0,0.99776,1.0,0.940519,0.99943,0.936553,0.986639,0.987503,1.0,0.943894,0.992728,1.0,0.94098],[0.941096,0.940519,0.940519,0.940519,0.940519,1.0,0.940335,0.946735,0.949311,0.946559,0.940519,0.992343,0.940909,0.940519,0.995429],[0.991679,0.99943,0.99943,0.99831,0.99943,0.940335,1.0,0.936134,0.987174,0.988038,0.99943,0.94369,0.992171,0.99943,0.940776],[0.937309,0.936553,0.936553,0.936553,0.936553,0.946735,0.936134,1.0,0.9451,0.9425,0.936553,0.947674,0.937411,0.936553,0.950708],[0.989186,0.986639,0.986639,0.988838,0.986639,0.949311,0.987174,0.9451,1.0,0.997065,0.986639,0.946627,0.987734,0.986639,0.949766],[0.992081,0.987503,0.987503,0.989717,0.987503,0.946559,0.988038,0.9425,0.997065,1.0,0.987503,0.943879,0.990632,0.987503,0.947021],[0.99225,1.0,1.0,0.99776,1.0,0.940519,0.99943,0.936553,0.986639,0.987503,1.0,0.943894,0.992728,1.0,0.94098],[0.944485,0.943894,0.943894,0.943894,0.943894,0.992343,0.94369,0.947674,0.946627,0.943879,0.943894,1.0,0.944322,0.943894,0.996912],[0.991131,0.992728,0.992728,0.992728,0.992728,0.940909,0.992171,0.937411,0.987734,0.990632,0.992728,0.944322,1.0,0.992728,0.941409],[0.99225,1.0,1.0,0.99776,1.0,0.940519,0.99943,0.936553,0.986639,0.987503,1.0,0.943894,0.992728,1.0,0.94098],[0.94157,0.94098,0.94098,0.94098,0.94098,0.995429,0.940776,0.950708,0.949766,0.947021,0.94098,0.996912,0.941409,0.94098,1.0]],"seed_pair_procrustes_dist":[[0.0,0.05587,0.260391,0.239486,0.122473,0.099126,0.173727,0.222389,0.064073,0.174141,0.070979,0.041076,0.078112,0.04562,0.197885],[0.05587,0.0,0.311066,0.28739,0.169034,0.146137,0.221277,0.270049,0.099534,0.224924,0.11466,0.06702,0.124291,0.03656,0.251626],[0.260391,0.311066,0.0,0.043203,0.115905,0.136105,0.077829,0.069677,0.172285,0.079256,0.160958,0.212618,0.152653,0.223067,0.065808],[0.239486,0.28739,0.043203,0.0,0.103396,0.125372,0.061512,0.077032,0.156984,0.06348,0.150147,0.201236,0.136132,0.20936,0.067989],[0.122473,0.169034,0.115905,0.103396,0.0,0.044607,0.054977,0.101216,0.074822,0.058374,0.061949,0.118823,0.057789,0.126326,0.077949],[0.099126,0.146137,0.136105,0.125372,0.044607,0.0,0.086073,0.126927,0.067709,0.086059,0.049727,0.09691,0.049124,0.112187,0.100072],[0.173727,0.221277,0.077829,0.061512,0.054977,0.086073,0.0,0.07387,0.109506,0.02537,0.102787,0.156904,0.088583,0.164964,0.052551],[0.222389,0.270049,0.069677,0.077032,0.101216,0.126927,0.07387,0.0,0.145343,0.070334,0.130986,0.183151,0.133065,0.196217,0.056658],[0.064073,0.099534,0.172285,0.156984,0.074822,0.067709,0.109506,0.145343,0.0,0.124977,0.045961,0.068023,0.042482,0.068605,0.152591],[0.174141,0.224924,0.079256,0.06348,0.058374,0.086059,0.02537,0.070334,0.124977,0.0,0.102092,0.156005,0.088667,0.167409,0.044391],[0.070979,0.11466,0.160958,0.150147,0.061949,0.049727,0.102787,0.130986,0.045961,0.102092,0.0,0.070604,0.050506,0.083474,0.130688],[0.041076,0.06702,0.212618,0.201236,0.118823,0.09691,0.156904,0.183151,0.068023,0.156005,0.070604,0.0,0.088774,0.050947,0.20459],[0.078112,0.124291,0.152653,0.136132,0.057789,0.049124,0.088583,0.133065,0.042482,0.088667,0.050506,0.088774,0.0,0.095405,0.125405],[0.04562,0.03656,0.223067,0.20936,0.126326,0.112187,0.164964,0.196217,0.068605,0.167409,0.083474,0.050947,0.095405,0.0,0.225321],[0.197885,0.251626,0.065808,0.067989,0.077949,0.100072,0.052551,0.056658,0.152591,0.044391,0.130688,0.20459,0.125405,0.225321,0.0]],"off_diagonal_summary":{"ari_mean":0.970569,"ari_min":0.936134,"ari_std":0.026028,"procrustes_mean":0.118664,"procrustes_max":0.311066},"framework_axis":"B-6 follow-up: classical-method seed stability (sklearn) \u2014 pairwise cluster ARI + Procrustes between latents across N_SEEDS sklearn random_state seeds","generated_at":"2026-05-07T05:35:21Z","builder_version":"build_classical_seed_stability v0.1"}