{"scene_id":"salinas-a-corrected","method":"dense_ae_8","n_seeds":7,"latent_dim":8,"samples_per_class":220,"ari_vs_gt_per_seed":[0.613318,0.607551,0.607551,0.609732,0.607551,0.591656,0.608025],"ari_vs_gt_summary":{"mean":0.606483,"std":0.006357,"min":0.591656,"max":0.613318},"seed_pair_ari":[[1.0,0.99225,0.99225,0.990022,0.99225,0.941096,0.991679],[0.99225,1.0,1.0,0.99776,1.0,0.940519,0.99943],[0.99225,1.0,1.0,0.99776,1.0,0.940519,0.99943],[0.990022,0.99776,0.99776,1.0,0.99776,0.940519,0.99831],[0.99225,1.0,1.0,0.99776,1.0,0.940519,0.99943],[0.941096,0.940519,0.940519,0.940519,0.940519,1.0,0.940335],[0.991679,0.99943,0.99943,0.99831,0.99943,0.940335,1.0]],"seed_pair_procrustes_dist":[[0.0,0.05587,0.260391,0.239486,0.122473,0.099126,0.173727],[0.05587,0.0,0.311066,0.28739,0.169034,0.146137,0.221277],[0.260391,0.311066,0.0,0.043203,0.115905,0.136105,0.077829],[0.239486,0.28739,0.043203,0.0,0.103396,0.125372,0.061512],[0.122473,0.169034,0.115905,0.103396,0.0,0.044607,0.054977],[0.099126,0.146137,0.136105,0.125372,0.044607,0.0,0.086073],[0.173727,0.221277,0.077829,0.061512,0.054977,0.086073,0.0]],"off_diagonal_summary":{"ari_mean":0.980564,"ari_min":0.940335,"ari_std":0.025464,"procrustes_mean":0.13976,"procrustes_max":0.311066},"framework_axis":"B-6 follow-up: classical-method seed stability (sklearn) \u2014 pairwise cluster ARI + Procrustes between latents across N_SEEDS sklearn random_state seeds","generated_at":"2026-05-06T15:57:16Z","builder_version":"build_classical_seed_stability v0.1"}