{"scene_id":"salinas-a-corrected","method":"nmf_8","n_seeds":15,"latent_dim":8,"samples_per_class":220,"ari_vs_gt_per_seed":[0.80316,0.80316,0.80316,0.80316,0.80316,0.80316,0.80316,0.80316,0.80316,0.80316,0.80316,0.80316,0.80316,0.80316,0.80316],"ari_vs_gt_summary":{"mean":0.80316,"std":0.0,"min":0.80316,"max":0.80316},"seed_pair_ari":[[1.0,1.0,1.0,1.0,1.0,1.0,1.0,1.0,1.0,1.0,1.0,1.0,1.0,1.0,1.0],[1.0,1.0,1.0,1.0,1.0,1.0,1.0,1.0,1.0,1.0,1.0,1.0,1.0,1.0,1.0],[1.0,1.0,1.0,1.0,1.0,1.0,1.0,1.0,1.0,1.0,1.0,1.0,1.0,1.0,1.0],[1.0,1.0,1.0,1.0,1.0,1.0,1.0,1.0,1.0,1.0,1.0,1.0,1.0,1.0,1.0],[1.0,1.0,1.0,1.0,1.0,1.0,1.0,1.0,1.0,1.0,1.0,1.0,1.0,1.0,1.0],[1.0,1.0,1.0,1.0,1.0,1.0,1.0,1.0,1.0,1.0,1.0,1.0,1.0,1.0,1.0],[1.0,1.0,1.0,1.0,1.0,1.0,1.0,1.0,1.0,1.0,1.0,1.0,1.0,1.0,1.0],[1.0,1.0,1.0,1.0,1.0,1.0,1.0,1.0,1.0,1.0,1.0,1.0,1.0,1.0,1.0],[1.0,1.0,1.0,1.0,1.0,1.0,1.0,1.0,1.0,1.0,1.0,1.0,1.0,1.0,1.0],[1.0,1.0,1.0,1.0,1.0,1.0,1.0,1.0,1.0,1.0,1.0,1.0,1.0,1.0,1.0],[1.0,1.0,1.0,1.0,1.0,1.0,1.0,1.0,1.0,1.0,1.0,1.0,1.0,1.0,1.0],[1.0,1.0,1.0,1.0,1.0,1.0,1.0,1.0,1.0,1.0,1.0,1.0,1.0,1.0,1.0],[1.0,1.0,1.0,1.0,1.0,1.0,1.0,1.0,1.0,1.0,1.0,1.0,1.0,1.0,1.0],[1.0,1.0,1.0,1.0,1.0,1.0,1.0,1.0,1.0,1.0,1.0,1.0,1.0,1.0,1.0],[1.0,1.0,1.0,1.0,1.0,1.0,1.0,1.0,1.0,1.0,1.0,1.0,1.0,1.0,1.0]],"seed_pair_procrustes_dist":[[0.0,0.004214,0.008788,0.005192,0.00568,0.002366,0.004948,0.011423,0.003846,0.002874,0.002821,0.003094,0.007118,0.003209,0.007985],[0.004214,0.0,0.011263,0.00417,0.004715,0.00433,0.003718,0.012515,0.002427,0.002827,0.004218,0.005884,0.004172,0.003005,0.007103],[0.008788,0.011263,0.0,0.012754,0.012713,0.008038,0.012736,0.005129,0.011945,0.009125,0.00786,0.00765,0.013969,0.009873,0.014736],[0.005192,0.00417,0.012754,0.0,0.001887,0.006811,0.001097,0.0152,0.002947,0.005143,0.005416,0.005995,0.003795,0.005633,0.003631],[0.00568,0.004715,0.012713,0.001887,0.0,0.007173,0.002072,0.015176,0.003484,0.005478,0.00528,0.006294,0.003787,0.005564,0.002809],[0.002366,0.00433,0.008038,0.006811,0.007173,0.0,0.006426,0.009834,0.004825,0.003088,0.003381,0.004549,0.007706,0.00293,0.009609],[0.004948,0.003718,0.012736,0.001097,0.002072,0.006426,0.0,0.015056,0.002364,0.004824,0.005327,0.006106,0.00343,0.005044,0.003978],[0.011423,0.012515,0.005129,0.0152,0.015176,0.009834,0.015056,0.0,0.013897,0.010772,0.010213,0.01082,0.015472,0.011381,0.01743],[0.003846,0.002427,0.011945,0.002947,0.003484,0.004825,0.002364,0.013897,0.0,0.003942,0.004489,0.005892,0.003718,0.003582,0.005684],[0.002874,0.002827,0.009125,0.005143,0.005478,0.003088,0.004824,0.010772,0.003942,0.0,0.002608,0.003674,0.006372,0.002297,0.008003],[0.002821,0.004218,0.00786,0.005416,0.00528,0.003381,0.005327,0.010213,0.004489,0.002608,0.0,0.00291,0.006779,0.003312,0.007668],[0.003094,0.005884,0.00765,0.005995,0.006294,0.004549,0.006106,0.01082,0.005892,0.003674,0.00291,0.0,0.008527,0.005072,0.008339],[0.007118,0.004172,0.013969,0.003795,0.003787,0.007706,0.00343,0.015472,0.003718,0.006372,0.006779,0.008527,0.0,0.006179,0.004869],[0.003209,0.003005,0.009873,0.005633,0.005564,0.00293,0.005044,0.011381,0.003582,0.002297,0.003312,0.005072,0.006179,0.0,0.008075],[0.007985,0.007103,0.014736,0.003631,0.002809,0.009609,0.003978,0.01743,0.005684,0.008003,0.007668,0.008339,0.004869,0.008075,0.0]],"off_diagonal_summary":{"ari_mean":1.0,"ari_min":1.0,"ari_std":0.0,"procrustes_mean":0.006529,"procrustes_max":0.01743},"framework_axis":"B-6 follow-up: classical-method seed stability (sklearn) \u2014 pairwise cluster ARI + Procrustes between latents across N_SEEDS sklearn random_state seeds","generated_at":"2026-05-07T05:33:36Z","builder_version":"build_classical_seed_stability v0.1"}