{"scene_id":"salinas-corrected","method":"nmf_8","n_seeds":7,"latent_dim":8,"samples_per_class":220,"ari_vs_gt_per_seed":[0.617013,0.615126,0.610149,0.627135,0.610152,0.611266,0.619621],"ari_vs_gt_summary":{"mean":0.61578,"std":0.005725,"min":0.610149,"max":0.627135},"seed_pair_ari":[[1.0,0.977309,0.856706,0.876458,0.970381,0.969832,0.983446],[0.977309,1.0,0.850035,0.873105,0.963319,0.963771,0.97919],[0.856706,0.850035,1.0,0.835189,0.84528,0.843907,0.855182],[0.876458,0.873105,0.835189,1.0,0.867486,0.868735,0.878862],[0.970381,0.963319,0.84528,0.867486,1.0,0.992995,0.974551],[0.969832,0.963771,0.843907,0.868735,0.992995,1.0,0.975407],[0.983446,0.97919,0.855182,0.878862,0.974551,0.975407,1.0]],"seed_pair_procrustes_dist":[[0.0,0.025687,0.012934,0.029257,0.014921,0.008211,0.039213],[0.025687,0.0,0.01873,0.008417,0.031256,0.024323,0.015545],[0.012934,0.01873,0.0,0.021783,0.02024,0.011195,0.031326],[0.029257,0.008417,0.021783,0.0,0.037202,0.02845,0.012087],[0.014921,0.031256,0.02024,0.037202,0.0,0.013031,0.046246],[0.008211,0.024323,0.011195,0.02845,0.013031,0.0,0.03933],[0.039213,0.015545,0.031326,0.012087,0.046246,0.03933,0.0]],"off_diagonal_summary":{"ari_mean":0.91434,"ari_min":0.835189,"ari_std":0.059028,"procrustes_mean":0.023304,"procrustes_max":0.046246},"framework_axis":"B-6 follow-up: classical-method seed stability (sklearn) \u2014 pairwise cluster ARI + Procrustes between latents across N_SEEDS sklearn random_state seeds","generated_at":"2026-05-06T15:56:19Z","builder_version":"build_classical_seed_stability v0.1"}