{"scene_id":"salinas-a-corrected","method":"nmf_8","n_seeds":7,"latent_dim":8,"samples_per_class":220,"ari_vs_gt_per_seed":[0.80316,0.80316,0.80316,0.80316,0.80316,0.80316,0.80316],"ari_vs_gt_summary":{"mean":0.80316,"std":0.0,"min":0.80316,"max":0.80316},"seed_pair_ari":[[1.0,1.0,1.0,1.0,1.0,1.0,1.0],[1.0,1.0,1.0,1.0,1.0,1.0,1.0],[1.0,1.0,1.0,1.0,1.0,1.0,1.0],[1.0,1.0,1.0,1.0,1.0,1.0,1.0],[1.0,1.0,1.0,1.0,1.0,1.0,1.0],[1.0,1.0,1.0,1.0,1.0,1.0,1.0],[1.0,1.0,1.0,1.0,1.0,1.0,1.0]],"seed_pair_procrustes_dist":[[0.0,0.004214,0.008788,0.005192,0.00568,0.002366,0.004948],[0.004214,0.0,0.011263,0.00417,0.004715,0.00433,0.003718],[0.008788,0.011263,0.0,0.012754,0.012713,0.008038,0.012736],[0.005192,0.00417,0.012754,0.0,0.001887,0.006811,0.001097],[0.00568,0.004715,0.012713,0.001887,0.0,0.007173,0.002072],[0.002366,0.00433,0.008038,0.006811,0.007173,0.0,0.006426],[0.004948,0.003718,0.012736,0.001097,0.002072,0.006426,0.0]],"off_diagonal_summary":{"ari_mean":1.0,"ari_min":1.0,"ari_std":0.0,"procrustes_mean":0.006242,"procrustes_max":0.012754},"framework_axis":"B-6 follow-up: classical-method seed stability (sklearn) \u2014 pairwise cluster ARI + Procrustes between latents across N_SEEDS sklearn random_state seeds","generated_at":"2026-05-06T15:56:21Z","builder_version":"build_classical_seed_stability v0.1"}