{"scene_id":"salinas-a-corrected","method":"ica_8","n_seeds":15,"latent_dim":8,"samples_per_class":220,"ari_vs_gt_per_seed":[0.510777,0.510777,0.510777,0.510777,0.510777,0.510777,0.510777,0.510777,0.510777,0.510777,0.510777,0.510777,0.510777,0.510777,0.510777],"ari_vs_gt_summary":{"mean":0.510777,"std":0.0,"min":0.510777,"max":0.510777},"seed_pair_ari":[[1.0,1.0,1.0,1.0,1.0,1.0,1.0,1.0,1.0,1.0,1.0,1.0,1.0,1.0,1.0],[1.0,1.0,1.0,1.0,1.0,1.0,1.0,1.0,1.0,1.0,1.0,1.0,1.0,1.0,1.0],[1.0,1.0,1.0,1.0,1.0,1.0,1.0,1.0,1.0,1.0,1.0,1.0,1.0,1.0,1.0],[1.0,1.0,1.0,1.0,1.0,1.0,1.0,1.0,1.0,1.0,1.0,1.0,1.0,1.0,1.0],[1.0,1.0,1.0,1.0,1.0,1.0,1.0,1.0,1.0,1.0,1.0,1.0,1.0,1.0,1.0],[1.0,1.0,1.0,1.0,1.0,1.0,1.0,1.0,1.0,1.0,1.0,1.0,1.0,1.0,1.0],[1.0,1.0,1.0,1.0,1.0,1.0,1.0,1.0,1.0,1.0,1.0,1.0,1.0,1.0,1.0],[1.0,1.0,1.0,1.0,1.0,1.0,1.0,1.0,1.0,1.0,1.0,1.0,1.0,1.0,1.0],[1.0,1.0,1.0,1.0,1.0,1.0,1.0,1.0,1.0,1.0,1.0,1.0,1.0,1.0,1.0],[1.0,1.0,1.0,1.0,1.0,1.0,1.0,1.0,1.0,1.0,1.0,1.0,1.0,1.0,1.0],[1.0,1.0,1.0,1.0,1.0,1.0,1.0,1.0,1.0,1.0,1.0,1.0,1.0,1.0,1.0],[1.0,1.0,1.0,1.0,1.0,1.0,1.0,1.0,1.0,1.0,1.0,1.0,1.0,1.0,1.0],[1.0,1.0,1.0,1.0,1.0,1.0,1.0,1.0,1.0,1.0,1.0,1.0,1.0,1.0,1.0],[1.0,1.0,1.0,1.0,1.0,1.0,1.0,1.0,1.0,1.0,1.0,1.0,1.0,1.0,1.0],[1.0,1.0,1.0,1.0,1.0,1.0,1.0,1.0,1.0,1.0,1.0,1.0,1.0,1.0,1.0]],"seed_pair_procrustes_dist":[[0.0,2e-06,0.000281,2e-06,5e-06,2e-06,5e-06,2e-06,2e-06,4e-06,3e-06,2e-06,2e-06,2e-06,2e-06],[2e-06,0.0,0.000281,2e-06,5e-06,1e-06,5e-06,2e-06,2e-06,4e-06,2e-06,2e-06,2e-06,2e-06,2e-06],[0.000281,0.000281,0.0,0.000282,0.000285,0.000281,0.000284,0.000282,0.000282,0.000283,0.00028,0.000282,0.000282,0.000281,0.000282],[2e-06,2e-06,0.000282,0.0,4e-06,2e-06,5e-06,2e-06,1e-06,3e-06,3e-06,2e-06,2e-06,2e-06,2e-06],[5e-06,5e-06,0.000285,4e-06,0.0,5e-06,3e-06,4e-06,4e-06,3e-06,7e-06,5e-06,4e-06,4e-06,5e-06],[2e-06,1e-06,0.000281,2e-06,5e-06,0.0,5e-06,2e-06,1e-06,3e-06,3e-06,2e-06,1e-06,1e-06,2e-06],[5e-06,5e-06,0.000284,5e-06,3e-06,5e-06,0.0,4e-06,5e-06,3e-06,7e-06,5e-06,5e-06,5e-06,5e-06],[2e-06,2e-06,0.000282,2e-06,4e-06,2e-06,4e-06,0.0,2e-06,3e-06,4e-06,2e-06,2e-06,2e-06,2e-06],[2e-06,2e-06,0.000282,1e-06,4e-06,1e-06,5e-06,2e-06,0.0,3e-06,3e-06,2e-06,2e-06,2e-06,2e-06],[4e-06,4e-06,0.000283,3e-06,3e-06,3e-06,3e-06,3e-06,3e-06,0.0,6e-06,3e-06,3e-06,3e-06,3e-06],[3e-06,2e-06,0.00028,3e-06,7e-06,3e-06,7e-06,4e-06,3e-06,6e-06,0.0,3e-06,3e-06,3e-06,3e-06],[2e-06,2e-06,0.000282,2e-06,5e-06,2e-06,5e-06,2e-06,2e-06,3e-06,3e-06,0.0,2e-06,1e-06,2e-06],[2e-06,2e-06,0.000282,2e-06,4e-06,1e-06,5e-06,2e-06,2e-06,3e-06,3e-06,2e-06,0.0,1e-06,2e-06],[2e-06,2e-06,0.000281,2e-06,4e-06,1e-06,5e-06,2e-06,2e-06,3e-06,3e-06,1e-06,1e-06,0.0,2e-06],[2e-06,2e-06,0.000282,2e-06,5e-06,2e-06,5e-06,2e-06,2e-06,3e-06,3e-06,2e-06,2e-06,2e-06,0.0]],"off_diagonal_summary":{"ari_mean":1.0,"ari_min":1.0,"ari_std":0.0,"procrustes_mean":4e-05,"procrustes_max":0.000285},"framework_axis":"B-6 follow-up: classical-method seed stability (sklearn) \u2014 pairwise cluster ARI + Procrustes between latents across N_SEEDS sklearn random_state seeds","generated_at":"2026-05-07T05:34:20Z","builder_version":"build_classical_seed_stability v0.1"}