{"scene_id":"botswana","mask_id":"top_50_fisher","mask_label":"Top-50 Fisher-ratio bands","mask_description":"Keep only the 50 bands with the largest per-band Fisher discriminant ratio (from interpretability/band_cards). Topics built on the most label-discriminative subset.","spatial_shape":[1476,256],"topic_count":12,"document_count":2775,"vocabulary_size":50,"n_bands_full":145,"n_bands_kept":50,"kept_band_indices":[48,49,50,51,52,53,54,55,56,57,58,59,60,62,63,64,65,66,67,68,69,70,71,72,73,74,75,76,77,78,79,85,86,87,88,89,90,91,92,93,94,95,96,97,98,99,100,101,103,104],"wavelengths_nm_kept_first_last":[1100.0,1916.6666259765625],"wavelengths_nm_kept":[1100.0,1114.58,1129.17,1143.75,1158.33,1172.92,1187.5,1202.08,1216.67,1231.25,1245.83,1260.42,1275.0,1304.17,1318.75,1333.33,1347.92,1362.5,1377.08,1391.67,1406.25,1420.83,1435.42,1450.0,1464.58,1479.17,1493.75,1508.33,1522.92,1537.5,1552.08,1639.58,1654.17,1668.75,1683.33,1697.92,1712.5,1727.08,1741.67,1756.25,1770.83,1785.42,1800.0,1814.58,1829.17,1843.75,1858.33,1872.92,1902.08,1916.67],"topic_prevalence":[0.071241,0.071008,0.074606,0.074854,0.100849,0.082277,0.082068,0.070201,0.071831,0.075329,0.146177,0.079559],"topic_distance_cosine":[[0.0,0.022823,0.028231,0.021501,0.037421,0.041232,0.035843,0.030483,0.023982,0.031878,0.0803,0.02486],[0.022823,0.0,0.034496,0.033903,0.042244,0.047532,0.038596,0.037526,0.0288,0.030701,0.077214,0.027842],[0.028231,0.034496,0.0,0.049964,0.080403,0.035304,0.033429,0.036084,0.03047,0.027651,0.043884,0.05036],[0.021501,0.033903,0.049964,0.0,0.038093,0.055169,0.04688,0.048409,0.034309,0.036972,0.090997,0.026826],[0.037421,0.042244,0.080403,0.038093,0.0,0.103295,0.093728,0.066532,0.05116,0.075959,0.165536,0.029723],[0.041232,0.047532,0.035304,0.055169,0.103295,0.0,0.031966,0.042115,0.040967,0.025379,0.039007,0.069017],[0.035843,0.038596,0.033429,0.04688,0.093728,0.031966,0.0,0.03863,0.040697,0.0211,0.036133,0.062617],[0.030483,0.037526,0.036084,0.048409,0.066532,0.042115,0.03863,0.0,0.032582,0.030887,0.056355,0.041121],[0.023982,0.0288,0.03047,0.034309,0.05116,0.040967,0.040697,0.032582,0.0,0.028352,0.064458,0.0399],[0.031878,0.030701,0.027651,0.036972,0.075959,0.025379,0.0211,0.030887,0.028352,0.0,0.033885,0.04812],[0.0803,0.077214,0.043884,0.090997,0.165536,0.039007,0.036133,0.056355,0.064458,0.033885,0.0,0.113133],[0.02486,0.027842,0.05036,0.026826,0.029723,0.069017,0.062617,0.041121,0.0399,0.04812,0.113133,0.0]],"top_words_per_topic_lambda_05":[["1552nm","1844nm","1275nm","1465nm","1158nm","1785nm","1538nm","1450nm","1800nm","1479nm","1698nm","1406nm","1771nm","1683nm","1217nm"],["1392nm","1465nm","1450nm","1435nm","1421nm","1858nm","1304nm","1319nm","1640nm","1362nm","1217nm","1917nm","1829nm","1815nm","1173nm"],["1538nm","1479nm","1217nm","1465nm","1523nm","1202nm","1494nm","1260nm","1552nm","1100nm","1435nm","1421nm","1304nm","1319nm","1508nm"],["1246nm","1785nm","1800nm","1712nm","1129nm","1494nm","1479nm","1377nm","1815nm","1698nm","1552nm","1683nm","1158nm","1421nm","1275nm"],["1917nm","1902nm","1844nm","1640nm","1698nm","1727nm","1815nm","1858nm","1654nm","1873nm","1756nm","1800nm","1742nm","1508nm","1785nm"],["1115nm","1129nm","1188nm","1406nm","1100nm","1173nm","1333nm","1158nm","1450nm","1275nm","1260nm","1552nm","1421nm","1538nm","1319nm"],["1392nm","1348nm","1435nm","1494nm","1275nm","1202nm","1231nm","1173nm","1260nm","1217nm","1552nm","1785nm","1523nm","1406nm","1479nm"],["1523nm","1362nm","1144nm","1275nm","1173nm","1654nm","1100nm","1231nm","1217nm","1538nm","1260nm","1348nm","1129nm","1188nm","1246nm"],["1304nm","1494nm","1800nm","1523nm","1844nm","1231nm","1362nm","1508nm","1538nm","1333nm","1144nm","1348nm","1465nm","1421nm","1260nm"],["1450nm","1479nm","1231nm","1260nm","1421nm","1275nm","1508nm","1348nm","1377nm","1158nm","1435nm","1246nm","1115nm","1144nm","1173nm"],["1246nm","1202nm","1144nm","1217nm","1275nm","1158nm","1129nm","1260nm","1231nm","1115nm","1188nm","1508nm","1100nm","1173nm","1392nm"],["1771nm","1742nm","1669nm","1712nm","1829nm","1654nm","1858nm","1683nm","1873nm","1260nm","1727nm","1202nm","1640nm","1756nm","1392nm"]],"p_label_given_topic_dominant":[[{"label_id":1,"name":"Water","count":23,"p":0.92},{"label_id":2,"name":"Hippo grass","count":0,"p":0.0},{"label_id":3,"name":"Floodplain grasses 1","count":0,"p":0.0},{"label_id":4,"name":"Floodplain grasses 2","count":1,"p":0.04},{"label_id":5,"name":"Reeds","count":0,"p":0.0},{"label_id":6,"name":"Riparian","count":0,"p":0.0},{"label_id":7,"name":"Firescar","count":0,"p":0.0},{"label_id":8,"name":"Island interior","count":1,"p":0.04},{"label_id":9,"name":"Acacia woodlands","count":0,"p":0.0},{"label_id":10,"name":"Acacia shrublands","count":0,"p":0.0},{"label_id":11,"name":"Acacia grasslands","count":0,"p":0.0},{"label_id":12,"name":"Short mopane","count":0,"p":0.0},{"label_id":13,"name":"Mixed mopane","count":0,"p":0.0},{"label_id":14,"name":"Exposed soils","count":0,"p":0.0}],[{"label_id":1,"name":"Water","count":1,"p":0.14285714285714285},{"label_id":2,"name":"Hippo grass","count":0,"p":0.0},{"label_id":3,"name":"Floodplain grasses 1","count":0,"p":0.0},{"label_id":4,"name":"Floodplain grasses 2","count":1,"p":0.14285714285714285},{"label_id":5,"name":"Reeds","count":0,"p":0.0},{"label_id":6,"name":"Riparian","count":0,"p":0.0},{"label_id":7,"name":"Firescar","count":1,"p":0.14285714285714285},{"label_id":8,"name":"Island interior","count":4,"p":0.5714285714285714},{"label_id":9,"name":"Acacia woodlands","count":0,"p":0.0},{"label_id":10,"name":"Acacia shrublands","count":0,"p":0.0},{"label_id":11,"name":"Acacia grasslands","count":0,"p":0.0},{"label_id":12,"name":"Short mopane","count":0,"p":0.0},{"label_id":13,"name":"Mixed mopane","count":0,"p":0.0},{"label_id":14,"name":"Exposed soils","count":0,"p":0.0}],[{"label_id":1,"name":"Water","count":1,"p":0.015625},{"label_id":2,"name":"Hippo grass","count":0,"p":0.0},{"label_id":3,"name":"Floodplain grasses 1","count":1,"p":0.015625},{"label_id":4,"name":"Floodplain grasses 2","count":4,"p":0.0625},{"label_id":5,"name":"Reeds","count":0,"p":0.0},{"label_id":6,"name":"Riparian","count":1,"p":0.015625},{"label_id":7,"name":"Firescar","count":0,"p":0.0},{"label_id":8,"name":"Island interior","count":22,"p":0.34375},{"label_id":9,"name":"Acacia woodlands","count":7,"p":0.109375},{"label_id":10,"name":"Acacia shrublands","count":0,"p":0.0},{"label_id":11,"name":"Acacia grasslands","count":0,"p":0.0},{"label_id":12,"name":"Short mopane","count":4,"p":0.0625},{"label_id":13,"name":"Mixed mopane","count":24,"p":0.375},{"label_id":14,"name":"Exposed soils","count":0,"p":0.0}],[{"label_id":1,"name":"Water","count":11,"p":0.44},{"label_id":2,"name":"Hippo grass","count":0,"p":0.0},{"label_id":3,"name":"Floodplain grasses 1","count":0,"p":0.0},{"label_id":4,"name":"Floodplain grasses 2","count":3,"p":0.12},{"label_id":5,"name":"Reeds","count":0,"p":0.0},{"label_id":6,"name":"Riparian","count":0,"p":0.0},{"label_id":7,"name":"Firescar","count":2,"p":0.08},{"label_id":8,"name":"Island interior","count":3,"p":0.12},{"label_id":9,"name":"Acacia woodlands","count":0,"p":0.0},{"label_id":10,"name":"Acacia shrublands","count":3,"p":0.12},{"label_id":11,"name":"Acacia grasslands","count":0,"p":0.0},{"label_id":12,"name":"Short mopane","count":1,"p":0.04},{"label_id":13,"name":"Mixed mopane","count":2,"p":0.08},{"label_id":14,"name":"Exposed soils","count":0,"p":0.0}],[{"label_id":1,"name":"Water","count":27,"p":0.024302430243024302},{"label_id":2,"name":"Hippo grass","count":0,"p":0.0},{"label_id":3,"name":"Floodplain grasses 1","count":218,"p":0.19621962196219622},{"label_id":4,"name":"Floodplain grasses 2","count":37,"p":0.0333033303330333},{"label_id":5,"name":"Reeds","count":0,"p":0.0},{"label_id":6,"name":"Riparian","count":0,"p":0.0},{"label_id":7,"name":"Firescar","count":205,"p":0.1845184518451845},{"label_id":8,"name":"Island interior","count":104,"p":0.09360936093609361},{"label_id":9,"name":"Acacia woodlands","count":0,