{"scene_id":"kennedy-space-center","mask_id":"vnir","mask_label":"VNIR-only (400-1100 nm)","mask_description":"Visible + near-infrared bands only. Removes SWIR signal so topics can only express visible-light + chlorophyll-region absorption.","spatial_shape":[512,614],"topic_count":12,"document_count":2686,"vocabulary_size":59,"n_bands_full":176,"n_bands_kept":59,"kept_band_indices":[0,1,2,3,4,5,6,7,8,9,10,11,12,13,14,15,16,17,18,19,20,21,22,23,24,25,26,27,28,29,30,31,32,33,34,35,36,37,38,39,40,41,42,43,44,45,46,47,48,49,50,51,52,53,54,55,56,57,58],"wavelengths_nm_kept_first_last":[400.0,1096.0],"wavelengths_nm_kept":[400.0,412.0,424.0,436.0,448.0,460.0,472.0,484.0,496.0,508.0,520.0,532.0,544.0,556.0,568.0,580.0,592.0,604.0,616.0,628.0,640.0,652.0,664.0,676.0,688.0,700.0,712.0,724.0,736.0,748.0,760.0,772.0,784.0,796.0,808.0,820.0,832.0,844.0,856.0,868.0,880.0,892.0,904.0,916.0,928.0,940.0,952.0,964.0,976.0,988.0,1000.0,1012.0,1024.0,1036.0,1048.0,1060.0,1072.0,1084.0,1096.0],"topic_prevalence":[0.055927,0.05222,0.042303,0.04798,0.038874,0.040347,0.101214,0.158831,0.088776,0.177653,0.050184,0.145691],"topic_distance_cosine":[[0.0,0.01858,0.049686,0.028576,0.078985,0.02287,0.110177,0.024273,0.022151,0.159015,0.022079,0.612736],[0.01858,0.0,0.047299,0.024609,0.077421,0.039068,0.126091,0.04767,0.044243,0.150907,0.034033,0.572634],[0.049686,0.047299,0.0,0.040103,0.067121,0.057918,0.127756,0.100242,0.095881,0.136886,0.061511,0.493961],[0.028576,0.024609,0.040103,0.0,0.068603,0.041967,0.127347,0.068636,0.063999,0.142662,0.037362,0.527907],[0.078985,0.077421,0.067121,0.068603,0.0,0.064691,0.050453,0.148885,0.118693,0.091624,0.071982,0.366632],[0.02287,0.039068,0.057918,0.041967,0.064691,0.0,0.080829,0.051867,0.036547,0.093325,0.022177,0.552093],[0.110177,0.126091,0.127756,0.127347,0.050453,0.080829,0.0,0.171109,0.132854,0.081924,0.103883,0.413413],[0.024273,0.04767,0.100242,0.068636,0.148885,0.051867,0.171109,0.0,0.009883,0.235552,0.037722,0.777232],[0.022151,0.044243,0.095881,0.063999,0.118693,0.036547,0.132854,0.009883,0.0,0.192354,0.02919,0.691812],[0.159015,0.150907,0.136886,0.142662,0.091624,0.093325,0.081924,0.235552,0.192354,0.0,0.139493,0.384167],[0.022079,0.034033,0.061511,0.037362,0.071982,0.022177,0.103883,0.037722,0.02919,0.139493,0.0,0.567046],[0.612736,0.572634,0.493961,0.527907,0.366632,0.552093,0.413413,0.777232,0.691812,0.384167,0.567046,0.0]],"top_words_per_topic_lambda_05":[["0940nm","0808nm","0820nm","0880nm","0796nm","1024nm","0892nm","1036nm","1012nm","0832nm","0988nm","0964nm","0928nm","0904nm","1060nm"],["0844nm","0880nm","0976nm","0820nm","0808nm","0784nm","0856nm","0892nm","0832nm","0964nm","0796nm","0952nm","0988nm","0904nm","0580nm"],["0796nm","0808nm","0832nm","0820nm","0592nm","0784nm","0928nm","0904nm","0868nm","1084nm","0964nm","1036nm","0856nm","1000nm","0556nm"],["0796nm","0916nm","0784nm","0568nm","0940nm","0820nm","1000nm","0808nm","1048nm","0580nm","0868nm","0856nm","0832nm","0880nm","0844nm"],["0412nm","0784nm","0808nm","1036nm","1096nm","0916nm","1024nm","0796nm","1048nm","1084nm","1072nm","0844nm","0928nm","0856nm","0580nm"],["0952nm","1012nm","1096nm","0928nm","1060nm","1084nm","0880nm","1036nm","0796nm","0988nm","0964nm","0940nm","0820nm","1072nm","0832nm"],["0412nm","0424nm","1060nm","0796nm","0784nm","1084nm","1048nm","0988nm","0736nm","0808nm","1072nm","1000nm","0820nm","1036nm","1024nm"],["1036nm","1096nm","0976nm","0988nm","0868nm","1000nm","1012nm","1072nm","0928nm","1024nm","0952nm","1084nm","0904nm","0964nm","1060nm"],["1084nm","1048nm","0856nm","1060nm","0964nm","0916nm","0940nm","1000nm","0928nm","1072nm","0952nm","1012nm","1024nm","0892nm","1096nm"],["0784nm","0772nm","0760nm","0724nm","0712nm","0748nm","0796nm","0736nm","0700nm","0688nm","0676nm","0664nm","1096nm","0652nm","0808nm"],["1000nm","1096nm","1072nm","1060nm","0976nm","1024nm","1012nm","0892nm","1084nm","0988nm","0904nm","0952nm","0964nm","0796nm","0916nm"],["0604nm","0580nm","0592nm","0616nm","0568nm","0496nm","0520nm","0532nm","0556nm","0544nm","0508nm","0436nm","0472nm","0412nm","0484nm"]],"p_label_given_topic_dominant":[[{"label_id":1,"name":"Scrub","count":1,"p":0.3333333333333333},{"label_id":2,"name":"Willow swamp","count":0,"p":0.0},{"label_id":3,"name":"CP hammock","count":0,"p":0.0},{"label_id":4,"name":"Slash pine","count":0,"p":0.0},{"label_id":5,"name":"Oak/Broadleaf","count":0,"p":0.0},{"label_id":6,"name":"Hardwood","count":0,"p":0.0},{"label_id":7,"name":"Swamp","count":0,"p":0.0},{"label_id":8,"name":"Graminoid marsh","count":0,"p":0.0},{"label_id":9,"name":"Spartina marsh","count":0,"p":0.0},{"label_id":10,"name":"Cattail marsh","count":0,"p":0.0},{"label_id":11,"name":"Salt marsh","count":0,"p":0.0},{"label_id":12,"name":"Mud flats","count":2,"p":0.6666666666666666},{"label_id":13,"name":"Water","count":0,"p":0.0}],[{"label_id":1,"name":"Scrub","count":6,"p":0.17647058823529413},{"label_id":2,"name":"Willow swamp","count":25,"p":0.7352941176470589},{"label_id":3,"name":"CP hammock","count":0,"p":0.0},{"label_id":4,"name":"Slash pine","count":0,"p":0.0},{"label_id":5,"name":"Oak/Broadleaf","count":0,"p":0.0},{"label_id":6,"name":"Hardwood","count":1,"p":0.029411764705882353},{"label_id":7,"name":"Swamp","count":0,"p":0.0},{"label_id":8,"name":"Graminoid marsh","count":2,"p":0.058823529411764705},{"label_id":9,"name":"Spartina marsh","count":0,"p":0.0},{"label_id":10,"name":"Cattail marsh","count":0,"p":0.0},{"label_id":11,"name":"Salt marsh","count":0,"p":0.0},{"label_id":12,"name":"Mud flats","count":0,"p":0.0},{"label_id":13,"name":"Water","count":0,"p":0.0}],[{"label_id":1,"name":"Scrub","count":4,"p":0.06666666666666667},{"label_id":2,"name":"Willow swamp","count":52,"p":0.8666666666666667},{"label_id":3,"name":"CP hammock","count":0,"p":0.0},{"label_id":4,"name":"Slash pine","count":0,"p":0.0},{"label_id":5,"name":"Oak/Broadleaf","count":0,"p":0.0},{"label_id":6,"name":"Hardwood","count":0,"p":0.0},{"label_id":7,"name":"Swamp","count":0,"p":0.0},{"label_id":8,"name":"Graminoid marsh","count":4,"p":0.06666666666666667},{"label_id":9,"name":"Spartina marsh","count":0,"p":0.0},{"label_id":10,"name":"Cattail marsh","count":0,"p":0.0},{"label_id":11,"name":"Salt marsh","count":0,"p":0.0},{"label_id":12,"name":"Mud flats","count":0,"p":0.0},{"label_id":13,"name":"Water","count":0,"p":0.0}],[{"label_id":1,"name":"Scrub","count":8,"p":0.10810810810810811},{"label_id":2,"name":"Willow swamp","count":63,"p":0.8513513513513513},{"label_id":3,"name":"CP hammock","count":0,"p":0.0},{"label_id":4,"name":"Slash pine","count":0,"p":0.0},{"label_id":5,"name":"Oak/Broadleaf","count":0,"p":0.0},{"label_id":6,"name":"Hardwood","count":2,"p":0.02702702702702703},{"label_id":7,"name":"Swamp","count":0,"p":0.0},{"label_id":8,"name":"Graminoid marsh","count":1,"p":0.013513513513513514},{"label_id":9,"name":"Spartina marsh","count":0,"p":0.0},{"label_id":10,"name":"Cattail marsh","count":0,"p":0.0},{"label_id":11,"name":"Salt marsh","count":0,"p":0.0},{"label_id":12,"name":"Mud flats","count":0,"p":0.0},{"label_id":13,"name":"Water","count":0,"p":0.0}],[{"label_id":1,"name":"Scrub","count":2,"p":0.5},{"label_id":2,"name":"Willow swamp","count":0,"p":0.0},{"label_id":3,"name":"CP hammock","count":0,"p":0.0},{"label_id":4,"name":"Slash pine","count":0,"p":0.0},{"label_id":5,"name":"Oak/Broadleaf","count":0,"p":0.0},{"label_id":6,"name":"Hardwood","count":0,"p":0.0},{"label_id":7,"name":"Swamp","count":0,"p":0.0},{"label_id":8,"name":"Graminoid marsh","count":2,"p":0.5},{"label_id":9,"name":"Spartina marsh","count":0,"p":0.0},{"label_id":10,"name":"Cattail marsh","count":0,"p":0.0},{"label_id":11,"name":"Salt marsh","count":0,"p":0.0},{"label_id":12,"name":"Mud flats","count":0,"p":0.0},{"label_id":13,"name":"Water","count":0,"p":0.0}],[{"label_id":1,"name":"Scrub","count":0,"p":0.0},{"label_id":2,"name":"Willow swamp","count":1,"p":0.2},{"label_id":3,"name":"CP hammock","count":0,"p":0.0},{"label_id":4,"name":"Slash pine","count":0,