{"subset_code":"MINERAL1","topic_count":6,"document_count":99,"covariates_in_dmr":["P1","P2","P3","P1","P2","P3","P1","P2","P3","P1","P2","P3","P1","P2","P3","P1","P2","P3","P1","P2","P3","P1","P2","P3","P1","P2","P3","P1","P2","P3","P1","P2","P3","P1","P2","P3","P1","P2","P3","P1","P2","P3","P1","P2","P3","P1","P2","P3","P1","P2","P3","P1","P2","P3","P1","P2","P3","P1","P2","P3","P1","P2","P3","P1","P2","P3","P1","P2","P3","P1","P2","P3","P1","P2","P3","P1","P2","P3","P1","P2","P3","P1","P2","P3","P1","P2","P3","P1","P2","P3","P1","P2","P3","P1","P2","P3","P1","P2","P3"],"target_mi_against_theta":{"Actinolite":{"per_feature_mi_sum_nats":0.212815,"per_feature_mi_max":0.110029,"per_feature_mi":[0.078525,0.110029,0.0,0.0,0.02426,0.0],"n_observed":99},"Albite":{"per_feature_mi_sum_nats":0.057921,"per_feature_mi_max":0.047358,"per_feature_mi":[0.0,0.0,0.010563,0.0,0.047358,0.0],"n_observed":99},"Andesina_An40":{"per_feature_mi_sum_nats":0.307498,"per_feature_mi_max":0.184486,"per_feature_mi":[0.184486,0.036851,0.039478,0.0,0.046683,0.0],"n_observed":99},"Anhydrite/Gypsum":{"per_feature_mi_sum_nats":0.3299,"per_feature_mi_max":0.085607,"per_feature_mi":[0.043886,0.063593,0.060113,0.085607,0.076702,0.0],"n_observed":99},"Anorthite":{"per_feature_mi_sum_nats":0.142959,"per_feature_mi_max":0.098336,"per_feature_mi":[0.0,0.009281,0.007263,0.003834,0.098336,0.024245],"n_observed":99},"Apatite":{"per_feature_mi_sum_nats":0.062811,"per_feature_mi_max":0.044146,"per_feature_mi":[0.010987,0.044146,0.002003,0.0,0.005675,0.0],"n_observed":99},"Biotite":{"per_feature_mi_sum_nats":0.402274,"per_feature_mi_max":0.195994,"per_feature_mi":[0.032767,0.195994,0.042067,0.02476,0.106686,0.0],"n_observed":99},"Bornite":{"per_feature_mi_sum_nats":0.285939,"per_feature_mi_max":0.110384,"per_feature_mi":[0.0,0.097652,0.040742,0.037161,0.110384,0.0],"n_observed":99},"Bytownite_An80":{"per_feature_mi_sum_nats":0.24334,"per_feature_mi_max":0.108069,"per_feature_mi":[0.108069,0.000236,0.0,0.094799,0.040236,0.0],"n_observed":99},"Calcite":{"per_feature_mi_sum_nats":0.202951,"per_feature_mi_max":0.076882,"per_feature_mi":[0.040262,0.0,0.0,0.075525,0.076882,0.010283],"n_observed":99},"Chalcopyrite":{"per_feature_mi_sum_nats":0.230915,"per_feature_mi_max":0.14267,"per_feature_mi":[0.048515,0.0,0.0,0.14267,0.039731,0.0],"n_observed":99},"Chalcosite/Digenite":{"per_feature_mi_sum_nats":0.360084,"per_feature_mi_max":0.236732,"per_feature_mi":[0.010248,0.037055,0.026961,0.049088,0.236732,0.0],"n_observed":99},"Chlorite":{"per_feature_mi_sum_nats":0.393225,"per_feature_mi_max":0.183213,"per_feature_mi":[0.002381,0.145422,0.022872,0.010462,0.183213,0.028875],"n_observed":99},"Covelite":{"per_feature_mi_sum_nats":0.259963,"per_feature_mi_max":0.095134,"per_feature_mi":[0.033815,0.034858,0.0,0.095134,0.066254,0.029903],"n_observed":99},"Epidote":{"per_feature_mi_sum_nats":0.204395,"per_feature_mi_max":0.071529,"per_feature_mi":[0.0,0.046844,0.022521,0.063502,0.071529,0.0],"n_observed":99},"Fe Oxides":{"per_feature_mi_sum_nats":0.114322,"per_feature_mi_max":0.05512,"per_feature_mi":[0.005415,0.053788,0.0,0.0,0.0,0.05512],"n_observed":99},"Fe-Clays":{"per_feature_mi_sum_nats":0.135322,"per_feature_mi_max":0.054551,"per_feature_mi":[0.054551,0.0,0.0,0.026049,0.032308,0.022414],"n_observed":99},"K-Feldspar":{"per_feature_mi_sum_nats":0.100808,"per_feature_mi_max":0.060566,"per_feature_mi":[0.004866,0.035375,0.0,0.0,0.060566,0.0],"n_observed":99},"Kaolinite":{"per_feature_mi_sum_nats":0.175577,"per_feature_mi_max":0.116973,"per_feature_mi":[0.0,0.0,0.0,0.116973,0.032886,0.025719],"n_observed":99},"Labradorite_An60":{"per_feature_mi_sum_nats":0.284832,"per_feature_mi_max":0.154745,"per_feature_mi":[0.092231,0.003111,0.0,0.034744,0.154745,0.0],"n_observed":99},"Molybdenite":{"per_feature_mi_sum_nats":0.219805,"per_feature_mi_max":0.172295,"per_feature_mi":[0.045157,0.002353,0.0,0.172295,0.0,0.0],"n_observed":99},"Muscovite/Sericite":{"per_feature_mi_sum_nats":0.193143,"per_feature_mi_max":0.091822,"per_feature_mi":[0.057661,0.008454,0.0,0.035206,0.091822,0.0],"n_observed":99},"Oligoclasa_An20":{"per_feature_mi_sum_nats":0.173072,"per_feature_mi_max":0.076257,"per_feature_mi":[0.022529,0.0,0.076257,0.067978,0.006308,0.0],"n_observed":99},"Other Amphibole":{"per_feature_mi_sum_nats":0.14216,"per_feature_mi_max":0.066594,"per_feature_mi":[0.0,0.0,0.066594,0.035287,0.0,0.040279],"n_observed":99},"Others":{"per_feature_mi_sum_nats":0.366997,"per_feature_mi_max":0.204058,"per_feature_mi":[0.0,0.003435,0.0,0.04469,0.204058,0.114814],"n_observed":99},"Others Carbonates":{"per_feature_mi_sum_nats":0.248921,"per_feature_mi_max":0.082195,"per_feature_mi":[0.028056,0.05685,0.082195,0.0,0.08182,0.0],"n_observed":99},"Others Ti Minerals":{"per_feature_mi_sum_nats":0.039221,"per_feature_mi_max":0.031498,"per_feature_mi":[0.0,0.0,0.0,0.007724,0.031498,0.0],"n_observed":99},"Pyrite":{"per_feature_mi_sum_nats":0.568515,"per_feature_mi_max":0.238582,"per_feature_mi":[0.045031,0.073791,0.0,0.238582,0.21111,0.0],"n_observed":99},"Pyroxene":{"per_feature_mi_sum_nats":0.147489,"per_feature_mi_max":0.054152,"per_feature_mi":[0.054152,0.027267,0.0,0.019262,0.046808,0.0],"n_observed":99},"Quartz":{"per_feature_mi_sum_nats":0.08015,"per_feature_mi_max":0.064094,"per_feature_mi":[0.006012,0.010044,0.0,0.0,0.064094,0.0],"n_observed":99},"Rutile":{"per_feature_mi_sum_nats":0.285801,"per_feature_mi_max":0.134637,"per_feature_mi":[0.134637,0.0,0.0,0.10016,0.051004,0.0],"n_observed":99},"Siderite":{"per_feature_mi_sum_nats":0.071965,"per_feature_mi_max":0.051606,"per_feature_mi":[0.011068,0.009291,0.0,0.0,0.051606,0.0],"n_observed":99},"Tourmaline":{"per_feature_mi_sum_nats":0.088818,"per_feature_mi_max":0.088818,"per_feature_mi":[0.0,0.0,0.0,0.0,0.088818,0.0],"n_observed":99}},"ranking_by_max_mi":[{"target":"Pyrite","max_topic_mi":0.238582,"n_observed":99},{"target":"Chalcosite/Digenite","max_topic_mi":0.236732,"n_observed":99},{"target":"Others","max_topic_mi":0.204058,"n_observed":99},{"target":"Biotite","max_topic_mi":0.195994,"n_observed":99},{"target":"Andesina_An40","max_topic_mi":0.184486,"n_observed":99},{"target":"Chlorite","max_topic_mi":0.183213,"n_observed":99},{"target":"Molybdenite","max_topic_mi":0.172295,"n_observed":99},{"target":"Labradorite_An60","max_topic_mi":0.154745,"n_observed":99},{"target":"Chalcopyrite","max_topic_mi":0.14267,"n_observed":99},{"target":"Rutile","max_topic_mi":0.134637,"n_observed":99}],"framework_axis":"B-4 (master plan Addendum B Axis D): MI(theta; HIDSAG measurement)","generated_at":"2026-05-03T18:25:42Z","builder_version":"build_mutual_information v0.1"}