{"scene_id":"botswana","topic_count":12,"n_classes":14,"n_documents":2775,"head":"LogisticRegression(max_iter=2000, C=1.0, l2)","split":"StratifiedKFold(n_splits=5, shuffle=True, random_state=42)","metric":"macro_f1 (primary), accuracy, balanced_accuracy","method_metrics":{"theta":{"accuracy":{"per_fold":[0.747748,0.744144,0.781982,0.762162,0.744144],"mean":0.756036,"std":0.014576,"ci95_lo":0.744865,"ci95_hi":0.77045},"balanced_accuracy":{"per_fold":[0.755071,0.746819,0.793155,0.76966,0.761214],"mean":0.765184,"std":0.01586,"ci95_lo":0.752999,"ci95_hi":0.780839},"macro_f1":{"per_fold":[0.749798,0.749901,0.788564,0.767039,0.758616],"mean":0.762784,"std":0.014385,"ci95_lo":0.751603,"ci95_hi":0.776506},"latent_dim":12},"dense_ae_8":{"accuracy":{"per_fold":[0.688288,0.697297,0.727928,0.715315,0.700901],"mean":0.705946,"std":0.014022,"ci95_lo":0.694414,"ci95_hi":0.719279},"balanced_accuracy":{"per_fold":[0.665322,0.671569,0.708285,0.687474,0.680948],"mean":0.68272,"std":0.014875,"ci95_lo":0.670946,"ci95_hi":0.696779},"macro_f1":{"per_fold":[0.668034,0.673491,0.712431,0.6872,0.687957],"mean":0.685823,"std":0.015382,"ci95_lo":0.67405,"ci95_hi":0.702339},"latent_dim":8},"ica_10":{"accuracy":{"per_fold":[0.926126,0.92973,0.940541,0.940541,0.936937],"mean":0.934775,"std":0.005855,"ci95_lo":0.92973,"ci95_hi":0.93982},"balanced_accuracy":{"per_fold":[0.926627,0.935374,0.944986,0.941074,0.939655],"mean":0.937543,"std":0.006264,"ci95_lo":0.932044,"ci95_hi":0.942355},"macro_f1":{"per_fold":[0.928562,0.935323,0.945065,0.942874,0.939544],"mean":0.938274,"std":0.005864,"ci95_lo":0.93295,"ci95_hi":0.943085},"latent_dim":10},"nmf_20":{"accuracy":{"per_fold":[0.726126,0.693694,0.720721,0.718919,0.758559],"mean":0.723604,"std":0.020751,"ci95_lo":0.705225,"ci95_hi":0.739099},"balanced_accuracy":{"per_fold":[0.702607,0.665664,0.695948,0.697374,0.735415],"mean":0.699402,"std":0.022188,"ci95_lo":0.679109,"ci95_hi":0.719914},"macro_f1":{"per_fold":[0.688751,0.65527,0.691705,0.692288,0.726678],"mean":0.690938,"std":0.022613,"ci95_lo":0.669844,"ci95_hi":0.712214},"latent_dim":20},"nmf_8":{"accuracy":{"per_fold":[0.681081,0.664865,0.673874,0.691892,0.67027],"mean":0.676396,"std":0.009369,"ci95_lo":0.668468,"ci95_hi":0.685405},"balanced_accuracy":{"per_fold":[0.688731,0.670709,0.67695,0.703232,0.679689],"mean":0.683862,"std":0.011288,"ci95_lo":0.675002,"ci95_hi":0.693827},"macro_f1":{"per_fold":[0.676671,0.653393,0.667114,0.69186,0.667057],"mean":0.671219,"std":0.01271,"ci95_lo":0.661086,"ci95_hi":0.68195},"latent_dim":8},"pca_10":{"accuracy":{"per_fold":[0.827027,0.83964,0.848649,0.852252,0.846847],"mean":0.842883,"std":0.008929,"ci95_lo":0.835315,"ci95_hi":0.849369},"balanced_accuracy":{"per_fold":[0.831663,0.837141,0.854498,0.845076,0.844953],"mean":0.842666,"std":0.00778,"ci95_lo":0.836512,"ci95_hi":0.848821},"macro_f1":{"per_fold":[0.833195,0.842772,0.852533,0.852062,0.848945],"mean":0.845901,"std":0.007245,"ci95_lo":0.838978,"ci95_hi":0.851533},"latent_dim":10},"pca_3":{"accuracy":{"per_fold":[0.754955,0.758559,0.787387,0.785586,0.778378],"mean":0.772973,"std":0.013627,"ci95_lo":0.761432,"ci95_hi":0.784865},"balanced_accuracy":{"per_fold":[0.753526,0.757954,0.79331,0.774459,0.774691],"mean":0.770788,"std":0.014133,"ci95_lo":0.758645,"ci95_hi":0.78577},"macro_f1":{"per_fold":[0.753971,0.758194,0.787729,0.778822,0.775458],"mean":0.770835,"std":0.012765,"ci95_lo":0.759957,"ci95_hi":0.781712},"latent_dim":3},"pca_30":{"accuracy":{"per_fold":[0.827027,0.841441,0.855856,0.855856,0.848649],"mean":0.845766,"std":0.010787,"ci95_lo":0.835676,"ci95_hi":0.854414},"balanced_accuracy":{"per_fold":[0.831663,0.838802,0.863247,0.848323,0.846884],"mean":0.845784,"std":0.01059,"ci95_lo":0.836415,"ci95_hi":0.855373},"macro_f1":{"per_fold":[0.833476,0.844501,0.860756,0.855467,0.850898],"mean":0.84902,"std":0.009433,"ci95_lo":0.840445,"ci95_hi":0.856669},"latent_dim":30}},"pairwise_vs_theta_holm":[{"method":"dense_ae_8","vs":"theta","W":0.0,"p_raw":1.0,"p_holm":1.0,"cliff_delta_theta_minus_method":1.0},{"method":"ica_10","vs":"theta","W":0.0,"p_raw":1.0,"p_holm":1.0,"cliff_delta_theta_minus_method":-1.0},{"method":"nmf_20","vs":"theta","W":0.0,"p_raw":1.0,"p_holm":1.0,"cliff_delta_theta_minus_method":1.0},{"method":"nmf_8","vs":"theta","W":0.0,"p_raw":1.0,"p_holm":1.0,"cliff_delta_theta_minus_method":1.0},{"method":"pca_10","vs":"theta","W":0.0,"p_raw":1.0,"p_holm":1.0,"cliff_delta_theta_minus_method":-1.0},{"method":"pca_3","vs":"theta","W":0.0,"p_raw":1.0,"p_holm":1.0,"cliff_delta_theta_minus_method":-0.28},{"method":"pca_30","vs":"theta","W":0.0,"p_raw":1.0,"p_holm":1.0,"cliff_delta_theta_minus_method":-1.0}],"ranking_by_macro_f1_mean":[{"method":"ica_10","latent_dim":10,"macro_f1_mean":0.938274,"macro_f1_ci95":[0.93295,0.943085]},{"method":"pca_30","latent_dim":30,"macro_f1_mean":0.84902,"macro_f1_ci95":[0.840445,0.856669]},{"method":"pca_10","latent_dim":10,"macro_f1_mean":0.845901,"macro_f1_ci95":[0.838978,0.851533]},{"method":"pca_3","latent_dim":3,"macro_f1_mean":0.770835,"macro_f1_ci95":[0.759957,0.781712]},{"method":"theta","latent_dim":12,"macro_f1_mean":0.762784,"macro_f1_ci95":[0.751603,0.776506]},{"method":"nmf_20","latent_dim":20,"macro_f1_mean":0.690938,"macro_f1_ci95":[0.669844,0.712214]},{"method":"dense_ae_8","latent_dim":8,"macro_f1_mean":0.685823,"macro_f1_ci95":[0.67405,0.702339]},{"method":"nmf_8","latent_dim":8,"macro_f1_mean":0.671219,"macro_f1_ci95":[0.661086,0.68195]}],"framework_axis":"B-1 (master plan Addendum B): linear probe panel \u2014 theta vs other K-dim compressions, the fair-baseline argument","generated_at":"2026-05-03T18:22:15Z","builder_version":"build_linear_probe_panel v0.1"}