{"scene_id":"botswana","topic_count":12,"n_classes":14,"n_documents":2775,"head":"LogisticRegression(max_iter=2000, C=1.0, l2)","split":"StratifiedKFold(n_splits=5, shuffle=True, random_state=42)","metric":"macro_f1 (primary), accuracy, balanced_accuracy","method_metrics":{"theta":{"accuracy":{"per_fold":[0.747748,0.744144,0.781982,0.762162,0.744144],"mean":0.756036,"std":0.014576,"ci95_lo":0.744865,"ci95_hi":0.77045},"balanced_accuracy":{"per_fold":[0.755071,0.746819,0.793155,0.76966,0.761214],"mean":0.765184,"std":0.01586,"ci95_lo":0.752999,"ci95_hi":0.780839},"macro_f1":{"per_fold":[0.749798,0.749901,0.788564,0.767039,0.758616],"mean":0.762784,"std":0.014385,"ci95_lo":0.751603,"ci95_hi":0.776506},"latent_dim":12},"beta_vae_16":{"accuracy":{"per_fold":[0.176577,0.171171,0.169369,0.185586,0.174775],"mean":0.175495,"std":0.005652,"ci95_lo":0.171171,"ci95_hi":0.180541},"balanced_accuracy":{"per_fold":[0.159091,0.154221,0.152597,0.167208,0.157468],"mean":0.158117,"std":0.005092,"ci95_lo":0.154213,"ci95_hi":0.162987},"macro_f1":{"per_fold":[0.081191,0.073814,0.069136,0.089558,0.077383],"mean":0.078216,"std":0.006928,"ci95_lo":0.072656,"ci95_hi":0.084688},"latent_dim":16},"beta_vae_32":{"accuracy":{"per_fold":[0.158559,0.162162,0.167568,0.16036,0.165766],"mean":0.162883,"std":0.003342,"ci95_lo":0.16,"ci95_hi":0.165766},"balanced_accuracy":{"per_fold":[0.142857,0.146104,0.150974,0.144481,0.149351],"mean":0.146753,"std":0.003011,"ci95_lo":0.144156,"ci95_hi":0.149351},"macro_f1":{"per_fold":[0.047593,0.053437,0.061298,0.048344,0.059079],"mean":0.05395,"std":0.005521,"ci95_lo":0.049209,"ci95_hi":0.058557},"latent_dim":32},"beta_vae_4":{"accuracy":{"per_fold":[0.169369,0.171171,0.165766,0.171171,0.165766],"mean":0.168649,"std":0.002444,"ci95_lo":0.166486,"ci95_hi":0.170811},"balanced_accuracy":{"per_fold":[0.152597,0.154221,0.149351,0.154221,0.149351],"mean":0.151948,"std":0.002202,"ci95_lo":0.15,"ci95_hi":0.153896},"macro_f1":{"per_fold":[0.057876,0.061459,0.056634,0.057964,0.055045],"mean":0.057796,"std":0.002115,"ci95_lo":0.055998,"ci95_hi":0.059795},"latent_dim":4},"beta_vae_8":{"accuracy":{"per_fold":[0.158559,0.163964,0.171171,0.16036,0.16036],"mean":0.162883,"std":0.004501,"ci95_lo":0.15964,"ci95_hi":0.167207},"balanced_accuracy":{"per_fold":[0.142857,0.147727,0.154221,0.144481,0.144481],"mean":0.146753,"std":0.004055,"ci95_lo":0.143831,"ci95_hi":0.150325},"macro_f1":{"per_fold":[0.043699,0.054567,0.066125,0.046337,0.047614],"mean":0.051668,"std":0.008072,"ci95_lo":0.045537,"ci95_hi":0.059328},"latent_dim":8},"beta_vae_b16_8":{"accuracy":{"per_fold":[0.187387,0.181982,0.178378,0.18018,0.176577],"mean":0.180901,"std":0.00371,"ci95_lo":0.178018,"ci95_hi":0.184144},"balanced_accuracy":{"per_fold":[0.168831,0.163961,0.160714,0.162338,0.159091],"mean":0.162987,"std":0.003343,"ci95_lo":0.16039,"ci95_hi":0.165909},"macro_f1":{"per_fold":[0.090359,0.085513,0.075273,0.080036,0.08085],"mean":0.082406,"std":0.005135,"ci95_lo":0.078274,"ci95_hi":0.086555},"latent_dim":8},"beta_vae_b1_8":{"accuracy":{"per_fold":[0.369369,0.38018,0.372973,0.381982,0.381982],"mean":0.377297,"std":0.005172,"ci95_lo":0.372973,"ci95_hi":0.381622},"balanced_accuracy":{"per_fold":[0.338149,0.346809,0.339484,0.348313,0.349675],"mean":0.344486,"std":0.004736,"ci95_lo":0.340415,"ci95_hi":0.348557},"macro_f1":{"per_fold":[0.294803,0.288601,0.283174,0.284898,0.278496],"mean":0.285994,"std":0.005473,"ci95_lo":0.281648,"ci95_hi":0.291237},"latent_dim":8},"beta_vae_b2_8":{"accuracy":{"per_fold":[0.38018,0.381982,0.383784,0.4,0.4],"mean":0.389189,"std":0.0089,"ci95_lo":0.381622,"ci95_hi":0.396757},"balanced_accuracy":{"per_fold":[0.34789,0.348313,0.349105,0.364309,0.365747],"mean":0.355073,"std":0.00815,"ci95_lo":0.348302,"ci95_hi":0.36189},"macro_f1":{"per_fold":[0.305154,0.306036,0.309808,0.319342,0.317401],"mean":0.311548,"std":0.005819,"ci95_lo":0.306438,"ci95_hi":0.316669},"latent_dim":8},"beta_vae_b8_8":{"accuracy":{"per_fold":[0.158559,0.165766,0.158559,0.16036,0.16036],"mean":0.160721,"std":0.002648,"ci95_lo":0.158919,"ci95_hi":0.163243},"balanced_accuracy":{"per_fold":[0.142857,0.149351,0.142857,0.144481,0.144481],"mean":0.144805,"std":0.002386,"ci95_lo":0.143182,"ci95_hi":0.147078},"macro_f1":{"per_fold":[0.046064,0.060125,0.046494,0.047933,0.050011],"mean":0.050125,"std":0.005186,"ci95_lo":0.04661,"ci95_hi":0.055376},"latent_dim":8},"cae_1d_16":{"accuracy":{"per_fold":[0.742342,0.747748,0.771171,0.774775,0.771171],"mean":0.761441,"std":0.01356,"ci95_lo":0.749189,"ci95_hi":0.772613},"balanced_accuracy":{"per_fold":[0.730813,0.731457,0.757153,0.751598,0.762735],"mean":0.746751,"std":0.01323,"ci95_lo":0.735228,"ci95_hi":0.758275},"macro_f1":{"per_fold":[0.736053,0.736533,0.76252,0.758901,0.766027],"mean":0.752007,"std":0.013028,"ci95_lo":0.74091,"ci95_hi":0.763176},"latent_dim":16},"cae_1d_32":{"accuracy":{"per_fold":[0.772973,0.78018,0.792793,0.790991,0.787387],"mean":0.784865,"std":0.00735,"ci95_lo":0.778018,"ci95_hi":0.790631},"balanced_accuracy":{"per_fold":[0.770228,0.770914,0.784727,0.774528,0.777571],"mean":0.775594,"std":0.005276,"ci95_lo":0.771499,"ci95_hi":0.781256},"macro_f1":{"per_fold":[0.772894,0.775331,0.787834,0.780953,0.779462],"mean":0.779295,"std":0.005146,"ci95_lo":0.775182,"ci95_hi":0.784784},"latent_dim":32},"cae_1d_4":{"accuracy":{"per_fold":[0.54955,0.587387,0.589189,0.598198,0.574775],"mean":0.57982,"std":0.016879,"ci95_lo":0.564685,"ci95_hi":0.592432},"balanced_accuracy":{"per_fold":[0.507842,0.541664,0.538796,0.550451,0.529911],"mean":0.533733,"std":0.014512,"ci95_lo":0.520223,"ci95_hi":0.544605},"macro_f1":{"per_fold":[0.474661,0.505339,0.507927,0.510255,0.495801],"mean":0.498797,"std":0.01303,"ci95_lo":0.485542,"ci95_hi":0.507824},"latent_dim":4},"cae_1d_8":{"accuracy":{"per_fold":[0.677477,0.686486,0.70991,0.70991,0.682883],"mean":0.693333,"std":0.013835,"ci95_lo":0.682153,"ci95_hi":0.705225},"balanced_accuracy":{"per_fold":[0.640711,0.649905,0.670824,0.670367,0.651692],"mean":0.6567,"std":0.011943,"ci95_lo":0.646585,"ci95_hi":0.666815},"macro_f1":{"per_fold":[0.634243,0.641918,0.667255,0.663369,0.65122],"mean":0.651601,"std":0.01248,"ci95_lo":0.640692,"ci95_hi":0.662494},"latent_dim":8},"cae_2d_16":{"accuracy":{"per_fold":[0.803604,0.787387,0.790991,0.772973,0.785586],"mean":0.788108,"std":0.009843,"ci95_lo":0.779459,"ci95_hi":0.797477},"balanced_accuracy":{"per_fold":[0.780963,0.769464,0.770906,0.755615,0.762831],"mean":0.767956,"std":0.00847,"ci95_lo":0.761155,"ci95_hi":0.774929},"macro_f1":{"per_fold":[0.784818,0.776435,0.776491,0.759469,0.765631],"mean":0.772569,"std":0.008945,"ci95_lo":0.764399,"ci95_hi":0.77981},"latent_dim":16},"cae_2d_32":{"accuracy":{"per_fold":[0.882883,0.859459,0.848649,0.866667,0.85045],"mean":0.861622,"std":0.012452,"ci95_lo":0.851532,"ci95_hi":0.873153},"balanced_accuracy":{"per_fold":[0.87715,0.840933,0.835475,0.853818,0.835572],"mean":0.84859,"std":0.015768,"ci95_lo":0.836606,"ci95_hi":0.864168},"macro_f1":{"per_fold":[0.87973,0.847598,0.839614,0.862716,0.834381],"mean":0.852808,"std":0.016515,"ci95_lo":0.839118,"ci95_hi":0.867257},"latent_dim":32},"cae_2d_4":{"accuracy":{"per_fold":[0.567568,0.565766,0.574775,0.576577,0.542342],"mean":0.565405,"std":0.012242,"ci95_lo":0.553514,"ci95_hi":0.574054},"balanced_accuracy":{"per_fold":[0.528055,0.525323,0.533794,0.535138,0.503572],"mean":0.525176,"std":0.011389,"ci95_lo":0.514236,"ci95_hi":0.533175},"macro_f1":{"per_fold":[0.480127,0.47776,0.486426,0.490678,0.462406],"mean":0.479479,"std":0.00968,"ci95_lo":0.470742,"ci95_hi":0.486867},"latent_dim":4},"cae_2d_8":{"accuracy":{"per_fold":[0.657658,0.643243,0.645045,0.641441,0.657658],"mean":0.649009,"std":0.007153,"ci95_lo":0.642883,"ci95_hi":0.655135},"balanced_accuracy":{"per_fold":[0.621131,0.611801,0.609801,0.611161,0.626083],"mean":0.615995,"std":0.006442,"ci95_lo":0.610873,"ci95_hi":0.622108},"macro_f1":{"per_fold":[0.598016,0.588332,0.588679,0.591762,0.607997],"mean":0.594957,"std":0.007388,"ci95_lo":0.589226,