{"scene_id":"botswana","topic_count":12,"n_classes":14,"n_documents":2775,"head":"LogisticRegression(max_iter=2000, C=1.0, l2)","split":"StratifiedKFold(n_splits=5, shuffle=True, random_state=42)","metric":"macro_f1 (primary), accuracy, balanced_accuracy","method_metrics":{"theta":{"accuracy":{"per_fold":[0.747748,0.744144,0.781982,0.762162,0.744144],"mean":0.756036,"std":0.014576,"ci95_lo":0.744865,"ci95_hi":0.77045},"balanced_accuracy":{"per_fold":[0.755071,0.746819,0.793155,0.76966,0.761214],"mean":0.765184,"std":0.01586,"ci95_lo":0.752999,"ci95_hi":0.780839},"macro_f1":{"per_fold":[0.749798,0.749901,0.788564,0.767039,0.758616],"mean":0.762784,"std":0.014385,"ci95_lo":0.751603,"ci95_hi":0.776506},"latent_dim":12},"beta_vae_16":{"accuracy":{"per_fold":[0.176577,0.171171,0.169369,0.185586,0.174775],"mean":0.175495,"std":0.005652,"ci95_lo":0.171171,"ci95_hi":0.180541},"balanced_accuracy":{"per_fold":[0.159091,0.154221,0.152597,0.167208,0.157468],"mean":0.158117,"std":0.005092,"ci95_lo":0.154213,"ci95_hi":0.162987},"macro_f1":{"per_fold":[0.081191,0.073814,0.069136,0.089558,0.077383],"mean":0.078216,"std":0.006928,"ci95_lo":0.072656,"ci95_hi":0.084688},"latent_dim":16},"beta_vae_32":{"accuracy":{"per_fold":[0.158559,0.162162,0.167568,0.16036,0.165766],"mean":0.162883,"std":0.003342,"ci95_lo":0.16,"ci95_hi":0.165766},"balanced_accuracy":{"per_fold":[0.142857,0.146104,0.150974,0.144481,0.149351],"mean":0.146753,"std":0.003011,"ci95_lo":0.144156,"ci95_hi":0.149351},"macro_f1":{"per_fold":[0.047593,0.053437,0.061298,0.048344,0.059079],"mean":0.05395,"std":0.005521,"ci95_lo":0.049209,"ci95_hi":0.058557},"latent_dim":32},"beta_vae_4":{"accuracy":{"per_fold":[0.169369,0.171171,0.165766,0.171171,0.165766],"mean":0.168649,"std":0.002444,"ci95_lo":0.166486,"ci95_hi":0.170811},"balanced_accuracy":{"per_fold":[0.152597,0.154221,0.149351,0.154221,0.149351],"mean":0.151948,"std":0.002202,"ci95_lo":0.15,"ci95_hi":0.153896},"macro_f1":{"per_fold":[0.057876,0.061459,0.056634,0.057964,0.055045],"mean":0.057796,"std":0.002115,"ci95_lo":0.055998,"ci95_hi":0.059795},"latent_dim":4},"beta_vae_8":{"accuracy":{"per_fold":[0.158559,0.163964,0.171171,0.16036,0.16036],"mean":0.162883,"std":0.004501,"ci95_lo":0.15964,"ci95_hi":0.167207},"balanced_accuracy":{"per_fold":[0.142857,0.147727,0.154221,0.144481,0.144481],"mean":0.146753,"std":0.004055,"ci95_lo":0.143831,"ci95_hi":0.150325},"macro_f1":{"per_fold":[0.043699,0.054567,0.066125,0.046337,0.047614],"mean":0.051668,"std":0.008072,"ci95_lo":0.045537,"ci95_hi":0.059328},"latent_dim":8},"cae_1d_16":{"accuracy":{"per_fold":[0.742342,0.747748,0.771171,0.774775,0.771171],"mean":0.761441,"std":0.01356,"ci95_lo":0.750261,"ci95_hi":0.772613},"balanced_accuracy":{"per_fold":[0.730813,0.731457,0.757153,0.751598,0.762735],"mean":0.746751,"std":0.01323,"ci95_lo":0.735228,"ci95_hi":0.758275},"macro_f1":{"per_fold":[0.736053,0.736533,0.76252,0.758901,0.766027],"mean":0.752007,"std":0.013028,"ci95_lo":0.740815,"ci95_hi":0.763199},"latent_dim":16},"cae_1d_32":{"accuracy":{"per_fold":[0.772973,0.78018,0.792793,0.790991,0.787387],"mean":0.784865,"std":0.00735,"ci95_lo":0.778378,"ci95_hi":0.790991},"balanced_accuracy":{"per_fold":[0.770228,0.770914,0.784727,0.774528,0.777571],"mean":0.775594,"std":0.005276,"ci95_lo":0.771696,"ci95_hi":0.780647},"macro_f1":{"per_fold":[0.772894,0.775331,0.787834,0.780953,0.779462],"mean":0.779295,"std":0.005146,"ci95_lo":0.775182,"ci95_hi":0.783706},"latent_dim":32},"cae_1d_4":{"accuracy":{"per_fold":[0.54955,0.587387,0.589189,0.598198,0.574775],"mean":0.57982,"std":0.016879,"ci95_lo":0.564279,"ci95_hi":0.592432},"balanced_accuracy":{"per_fold":[0.507842,0.541664,0.538796,0.550451,0.529911],"mean":0.533733,"std":0.014512,"ci95_lo":0.519006,"ci95_hi":0.544605},"macro_f1":{"per_fold":[0.474661,0.505339,0.507927,0.510255,0.495801],"mean":0.498797,"std":0.01303,"ci95_lo":0.486932,"ci95_hi":0.508289},"latent_dim":4},"cae_1d_8":{"accuracy":{"per_fold":[0.677477,0.686486,0.70991,0.70991,0.682883],"mean":0.693333,"std":0.013835,"ci95_lo":0.681441,"ci95_hi":0.705225},"balanced_accuracy":{"per_fold":[0.640711,0.649905,0.670824,0.670367,0.651692],"mean":0.6567,"std":0.011943,"ci95_lo":0.646937,"ci95_hi":0.666815},"macro_f1":{"per_fold":[0.634243,0.641918,0.667255,0.663369,0.65122],"mean":0.651601,"std":0.01248,"ci95_lo":0.640708,"ci95_hi":0.662195},"latent_dim":8},"cae_2d_8":{"accuracy":{"per_fold":[0.657658,0.643243,0.645045,0.641441,0.657658],"mean":0.649009,"std":0.007153,"ci95_lo":0.642883,"ci95_hi":0.655135},"balanced_accuracy":{"per_fold":[0.621131,0.611801,0.609801,0.611161,0.626083],"mean":0.615995,"std":0.006442,"ci95_lo":0.610873,"ci95_hi":0.621843},"macro_f1":{"per_fold":[0.598016,0.588332,0.588679,0.591762,0.607997],"mean":0.594957,"std":0.007388,"ci95_lo":0.589225,"ci95_hi":0.602068},"latent_dim":8},"cae_3d_8":{"accuracy":{"per_fold":[0.574775,0.594595,0.634234,0.581982,0.583784],"mean":0.593874,"std":0.021154,"ci95_lo":0.579459,"ci95_hi":0.614414},"balanced_accuracy":{"per_fold":[0.545722,0.558017,0.598709,0.547756,0.55992],"mean":0.562025,"std":0.01916,"ci95_lo":0.548968,"ci95_hi":0.58076},"macro_f1":{"per_fold":[0.527062,0.536063,0.586262,0.527607,0.550006],"mean":0.5454,"std":0.02205,"ci95_lo":0.52908,"ci95_hi":0.56728},"latent_dim":8},"dense_ae_8":{"accuracy":{"per_fold":[0.688288,0.697297,0.727928,0.715315,0.700901],"mean":0.705946,"std":0.014022,"ci95_lo":0.694414,"ci95_hi":0.719279},"balanced_accuracy":{"per_fold":[0.665322,0.671569,0.708285,0.687474,0.680948],"mean":0.68272,"std":0.014875,"ci95_lo":0.671002,"ci95_hi":0.696779},"macro_f1":{"per_fold":[0.668034,0.673491,0.712431,0.6872,0.687957],"mean":0.685823,"std":0.015382,"ci95_lo":0.67311,"ci95_hi":0.699748},"latent_dim":8},"ica_10":{"accuracy":{"per_fold":[0.926126,0.92973,0.940541,0.940541,0.936937],"mean":0.934775,"std":0.005855,"ci95_lo":0.92973,"ci95_hi":0.93982},"balanced_accuracy":{"per_fold":[0.926627,0.935374,0.944986,0.941074,0.939655],"mean":0.937543,"std":0.006264,"ci95_lo":0.932122,"ci95_hi":0.942283},"macro_f1":{"per_fold":[0.928562,0.935323,0.945065,0.942874,0.939544],"mean":0.938274,"std":0.005864,"ci95_lo":0.932618,"ci95_hi":0.943085},"latent_dim":10},"nmf_20":{"accuracy":{"per_fold":[0.726126,0.693694,0.720721,0.718919,0.758559],"mean":0.723604,"std":0.020751,"ci95_lo":0.704505,"ci95_hi":0.743063},"balanced_accuracy":{"per_fold":[0.702607,0.665664,0.695948,0.697374,0.735415],"mean":0.699402,"std":0.022188,"ci95_lo":0.679109,"ci95_hi":0.719914},"macro_f1":{"per_fold":[0.688751,0.65527,0.691705,0.692288,0.726678],"mean":0.690938,"std":0.022613,"ci95_lo":0.669958,"ci95_hi":0.712098},"latent_dim":20},"nmf_8":{"accuracy":{"per_fold":[0.681081,0.664865,0.673874,0.691892,0.67027],"mean":0.676396,"std":0.009369,"ci95_lo":0.668829,"ci95_hi":0.685405},"balanced_accuracy":{"per_fold":[0.688731,0.670709,0.67695,0.703232,0.679689],"mean":0.683862,"std":0.011288,"ci95_lo":0.675536,"ci95_hi":0.694532},"macro_f1":{"per_fold":[0.676671,0.653393,0.667114,0.69186,0.667057],"mean":0.671219,"std":0.01271,"ci95_lo":0.660781,"ci95_hi":0.68195},"latent_dim":8},"pca_10":{"accuracy":{"per_fold":[0.827027,0.83964,0.848649,0.852252,0.846847],"mean":0.842883,"std":0.008929,"ci95_lo":0.833874,"ci95_hi":0.84973},"balanced_accuracy":{"per_fold":[0.831663,0.837141,0.854498,0.845076,0.844953],"mean":0.842666,"std":0.00778,"ci95_lo":0.835441,"ci95_hi":0.849142},"macro_f1":{"per_fold":[0.833195,0.842772,0.852533,0.852062,0.848945],"mean":0.845901,"std":0.007245,"ci95_lo":0.838941,"ci95_hi":0.851627},"latent_dim":10},"pca_3":{"accuracy":{"per_fold":[0.754955,0.758559,0.787387,0.785586,0.778378],"mean":0.772973,"std":0.013627,"ci95_lo":0.761441,"ci95_hi":0.784865},"balanced_accuracy":{"per_fold":[0.753526,0.757954,0.79331,0.774459,0.774691],"mean":0.770788,"std":0.014133,"ci95_lo":0.759484,"ci95_hi":0.782469},"macro_f1":{"per_fold":[0.753971,0.758194,0.787729,0.778822,0.775458],"mean":0.770835,"std":0.012765,"ci95_lo":0.759786,"ci95_hi":0.781712},"latent_dim":3},