{"scene_id":"indian-pines-corrected","topic_count":12,"n_classes":16,"n_documents":2812,"head":"LogisticRegression(max_iter=2000, C=1.0, l2)","split":"StratifiedKFold(n_splits=5, shuffle=True, random_state=42)","metric":"macro_f1 (primary), accuracy, balanced_accuracy","method_metrics":{"theta":{"accuracy":{"per_fold":[0.465364,0.49556,0.478648,0.516014,0.483986],"mean":0.487914,"std":0.017076,"ci95_lo":0.473334,"ci95_hi":0.503759},"balanced_accuracy":{"per_fold":[0.402483,0.426527,0.421036,0.44471,0.420321],"mean":0.423015,"std":0.013533,"ci95_lo":0.411002,"ci95_hi":0.436196},"macro_f1":{"per_fold":[0.361739,0.389537,0.377739,0.404914,0.376498],"mean":0.382085,"std":0.014427,"ci95_lo":0.368133,"ci95_hi":0.396155},"latent_dim":12},"beta_vae_16":{"accuracy":{"per_fold":[0.165187,0.166963,0.16548,0.172598,0.174377],"mean":0.168921,"std":0.003819,"ci95_lo":0.165601,"ci95_hi":0.172242},"balanced_accuracy":{"per_fold":[0.132102,0.133523,0.132102,0.137784,0.139205],"mean":0.134943,"std":0.00298,"ci95_lo":0.132386,"ci95_hi":0.1375},"macro_f1":{"per_fold":[0.048338,0.050052,0.049556,0.056037,0.060228],"mean":0.052842,"std":0.004553,"ci95_lo":0.049267,"ci95_hi":0.057256},"latent_dim":16},"beta_vae_32":{"accuracy":{"per_fold":[0.161634,0.190053,0.176157,0.176157,0.156584],"mean":0.172117,"std":0.011879,"ci95_lo":0.161508,"ci95_hi":0.181715},"balanced_accuracy":{"per_fold":[0.129261,0.151989,0.140625,0.140625,0.125],"mean":0.1375,"std":0.009524,"ci95_lo":0.128977,"ci95_hi":0.14517},"macro_f1":{"per_fold":[0.054773,0.071353,0.06321,0.061059,0.050357],"mean":0.06015,"std":0.007219,"ci95_lo":0.054263,"ci95_hi":0.066409},"latent_dim":32},"beta_vae_4":{"accuracy":{"per_fold":[0.156306,0.159858,0.158363,0.156584,0.156584],"mean":0.157539,"std":0.001371,"ci95_lo":0.156472,"ci95_hi":0.158904},"balanced_accuracy":{"per_fold":[0.125,0.127841,0.12642,0.125,0.125],"mean":0.125852,"std":0.001136,"ci95_lo":0.125,"ci95_hi":0.126989},"macro_f1":{"per_fold":[0.034274,0.039817,0.039609,0.03472,0.034478],"mean":0.03658,"std":0.002563,"ci95_lo":0.034445,"ci95_hi":0.038714},"latent_dim":4},"beta_vae_8":{"accuracy":{"per_fold":[0.161634,0.161634,0.16726,0.163701,0.160142],"mean":0.162874,"std":0.002468,"ci95_lo":0.161037,"ci95_hi":0.165125},"balanced_accuracy":{"per_fold":[0.129261,0.129261,0.133523,0.130682,0.127841],"mean":0.130114,"std":0.001927,"ci95_lo":0.128693,"ci95_hi":0.131818},"macro_f1":{"per_fold":[0.043413,0.043403,0.052721,0.046459,0.04119],"mean":0.045437,"std":0.004009,"ci95_lo":0.04252,"ci95_hi":0.049163},"latent_dim":8},"beta_vae_b16_8":{"accuracy":{"per_fold":[0.159858,0.158082,0.156584,0.161922,0.163701],"mean":0.160029,"std":0.00256,"ci95_lo":0.15783,"ci95_hi":0.162223},"balanced_accuracy":{"per_fold":[0.127841,0.12642,0.125,0.129261,0.130682],"mean":0.127841,"std":0.002009,"ci95_lo":0.12642,"ci95_hi":0.12983},"macro_f1":{"per_fold":[0.039934,0.037737,0.037948,0.049806,0.046525],"mean":0.04239,"std":0.004889,"ci95_lo":0.038261,"ci95_hi":0.046736},"latent_dim":8},"beta_vae_b1_8":{"accuracy":{"per_fold":[0.293073,0.323268,0.314947,0.33274,0.307829],"mean":0.314371,"std":0.013515,"ci95_lo":0.30335,"ci95_hi":0.325623},"balanced_accuracy":{"per_fold":[0.234375,0.258523,0.25142,0.265625,0.245739],"mean":0.251136,"std":0.01072,"ci95_lo":0.241477,"ci95_hi":0.259943},"macro_f1":{"per_fold":[0.175967,0.188148,0.187059,0.199887,0.18166],"mean":0.186544,"std":0.007957,"ci95_lo":0.179542,"ci95_hi":0.193915},"latent_dim":8},"beta_vae_b2_8":{"accuracy":{"per_fold":[0.293073,0.309059,0.323843,0.318505,0.309609],"mean":0.310818,"std":0.010471,"ci95_lo":0.301356,"ci95_hi":0.319819},"balanced_accuracy":{"per_fold":[0.234375,0.247159,0.258523,0.254261,0.247159],"mean":0.248295,"std":0.008204,"ci95_lo":0.239489,"ci95_hi":0.254545},"macro_f1":{"per_fold":[0.169074,0.175507,0.18613,0.185143,0.179227],"mean":0.179016,"std":0.006314,"ci95_lo":0.173574,"ci95_hi":0.184162},"latent_dim":8},"beta_vae_b8_8":{"accuracy":{"per_fold":[0.168739,0.16341,0.158363,0.158363,0.16548],"mean":0.162871,"std":0.004054,"ci95_lo":0.159372,"ci95_hi":0.16637},"balanced_accuracy":{"per_fold":[0.134943,0.130682,0.12642,0.12642,0.132102],"mean":0.130114,"std":0.003313,"ci95_lo":0.127273,"ci95_hi":0.132955},"macro_f1":{"per_fold":[0.049846,0.044648,0.045403,0.037478,0.052518],"mean":0.045979,"std":0.00514,"ci95_lo":0.041533,"ci95_hi":0.05041},"latent_dim":8},"cae_1d_16":{"accuracy":{"per_fold":[0.492007,0.520426,0.530249,0.539146,0.492883],"mean":0.514942,"std":0.019302,"ci95_lo":0.498041,"ci95_hi":0.532028},"balanced_accuracy":{"per_fold":[0.425555,0.446517,0.462437,0.465436,0.429501],"mean":0.445889,"std":0.016361,"ci95_lo":0.431325,"ci95_hi":0.459868},"macro_f1":{"per_fold":[0.389906,0.405607,0.417206,0.425037,0.385802],"mean":0.404712,"std":0.015145,"ci95_lo":0.392222,"ci95_hi":0.418019},"latent_dim":16},"cae_1d_32":{"accuracy":{"per_fold":[0.51865,0.550622,0.558719,0.565836,0.539146],"mean":0.546595,"std":0.016552,"ci95_lo":0.532186,"ci95_hi":0.559946},"balanced_accuracy":{"per_fold":[0.447069,0.472534,0.485164,0.486742,0.468301],"mean":0.471962,"std":0.014326,"ci95_lo":0.45925,"ci95_hi":0.482954},"macro_f1":{"per_fold":[0.41039,0.433888,0.445354,0.453115,0.430718],"mean":0.434693,"std":0.014561,"ci95_lo":0.422082,"ci95_hi":0.446183},"latent_dim":32},"cae_1d_4":{"accuracy":{"per_fold":[0.312611,0.344583,0.364769,0.366548,0.338078],"mean":0.345318,"std":0.019757,"ci95_lo":0.328136,"ci95_hi":0.361443},"balanced_accuracy":{"per_fold":[0.276166,0.301734,0.326073,0.325442,0.30166],"mean":0.306215,"std":0.018481,"ci95_lo":0.29112,"ci95_hi":0.321079},"macro_f1":{"per_fold":[0.220003,0.241467,0.262395,0.265334,0.23728],"mean":0.245296,"std":0.016808,"ci95_lo":0.230369,"ci95_hi":0.259136},"latent_dim":4},"cae_1d_8":{"accuracy":{"per_fold":[0.420959,0.436945,0.434164,0.475089,0.412811],"mean":0.435994,"std":0.02143,"ci95_lo":0.419268,"ci95_hi":0.456078},"balanced_accuracy":{"per_fold":[0.366554,0.377885,0.383238,0.412324,0.36319],"mean":0.380638,"std":0.017442,"ci95_lo":0.367474,"ci95_hi":0.397353},"macro_f1":{"per_fold":[0.330558,0.340488,0.340387,0.374085,0.321569],"mean":0.341417,"std":0.017782,"ci95_lo":0.327151,"ci95_hi":0.35866},"latent_dim":8},"cae_2d_16":{"accuracy":{"per_fold":[0.458259,0.461812,0.508897,0.508897,0.514235],"mean":0.49042,"std":0.024911,"ci95_lo":0.469097,"ci95_hi":0.511032},"balanced_accuracy":{"per_fold":[0.405834,0.408571,0.445184,0.44508,0.449972],"mean":0.430928,"std":0.019471,"ci95_lo":0.414231,"ci95_hi":0.447079},"macro_f1":{"per_fold":[0.370146,0.37489,0.419789,0.414686,0.416511],"mean":0.399204,"std":0.021902,"ci95_lo":0.380368,"ci95_hi":0.417166},"latent_dim":16},"cae_2d_32":{"accuracy":{"per_fold":[0.527531,0.55595,0.574733,0.597865,0.588968],"mean":0.569009,"std":0.025119,"ci95_lo":0.547282,"ci95_hi":0.58794},"balanced_accuracy":{"per_fold":[0.46144,0.484271,0.5,0.518466,0.509943],"mean":0.494824,"std":0.0202,"ci95_lo":0.475707,"ci95_hi":0.511364},"macro_f1":{"per_fold":[0.436322,0.463948,0.480867,0.496904,0.486818],"mean":0.472972,"std":0.02122,"ci95_lo":0.452898,"ci95_hi":0.488502},"latent_dim":32},"cae_2d_4":{"accuracy":{"per_fold":[0.390764,0.380107,0.418149,0.407473,0.400356],"mean":0.39937,"std":0.013149,"ci95_lo":0.388194,"ci95_hi":0.411032},"balanced_accuracy":{"per_fold":[0.335034,0.326615,0.369649,0.356295,0.342552],"mean":0.346029,"std":0.015318,"ci95_lo":0.33317,"ci95_hi":0.360055},"macro_f1":{"per_fold":[0.296399,0.291115,0.329697,0.307306,0.297995],"mean":0.304502,"std":0.013637,"ci95_lo":0.294275,"ci95_hi":0.318559},"latent_dim":4},"cae_2d_8":{"accuracy":{"per_fold":[0.431616,0.431616,0.432384,0.450178,0.441281],"mean":0.437415,"std":0.007354,"ci95_lo":0.43177,"ci95_hi":0.443101},"balanced_accuracy":{"per_fold":[0.383592,0.383072,0.38348,0.399425,0.390694],"mean":0.388053,"std":0.006355,"ci95_lo":0.383339,"ci95_hi":0.394192},"macro_f1":{"per_fold":[0.34696,0.347602,0.35341,0.360912,0.352331],"mean":0.352243,"std":0.005019,"ci95_lo":0.348291,"ci95_hi":0.356621},