{"scene_id":"indian-pines-corrected","topic_count":12,"n_classes":16,"n_documents":2812,"head":"LogisticRegression(max_iter=2000, C=1.0, l2)","split":"StratifiedKFold(n_splits=5, shuffle=True, random_state=42)","metric":"macro_f1 (primary), accuracy, balanced_accuracy","method_metrics":{"theta":{"accuracy":{"per_fold":[0.465364,0.49556,0.478648,0.516014,0.483986],"mean":0.487914,"std":0.017076,"ci95_lo":0.473334,"ci95_hi":0.503759},"balanced_accuracy":{"per_fold":[0.402483,0.426527,0.421036,0.44471,0.420321],"mean":0.423015,"std":0.013533,"ci95_lo":0.411002,"ci95_hi":0.436196},"macro_f1":{"per_fold":[0.361739,0.389537,0.377739,0.404914,0.376498],"mean":0.382085,"std":0.014427,"ci95_lo":0.368133,"ci95_hi":0.396155},"latent_dim":12},"beta_vae_16":{"accuracy":{"per_fold":[0.165187,0.166963,0.16548,0.172598,0.174377],"mean":0.168921,"std":0.003819,"ci95_lo":0.165601,"ci95_hi":0.172242},"balanced_accuracy":{"per_fold":[0.132102,0.133523,0.132102,0.137784,0.139205],"mean":0.134943,"std":0.00298,"ci95_lo":0.132386,"ci95_hi":0.1375},"macro_f1":{"per_fold":[0.048338,0.050052,0.049556,0.056037,0.060228],"mean":0.052842,"std":0.004553,"ci95_lo":0.049267,"ci95_hi":0.057256},"latent_dim":16},"beta_vae_32":{"accuracy":{"per_fold":[0.161634,0.190053,0.176157,0.176157,0.156584],"mean":0.172117,"std":0.011879,"ci95_lo":0.161508,"ci95_hi":0.181715},"balanced_accuracy":{"per_fold":[0.129261,0.151989,0.140625,0.140625,0.125],"mean":0.1375,"std":0.009524,"ci95_lo":0.128977,"ci95_hi":0.14517},"macro_f1":{"per_fold":[0.054773,0.071353,0.06321,0.061059,0.050357],"mean":0.06015,"std":0.007219,"ci95_lo":0.054263,"ci95_hi":0.066409},"latent_dim":32},"beta_vae_4":{"accuracy":{"per_fold":[0.156306,0.159858,0.158363,0.156584,0.156584],"mean":0.157539,"std":0.001371,"ci95_lo":0.156472,"ci95_hi":0.158904},"balanced_accuracy":{"per_fold":[0.125,0.127841,0.12642,0.125,0.125],"mean":0.125852,"std":0.001136,"ci95_lo":0.125,"ci95_hi":0.126989},"macro_f1":{"per_fold":[0.034274,0.039817,0.039609,0.03472,0.034478],"mean":0.03658,"std":0.002563,"ci95_lo":0.034445,"ci95_hi":0.038714},"latent_dim":4},"beta_vae_8":{"accuracy":{"per_fold":[0.161634,0.161634,0.16726,0.163701,0.160142],"mean":0.162874,"std":0.002468,"ci95_lo":0.161037,"ci95_hi":0.165125},"balanced_accuracy":{"per_fold":[0.129261,0.129261,0.133523,0.130682,0.127841],"mean":0.130114,"std":0.001927,"ci95_lo":0.128693,"ci95_hi":0.131818},"macro_f1":{"per_fold":[0.043413,0.043403,0.052721,0.046459,0.04119],"mean":0.045437,"std":0.004009,"ci95_lo":0.04252,"ci95_hi":0.049163},"latent_dim":8},"cae_1d_16":{"accuracy":{"per_fold":[0.492007,0.520426,0.530249,0.539146,0.492883],"mean":0.514942,"std":0.019302,"ci95_lo":0.498212,"ci95_hi":0.531843},"balanced_accuracy":{"per_fold":[0.425555,0.446517,0.462437,0.465436,0.429501],"mean":0.445889,"std":0.016361,"ci95_lo":0.431325,"ci95_hi":0.459853},"macro_f1":{"per_fold":[0.389906,0.405607,0.417206,0.425037,0.385802],"mean":0.404712,"std":0.015145,"ci95_lo":0.391405,"ci95_hi":0.417284},"latent_dim":16},"cae_1d_32":{"accuracy":{"per_fold":[0.51865,0.550622,0.558719,0.565836,0.539146],"mean":0.546595,"std":0.016552,"ci95_lo":0.532186,"ci95_hi":0.559755},"balanced_accuracy":{"per_fold":[0.447069,0.472534,0.485164,0.486742,0.468301],"mean":0.471962,"std":0.014326,"ci95_lo":0.45925,"ci95_hi":0.48306},"macro_f1":{"per_fold":[0.41039,0.433888,0.445354,0.453115,0.430718],"mean":0.434693,"std":0.014561,"ci95_lo":0.421448,"ci95_hi":0.447083},"latent_dim":32},"cae_1d_4":{"accuracy":{"per_fold":[0.312611,0.344583,0.364769,0.366548,0.338078],"mean":0.345318,"std":0.019757,"ci95_lo":0.327891,"ci95_hi":0.361443},"balanced_accuracy":{"per_fold":[0.276166,0.301734,0.326073,0.325442,0.30166],"mean":0.306215,"std":0.018481,"ci95_lo":0.286394,"ci95_hi":0.320953},"macro_f1":{"per_fold":[0.220003,0.241467,0.262395,0.265334,0.23728],"mean":0.245296,"std":0.016808,"ci95_lo":0.231207,"ci95_hi":0.259136},"latent_dim":4},"cae_1d_8":{"accuracy":{"per_fold":[0.420959,0.436945,0.434164,0.475089,0.412811],"mean":0.435994,"std":0.02143,"ci95_lo":0.420316,"ci95_hi":0.456634},"balanced_accuracy":{"per_fold":[0.366554,0.377885,0.383238,0.412324,0.36319],"mean":0.380638,"std":0.017442,"ci95_lo":0.367474,"ci95_hi":0.39668},"macro_f1":{"per_fold":[0.330558,0.340488,0.340387,0.374085,0.321569],"mean":0.341417,"std":0.017782,"ci95_lo":0.327151,"ci95_hi":0.35864},"latent_dim":8},"cae_2d_16":{"accuracy":{"per_fold":[0.458259,0.461812,0.508897,0.508897,0.514235],"mean":0.49042,"std":0.024911,"ci95_lo":0.469097,"ci95_hi":0.511032},"balanced_accuracy":{"per_fold":[0.405834,0.408571,0.445184,0.44508,0.449972],"mean":0.430928,"std":0.019471,"ci95_lo":0.414252,"ci95_hi":0.447078},"macro_f1":{"per_fold":[0.370146,0.37489,0.419789,0.414686,0.416511],"mean":0.399204,"std":0.021902,"ci95_lo":0.380952,"ci95_hi":0.417748},"latent_dim":16},"cae_2d_32":{"accuracy":{"per_fold":[0.527531,0.55595,0.574733,0.597865,0.588968],"mean":0.569009,"std":0.025119,"ci95_lo":0.546412,"ci95_hi":0.58968},"balanced_accuracy":{"per_fold":[0.46144,0.484271,0.5,0.518466,0.509943],"mean":0.494824,"std":0.0202,"ci95_lo":0.477411,"ci95_hi":0.513068},"macro_f1":{"per_fold":[0.436322,0.463948,0.480867,0.496904,0.486818],"mean":0.472972,"std":0.02122,"ci95_lo":0.453964,"ci95_hi":0.489662},"latent_dim":32},"cae_2d_4":{"accuracy":{"per_fold":[0.390764,0.380107,0.418149,0.407473,0.400356],"mean":0.39937,"std":0.013149,"ci95_lo":0.387711,"ci95_hi":0.410537},"balanced_accuracy":{"per_fold":[0.335034,0.326615,0.369649,0.356295,0.342552],"mean":0.346029,"std":0.015318,"ci95_lo":0.33317,"ci95_hi":0.360055},"macro_f1":{"per_fold":[0.296399,0.291115,0.329697,0.307306,0.297995],"mean":0.304502,"std":0.013637,"ci95_lo":0.294605,"ci95_hi":0.317502},"latent_dim":4},"cae_2d_8":{"accuracy":{"per_fold":[0.431616,0.431616,0.432384,0.450178,0.441281],"mean":0.437415,"std":0.007354,"ci95_lo":0.43177,"ci95_hi":0.444686},"balanced_accuracy":{"per_fold":[0.383592,0.383072,0.38348,0.399425,0.390694],"mean":0.388053,"std":0.006355,"ci95_lo":0.383362,"ci95_hi":0.394408},"macro_f1":{"per_fold":[0.34696,0.347602,0.35341,0.360912,0.352331],"mean":0.352243,"std":0.005019,"ci95_lo":0.348291,"ci95_hi":0.356621},"latent_dim":8},"cae_3d_16":{"accuracy":{"per_fold":[0.424512,0.408526,0.441281,0.464413,0.448399],"mean":0.437426,"std":0.019316,"ci95_lo":0.419697,"ci95_hi":0.453381},"balanced_accuracy":{"per_fold":[0.370954,0.359519,0.390894,0.407101,0.393573],"mean":0.384408,"std":0.016979,"ci95_lo":0.368617,"ci95_hi":0.398449},"macro_f1":{"per_fold":[0.342417,0.32684,0.362646,0.373647,0.351992],"mean":0.351508,"std":0.016159,"ci95_lo":0.338101,"ci95_hi":0.365201},"latent_dim":16},"cae_3d_32":{"accuracy":{"per_fold":[0.479574,0.470693,0.487544,0.482206,0.498221],"mean":0.483648,"std":0.0091,"ci95_lo":0.476017,"ci95_hi":0.491815},"balanced_accuracy":{"per_fold":[0.419557,0.414116,0.428346,0.426032,0.433762],"mean":0.424363,"std":0.006857,"ci95_lo":0.41805,"ci95_hi":0.43005},"macro_f1":{"per_fold":[0.383305,0.375087,0.398872,0.388558,0.397943],"mean":0.388753,"std":0.008981,"ci95_lo":0.381296,"ci95_hi":0.396438},"latent_dim":32},"cae_3d_4":{"accuracy":{"per_fold":[0.367673,0.339254,0.382562,0.382562,0.382562],"mean":0.370923,"std":0.016852,"ci95_lo":0.353599,"ci95_hi":0.382562},"balanced_accuracy":{"per_fold":[0.319786,0.298824,0.341629,0.335785,0.332707],"mean":0.325746,"std":0.015243,"ci95_lo":0.311578,"ci95_hi":0.337507},"macro_f1":{"per_fold":[0.291606,0.269749,0.312398,0.294262,0.29753],"mean":0.293109,"std":0.013718,"ci95_lo":0.279677,"ci95_hi":0.305266},"latent_dim":4},"cae_3d_8":{"accuracy":{"per_fold":[0.390764,0.383659,0.405694,0.425267,0.427046],"mean":0.406486,"std":0.017575,"ci95_lo":0.390908,"ci95_hi":0.422064},"balanced_accuracy":{"per_fold":[0.34168,0.339217,0.362381,0.375435,0.374243],"mean":0.358591,"std":0.01552,"ci95_lo":0.345316,"ci95_hi":0.372109},"macro_f1":{"per_fold":[0.312918,0.303299,0.327957,0.335526,0.335334],"mean":0.323007,"std":0.012832,"ci95_lo":0.311667,"ci95_hi":0.33246},