{"scene_id":"indian-pines-corrected","topic_count":12,"n_classes":16,"n_documents":2812,"head":"LogisticRegression(max_iter=2000, C=1.0, l2)","split":"StratifiedKFold(n_splits=5, shuffle=True, random_state=42)","metric":"macro_f1 (primary), accuracy, balanced_accuracy","method_metrics":{"theta":{"accuracy":{"per_fold":[0.465364,0.49556,0.478648,0.516014,0.483986],"mean":0.487914,"std":0.017076,"ci95_lo":0.473334,"ci95_hi":0.503759},"balanced_accuracy":{"per_fold":[0.402483,0.426527,0.421036,0.44471,0.420321],"mean":0.423015,"std":0.013533,"ci95_lo":0.411002,"ci95_hi":0.436196},"macro_f1":{"per_fold":[0.361739,0.389537,0.377739,0.404914,0.376498],"mean":0.382085,"std":0.014427,"ci95_lo":0.368133,"ci95_hi":0.396155},"latent_dim":12},"dense_ae_8":{"accuracy":{"per_fold":[0.428064,0.454707,0.459075,0.475089,0.435943],"mean":0.450576,"std":0.016799,"ci95_lo":0.436544,"ci95_hi":0.464665},"balanced_accuracy":{"per_fold":[0.373067,0.393129,0.404371,0.41326,0.382799],"mean":0.393325,"std":0.014427,"ci95_lo":0.380972,"ci95_hi":0.405678},"macro_f1":{"per_fold":[0.335254,0.34453,0.358016,0.372377,0.34139],"mean":0.350313,"std":0.013312,"ci95_lo":0.340191,"ci95_hi":0.36376},"latent_dim":8},"ica_10":{"accuracy":{"per_fold":[0.642984,0.646536,0.660142,0.649466,0.640569],"mean":0.64794,"std":0.006813,"ci95_lo":0.642729,"ci95_hi":0.654093},"balanced_accuracy":{"per_fold":[0.643781,0.633626,0.615111,0.657463,0.662532],"mean":0.642503,"std":0.017063,"ci95_lo":0.628251,"ci95_hi":0.656754},"macro_f1":{"per_fold":[0.649367,0.646046,0.621417,0.648043,0.659026],"mean":0.64478,"std":0.012506,"ci95_lo":0.632332,"ci95_hi":0.654233},"latent_dim":10},"nmf_20":{"accuracy":{"per_fold":[0.497336,0.48135,0.501779,0.512456,0.469751],"mean":0.492534,"std":0.015163,"ci95_lo":0.478476,"ci95_hi":0.506234},"balanced_accuracy":{"per_fold":[0.429296,0.416512,0.438774,0.445349,0.411968],"mean":0.42838,"std":0.012704,"ci95_lo":0.417252,"ci95_hi":0.439582},"macro_f1":{"per_fold":[0.395954,0.38318,0.41165,0.41629,0.386494],"mean":0.398714,"std":0.013225,"ci95_lo":0.387723,"ci95_hi":0.410367},"latent_dim":20},"nmf_8":{"accuracy":{"per_fold":[0.46714,0.472469,0.457295,0.494662,0.459075],"mean":0.470128,"std":0.01344,"ci95_lo":0.460332,"ci95_hi":0.483106},"balanced_accuracy":{"per_fold":[0.404837,0.408579,0.402535,0.432988,0.40303],"mean":0.410394,"std":0.011495,"ci95_lo":0.403193,"ci95_hi":0.421366},"macro_f1":{"per_fold":[0.362983,0.374168,0.3583,0.397815,0.355262],"mean":0.369706,"std":0.015453,"ci95_lo":0.35835,"ci95_hi":0.384575},"latent_dim":8},"pca_10":{"accuracy":{"per_fold":[0.577265,0.602131,0.615658,0.608541,0.592527],"mean":0.599224,"std":0.01336,"ci95_lo":0.587996,"ci95_hi":0.61011},"balanced_accuracy":{"per_fold":[0.495606,0.515596,0.530515,0.522781,0.51268],"mean":0.515435,"std":0.011681,"ci95_lo":0.505039,"ci95_hi":0.524438},"macro_f1":{"per_fold":[0.469309,0.489225,0.502893,0.498004,0.484586],"mean":0.488803,"std":0.011672,"ci95_lo":0.478103,"ci95_hi":0.498205},"latent_dim":10},"pca_3":{"accuracy":{"per_fold":[0.458259,0.497336,0.505338,0.521352,0.483986],"mean":0.493254,"std":0.021273,"ci95_lo":0.476023,"ci95_hi":0.510143},"balanced_accuracy":{"per_fold":[0.39846,0.426804,0.441407,0.450088,0.4225],"mean":0.427852,"std":0.01773,"ci95_lo":0.412718,"ci95_hi":0.442834},"macro_f1":{"per_fold":[0.366541,0.39509,0.402067,0.418979,0.390532],"mean":0.394642,"std":0.017054,"ci95_lo":0.378444,"ci95_hi":0.409907},"latent_dim":3},"pca_30":{"accuracy":{"per_fold":[0.634103,0.65897,0.677936,0.645907,0.651246],"mean":0.653632,"std":0.014601,"ci95_lo":0.641186,"ci95_hi":0.667737},"balanced_accuracy":{"per_fold":[0.541164,0.560842,0.580231,0.552611,0.568766],"mean":0.560723,"std":0.013369,"ci95_lo":0.548974,"ci95_hi":0.571767},"macro_f1":{"per_fold":[0.524671,0.545138,0.560437,0.534891,0.559235],"mean":0.544875,"std":0.01383,"ci95_lo":0.532852,"ci95_hi":0.556897},"latent_dim":30}},"pairwise_vs_theta_holm":[{"method":"dense_ae_8","vs":"theta","W":0.0,"p_raw":1.0,"p_holm":1.0,"cliff_delta_theta_minus_method":0.92},{"method":"ica_10","vs":"theta","W":0.0,"p_raw":1.0,"p_holm":1.0,"cliff_delta_theta_minus_method":-1.0},{"method":"nmf_20","vs":"theta","W":0.0,"p_raw":1.0,"p_holm":1.0,"cliff_delta_theta_minus_method":-0.6},{"method":"nmf_8","vs":"theta","W":0.0,"p_raw":1.0,"p_holm":1.0,"cliff_delta_theta_minus_method":0.52},{"method":"pca_10","vs":"theta","W":0.0,"p_raw":1.0,"p_holm":1.0,"cliff_delta_theta_minus_method":-1.0},{"method":"pca_3","vs":"theta","W":0.0,"p_raw":1.0,"p_holm":1.0,"cliff_delta_theta_minus_method":-0.44},{"method":"pca_30","vs":"theta","W":0.0,"p_raw":1.0,"p_holm":1.0,"cliff_delta_theta_minus_method":-1.0}],"ranking_by_macro_f1_mean":[{"method":"ica_10","latent_dim":10,"macro_f1_mean":0.64478,"macro_f1_ci95":[0.632332,0.654233]},{"method":"pca_30","latent_dim":30,"macro_f1_mean":0.544875,"macro_f1_ci95":[0.532852,0.556897]},{"method":"pca_10","latent_dim":10,"macro_f1_mean":0.488803,"macro_f1_ci95":[0.478103,0.498205]},{"method":"nmf_20","latent_dim":20,"macro_f1_mean":0.398714,"macro_f1_ci95":[0.387723,0.410367]},{"method":"pca_3","latent_dim":3,"macro_f1_mean":0.394642,"macro_f1_ci95":[0.378444,0.409907]},{"method":"theta","latent_dim":12,"macro_f1_mean":0.382085,"macro_f1_ci95":[0.368133,0.396155]},{"method":"nmf_8","latent_dim":8,"macro_f1_mean":0.369706,"macro_f1_ci95":[0.35835,0.384575]},{"method":"dense_ae_8","latent_dim":8,"macro_f1_mean":0.350313,"macro_f1_ci95":[0.340191,0.36376]}],"framework_axis":"B-1 (master plan Addendum B): linear probe panel \u2014 theta vs other K-dim compressions, the fair-baseline argument","generated_at":"2026-05-03T18:22:04Z","builder_version":"build_linear_probe_panel v0.1"}