{"scene_id":"indian-pines-corrected","topic_count":12,"n_classes":16,"n_documents":2812,"head":"LogisticRegression(max_iter=2000, C=1.0, l2)","split":"StratifiedKFold(n_splits=5, shuffle=True, random_state=42)","metric":"macro_f1 (primary), accuracy, balanced_accuracy","method_metrics":{"theta":{"accuracy":{"per_fold":[0.465364,0.49556,0.478648,0.516014,0.483986],"mean":0.487914,"std":0.017076,"ci95_lo":0.473334,"ci95_hi":0.503759},"balanced_accuracy":{"per_fold":[0.402483,0.426527,0.421036,0.44471,0.420321],"mean":0.423015,"std":0.013533,"ci95_lo":0.411002,"ci95_hi":0.436196},"macro_f1":{"per_fold":[0.361739,0.389537,0.377739,0.404914,0.376498],"mean":0.382085,"std":0.014427,"ci95_lo":0.368133,"ci95_hi":0.396155},"latent_dim":12},"beta_vae_8":{"accuracy":{"per_fold":[0.161634,0.161634,0.16726,0.163701,0.160142],"mean":0.162874,"std":0.002468,"ci95_lo":0.161037,"ci95_hi":0.165125},"balanced_accuracy":{"per_fold":[0.129261,0.129261,0.133523,0.130682,0.127841],"mean":0.130114,"std":0.001927,"ci95_lo":0.128693,"ci95_hi":0.131818},"macro_f1":{"per_fold":[0.043413,0.043403,0.052721,0.046459,0.04119],"mean":0.045437,"std":0.004009,"ci95_lo":0.04252,"ci95_hi":0.049174},"latent_dim":8},"cae_1d_8":{"accuracy":{"per_fold":[0.420959,0.436945,0.434164,0.475089,0.412811],"mean":0.435994,"std":0.02143,"ci95_lo":0.419268,"ci95_hi":0.456092},"balanced_accuracy":{"per_fold":[0.366554,0.377885,0.383238,0.412324,0.36319],"mean":0.380638,"std":0.017442,"ci95_lo":0.367872,"ci95_hi":0.397353},"macro_f1":{"per_fold":[0.330558,0.340488,0.340387,0.374085,0.321569],"mean":0.341417,"std":0.017782,"ci95_lo":0.328884,"ci95_hi":0.35866},"latent_dim":8},"cae_2d_8":{"accuracy":{"per_fold":[0.431616,0.431616,0.432384,0.450178,0.441281],"mean":0.437415,"std":0.007354,"ci95_lo":0.43177,"ci95_hi":0.444686},"balanced_accuracy":{"per_fold":[0.383592,0.383072,0.38348,0.399425,0.390694],"mean":0.388053,"std":0.006355,"ci95_lo":0.383339,"ci95_hi":0.39449},"macro_f1":{"per_fold":[0.34696,0.347602,0.35341,0.360912,0.352331],"mean":0.352243,"std":0.005019,"ci95_lo":0.348291,"ci95_hi":0.356621},"latent_dim":8},"cae_3d_8":{"accuracy":{"per_fold":[0.390764,0.383659,0.405694,0.425267,0.427046],"mean":0.406486,"std":0.017575,"ci95_lo":0.390908,"ci95_hi":0.422064},"balanced_accuracy":{"per_fold":[0.34168,0.339217,0.362381,0.375435,0.374243],"mean":0.358591,"std":0.01552,"ci95_lo":0.345328,"ci95_hi":0.372109},"macro_f1":{"per_fold":[0.312918,0.303299,0.327957,0.335526,0.335334],"mean":0.323007,"std":0.012832,"ci95_lo":0.311614,"ci95_hi":0.333935},"latent_dim":8},"dense_ae_8":{"accuracy":{"per_fold":[0.428064,0.454707,0.459075,0.475089,0.435943],"mean":0.450576,"std":0.016799,"ci95_lo":0.436544,"ci95_hi":0.46548},"balanced_accuracy":{"per_fold":[0.373067,0.393129,0.404371,0.41326,0.382799],"mean":0.393325,"std":0.014427,"ci95_lo":0.380972,"ci95_hi":0.405678},"macro_f1":{"per_fold":[0.335254,0.34453,0.358016,0.372377,0.34139],"mean":0.350313,"std":0.013312,"ci95_lo":0.339563,"ci95_hi":0.36208},"latent_dim":8},"ica_10":{"accuracy":{"per_fold":[0.642984,0.646536,0.660142,0.649466,0.640569],"mean":0.64794,"std":0.006813,"ci95_lo":0.642729,"ci95_hi":0.654575},"balanced_accuracy":{"per_fold":[0.643781,0.633626,0.615111,0.657463,0.662532],"mean":0.642503,"std":0.017063,"ci95_lo":0.626579,"ci95_hi":0.656754},"macro_f1":{"per_fold":[0.649367,0.646046,0.621417,0.648043,0.659026],"mean":0.64478,"std":0.012506,"ci95_lo":0.632332,"ci95_hi":0.654501},"latent_dim":10},"nmf_20":{"accuracy":{"per_fold":[0.497336,0.48135,0.501779,0.512456,0.469751],"mean":0.492534,"std":0.015163,"ci95_lo":0.47903,"ci95_hi":0.50605},"balanced_accuracy":{"per_fold":[0.429296,0.416512,0.438774,0.445349,0.411968],"mean":0.42838,"std":0.012704,"ci95_lo":0.417252,"ci95_hi":0.43951},"macro_f1":{"per_fold":[0.395954,0.38318,0.41165,0.41629,0.386494],"mean":0.398714,"std":0.013225,"ci95_lo":0.38706,"ci95_hi":0.409439},"latent_dim":20},"nmf_8":{"accuracy":{"per_fold":[0.46714,0.472469,0.457295,0.494662,0.459075],"mean":0.470128,"std":0.01344,"ci95_lo":0.459976,"ci95_hi":0.483106},"balanced_accuracy":{"per_fold":[0.404837,0.408579,0.402535,0.432988,0.40303],"mean":0.410394,"std":0.011495,"ci95_lo":0.403193,"ci95_hi":0.422016},"macro_f1":{"per_fold":[0.362983,0.374168,0.3583,0.397815,0.355262],"mean":0.369706,"std":0.015453,"ci95_lo":0.35835,"ci95_hi":0.384575},"latent_dim":8},"pca_10":{"accuracy":{"per_fold":[0.577265,0.602131,0.615658,0.608541,0.592527],"mean":0.599224,"std":0.01336,"ci95_lo":0.586572,"ci95_hi":0.610106},"balanced_accuracy":{"per_fold":[0.495606,0.515596,0.530515,0.522781,0.51268],"mean":0.515435,"std":0.011681,"ci95_lo":0.505024,"ci95_hi":0.524547},"macro_f1":{"per_fold":[0.469309,0.489225,0.502893,0.498004,0.484586],"mean":0.488803,"std":0.011672,"ci95_lo":0.479081,"ci95_hi":0.498982},"latent_dim":10},"pca_3":{"accuracy":{"per_fold":[0.458259,0.497336,0.505338,0.521352,0.483986],"mean":0.493254,"std":0.021273,"ci95_lo":0.47549,"ci95_hi":0.510676},"balanced_accuracy":{"per_fold":[0.39846,0.426804,0.441407,0.450088,0.4225],"mean":0.427852,"std":0.01773,"ci95_lo":0.41288,"ci95_hi":0.441959},"macro_f1":{"per_fold":[0.366541,0.39509,0.402067,0.418979,0.390532],"mean":0.394642,"std":0.017054,"ci95_lo":0.379356,"ci95_hi":0.408512},"latent_dim":3},"pca_30":{"accuracy":{"per_fold":[0.634103,0.65897,0.677936,0.645907,0.651246],"mean":0.653632,"std":0.014601,"ci95_lo":0.642253,"ci95_hi":0.667272},"balanced_accuracy":{"per_fold":[0.541164,0.560842,0.580231,0.552611,0.568766],"mean":0.560723,"std":0.013369,"ci95_lo":0.549035,"ci95_hi":0.572414},"macro_f1":{"per_fold":[0.524671,0.545138,0.560437,0.534891,0.559235],"mean":0.544875,"std":0.01383,"ci95_lo":0.532858,"ci95_hi":0.556897},"latent_dim":30}},"pairwise_vs_theta_holm":[{"method":"beta_vae_8","vs":"theta","W":0.0,"p_raw":1.0,"p_holm":1.0,"cliff_delta_theta_minus_method":1.0},{"method":"cae_1d_8","vs":"theta","W":0.0,"p_raw":1.0,"p_holm":1.0,"cliff_delta_theta_minus_method":0.92},{"method":"cae_2d_8","vs":"theta","W":0.0,"p_raw":1.0,"p_holm":1.0,"cliff_delta_theta_minus_method":1.0},{"method":"cae_3d_8","vs":"theta","W":0.0,"p_raw":1.0,"p_holm":1.0,"cliff_delta_theta_minus_method":1.0},{"method":"dense_ae_8","vs":"theta","W":0.0,"p_raw":1.0,"p_holm":1.0,"cliff_delta_theta_minus_method":0.92},{"method":"ica_10","vs":"theta","W":0.0,"p_raw":1.0,"p_holm":1.0,"cliff_delta_theta_minus_method":-1.0},{"method":"nmf_20","vs":"theta","W":0.0,"p_raw":1.0,"p_holm":1.0,"cliff_delta_theta_minus_method":-0.6},{"method":"nmf_8","vs":"theta","W":0.0,"p_raw":1.0,"p_holm":1.0,"cliff_delta_theta_minus_method":0.52},{"method":"pca_10","vs":"theta","W":0.0,"p_raw":1.0,"p_holm":1.0,"cliff_delta_theta_minus_method":-1.0},{"method":"pca_3","vs":"theta","W":0.0,"p_raw":1.0,"p_holm":1.0,"cliff_delta_theta_minus_method":-0.44},{"method":"pca_30","vs":"theta","W":0.0,"p_raw":1.0,"p_holm":1.0,"cliff_delta_theta_minus_method":-1.0}],"ranking_by_macro_f1_mean":[{"method":"ica_10","latent_dim":10,"macro_f1_mean":0.64478,"macro_f1_ci95":[0.632332,0.654501]},{"method":"pca_30","latent_dim":30,"macro_f1_mean":0.544875,"macro_f1_ci95":[0.532858,0.556897]},{"method":"pca_10","latent_dim":10,"macro_f1_mean":0.488803,"macro_f1_ci95":[0.479081,0.498982]},{"method":"nmf_20","latent_dim":20,"macro_f1_mean":0.398714,"macro_f1_ci95":[0.38706,0.409439]},{"method":"pca_3","latent_dim":3,"macro_f1_mean":0.394642,"macro_f1_ci95":[0.379356,0.408512]},{"method":"theta","latent_dim":12,"macro_f1_mean":0.382085,"macro_f1_ci95":[0.368133,0.396155]},{"method":"nmf_8","latent_dim":8,"macro_f1_mean":0.369706,"macro_f1_ci95":[0.35835,0.384575]},{"method":"cae_2d_8","latent_dim":8,"macro_f1_mean":0.352243,"macro_f1_ci95":[0.348291,0.356621]},{"method":"dense_ae_8","latent_dim":8,"macro_f1_mean":0.350313,"macro_f1_ci95":[0.339563,0.36208]},{"method":"cae_1d_8","latent_dim":8,"macro_f1_mean":0.341417,"macro_f1_ci95":[0.328884,0.35866]},{"method":"cae_3d_8","latent_dim":8,"macro_f1_mean":0.323007,