{"scene_id":"kennedy-space-center","topic_count":12,"n_classes":13,"n_documents":2686,"head":"LogisticRegression(max_iter=2000, C=1.0, l2)","split":"StratifiedKFold(n_splits=5, shuffle=True, random_state=42)","metric":"macro_f1 (primary), accuracy, balanced_accuracy","method_metrics":{"theta":{"accuracy":{"per_fold":[0.089219,0.089385,0.085661,0.085661,0.085661],"mean":0.087118,"std":0.001785,"ci95_lo":0.085661,"ci95_hi":0.088607},"balanced_accuracy":{"per_fold":[0.083916,0.083916,0.08042,0.08042,0.08042],"mean":0.081818,"std":0.001713,"ci95_lo":0.08042,"ci95_hi":0.083217},"macro_f1":{"per_fold":[0.024486,0.024373,0.01839,0.018376,0.018158],"mean":0.020757,"std":0.003,"ci95_lo":0.018292,"ci95_hi":0.023221},"latent_dim":12},"beta_vae_16":{"accuracy":{"per_fold":[0.284387,0.288641,0.303538,0.284916,0.292365],"mean":0.290769,"std":0.007002,"ci95_lo":0.285449,"ci95_hi":0.297579},"balanced_accuracy":{"per_fold":[0.267483,0.270979,0.284965,0.267483,0.274476],"mean":0.273077,"std":0.006485,"ci95_lo":0.268182,"ci95_hi":0.279371},"macro_f1":{"per_fold":[0.163095,0.17387,0.19779,0.173061,0.175537],"mean":0.176671,"std":0.011424,"ci95_lo":0.167738,"ci95_hi":0.188394},"latent_dim":16},"beta_vae_32":{"accuracy":{"per_fold":[0.284387,0.288641,0.3054,0.307263,0.299814],"mean":0.297101,"std":0.009085,"ci95_lo":0.28944,"ci95_hi":0.305028},"balanced_accuracy":{"per_fold":[0.267483,0.270979,0.286713,0.288462,0.281469],"mean":0.279021,"std":0.008392,"ci95_lo":0.271678,"ci95_hi":0.286364},"macro_f1":{"per_fold":[0.161438,0.174929,0.192875,0.195737,0.183844],"mean":0.181765,"std":0.012513,"ci95_lo":0.170424,"ci95_hi":0.192213},"latent_dim":32},"beta_vae_4":{"accuracy":{"per_fold":[0.273234,0.284916,0.273743,0.268156,0.275605],"mean":0.275131,"std":0.00548,"ci95_lo":0.270391,"ci95_hi":0.280348},"balanced_accuracy":{"per_fold":[0.256993,0.267483,0.256993,0.251748,0.258741],"mean":0.258392,"std":0.005115,"ci95_lo":0.254196,"ci95_hi":0.263295},"macro_f1":{"per_fold":[0.157614,0.176703,0.164753,0.153297,0.161067],"mean":0.162687,"std":0.007965,"ci95_lo":0.157128,"ci95_hi":0.170495},"latent_dim":4},"beta_vae_8":{"accuracy":{"per_fold":[0.204461,0.206704,0.216015,0.210428,0.188082],"mean":0.205138,"std":0.009382,"ci95_lo":0.196944,"ci95_hi":0.212663},"balanced_accuracy":{"per_fold":[0.192308,0.194056,0.202797,0.197552,0.176573],"mean":0.192657,"std":0.008804,"ci95_lo":0.183916,"ci95_hi":0.198951},"macro_f1":{"per_fold":[0.117331,0.11455,0.128058,0.118566,0.093042],"mean":0.114309,"std":0.011564,"ci95_lo":0.102757,"ci95_hi":0.123211},"latent_dim":8},"cae_1d_16":{"accuracy":{"per_fold":[0.695167,0.724395,0.705773,0.722533,0.692737],"mean":0.708121,"std":0.013285,"ci95_lo":0.696802,"ci95_hi":0.719553},"balanced_accuracy":{"per_fold":[0.667333,0.6962,0.672317,0.698989,0.665824],"mean":0.680132,"std":0.014445,"ci95_lo":0.668028,"ci95_hi":0.692539},"macro_f1":{"per_fold":[0.664922,0.697662,0.66554,0.703595,0.664655],"mean":0.679275,"std":0.017538,"ci95_lo":0.664991,"ci95_hi":0.69462},"latent_dim":16},"cae_1d_32":{"accuracy":{"per_fold":[0.72119,0.75419,0.73743,0.752328,0.713222],"mean":0.735672,"std":0.016353,"ci95_lo":0.722839,"ci95_hi":0.750093},"balanced_accuracy":{"per_fold":[0.694888,0.729916,0.706575,0.729531,0.68954],"mean":0.71009,"std":0.016952,"ci95_lo":0.695086,"ci95_hi":0.725094},"macro_f1":{"per_fold":[0.691382,0.731553,0.702475,0.733294,0.690083],"mean":0.709757,"std":0.019009,"ci95_lo":0.693341,"ci95_hi":0.726782},"latent_dim":32},"cae_1d_4":{"accuracy":{"per_fold":[0.589219,0.58473,0.588454,0.553073,0.579143],"mean":0.578924,"std":0.013408,"ci95_lo":0.565512,"ci95_hi":0.587866},"balanced_accuracy":{"per_fold":[0.554196,0.548951,0.552448,0.519231,0.543706],"mean":0.543706,"std":0.012751,"ci95_lo":0.531119,"ci95_hi":0.552098},"macro_f1":{"per_fold":[0.507978,0.498297,0.507833,0.47138,0.48966],"mean":0.495029,"std":0.013641,"ci95_lo":0.482326,"ci95_hi":0.505955},"latent_dim":4},"cae_1d_8":{"accuracy":{"per_fold":[0.654275,0.649907,0.636872,0.646182,0.651769],"mean":0.647801,"std":0.006069,"ci95_lo":0.641713,"ci95_hi":0.652399},"balanced_accuracy":{"per_fold":[0.618881,0.613418,0.597902,0.610577,0.615822],"mean":0.61132,"std":0.007245,"ci95_lo":0.604021,"ci95_hi":0.616566},"macro_f1":{"per_fold":[0.599868,0.595382,0.566923,0.591763,0.59362],"mean":0.589511,"std":0.01161,"ci95_lo":0.577954,"ci95_hi":0.597176},"latent_dim":8},"cae_2d_16":{"accuracy":{"per_fold":[0.540892,0.519553,0.564246,0.506518,0.519553],"mean":0.530152,"std":0.020303,"ci95_lo":0.514339,"ci95_hi":0.548085},"balanced_accuracy":{"per_fold":[0.511072,0.491696,0.531031,0.480114,0.491696],"mean":0.501122,"std":0.017959,"ci95_lo":0.487063,"ci95_hi":0.519059},"macro_f1":{"per_fold":[0.486399,0.468135,0.509498,0.458771,0.462911],"mean":0.477143,"std":0.018729,"ci95_lo":0.4623,"ci95_hi":0.495561},"latent_dim":16},"cae_2d_32":{"accuracy":{"per_fold":[0.643123,0.623836,0.692737,0.646182,0.640596],"mean":0.649295,"std":0.02306,"ci95_lo":0.631657,"ci95_hi":0.672399},"balanced_accuracy":{"per_fold":[0.630786,0.60759,0.673431,0.633606,0.628413],"mean":0.634765,"std":0.021406,"ci95_lo":0.617433,"ci95_hi":0.656462},"macro_f1":{"per_fold":[0.625874,0.610192,0.669187,0.643424,0.637212],"mean":0.637178,"std":0.019594,"ci95_lo":0.621869,"ci95_hi":0.657394},"latent_dim":32},"cae_2d_4":{"accuracy":{"per_fold":[0.486989,0.459963,0.502793,0.480447,0.469274],"mean":0.479893,"std":0.014731,"ci95_lo":0.46723,"ci95_hi":0.492938},"balanced_accuracy":{"per_fold":[0.458042,0.431818,0.472028,0.451049,0.440559],"mean":0.450699,"std":0.013916,"ci95_lo":0.439502,"ci95_hi":0.463636},"macro_f1":{"per_fold":[0.42743,0.396955,0.452291,0.418335,0.409761],"mean":0.420954,"std":0.018612,"ci95_lo":0.405611,"ci95_hi":0.438813},"latent_dim":4},"cae_2d_8":{"accuracy":{"per_fold":[0.494424,0.459963,0.519553,0.495345,0.486034],"mean":0.491064,"std":0.019151,"ci95_lo":0.473927,"ci95_hi":0.507823},"balanced_accuracy":{"per_fold":[0.465035,0.431818,0.487762,0.465691,0.45826],"mean":0.461713,"std":0.01795,"ci95_lo":0.445236,"ci95_hi":0.477448},"macro_f1":{"per_fold":[0.43534,0.397864,0.463871,0.434179,0.429972],"mean":0.432245,"std":0.02098,"ci95_lo":0.412616,"ci95_hi":0.4514},"latent_dim":8},"cae_3d_16":{"accuracy":{"per_fold":[0.488848,0.482309,0.502793,0.52514,0.502793],"mean":0.500377,"std":0.014726,"ci95_lo":0.487714,"ci95_hi":0.513412},"balanced_accuracy":{"per_fold":[0.465618,0.454764,0.472684,0.496941,0.476617],"mean":0.473325,"std":0.013949,"ci95_lo":0.461305,"ci95_hi":0.486611},"macro_f1":{"per_fold":[0.445328,0.420702,0.449206,0.476247,0.451826],"mean":0.448662,"std":0.017687,"ci95_lo":0.432627,"ci95_hi":0.464655},"latent_dim":16},"cae_3d_32":{"accuracy":{"per_fold":[0.533457,0.543762,0.558659,0.569832,0.566108],"mean":0.554364,"std":0.013749,"ci95_lo":0.542619,"ci95_hi":0.565363},"balanced_accuracy":{"per_fold":[0.50641,0.513767,0.526442,0.539554,0.535402],"mean":0.524315,"std":0.012582,"ci95_lo":0.51336,"ci95_hi":0.535271},"macro_f1":{"per_fold":[0.500326,0.496614,0.503041,0.528219,0.519679],"mean":0.509576,"std":0.012214,"ci95_lo":0.499385,"ci95_hi":0.519778},"latent_dim":32},"cae_3d_4":{"accuracy":{"per_fold":[0.444238,0.44879,0.47486,0.445065,0.435754],"mean":0.449741,"std":0.013264,"ci95_lo":0.440058,"ci95_hi":0.462942},"balanced_accuracy":{"per_fold":[0.417832,0.421329,0.445804,0.417832,0.409091],"mean":0.422378,"std":0.012392,"ci95_lo":0.413287,"ci95_hi":0.434615},"macro_f1":{"per_fold":[0.38191,0.379496,0.408641,0.372855,0.364584],"mean":0.381497,"std":0.014844,"ci95_lo":0.370549,"ci95_hi":0.396983},"latent_dim":4},"cae_3d_8":{"accuracy":{"per_fold":[0.464684,0.463687,0.458101,0.467412,0.456238],"mean":0.462024,"std":0.004189,"ci95_lo":0.458101,"ci95_hi":0.465576},"balanced_accuracy":{"per_fold":[0.437063,0.435315,0.43007,0.438811,0.428322],"mean":0.433916,"std":0.004047,"ci95_lo":0.43042,"ci95_hi":0.437413},"macro_f1":{"per_fold":[0.400537,0.390959,0.399733,0.397474,0.384288],"mean":0.394598,"std":0.006156,"ci95_lo":0.388872,