{"scene_id":"kennedy-space-center","topic_count":12,"n_classes":13,"n_documents":2686,"head":"LogisticRegression(max_iter=2000, C=1.0, l2)","split":"StratifiedKFold(n_splits=5, shuffle=True, random_state=42)","metric":"macro_f1 (primary), accuracy, balanced_accuracy","method_metrics":{"theta":{"accuracy":{"per_fold":[0.089219,0.089385,0.085661,0.085661,0.085661],"mean":0.087118,"std":0.001785,"ci95_lo":0.085661,"ci95_hi":0.088607},"balanced_accuracy":{"per_fold":[0.083916,0.083916,0.08042,0.08042,0.08042],"mean":0.081818,"std":0.001713,"ci95_lo":0.08042,"ci95_hi":0.083217},"macro_f1":{"per_fold":[0.024486,0.024373,0.01839,0.018376,0.018158],"mean":0.020757,"std":0.003,"ci95_lo":0.018292,"ci95_hi":0.023221},"latent_dim":12},"dense_ae_8":{"accuracy":{"per_fold":[0.669145,0.635009,0.636872,0.64432,0.648045],"mean":0.646678,"std":0.012203,"ci95_lo":0.637616,"ci95_hi":0.65847},"balanced_accuracy":{"per_fold":[0.635947,0.604573,0.60375,0.615936,0.614292],"mean":0.6149,"std":0.011622,"ci95_lo":0.606183,"ci95_hi":0.62567},"macro_f1":{"per_fold":[0.619281,0.588268,0.586658,0.600806,0.593162],"mean":0.597635,"std":0.01189,"ci95_lo":0.588917,"ci95_hi":0.609062},"latent_dim":8},"ica_10":{"accuracy":{"per_fold":[0.821561,0.832402,0.836127,0.819367,0.804469],"mean":0.822785,"std":0.011128,"ci95_lo":0.811306,"ci95_hi":0.831724},"balanced_accuracy":{"per_fold":[0.812687,0.827079,0.831835,0.814238,0.797026],"mean":0.816573,"std":0.012214,"ci95_lo":0.806478,"ci95_hi":0.826413},"macro_f1":{"per_fold":[0.811748,0.82121,0.832438,0.813192,0.795062],"mean":0.81473,"std":0.012277,"ci95_lo":0.803918,"ci95_hi":0.824451},"latent_dim":10},"nmf_20":{"accuracy":{"per_fold":[0.726766,0.73743,0.731844,0.72067,0.728119],"mean":0.728966,"std":0.005555,"ci95_lo":0.724124,"ci95_hi":0.733715},"balanced_accuracy":{"per_fold":[0.683566,0.692308,0.687063,0.676573,0.683566],"mean":0.684615,"std":0.005139,"ci95_lo":0.67972,"ci95_hi":0.68917},"macro_f1":{"per_fold":[0.649467,0.662422,0.656039,0.645503,0.651054],"mean":0.652897,"std":0.005839,"ci95_lo":0.648513,"ci95_hi":0.658554},"latent_dim":20},"nmf_8":{"accuracy":{"per_fold":[0.723048,0.713222,0.711359,0.724395,0.703911],"mean":0.715187,"std":0.007645,"ci95_lo":0.708752,"ci95_hi":0.721622},"balanced_accuracy":{"per_fold":[0.68007,0.66958,0.667832,0.68007,0.660839],"mean":0.671678,"std":0.00745,"ci95_lo":0.665385,"ci95_hi":0.677972},"macro_f1":{"per_fold":[0.643895,0.634119,0.633772,0.645657,0.620387],"mean":0.635566,"std":0.009021,"ci95_lo":0.627765,"ci95_hi":0.642575},"latent_dim":8},"pca_10":{"accuracy":{"per_fold":[0.780669,0.79702,0.795158,0.783985,0.778399],"mean":0.787046,"std":0.007617,"ci95_lo":0.780424,"ci95_hi":0.793669},"balanced_accuracy":{"per_fold":[0.763487,0.78484,0.781885,0.775225,0.767358],"mean":0.774559,"std":0.008176,"ci95_lo":0.767383,"ci95_hi":0.781344},"macro_f1":{"per_fold":[0.761275,0.78321,0.78733,0.776153,0.764305],"mean":0.774455,"std":0.010218,"ci95_lo":0.765463,"ci95_hi":0.783447},"latent_dim":10},"pca_3":{"accuracy":{"per_fold":[0.665428,0.675978,0.657356,0.66108,0.662942],"mean":0.664557,"std":0.006289,"ci95_lo":0.659715,"ci95_hi":0.670767},"balanced_accuracy":{"per_fold":[0.655095,0.669289,0.648633,0.657925,0.656396],"mean":0.657468,"std":0.006705,"ci95_lo":0.651784,"ci95_hi":0.663611},"macro_f1":{"per_fold":[0.647786,0.661436,0.651663,0.64928,0.651551],"mean":0.652343,"std":0.004773,"ci95_lo":0.64886,"ci95_hi":0.65705},"latent_dim":3},"pca_30":{"accuracy":{"per_fold":[0.789963,0.811918,0.800745,0.802607,0.787709],"mean":0.798588,"std":0.008846,"ci95_lo":0.790767,"ci95_hi":0.805959},"balanced_accuracy":{"per_fold":[0.772228,0.799482,0.78713,0.792707,0.776099],"mean":0.785529,"std":0.010145,"ci95_lo":0.775982,"ci95_hi":0.794302},"macro_f1":{"per_fold":[0.770139,0.797762,0.792791,0.794429,0.772155],"mean":0.785455,"std":0.011809,"ci95_lo":0.775476,"ci95_hi":0.795435},"latent_dim":30}},"pairwise_vs_theta_holm":[{"method":"dense_ae_8","vs":"theta","W":0.0,"p_raw":1.0,"p_holm":1.0,"cliff_delta_theta_minus_method":-1.0},{"method":"ica_10","vs":"theta","W":0.0,"p_raw":1.0,"p_holm":1.0,"cliff_delta_theta_minus_method":-1.0},{"method":"nmf_20","vs":"theta","W":0.0,"p_raw":1.0,"p_holm":1.0,"cliff_delta_theta_minus_method":-1.0},{"method":"nmf_8","vs":"theta","W":0.0,"p_raw":1.0,"p_holm":1.0,"cliff_delta_theta_minus_method":-1.0},{"method":"pca_10","vs":"theta","W":0.0,"p_raw":1.0,"p_holm":1.0,"cliff_delta_theta_minus_method":-1.0},{"method":"pca_3","vs":"theta","W":0.0,"p_raw":1.0,"p_holm":1.0,"cliff_delta_theta_minus_method":-1.0},{"method":"pca_30","vs":"theta","W":0.0,"p_raw":1.0,"p_holm":1.0,"cliff_delta_theta_minus_method":-1.0}],"ranking_by_macro_f1_mean":[{"method":"ica_10","latent_dim":10,"macro_f1_mean":0.81473,"macro_f1_ci95":[0.803918,0.824451]},{"method":"pca_30","latent_dim":30,"macro_f1_mean":0.785455,"macro_f1_ci95":[0.775476,0.795435]},{"method":"pca_10","latent_dim":10,"macro_f1_mean":0.774455,"macro_f1_ci95":[0.765463,0.783447]},{"method":"nmf_20","latent_dim":20,"macro_f1_mean":0.652897,"macro_f1_ci95":[0.648513,0.658554]},{"method":"pca_3","latent_dim":3,"macro_f1_mean":0.652343,"macro_f1_ci95":[0.64886,0.65705]},{"method":"nmf_8","latent_dim":8,"macro_f1_mean":0.635566,"macro_f1_ci95":[0.627765,0.642575]},{"method":"dense_ae_8","latent_dim":8,"macro_f1_mean":0.597635,"macro_f1_ci95":[0.588917,0.609062]},{"method":"theta","latent_dim":12,"macro_f1_mean":0.020757,"macro_f1_ci95":[0.018292,0.023221]}],"framework_axis":"B-1 (master plan Addendum B): linear probe panel \u2014 theta vs other K-dim compressions, the fair-baseline argument","generated_at":"2026-05-03T18:22:13Z","builder_version":"build_linear_probe_panel v0.1"}