{"scene_id":"kennedy-space-center","topic_count":12,"n_classes":13,"n_documents":2686,"head":"LogisticRegression(max_iter=2000, C=1.0, l2)","split":"StratifiedKFold(n_splits=5, shuffle=True, random_state=42)","metric":"macro_f1 (primary), accuracy, balanced_accuracy","method_metrics":{"theta":{"accuracy":{"per_fold":[0.089219,0.089385,0.085661,0.085661,0.085661],"mean":0.087118,"std":0.001785,"ci95_lo":0.085661,"ci95_hi":0.088607},"balanced_accuracy":{"per_fold":[0.083916,0.083916,0.08042,0.08042,0.08042],"mean":0.081818,"std":0.001713,"ci95_lo":0.08042,"ci95_hi":0.083217},"macro_f1":{"per_fold":[0.024486,0.024373,0.01839,0.018376,0.018158],"mean":0.020757,"std":0.003,"ci95_lo":0.018292,"ci95_hi":0.023221},"latent_dim":12},"beta_vae_16":{"accuracy":{"per_fold":[0.284387,0.288641,0.303538,0.284916,0.292365],"mean":0.290769,"std":0.007002,"ci95_lo":0.285449,"ci95_hi":0.297579},"balanced_accuracy":{"per_fold":[0.267483,0.270979,0.284965,0.267483,0.274476],"mean":0.273077,"std":0.006485,"ci95_lo":0.268182,"ci95_hi":0.279371},"macro_f1":{"per_fold":[0.163095,0.17387,0.19779,0.173061,0.175537],"mean":0.176671,"std":0.011424,"ci95_lo":0.167738,"ci95_hi":0.188394},"latent_dim":16},"beta_vae_32":{"accuracy":{"per_fold":[0.284387,0.288641,0.3054,0.307263,0.299814],"mean":0.297101,"std":0.009085,"ci95_lo":0.28944,"ci95_hi":0.305028},"balanced_accuracy":{"per_fold":[0.267483,0.270979,0.286713,0.288462,0.281469],"mean":0.279021,"std":0.008392,"ci95_lo":0.271678,"ci95_hi":0.286364},"macro_f1":{"per_fold":[0.161438,0.174929,0.192875,0.195737,0.183844],"mean":0.181765,"std":0.012513,"ci95_lo":0.170424,"ci95_hi":0.192213},"latent_dim":32},"beta_vae_4":{"accuracy":{"per_fold":[0.273234,0.284916,0.273743,0.268156,0.275605],"mean":0.275131,"std":0.00548,"ci95_lo":0.270391,"ci95_hi":0.280348},"balanced_accuracy":{"per_fold":[0.256993,0.267483,0.256993,0.251748,0.258741],"mean":0.258392,"std":0.005115,"ci95_lo":0.254196,"ci95_hi":0.263295},"macro_f1":{"per_fold":[0.157614,0.176703,0.164753,0.153297,0.161067],"mean":0.162687,"std":0.007965,"ci95_lo":0.157128,"ci95_hi":0.170495},"latent_dim":4},"beta_vae_8":{"accuracy":{"per_fold":[0.204461,0.206704,0.216015,0.210428,0.188082],"mean":0.205138,"std":0.009382,"ci95_lo":0.196944,"ci95_hi":0.212663},"balanced_accuracy":{"per_fold":[0.192308,0.194056,0.202797,0.197552,0.176573],"mean":0.192657,"std":0.008804,"ci95_lo":0.183916,"ci95_hi":0.198951},"macro_f1":{"per_fold":[0.117331,0.11455,0.128058,0.118566,0.093042],"mean":0.114309,"std":0.011564,"ci95_lo":0.102757,"ci95_hi":0.123211},"latent_dim":8},"cae_1d_16":{"accuracy":{"per_fold":[0.695167,0.724395,0.705773,0.722533,0.692737],"mean":0.708121,"std":0.013285,"ci95_lo":0.696802,"ci95_hi":0.719553},"balanced_accuracy":{"per_fold":[0.667333,0.6962,0.672317,0.698989,0.665824],"mean":0.680132,"std":0.014445,"ci95_lo":0.668028,"ci95_hi":0.692539},"macro_f1":{"per_fold":[0.664922,0.697662,0.66554,0.703595,0.664655],"mean":0.679275,"std":0.017538,"ci95_lo":0.664991,"ci95_hi":0.69462},"latent_dim":16},"cae_1d_32":{"accuracy":{"per_fold":[0.72119,0.75419,0.73743,0.752328,0.713222],"mean":0.735672,"std":0.016353,"ci95_lo":0.722839,"ci95_hi":0.750093},"balanced_accuracy":{"per_fold":[0.694888,0.729916,0.706575,0.729531,0.68954],"mean":0.71009,"std":0.016952,"ci95_lo":0.695086,"ci95_hi":0.725094},"macro_f1":{"per_fold":[0.691382,0.731553,0.702475,0.733294,0.690083],"mean":0.709757,"std":0.019009,"ci95_lo":0.693341,"ci95_hi":0.726782},"latent_dim":32},"cae_1d_4":{"accuracy":{"per_fold":[0.589219,0.58473,0.588454,0.553073,0.579143],"mean":0.578924,"std":0.013408,"ci95_lo":0.565512,"ci95_hi":0.587866},"balanced_accuracy":{"per_fold":[0.554196,0.548951,0.552448,0.519231,0.543706],"mean":0.543706,"std":0.012751,"ci95_lo":0.531119,"ci95_hi":0.552098},"macro_f1":{"per_fold":[0.507978,0.498297,0.507833,0.47138,0.48966],"mean":0.495029,"std":0.013641,"ci95_lo":0.482326,"ci95_hi":0.505955},"latent_dim":4},"cae_1d_8":{"accuracy":{"per_fold":[0.654275,0.649907,0.636872,0.646182,0.651769],"mean":0.647801,"std":0.006069,"ci95_lo":0.641713,"ci95_hi":0.652399},"balanced_accuracy":{"per_fold":[0.618881,0.613418,0.597902,0.610577,0.615822],"mean":0.61132,"std":0.007245,"ci95_lo":0.604021,"ci95_hi":0.616566},"macro_f1":{"per_fold":[0.599868,0.595382,0.566923,0.591763,0.59362],"mean":0.589511,"std":0.01161,"ci95_lo":0.577954,"ci95_hi":0.597176},"latent_dim":8},"cae_2d_8":{"accuracy":{"per_fold":[0.494424,0.459963,0.519553,0.495345,0.486034],"mean":0.491064,"std":0.019151,"ci95_lo":0.475605,"ci95_hi":0.508007},"balanced_accuracy":{"per_fold":[0.465035,0.431818,0.487762,0.465691,0.45826],"mean":0.461713,"std":0.01795,"ci95_lo":0.443881,"ci95_hi":0.477316},"macro_f1":{"per_fold":[0.43534,0.397864,0.463871,0.434179,0.429972],"mean":0.432245,"std":0.02098,"ci95_lo":0.41239,"ci95_hi":0.451385},"latent_dim":8},"cae_3d_8":{"accuracy":{"per_fold":[0.464684,0.463687,0.458101,0.467412,0.456238],"mean":0.462024,"std":0.004189,"ci95_lo":0.458473,"ci95_hi":0.465576},"balanced_accuracy":{"per_fold":[0.437063,0.435315,0.43007,0.438811,0.428322],"mean":0.433916,"std":0.004047,"ci95_lo":0.43042,"ci95_hi":0.437413},"macro_f1":{"per_fold":[0.400537,0.390959,0.399733,0.397474,0.384288],"mean":0.394598,"std":0.006156,"ci95_lo":0.388872,"ci95_hi":0.399763},"latent_dim":8},"dense_ae_8":{"accuracy":{"per_fold":[0.669145,0.635009,0.636872,0.64432,0.648045],"mean":0.646678,"std":0.012203,"ci95_lo":0.637616,"ci95_hi":0.658098},"balanced_accuracy":{"per_fold":[0.635947,0.604573,0.60375,0.615936,0.614292],"mean":0.6149,"std":0.011622,"ci95_lo":0.606188,"ci95_hi":0.62567},"macro_f1":{"per_fold":[0.619281,0.588268,0.586658,0.600806,0.593162],"mean":0.597635,"std":0.01189,"ci95_lo":0.588603,"ci95_hi":0.608196},"latent_dim":8},"ica_10":{"accuracy":{"per_fold":[0.821561,0.832402,0.836127,0.819367,0.804469],"mean":0.822785,"std":0.011128,"ci95_lo":0.811306,"ci95_hi":0.831724},"balanced_accuracy":{"per_fold":[0.812687,0.827079,0.831835,0.814238,0.797026],"mean":0.816573,"std":0.012214,"ci95_lo":0.806169,"ci95_hi":0.826413},"macro_f1":{"per_fold":[0.811748,0.82121,0.832438,0.813192,0.795062],"mean":0.81473,"std":0.012277,"ci95_lo":0.803918,"ci95_hi":0.825701},"latent_dim":10},"nmf_20":{"accuracy":{"per_fold":[0.726766,0.73743,0.731844,0.72067,0.728119],"mean":0.728966,"std":0.005555,"ci95_lo":0.724328,"ci95_hi":0.734078},"balanced_accuracy":{"per_fold":[0.683566,0.692308,0.687063,0.676573,0.683566],"mean":0.684615,"std":0.005139,"ci95_lo":0.68007,"ci95_hi":0.689161},"macro_f1":{"per_fold":[0.649467,0.662422,0.656039,0.645503,0.651054],"mean":0.652897,"std":0.005839,"ci95_lo":0.648398,"ci95_hi":0.658554},"latent_dim":20},"nmf_8":{"accuracy":{"per_fold":[0.723048,0.713222,0.711359,0.724395,0.703911],"mean":0.715187,"std":0.007645,"ci95_lo":0.708752,"ci95_hi":0.721622},"balanced_accuracy":{"per_fold":[0.68007,0.66958,0.667832,0.68007,0.660839],"mean":0.671678,"std":0.00745,"ci95_lo":0.665385,"ci95_hi":0.677972},"macro_f1":{"per_fold":[0.643895,0.634119,0.633772,0.645657,0.620387],"mean":0.635566,"std":0.009021,"ci95_lo":0.628186,"ci95_hi":0.642927},"latent_dim":8},"pca_10":{"accuracy":{"per_fold":[0.780669,0.79702,0.795158,0.783985,0.778399],"mean":0.787046,"std":0.007617,"ci95_lo":0.780424,"ci95_hi":0.793669},"balanced_accuracy":{"per_fold":[0.763487,0.78484,0.781885,0.775225,0.767358],"mean":0.774559,"std":0.008176,"ci95_lo":0.767383,"ci95_hi":0.781149},"macro_f1":{"per_fold":[0.761275,0.78321,0.78733,0.776153,0.764305],"mean":0.774455,"std":0.010218,"ci95_lo":0.765662,"ci95_hi":0.782859},"latent_dim":10},"pca_3":{"accuracy":{"per_fold":[0.665428,0.675978,0.657356,0.66108,0.662942],"mean":0.664557,"std":0.006289,"ci95_lo":0.659712,"ci95_hi":0.670764},"balanced_accuracy":{"per_fold":[0.655095,0.669289,0.648633,0.657925,0.656396],"mean":0.657468,"std":0.006705,"ci95_lo":0.652044,"ci95_hi":0.663618},"macro_f1":{"per_fold":[0.647786,0.661436,0.651663,0.64928,0.651551],"mean":0.652343,"std":0.004773,"ci95_lo":0.649133,"ci95_hi":0.657028},