{"scene_id":"kennedy-space-center","topic_count":12,"n_classes":13,"n_documents":2686,"head":"LogisticRegression(max_iter=2000, C=1.0, l2)","split":"StratifiedKFold(n_splits=5, shuffle=True, random_state=42)","metric":"macro_f1 (primary), accuracy, balanced_accuracy","method_metrics":{"theta":{"accuracy":{"per_fold":[0.089219,0.089385,0.085661,0.085661,0.085661],"mean":0.087118,"std":0.001785,"ci95_lo":0.085661,"ci95_hi":0.088607},"balanced_accuracy":{"per_fold":[0.083916,0.083916,0.08042,0.08042,0.08042],"mean":0.081818,"std":0.001713,"ci95_lo":0.08042,"ci95_hi":0.083217},"macro_f1":{"per_fold":[0.024486,0.024373,0.01839,0.018376,0.018158],"mean":0.020757,"std":0.003,"ci95_lo":0.018292,"ci95_hi":0.023221},"latent_dim":12},"beta_vae_8":{"accuracy":{"per_fold":[0.204461,0.206704,0.216015,0.210428,0.188082],"mean":0.205138,"std":0.009382,"ci95_lo":0.195827,"ci95_hi":0.212291},"balanced_accuracy":{"per_fold":[0.192308,0.194056,0.202797,0.197552,0.176573],"mean":0.192657,"std":0.008804,"ci95_lo":0.183916,"ci95_hi":0.199301},"macro_f1":{"per_fold":[0.117331,0.11455,0.128058,0.118566,0.093042],"mean":0.114309,"std":0.011564,"ci95_lo":0.102448,"ci95_hi":0.122669},"latent_dim":8},"cae_1d_8":{"accuracy":{"per_fold":[0.654275,0.649907,0.636872,0.646182,0.651769],"mean":0.647801,"std":0.006069,"ci95_lo":0.642214,"ci95_hi":0.652399},"balanced_accuracy":{"per_fold":[0.618881,0.613418,0.597902,0.610577,0.615822],"mean":0.61132,"std":0.007245,"ci95_lo":0.604632,"ci95_hi":0.616565},"macro_f1":{"per_fold":[0.599868,0.595382,0.566923,0.591763,0.59362],"mean":0.589511,"std":0.01161,"ci95_lo":0.577954,"ci95_hi":0.597176},"latent_dim":8},"cae_2d_8":{"accuracy":{"per_fold":[0.494424,0.459963,0.519553,0.495345,0.486034],"mean":0.491064,"std":0.019151,"ci95_lo":0.47371,"ci95_hi":0.508007},"balanced_accuracy":{"per_fold":[0.465035,0.431818,0.487762,0.465691,0.45826],"mean":0.461713,"std":0.01795,"ci95_lo":0.445105,"ci95_hi":0.47732},"macro_f1":{"per_fold":[0.43534,0.397864,0.463871,0.434179,0.429972],"mean":0.432245,"std":0.02098,"ci95_lo":0.412622,"ci95_hi":0.451385},"latent_dim":8},"cae_3d_8":{"accuracy":{"per_fold":[0.464684,0.463687,0.458101,0.467412,0.456238],"mean":0.462024,"std":0.004189,"ci95_lo":0.458473,"ci95_hi":0.465576},"balanced_accuracy":{"per_fold":[0.437063,0.435315,0.43007,0.438811,0.428322],"mean":0.433916,"std":0.004047,"ci95_lo":0.43042,"ci95_hi":0.437413},"macro_f1":{"per_fold":[0.400537,0.390959,0.399733,0.397474,0.384288],"mean":0.394598,"std":0.006156,"ci95_lo":0.388868,"ci95_hi":0.399442},"latent_dim":8},"dense_ae_8":{"accuracy":{"per_fold":[0.669145,0.635009,0.636872,0.64432,0.648045],"mean":0.646678,"std":0.012203,"ci95_lo":0.637616,"ci95_hi":0.658098},"balanced_accuracy":{"per_fold":[0.635947,0.604573,0.60375,0.615936,0.614292],"mean":0.6149,"std":0.011622,"ci95_lo":0.606352,"ci95_hi":0.625506},"macro_f1":{"per_fold":[0.619281,0.588268,0.586658,0.600806,0.593162],"mean":0.597635,"std":0.01189,"ci95_lo":0.588603,"ci95_hi":0.609062},"latent_dim":8},"ica_10":{"accuracy":{"per_fold":[0.821561,0.832402,0.836127,0.819367,0.804469],"mean":0.822785,"std":0.011128,"ci95_lo":0.813474,"ci95_hi":0.831724},"balanced_accuracy":{"per_fold":[0.812687,0.827079,0.831835,0.814238,0.797026],"mean":0.816573,"std":0.012214,"ci95_lo":0.806169,"ci95_hi":0.827062},"macro_f1":{"per_fold":[0.811748,0.82121,0.832438,0.813192,0.795062],"mean":0.81473,"std":0.012277,"ci95_lo":0.802532,"ci95_hi":0.824764},"latent_dim":10},"nmf_20":{"accuracy":{"per_fold":[0.726766,0.73743,0.731844,0.72067,0.728119],"mean":0.728966,"std":0.005555,"ci95_lo":0.724124,"ci95_hi":0.733435},"balanced_accuracy":{"per_fold":[0.683566,0.692308,0.687063,0.676573,0.683566],"mean":0.684615,"std":0.005139,"ci95_lo":0.68007,"ci95_hi":0.68951},"macro_f1":{"per_fold":[0.649467,0.662422,0.656039,0.645503,0.651054],"mean":0.652897,"std":0.005839,"ci95_lo":0.648191,"ci95_hi":0.658554},"latent_dim":20},"nmf_8":{"accuracy":{"per_fold":[0.723048,0.713222,0.711359,0.724395,0.703911],"mean":0.715187,"std":0.007645,"ci95_lo":0.707635,"ci95_hi":0.721622},"balanced_accuracy":{"per_fold":[0.68007,0.66958,0.667832,0.68007,0.660839],"mean":0.671678,"std":0.00745,"ci95_lo":0.665385,"ci95_hi":0.677972},"macro_f1":{"per_fold":[0.643895,0.634119,0.633772,0.645657,0.620387],"mean":0.635566,"std":0.009021,"ci95_lo":0.627765,"ci95_hi":0.642644},"latent_dim":8},"pca_10":{"accuracy":{"per_fold":[0.780669,0.79702,0.795158,0.783985,0.778399],"mean":0.787046,"std":0.007617,"ci95_lo":0.780424,"ci95_hi":0.793669},"balanced_accuracy":{"per_fold":[0.763487,0.78484,0.781885,0.775225,0.767358],"mean":0.774559,"std":0.008176,"ci95_lo":0.767936,"ci95_hi":0.781144},"macro_f1":{"per_fold":[0.761275,0.78321,0.78733,0.776153,0.764305],"mean":0.774455,"std":0.010218,"ci95_lo":0.765657,"ci95_hi":0.784034},"latent_dim":10},"pca_3":{"accuracy":{"per_fold":[0.665428,0.675978,0.657356,0.66108,0.662942],"mean":0.664557,"std":0.006289,"ci95_lo":0.659715,"ci95_hi":0.670764},"balanced_accuracy":{"per_fold":[0.655095,0.669289,0.648633,0.657925,0.656396],"mean":0.657468,"std":0.006705,"ci95_lo":0.651784,"ci95_hi":0.663878},"macro_f1":{"per_fold":[0.647786,0.661436,0.651663,0.64928,0.651551],"mean":0.652343,"std":0.004773,"ci95_lo":0.648978,"ci95_hi":0.657028},"latent_dim":3},"pca_30":{"accuracy":{"per_fold":[0.789963,0.811918,0.800745,0.802607,0.787709],"mean":0.798588,"std":0.008846,"ci95_lo":0.79114,"ci95_hi":0.805959},"balanced_accuracy":{"per_fold":[0.772228,0.799482,0.78713,0.792707,0.776099],"mean":0.785529,"std":0.010145,"ci95_lo":0.776757,"ci95_hi":0.794302},"macro_f1":{"per_fold":[0.770139,0.797762,0.792791,0.794429,0.772155],"mean":0.785455,"std":0.011809,"ci95_lo":0.7754,"ci95_hi":0.795443},"latent_dim":30}},"pairwise_vs_theta_holm":[{"method":"beta_vae_8","vs":"theta","W":0.0,"p_raw":1.0,"p_holm":1.0,"cliff_delta_theta_minus_method":-1.0},{"method":"cae_1d_8","vs":"theta","W":0.0,"p_raw":1.0,"p_holm":1.0,"cliff_delta_theta_minus_method":-1.0},{"method":"cae_2d_8","vs":"theta","W":0.0,"p_raw":1.0,"p_holm":1.0,"cliff_delta_theta_minus_method":-1.0},{"method":"cae_3d_8","vs":"theta","W":0.0,"p_raw":1.0,"p_holm":1.0,"cliff_delta_theta_minus_method":-1.0},{"method":"dense_ae_8","vs":"theta","W":0.0,"p_raw":1.0,"p_holm":1.0,"cliff_delta_theta_minus_method":-1.0},{"method":"ica_10","vs":"theta","W":0.0,"p_raw":1.0,"p_holm":1.0,"cliff_delta_theta_minus_method":-1.0},{"method":"nmf_20","vs":"theta","W":0.0,"p_raw":1.0,"p_holm":1.0,"cliff_delta_theta_minus_method":-1.0},{"method":"nmf_8","vs":"theta","W":0.0,"p_raw":1.0,"p_holm":1.0,"cliff_delta_theta_minus_method":-1.0},{"method":"pca_10","vs":"theta","W":0.0,"p_raw":1.0,"p_holm":1.0,"cliff_delta_theta_minus_method":-1.0},{"method":"pca_3","vs":"theta","W":0.0,"p_raw":1.0,"p_holm":1.0,"cliff_delta_theta_minus_method":-1.0},{"method":"pca_30","vs":"theta","W":0.0,"p_raw":1.0,"p_holm":1.0,"cliff_delta_theta_minus_method":-1.0}],"ranking_by_macro_f1_mean":[{"method":"ica_10","latent_dim":10,"macro_f1_mean":0.81473,"macro_f1_ci95":[0.802532,0.824764]},{"method":"pca_30","latent_dim":30,"macro_f1_mean":0.785455,"macro_f1_ci95":[0.7754,0.795443]},{"method":"pca_10","latent_dim":10,"macro_f1_mean":0.774455,"macro_f1_ci95":[0.765657,0.784034]},{"method":"nmf_20","latent_dim":20,"macro_f1_mean":0.652897,"macro_f1_ci95":[0.648191,0.658554]},{"method":"pca_3","latent_dim":3,"macro_f1_mean":0.652343,"macro_f1_ci95":[0.648978,0.657028]},{"method":"nmf_8","latent_dim":8,"macro_f1_mean":0.635566,"macro_f1_ci95":[0.627765,0.642644]},{"method":"dense_ae_8","latent_dim":8,"macro_f1_mean":0.597635,"macro_f1_ci95":[0.588603,0.609062]},{"method":"cae_1d_8","latent_dim":8,"macro_f1_mean":0.589511,"macro_f1_ci95":[0.577954,0.597176]},{"method":"cae_2d_8","latent_dim":8,"macro_f1_mean":0.432245,"macro_f1_ci95":[0.412622,0.451385]},{"method":"cae_3d_8","latent_dim":8,"macro_f1_mean":0.394598,"macro_f1_ci95":[0.388868,0.399442]},{"method":"beta_vae_8","latent_dim":8,"macro_f1_mean":0.114309,