{"scene_id":"kennedy-space-center","topic_count":12,"n_classes":13,"n_documents":2686,"head":"LogisticRegression(max_iter=2000, C=1.0, l2)","split":"StratifiedKFold(n_splits=5, shuffle=True, random_state=42)","metric":"macro_f1 (primary), accuracy, balanced_accuracy","method_metrics":{"theta":{"accuracy":{"per_fold":[0.089219,0.089385,0.085661,0.085661,0.085661],"mean":0.087118,"std":0.001785,"ci95_lo":0.085661,"ci95_hi":0.088607},"balanced_accuracy":{"per_fold":[0.083916,0.083916,0.08042,0.08042,0.08042],"mean":0.081818,"std":0.001713,"ci95_lo":0.08042,"ci95_hi":0.083217},"macro_f1":{"per_fold":[0.024486,0.024373,0.01839,0.018376,0.018158],"mean":0.020757,"std":0.003,"ci95_lo":0.018292,"ci95_hi":0.023221},"latent_dim":12},"beta_vae_16":{"accuracy":{"per_fold":[0.284387,0.288641,0.303538,0.284916,0.292365],"mean":0.290769,"std":0.007002,"ci95_lo":0.285449,"ci95_hi":0.297579},"balanced_accuracy":{"per_fold":[0.267483,0.270979,0.284965,0.267483,0.274476],"mean":0.273077,"std":0.006485,"ci95_lo":0.268182,"ci95_hi":0.279371},"macro_f1":{"per_fold":[0.163095,0.17387,0.19779,0.173061,0.175537],"mean":0.176671,"std":0.011424,"ci95_lo":0.167738,"ci95_hi":0.188394},"latent_dim":16},"beta_vae_32":{"accuracy":{"per_fold":[0.284387,0.288641,0.3054,0.307263,0.299814],"mean":0.297101,"std":0.009085,"ci95_lo":0.28944,"ci95_hi":0.305028},"balanced_accuracy":{"per_fold":[0.267483,0.270979,0.286713,0.288462,0.281469],"mean":0.279021,"std":0.008392,"ci95_lo":0.271678,"ci95_hi":0.286364},"macro_f1":{"per_fold":[0.161438,0.174929,0.192875,0.195737,0.183844],"mean":0.181765,"std":0.012513,"ci95_lo":0.170424,"ci95_hi":0.192213},"latent_dim":32},"beta_vae_4":{"accuracy":{"per_fold":[0.273234,0.284916,0.273743,0.268156,0.275605],"mean":0.275131,"std":0.00548,"ci95_lo":0.270391,"ci95_hi":0.280348},"balanced_accuracy":{"per_fold":[0.256993,0.267483,0.256993,0.251748,0.258741],"mean":0.258392,"std":0.005115,"ci95_lo":0.254196,"ci95_hi":0.263295},"macro_f1":{"per_fold":[0.157614,0.176703,0.164753,0.153297,0.161067],"mean":0.162687,"std":0.007965,"ci95_lo":0.157128,"ci95_hi":0.170495},"latent_dim":4},"beta_vae_8":{"accuracy":{"per_fold":[0.204461,0.206704,0.216015,0.210428,0.188082],"mean":0.205138,"std":0.009382,"ci95_lo":0.196944,"ci95_hi":0.212663},"balanced_accuracy":{"per_fold":[0.192308,0.194056,0.202797,0.197552,0.176573],"mean":0.192657,"std":0.008804,"ci95_lo":0.183916,"ci95_hi":0.198951},"macro_f1":{"per_fold":[0.117331,0.11455,0.128058,0.118566,0.093042],"mean":0.114309,"std":0.011564,"ci95_lo":0.102757,"ci95_hi":0.123211},"latent_dim":8},"beta_vae_b16_8":{"accuracy":{"per_fold":[0.198885,0.130354,0.26257,0.294227,0.197393],"mean":0.216686,"std":0.057027,"ci95_lo":0.170876,"ci95_hi":0.262496},"balanced_accuracy":{"per_fold":[0.187063,0.122378,0.246503,0.276224,0.185315],"mean":0.203497,"std":0.053516,"ci95_lo":0.16014,"ci95_hi":0.252098},"macro_f1":{"per_fold":[0.141446,0.068508,0.179303,0.201735,0.139055],"mean":0.146009,"std":0.045364,"ci95_lo":0.104776,"ci95_hi":0.180782},"latent_dim":8},"beta_vae_b1_8":{"accuracy":{"per_fold":[0.466543,0.480447,0.465549,0.439479,0.459963],"mean":0.462396,"std":0.013297,"ci95_lo":0.449907,"ci95_hi":0.473376},"balanced_accuracy":{"per_fold":[0.44289,0.451049,0.437063,0.412587,0.432474],"mean":0.435213,"std":0.012904,"ci95_lo":0.422625,"ci95_hi":0.445461},"macro_f1":{"per_fold":[0.416103,0.418202,0.412288,0.385197,0.402251],"mean":0.406809,"std":0.012117,"ci95_lo":0.394789,"ci95_hi":0.416105},"latent_dim":8},"beta_vae_b2_8":{"accuracy":{"per_fold":[0.405204,0.439479,0.417132,0.422719,0.437616],"mean":0.42443,"std":0.012854,"ci95_lo":0.413478,"ci95_hi":0.435382},"balanced_accuracy":{"per_fold":[0.381119,0.412587,0.391608,0.396853,0.410839],"mean":0.398601,"std":0.011857,"ci95_lo":0.387413,"ci95_hi":0.4084},"macro_f1":{"per_fold":[0.347118,0.375499,0.360925,0.361947,0.372557],"mean":0.363609,"std":0.010033,"ci95_lo":0.355172,"ci95_hi":0.371612},"latent_dim":8},"beta_vae_b8_8":{"accuracy":{"per_fold":[0.169145,0.173184,0.16946,0.165736,0.171322],"mean":0.169769,"std":0.002483,"ci95_lo":0.167527,"ci95_hi":0.171695},"balanced_accuracy":{"per_fold":[0.159091,0.162587,0.159091,0.155594,0.160839],"mean":0.159441,"std":0.002319,"ci95_lo":0.157343,"ci95_hi":0.161189},"macro_f1":{"per_fold":[0.073463,0.077497,0.070912,0.069743,0.071506],"mean":0.072624,"std":0.002718,"ci95_lo":0.070563,"ci95_hi":0.075373},"latent_dim":8},"cae_1d_16":{"accuracy":{"per_fold":[0.695167,0.724395,0.705773,0.722533,0.692737],"mean":0.708121,"std":0.013285,"ci95_lo":0.696316,"ci95_hi":0.719553},"balanced_accuracy":{"per_fold":[0.667333,0.6962,0.672317,0.698989,0.665824],"mean":0.680132,"std":0.014445,"ci95_lo":0.667726,"ci95_hi":0.692111},"macro_f1":{"per_fold":[0.664922,0.697662,0.66554,0.703595,0.664655],"mean":0.679275,"std":0.017538,"ci95_lo":0.664939,"ci95_hi":0.69462},"latent_dim":16},"cae_1d_32":{"accuracy":{"per_fold":[0.72119,0.75419,0.73743,0.752328,0.713222],"mean":0.735672,"std":0.016353,"ci95_lo":0.721251,"ci95_hi":0.750093},"balanced_accuracy":{"per_fold":[0.694888,0.729916,0.706575,0.729531,0.68954],"mean":0.71009,"std":0.016952,"ci95_lo":0.695086,"ci95_hi":0.725019},"macro_f1":{"per_fold":[0.691382,0.731553,0.702475,0.733294,0.690083],"mean":0.709757,"std":0.019009,"ci95_lo":0.693081,"ci95_hi":0.726434},"latent_dim":32},"cae_1d_4":{"accuracy":{"per_fold":[0.589219,0.58473,0.588454,0.553073,0.579143],"mean":0.578924,"std":0.013408,"ci95_lo":0.565516,"ci95_hi":0.588015},"balanced_accuracy":{"per_fold":[0.554196,0.548951,0.552448,0.519231,0.543706],"mean":0.543706,"std":0.012751,"ci95_lo":0.531119,"ci95_hi":0.552098},"macro_f1":{"per_fold":[0.507978,0.498297,0.507833,0.47138,0.48966],"mean":0.495029,"std":0.013641,"ci95_lo":0.482355,"ci95_hi":0.506013},"latent_dim":4},"cae_1d_8":{"accuracy":{"per_fold":[0.654275,0.649907,0.636872,0.646182,0.651769],"mean":0.647801,"std":0.006069,"ci95_lo":0.642214,"ci95_hi":0.652158},"balanced_accuracy":{"per_fold":[0.618881,0.613418,0.597902,0.610577,0.615822],"mean":0.61132,"std":0.007245,"ci95_lo":0.604106,"ci95_hi":0.616565},"macro_f1":{"per_fold":[0.599868,0.595382,0.566923,0.591763,0.59362],"mean":0.589511,"std":0.01161,"ci95_lo":0.577583,"ci95_hi":0.59735},"latent_dim":8},"cae_2d_16":{"accuracy":{"per_fold":[0.540892,0.519553,0.564246,0.506518,0.519553],"mean":0.530152,"std":0.020303,"ci95_lo":0.514339,"ci95_hi":0.550637},"balanced_accuracy":{"per_fold":[0.511072,0.491696,0.531031,0.480114,0.491696],"mean":0.501122,"std":0.017959,"ci95_lo":0.487063,"ci95_hi":0.519172},"macro_f1":{"per_fold":[0.486399,0.468135,0.509498,0.458771,0.462911],"mean":0.477143,"std":0.018729,"ci95_lo":0.4623,"ci95_hi":0.495561},"latent_dim":16},"cae_2d_32":{"accuracy":{"per_fold":[0.643123,0.623836,0.692737,0.646182,0.640596],"mean":0.649295,"std":0.02306,"ci95_lo":0.631657,"ci95_hi":0.672998},"balanced_accuracy":{"per_fold":[0.630786,0.60759,0.673431,0.633606,0.628413],"mean":0.634765,"std":0.021406,"ci95_lo":0.617433,"ci95_hi":0.655898},"macro_f1":{"per_fold":[0.625874,0.610192,0.669187,0.643424,0.637212],"mean":0.637178,"std":0.019594,"ci95_lo":0.619975,"ci95_hi":0.655372},"latent_dim":32},"cae_2d_4":{"accuracy":{"per_fold":[0.486989,0.459963,0.502793,0.480447,0.469274],"mean":0.479893,"std":0.014731,"ci95_lo":0.467784,"ci95_hi":0.492928},"balanced_accuracy":{"per_fold":[0.458042,0.431818,0.472028,0.451049,0.440559],"mean":0.450699,"std":0.013916,"ci95_lo":0.438811,"ci95_hi":0.462937},"macro_f1":{"per_fold":[0.42743,0.396955,0.452291,0.418335,0.409761],"mean":0.420954,"std":0.018612,"ci95_lo":0.405611,"ci95_hi":0.438813},"latent_dim":4},"cae_2d_8":{"accuracy":{"per_fold":[0.494424,0.459963,0.519553,0.495345,0.486034],"mean":0.491064,"std":0.019151,"ci95_lo":0.473747,"ci95_hi":0.508007},"balanced_accuracy":{"per_fold":[0.465035,0.431818,0.487762,0.465691,0.45826],"mean":0.461713,"std":0.01795,"ci95_lo":0.445364,"ci95_hi":0.477316},"macro_f1":{"per_fold":[0.43534,0.397864,0.463871,0.434179,0.429972],"mean":0.432245,"std":0.02098,