{"scene_id":"pavia-university","topic_count":9,"n_classes":9,"n_documents":1980,"head":"LogisticRegression(max_iter=2000, C=1.0, l2)","split":"StratifiedKFold(n_splits=5, shuffle=True, random_state=42)","metric":"macro_f1 (primary), accuracy, balanced_accuracy","method_metrics":{"theta":{"accuracy":{"per_fold":[0.575758,0.550505,0.606061,0.568182,0.583333],"mean":0.576768,"std":0.018252,"ci95_lo":0.562121,"ci95_hi":0.593939},"balanced_accuracy":{"per_fold":[0.575758,0.550505,0.606061,0.568182,0.583333],"mean":0.576768,"std":0.018252,"ci95_lo":0.562121,"ci95_hi":0.593939},"macro_f1":{"per_fold":[0.559178,0.540935,0.584332,0.553008,0.577039],"mean":0.562898,"std":0.015833,"ci95_lo":0.549413,"ci95_hi":0.576609},"latent_dim":9},"beta_vae_16":{"accuracy":{"per_fold":[0.618687,0.59596,0.60101,0.633838,0.608586],"mean":0.611616,"std":0.013495,"ci95_lo":0.600505,"ci95_hi":0.624242},"balanced_accuracy":{"per_fold":[0.618687,0.59596,0.60101,0.633838,0.608586],"mean":0.611616,"std":0.013495,"ci95_lo":0.600505,"ci95_hi":0.624242},"macro_f1":{"per_fold":[0.597517,0.57841,0.577175,0.611825,0.579782],"mean":0.588942,"std":0.013641,"ci95_lo":0.578217,"ci95_hi":0.60228},"latent_dim":16},"beta_vae_32":{"accuracy":{"per_fold":[0.621212,0.608586,0.606061,0.631313,0.603535],"mean":0.614141,"std":0.010522,"ci95_lo":0.605556,"ci95_hi":0.623737},"balanced_accuracy":{"per_fold":[0.621212,0.608586,0.606061,0.631313,0.603535],"mean":0.614141,"std":0.010522,"ci95_lo":0.605556,"ci95_hi":0.624747},"macro_f1":{"per_fold":[0.596609,0.589647,0.579288,0.605764,0.569682],"mean":0.588198,"std":0.012678,"ci95_lo":0.576989,"ci95_hi":0.598879},"latent_dim":32},"beta_vae_4":{"accuracy":{"per_fold":[0.65404,0.631313,0.633838,0.651515,0.636364],"mean":0.641414,"std":0.009449,"ci95_lo":0.633333,"ci95_hi":0.649495},"balanced_accuracy":{"per_fold":[0.65404,0.631313,0.633838,0.651515,0.636364],"mean":0.641414,"std":0.009449,"ci95_lo":0.633333,"ci95_hi":0.649495},"macro_f1":{"per_fold":[0.640709,0.620618,0.618534,0.636011,0.616429],"mean":0.62646,"std":0.009918,"ci95_lo":0.618109,"ci95_hi":0.634913},"latent_dim":4},"beta_vae_8":{"accuracy":{"per_fold":[0.633838,0.580808,0.60101,0.626263,0.578283],"mean":0.60404,"std":0.022778,"ci95_lo":0.583838,"ci95_hi":0.624242},"balanced_accuracy":{"per_fold":[0.633838,0.580808,0.60101,0.626263,0.578283],"mean":0.60404,"std":0.022778,"ci95_lo":0.583838,"ci95_hi":0.62274},"macro_f1":{"per_fold":[0.60826,0.561582,0.575693,0.601818,0.543295],"mean":0.57813,"std":0.02434,"ci95_lo":0.557089,"ci95_hi":0.598924},"latent_dim":8},"cae_1d_16":{"accuracy":{"per_fold":[0.787879,0.757576,0.762626,0.767677,0.79798],"mean":0.774747,"std":0.015517,"ci95_lo":0.761616,"ci95_hi":0.788889},"balanced_accuracy":{"per_fold":[0.787879,0.757576,0.762626,0.767677,0.79798],"mean":0.774747,"std":0.015517,"ci95_lo":0.761616,"ci95_hi":0.789899},"macro_f1":{"per_fold":[0.786879,0.754764,0.758421,0.764995,0.792162],"mean":0.771444,"std":0.015211,"ci95_lo":0.759004,"ci95_hi":0.784615},"latent_dim":16},"cae_1d_32":{"accuracy":{"per_fold":[0.800505,0.775253,0.795455,0.795455,0.808081],"mean":0.794949,"std":0.010879,"ci95_lo":0.783333,"ci95_hi":0.80303},"balanced_accuracy":{"per_fold":[0.800505,0.775253,0.795455,0.795455,0.808081],"mean":0.794949,"std":0.010879,"ci95_lo":0.784343,"ci95_hi":0.80303},"macro_f1":{"per_fold":[0.799642,0.77401,0.792649,0.794284,0.803486],"mean":0.792814,"std":0.010162,"ci95_lo":0.782864,"ci95_hi":0.80055},"latent_dim":32},"cae_1d_4":{"accuracy":{"per_fold":[0.739899,0.70202,0.717172,0.724747,0.699495],"mean":0.716667,"std":0.014931,"ci95_lo":0.70404,"ci95_hi":0.729293},"balanced_accuracy":{"per_fold":[0.739899,0.70202,0.717172,0.724747,0.699495],"mean":0.716667,"std":0.014931,"ci95_lo":0.704545,"ci95_hi":0.730833},"macro_f1":{"per_fold":[0.736372,0.696167,0.710155,0.714542,0.69573],"mean":0.710593,"std":0.014895,"ci95_lo":0.69879,"ci95_hi":0.723965},"latent_dim":4},"cae_1d_8":{"accuracy":{"per_fold":[0.755051,0.755051,0.747475,0.755051,0.75],"mean":0.752525,"std":0.003194,"ci95_lo":0.749495,"ci95_hi":0.755051},"balanced_accuracy":{"per_fold":[0.755051,0.755051,0.747475,0.755051,0.75],"mean":0.752525,"std":0.003194,"ci95_lo":0.749495,"ci95_hi":0.755051},"macro_f1":{"per_fold":[0.754001,0.750576,0.741708,0.752644,0.744015],"mean":0.748589,"std":0.004857,"ci95_lo":0.744404,"ci95_hi":0.752773},"latent_dim":8},"cae_2d_8":{"accuracy":{"per_fold":[0.785354,0.739899,0.737374,0.775253,0.757576],"mean":0.759091,"std":0.018938,"ci95_lo":0.741919,"ci95_hi":0.77577},"balanced_accuracy":{"per_fold":[0.785354,0.739899,0.737374,0.775253,0.757576],"mean":0.759091,"std":0.018938,"ci95_lo":0.742929,"ci95_hi":0.774242},"macro_f1":{"per_fold":[0.784443,0.734136,0.728289,0.770609,0.754582],"mean":0.754412,"std":0.02125,"ci95_lo":0.735887,"ci95_hi":0.771615},"latent_dim":8},"cae_3d_8":{"accuracy":{"per_fold":[0.709596,0.699495,0.686869,0.732323,0.722222],"mean":0.710101,"std":0.016083,"ci95_lo":0.696465,"ci95_hi":0.723737},"balanced_accuracy":{"per_fold":[0.709596,0.699495,0.686869,0.732323,0.722222],"mean":0.710101,"std":0.016083,"ci95_lo":0.696465,"ci95_hi":0.723737},"macro_f1":{"per_fold":[0.702631,0.69022,0.67641,0.72395,0.719189],"mean":0.70248,"std":0.017721,"ci95_lo":0.685918,"ci95_hi":0.717805},"latent_dim":8},"dense_ae_8":{"accuracy":{"per_fold":[0.742424,0.722222,0.729798,0.727273,0.719697],"mean":0.728283,"std":0.007921,"ci95_lo":0.722222,"ci95_hi":0.735859},"balanced_accuracy":{"per_fold":[0.742424,0.722222,0.729798,0.727273,0.719697],"mean":0.728283,"std":0.007921,"ci95_lo":0.722727,"ci95_hi":0.735354},"macro_f1":{"per_fold":[0.741412,0.716606,0.72588,0.724967,0.714568],"mean":0.724686,"std":0.009475,"ci95_lo":0.717463,"ci95_hi":0.733344},"latent_dim":8},"ica_10":{"accuracy":{"per_fold":[0.80303,0.782828,0.787879,0.808081,0.790404],"mean":0.794444,"std":0.009529,"ci95_lo":0.786364,"ci95_hi":0.802525},"balanced_accuracy":{"per_fold":[0.80303,0.782828,0.787879,0.808081,0.790404],"mean":0.794444,"std":0.009529,"ci95_lo":0.786856,"ci95_hi":0.80303},"macro_f1":{"per_fold":[0.802094,0.778466,0.785718,0.805618,0.788212],"mean":0.792022,"std":0.01024,"ci95_lo":0.783316,"ci95_hi":0.801432},"latent_dim":10},"nmf_20":{"accuracy":{"per_fold":[0.752525,0.69697,0.742424,0.727273,0.742424],"mean":0.732323,"std":0.01943,"ci95_lo":0.712121,"ci95_hi":0.746465},"balanced_accuracy":{"per_fold":[0.752525,0.69697,0.742424,0.727273,0.742424],"mean":0.732323,"std":0.01943,"ci95_lo":0.714141,"ci95_hi":0.746465},"macro_f1":{"per_fold":[0.740509,0.684278,0.730179,0.710755,0.731827],"mean":0.71951,"std":0.020122,"ci95_lo":0.699083,"ci95_hi":0.734649},"latent_dim":20},"nmf_8":{"accuracy":{"per_fold":[0.732323,0.704545,0.70202,0.709596,0.704545],"mean":0.710606,"std":0.011134,"ci95_lo":0.703535,"ci95_hi":0.722222},"balanced_accuracy":{"per_fold":[0.732323,0.704545,0.70202,0.709596,0.704545],"mean":0.710606,"std":0.011134,"ci95_lo":0.703535,"ci95_hi":0.722222},"macro_f1":{"per_fold":[0.718538,0.682914,0.676069,0.687469,0.682414],"mean":0.689481,"std":0.014975,"ci95_lo":0.679718,"ci95_hi":0.704288},"latent_dim":8},"pca_10":{"accuracy":{"per_fold":[0.813131,0.762626,0.785354,0.792929,0.805556],"mean":0.791919,"std":0.017539,"ci95_lo":0.774747,"ci95_hi":0.806061},"balanced_accuracy":{"per_fold":[0.813131,0.762626,0.785354,0.792929,0.805556],"mean":0.791919,"std":0.017539,"ci95_lo":0.777273,"ci95_hi":0.806061},"macro_f1":{"per_fold":[0.813107,0.759713,0.782396,0.792573,0.800706],"mean":0.789699,"std":0.018055,"ci95_lo":0.773311,"ci95_hi":0.80404},"latent_dim":10},"pca_3":{"accuracy":{"per_fold":[0.734848,0.709596,0.737374,0.742424,0.707071],"mean":0.726263,"std":0.014863,"ci95_lo":0.713636,"ci95_hi":0.738889},"balanced_accuracy":{"per_fold":[0.734848,0.709596,0.737374,0.742424,0.707071],"mean":0.726263,"std":0.014863,"ci95_lo":0.713636,"ci95_hi":0.738889},"macro_f1":{"per_fold":[0.732974,0.706302,0.734042,0.740078,0.703849],"mean":0.723449,"std":0.015216,"ci95_lo":0.710655,"ci95_hi":0.736456},"latent_dim":3},