{"scene_id":"pavia-university","topic_count":9,"n_classes":9,"n_documents":1980,"head":"LogisticRegression(max_iter=2000, C=1.0, l2)","split":"StratifiedKFold(n_splits=5, shuffle=True, random_state=42)","metric":"macro_f1 (primary), accuracy, balanced_accuracy","method_metrics":{"theta":{"accuracy":{"per_fold":[0.575758,0.550505,0.606061,0.568182,0.583333],"mean":0.576768,"std":0.018252,"ci95_lo":0.562121,"ci95_hi":0.593939},"balanced_accuracy":{"per_fold":[0.575758,0.550505,0.606061,0.568182,0.583333],"mean":0.576768,"std":0.018252,"ci95_lo":0.562121,"ci95_hi":0.593939},"macro_f1":{"per_fold":[0.559178,0.540935,0.584332,0.553008,0.577039],"mean":0.562898,"std":0.015833,"ci95_lo":0.549413,"ci95_hi":0.576609},"latent_dim":9},"beta_vae_8":{"accuracy":{"per_fold":[0.633838,0.580808,0.60101,0.626263,0.578283],"mean":0.60404,"std":0.022778,"ci95_lo":0.583838,"ci95_hi":0.622727},"balanced_accuracy":{"per_fold":[0.633838,0.580808,0.60101,0.626263,0.578283],"mean":0.60404,"std":0.022778,"ci95_lo":0.583838,"ci95_hi":0.623258},"macro_f1":{"per_fold":[0.60826,0.561582,0.575693,0.601818,0.543295],"mean":0.57813,"std":0.02434,"ci95_lo":0.556254,"ci95_hi":0.59917},"latent_dim":8},"cae_1d_8":{"accuracy":{"per_fold":[0.755051,0.755051,0.747475,0.755051,0.75],"mean":0.752525,"std":0.003194,"ci95_lo":0.749495,"ci95_hi":0.755051},"balanced_accuracy":{"per_fold":[0.755051,0.755051,0.747475,0.755051,0.75],"mean":0.752525,"std":0.003194,"ci95_lo":0.749495,"ci95_hi":0.755051},"macro_f1":{"per_fold":[0.754001,0.750576,0.741708,0.752644,0.744015],"mean":0.748589,"std":0.004857,"ci95_lo":0.744357,"ci95_hi":0.752635},"latent_dim":8},"cae_2d_8":{"accuracy":{"per_fold":[0.785354,0.739899,0.737374,0.775253,0.757576],"mean":0.759091,"std":0.018938,"ci95_lo":0.742424,"ci95_hi":0.775265},"balanced_accuracy":{"per_fold":[0.785354,0.739899,0.737374,0.775253,0.757576],"mean":0.759091,"std":0.018938,"ci95_lo":0.742424,"ci95_hi":0.775758},"macro_f1":{"per_fold":[0.784443,0.734136,0.728289,0.770609,0.754582],"mean":0.754412,"std":0.02125,"ci95_lo":0.735887,"ci95_hi":0.770609},"latent_dim":8},"cae_3d_8":{"accuracy":{"per_fold":[0.709596,0.699495,0.686869,0.732323,0.722222],"mean":0.710101,"std":0.016083,"ci95_lo":0.69596,"ci95_hi":0.72428},"balanced_accuracy":{"per_fold":[0.709596,0.699495,0.686869,0.732323,0.722222],"mean":0.710101,"std":0.016083,"ci95_lo":0.696465,"ci95_hi":0.723737},"macro_f1":{"per_fold":[0.702631,0.69022,0.67641,0.72395,0.719189],"mean":0.70248,"std":0.017721,"ci95_lo":0.686898,"ci95_hi":0.717782},"latent_dim":8},"dense_ae_8":{"accuracy":{"per_fold":[0.742424,0.722222,0.729798,0.727273,0.719697],"mean":0.728283,"std":0.007921,"ci95_lo":0.722222,"ci95_hi":0.735354},"balanced_accuracy":{"per_fold":[0.742424,0.722222,0.729798,0.727273,0.719697],"mean":0.728283,"std":0.007921,"ci95_lo":0.722222,"ci95_hi":0.735354},"macro_f1":{"per_fold":[0.741412,0.716606,0.72588,0.724967,0.714568],"mean":0.724686,"std":0.009475,"ci95_lo":0.717463,"ci95_hi":0.733381},"latent_dim":8},"ica_10":{"accuracy":{"per_fold":[0.80303,0.782828,0.787879,0.808081,0.790404],"mean":0.794444,"std":0.009529,"ci95_lo":0.786364,"ci95_hi":0.803535},"balanced_accuracy":{"per_fold":[0.80303,0.782828,0.787879,0.808081,0.790404],"mean":0.794444,"std":0.009529,"ci95_lo":0.786364,"ci95_hi":0.80303},"macro_f1":{"per_fold":[0.802094,0.778466,0.785718,0.805618,0.788212],"mean":0.792022,"std":0.01024,"ci95_lo":0.783316,"ci95_hi":0.801432},"latent_dim":10},"nmf_20":{"accuracy":{"per_fold":[0.752525,0.69697,0.742424,0.727273,0.742424],"mean":0.732323,"std":0.01943,"ci95_lo":0.714141,"ci95_hi":0.746465},"balanced_accuracy":{"per_fold":[0.752525,0.69697,0.742424,0.727273,0.742424],"mean":0.732323,"std":0.01943,"ci95_lo":0.712121,"ci95_hi":0.747475},"macro_f1":{"per_fold":[0.740509,0.684278,0.730179,0.710755,0.731827],"mean":0.71951,"std":0.020122,"ci95_lo":0.699083,"ci95_hi":0.73497},"latent_dim":20},"nmf_8":{"accuracy":{"per_fold":[0.732323,0.704545,0.70202,0.709596,0.704545],"mean":0.710606,"std":0.011134,"ci95_lo":0.703535,"ci95_hi":0.72173},"balanced_accuracy":{"per_fold":[0.732323,0.704545,0.70202,0.709596,0.704545],"mean":0.710606,"std":0.011134,"ci95_lo":0.703535,"ci95_hi":0.72173},"macro_f1":{"per_fold":[0.718538,0.682914,0.676069,0.687469,0.682414],"mean":0.689481,"std":0.014975,"ci95_lo":0.679718,"ci95_hi":0.704088},"latent_dim":8},"pca_10":{"accuracy":{"per_fold":[0.813131,0.762626,0.785354,0.792929,0.805556],"mean":0.791919,"std":0.017539,"ci95_lo":0.776263,"ci95_hi":0.806061},"balanced_accuracy":{"per_fold":[0.813131,0.762626,0.785354,0.792929,0.805556],"mean":0.791919,"std":0.017539,"ci95_lo":0.777273,"ci95_hi":0.806061},"macro_f1":{"per_fold":[0.813107,0.759713,0.782396,0.792573,0.800706],"mean":0.789699,"std":0.018055,"ci95_lo":0.773311,"ci95_hi":0.80404},"latent_dim":10},"pca_3":{"accuracy":{"per_fold":[0.734848,0.709596,0.737374,0.742424,0.707071],"mean":0.726263,"std":0.014863,"ci95_lo":0.713636,"ci95_hi":0.738889},"balanced_accuracy":{"per_fold":[0.734848,0.709596,0.737374,0.742424,0.707071],"mean":0.726263,"std":0.014863,"ci95_lo":0.713636,"ci95_hi":0.738396},"macro_f1":{"per_fold":[0.732974,0.706302,0.734042,0.740078,0.703849],"mean":0.723449,"std":0.015216,"ci95_lo":0.710655,"ci95_hi":0.736243},"latent_dim":3},"pca_30":{"accuracy":{"per_fold":[0.820707,0.79798,0.808081,0.830808,0.820707],"mean":0.815657,"std":0.011406,"ci95_lo":0.806023,"ci95_hi":0.824747},"balanced_accuracy":{"per_fold":[0.820707,0.79798,0.808081,0.830808,0.820707],"mean":0.815657,"std":0.011406,"ci95_lo":0.806566,"ci95_hi":0.824785},"macro_f1":{"per_fold":[0.819999,0.796705,0.80644,0.829952,0.816525],"mean":0.813925,"std":0.011429,"ci95_lo":0.804563,"ci95_hi":0.823286},"latent_dim":30}},"pairwise_vs_theta_holm":[{"method":"beta_vae_8","vs":"theta","W":0.0,"p_raw":1.0,"p_holm":1.0,"cliff_delta_theta_minus_method":-0.36},{"method":"cae_1d_8","vs":"theta","W":0.0,"p_raw":1.0,"p_holm":1.0,"cliff_delta_theta_minus_method":-1.0},{"method":"cae_2d_8","vs":"theta","W":0.0,"p_raw":1.0,"p_holm":1.0,"cliff_delta_theta_minus_method":-1.0},{"method":"cae_3d_8","vs":"theta","W":0.0,"p_raw":1.0,"p_holm":1.0,"cliff_delta_theta_minus_method":-1.0},{"method":"dense_ae_8","vs":"theta","W":0.0,"p_raw":1.0,"p_holm":1.0,"cliff_delta_theta_minus_method":-1.0},{"method":"ica_10","vs":"theta","W":0.0,"p_raw":1.0,"p_holm":1.0,"cliff_delta_theta_minus_method":-1.0},{"method":"nmf_20","vs":"theta","W":0.0,"p_raw":1.0,"p_holm":1.0,"cliff_delta_theta_minus_method":-1.0},{"method":"nmf_8","vs":"theta","W":0.0,"p_raw":1.0,"p_holm":1.0,"cliff_delta_theta_minus_method":-1.0},{"method":"pca_10","vs":"theta","W":0.0,"p_raw":1.0,"p_holm":1.0,"cliff_delta_theta_minus_method":-1.0},{"method":"pca_3","vs":"theta","W":0.0,"p_raw":1.0,"p_holm":1.0,"cliff_delta_theta_minus_method":-1.0},{"method":"pca_30","vs":"theta","W":0.0,"p_raw":1.0,"p_holm":1.0,"cliff_delta_theta_minus_method":-1.0}],"ranking_by_macro_f1_mean":[{"method":"pca_30","latent_dim":30,"macro_f1_mean":0.813925,"macro_f1_ci95":[0.804563,0.823286]},{"method":"ica_10","latent_dim":10,"macro_f1_mean":0.792022,"macro_f1_ci95":[0.783316,0.801432]},{"method":"pca_10","latent_dim":10,"macro_f1_mean":0.789699,"macro_f1_ci95":[0.773311,0.80404]},{"method":"cae_2d_8","latent_dim":8,"macro_f1_mean":0.754412,"macro_f1_ci95":[0.735887,0.770609]},{"method":"cae_1d_8","latent_dim":8,"macro_f1_mean":0.748589,"macro_f1_ci95":[0.744357,0.752635]},{"method":"dense_ae_8","latent_dim":8,"macro_f1_mean":0.724686,"macro_f1_ci95":[0.717463,0.733381]},{"method":"pca_3","latent_dim":3,"macro_f1_mean":0.723449,"macro_f1_ci95":[0.710655,0.736243]},{"method":"nmf_20","latent_dim":20,"macro_f1_mean":0.71951,"macro_f1_ci95":[0.699083,0.73497]},{"method":"cae_3d_8","latent_dim":8,"macro_f1_mean":0.70248,"macro_f1_ci95":[0.686898,0.717782]},{"method":"nmf_8","latent_dim":8,"macro_f1_mean":0.689481,"macro_f1_ci95":[0.679718,0.704088]},{"method":"beta_vae_8","latent_dim":8,"macro_f1_mean":0.57813,