{"scene_id":"pavia-university","topic_count":9,"n_classes":9,"n_documents":1980,"head":"LogisticRegression(max_iter=2000, C=1.0, l2)","split":"StratifiedKFold(n_splits=5, shuffle=True, random_state=42)","metric":"macro_f1 (primary), accuracy, balanced_accuracy","method_metrics":{"theta":{"accuracy":{"per_fold":[0.575758,0.550505,0.606061,0.568182,0.583333],"mean":0.576768,"std":0.018252,"ci95_lo":0.562121,"ci95_hi":0.593939},"balanced_accuracy":{"per_fold":[0.575758,0.550505,0.606061,0.568182,0.583333],"mean":0.576768,"std":0.018252,"ci95_lo":0.562121,"ci95_hi":0.593939},"macro_f1":{"per_fold":[0.559178,0.540935,0.584332,0.553008,0.577039],"mean":0.562898,"std":0.015833,"ci95_lo":0.549413,"ci95_hi":0.576609},"latent_dim":9},"beta_vae_16":{"accuracy":{"per_fold":[0.618687,0.59596,0.60101,0.633838,0.608586],"mean":0.611616,"std":0.013495,"ci95_lo":0.600505,"ci95_hi":0.624242},"balanced_accuracy":{"per_fold":[0.618687,0.59596,0.60101,0.633838,0.608586],"mean":0.611616,"std":0.013495,"ci95_lo":0.600505,"ci95_hi":0.624242},"macro_f1":{"per_fold":[0.597517,0.57841,0.577175,0.611825,0.579782],"mean":0.588942,"std":0.013641,"ci95_lo":0.578217,"ci95_hi":0.60228},"latent_dim":16},"beta_vae_32":{"accuracy":{"per_fold":[0.621212,0.608586,0.606061,0.631313,0.603535],"mean":0.614141,"std":0.010522,"ci95_lo":0.605556,"ci95_hi":0.623737},"balanced_accuracy":{"per_fold":[0.621212,0.608586,0.606061,0.631313,0.603535],"mean":0.614141,"std":0.010522,"ci95_lo":0.605556,"ci95_hi":0.624747},"macro_f1":{"per_fold":[0.596609,0.589647,0.579288,0.605764,0.569682],"mean":0.588198,"std":0.012678,"ci95_lo":0.576989,"ci95_hi":0.598879},"latent_dim":32},"beta_vae_4":{"accuracy":{"per_fold":[0.65404,0.631313,0.633838,0.651515,0.636364],"mean":0.641414,"std":0.009449,"ci95_lo":0.633333,"ci95_hi":0.649495},"balanced_accuracy":{"per_fold":[0.65404,0.631313,0.633838,0.651515,0.636364],"mean":0.641414,"std":0.009449,"ci95_lo":0.633333,"ci95_hi":0.649495},"macro_f1":{"per_fold":[0.640709,0.620618,0.618534,0.636011,0.616429],"mean":0.62646,"std":0.009918,"ci95_lo":0.618109,"ci95_hi":0.634913},"latent_dim":4},"beta_vae_8":{"accuracy":{"per_fold":[0.633838,0.580808,0.60101,0.626263,0.578283],"mean":0.60404,"std":0.022778,"ci95_lo":0.583838,"ci95_hi":0.624242},"balanced_accuracy":{"per_fold":[0.633838,0.580808,0.60101,0.626263,0.578283],"mean":0.60404,"std":0.022778,"ci95_lo":0.583838,"ci95_hi":0.62274},"macro_f1":{"per_fold":[0.60826,0.561582,0.575693,0.601818,0.543295],"mean":0.57813,"std":0.02434,"ci95_lo":0.557089,"ci95_hi":0.598924},"latent_dim":8},"beta_vae_b16_8":{"accuracy":{"per_fold":[0.222222,0.224747,0.224747,0.224747,0.224747],"mean":0.224242,"std":0.00101,"ci95_lo":0.223232,"ci95_hi":0.224747},"balanced_accuracy":{"per_fold":[0.222222,0.224747,0.224747,0.224747,0.224747],"mean":0.224242,"std":0.00101,"ci95_lo":0.223232,"ci95_hi":0.224747},"macro_f1":{"per_fold":[0.083807,0.09665,0.087981,0.091689,0.088211],"mean":0.089668,"std":0.004293,"ci95_lo":0.086218,"ci95_hi":0.093275},"latent_dim":8},"beta_vae_b1_8":{"accuracy":{"per_fold":[0.689394,0.661616,0.689394,0.689394,0.671717],"mean":0.680303,"std":0.011583,"ci95_lo":0.669192,"ci95_hi":0.689394},"balanced_accuracy":{"per_fold":[0.689394,0.661616,0.689394,0.689394,0.671717],"mean":0.680303,"std":0.011583,"ci95_lo":0.669697,"ci95_hi":0.689394},"macro_f1":{"per_fold":[0.681499,0.65246,0.678237,0.683649,0.656562],"mean":0.670481,"std":0.013217,"ci95_lo":0.659088,"ci95_hi":0.681712},"latent_dim":8},"beta_vae_b2_8":{"accuracy":{"per_fold":[0.659091,0.641414,0.643939,0.656566,0.661616],"mean":0.652525,"std":0.008237,"ci95_lo":0.645455,"ci95_hi":0.659596},"balanced_accuracy":{"per_fold":[0.659091,0.641414,0.643939,0.656566,0.661616],"mean":0.652525,"std":0.008237,"ci95_lo":0.645455,"ci95_hi":0.659596},"macro_f1":{"per_fold":[0.646574,0.628131,0.630009,0.642134,0.643191],"mean":0.638008,"std":0.007467,"ci95_lo":0.631683,"ci95_hi":0.644333},"latent_dim":8},"beta_vae_b8_8":{"accuracy":{"per_fold":[0.621212,0.590909,0.608586,0.59596,0.606061],"mean":0.604545,"std":0.010546,"ci95_lo":0.59596,"ci95_hi":0.613636},"balanced_accuracy":{"per_fold":[0.621212,0.590909,0.608586,0.59596,0.606061],"mean":0.604545,"std":0.010546,"ci95_lo":0.595455,"ci95_hi":0.613636},"macro_f1":{"per_fold":[0.602112,0.576038,0.582156,0.567248,0.583297],"mean":0.58217,"std":0.011483,"ci95_lo":0.572215,"ci95_hi":0.593134},"latent_dim":8},"cae_1d_16":{"accuracy":{"per_fold":[0.787879,0.757576,0.762626,0.767677,0.79798],"mean":0.774747,"std":0.015517,"ci95_lo":0.761616,"ci95_hi":0.789899},"balanced_accuracy":{"per_fold":[0.787879,0.757576,0.762626,0.767677,0.79798],"mean":0.774747,"std":0.015517,"ci95_lo":0.762626,"ci95_hi":0.787904},"macro_f1":{"per_fold":[0.786879,0.754764,0.758421,0.764995,0.792162],"mean":0.771444,"std":0.015211,"ci95_lo":0.758842,"ci95_hi":0.784615},"latent_dim":16},"cae_1d_32":{"accuracy":{"per_fold":[0.800505,0.775253,0.795455,0.795455,0.808081],"mean":0.794949,"std":0.010879,"ci95_lo":0.784343,"ci95_hi":0.80303},"balanced_accuracy":{"per_fold":[0.800505,0.775253,0.795455,0.795455,0.808081],"mean":0.794949,"std":0.010879,"ci95_lo":0.784343,"ci95_hi":0.80303},"macro_f1":{"per_fold":[0.799642,0.77401,0.792649,0.794284,0.803486],"mean":0.792814,"std":0.010162,"ci95_lo":0.782864,"ci95_hi":0.80055},"latent_dim":32},"cae_1d_4":{"accuracy":{"per_fold":[0.739899,0.70202,0.717172,0.724747,0.699495],"mean":0.716667,"std":0.014931,"ci95_lo":0.704545,"ci95_hi":0.729293},"balanced_accuracy":{"per_fold":[0.739899,0.70202,0.717172,0.724747,0.699495],"mean":0.716667,"std":0.014931,"ci95_lo":0.705038,"ci95_hi":0.729293},"macro_f1":{"per_fold":[0.736372,0.696167,0.710155,0.714542,0.69573],"mean":0.710593,"std":0.014895,"ci95_lo":0.698877,"ci95_hi":0.723274},"latent_dim":4},"cae_1d_8":{"accuracy":{"per_fold":[0.755051,0.755051,0.747475,0.755051,0.75],"mean":0.752525,"std":0.003194,"ci95_lo":0.749495,"ci95_hi":0.755051},"balanced_accuracy":{"per_fold":[0.755051,0.755051,0.747475,0.755051,0.75],"mean":0.752525,"std":0.003194,"ci95_lo":0.749495,"ci95_hi":0.755051},"macro_f1":{"per_fold":[0.754001,0.750576,0.741708,0.752644,0.744015],"mean":0.748589,"std":0.004857,"ci95_lo":0.744161,"ci95_hi":0.752773},"latent_dim":8},"cae_2d_16":{"accuracy":{"per_fold":[0.813131,0.742424,0.762626,0.800505,0.755051],"mean":0.774747,"std":0.027263,"ci95_lo":0.75149,"ci95_hi":0.79899},"balanced_accuracy":{"per_fold":[0.813131,0.742424,0.762626,0.800505,0.755051],"mean":0.774747,"std":0.027263,"ci95_lo":0.751515,"ci95_hi":0.796465},"macro_f1":{"per_fold":[0.811554,0.736603,0.755621,0.794702,0.753041],"mean":0.770304,"std":0.028094,"ci95_lo":0.746466,"ci95_hi":0.793698},"latent_dim":16},"cae_2d_32":{"accuracy":{"per_fold":[0.848485,0.79798,0.820707,0.830808,0.833333],"mean":0.826263,"std":0.016705,"ci95_lo":0.811111,"ci95_hi":0.839899},"balanced_accuracy":{"per_fold":[0.848485,0.79798,0.820707,0.830808,0.833333],"mean":0.826263,"std":0.016705,"ci95_lo":0.811604,"ci95_hi":0.839899},"macro_f1":{"per_fold":[0.849276,0.795668,0.816396,0.827836,0.830812],"mean":0.823998,"std":0.017666,"ci95_lo":0.809131,"ci95_hi":0.839007},"latent_dim":32},"cae_2d_4":{"accuracy":{"per_fold":[0.767677,0.70202,0.704545,0.747475,0.70202],"mean":0.724747,"std":0.02757,"ci95_lo":0.702525,"ci95_hi":0.75101},"balanced_accuracy":{"per_fold":[0.767677,0.70202,0.704545,0.747475,0.70202],"mean":0.724747,"std":0.02757,"ci95_lo":0.702525,"ci95_hi":0.750505},"macro_f1":{"per_fold":[0.764165,0.688786,0.691213,0.738046,0.691727],"mean":0.714788,"std":0.030798,"ci95_lo":0.690345,"ci95_hi":0.744351},"latent_dim":4},"cae_2d_8":{"accuracy":{"per_fold":[0.785354,0.739899,0.737374,0.775253,0.757576],"mean":0.759091,"std":0.018938,"ci95_lo":0.742424,"ci95_hi":0.775758},"balanced_accuracy":{"per_fold":[0.785354,0.739899,0.737374,0.775253,0.757576],"mean":0.759091,"std":0.018938,"ci95_lo":0.742929,"ci95_hi":0.775758},"macro_f1":{"per_fold":[0.784443,0.734136,0.728289,0.770609,0.754582],"mean":0.754412,"std":0.02125,"ci95_lo":0.737049,