{"scene_id":"salinas-corrected","topic_count":12,"n_classes":16,"n_documents":3520,"head":"LogisticRegression(max_iter=2000, C=1.0, l2)","split":"StratifiedKFold(n_splits=5, shuffle=True, random_state=42)","metric":"macro_f1 (primary), accuracy, balanced_accuracy","method_metrics":{"theta":{"accuracy":{"per_fold":[0.794034,0.801136,0.795455,0.801136,0.802557],"mean":0.798864,"std":0.003433,"ci95_lo":0.795739,"ci95_hi":0.801705},"balanced_accuracy":{"per_fold":[0.794034,0.801136,0.795455,0.801136,0.802557],"mean":0.798864,"std":0.003433,"ci95_lo":0.796023,"ci95_hi":0.801705},"macro_f1":{"per_fold":[0.770165,0.774936,0.770429,0.776737,0.777276],"mean":0.773908,"std":0.00305,"ci95_lo":0.771225,"ci95_hi":0.776592},"latent_dim":12},"dense_ae_8":{"accuracy":{"per_fold":[0.681818,0.684659,0.701705,0.664773,0.68608],"mean":0.683807,"std":0.011768,"ci95_lo":0.672727,"ci95_hi":0.694318},"balanced_accuracy":{"per_fold":[0.681818,0.684659,0.701705,0.664773,0.68608],"mean":0.683807,"std":0.011768,"ci95_lo":0.672443,"ci95_hi":0.693764},"macro_f1":{"per_fold":[0.656741,0.659619,0.680147,0.638824,0.66222],"mean":0.65951,"std":0.013182,"ci95_lo":0.647142,"ci95_hi":0.67188},"latent_dim":8},"ica_10":{"accuracy":{"per_fold":[0.944602,0.933239,0.93608,0.941761,0.943182],"mean":0.939773,"std":0.004364,"ci95_lo":0.936072,"ci95_hi":0.943466},"balanced_accuracy":{"per_fold":[0.944602,0.933239,0.93608,0.941761,0.943182],"mean":0.939773,"std":0.004364,"ci95_lo":0.93608,"ci95_hi":0.943182},"macro_f1":{"per_fold":[0.944201,0.932643,0.935115,0.941198,0.94277],"mean":0.939185,"std":0.004504,"ci95_lo":0.935449,"ci95_hi":0.943},"latent_dim":10},"nmf_20":{"accuracy":{"per_fold":[0.84517,0.859375,0.87358,0.877841,0.859375],"mean":0.863068,"std":0.01163,"ci95_lo":0.853693,"ci95_hi":0.873295},"balanced_accuracy":{"per_fold":[0.84517,0.859375,0.87358,0.877841,0.859375],"mean":0.863068,"std":0.01163,"ci95_lo":0.853693,"ci95_hi":0.873295},"macro_f1":{"per_fold":[0.843363,0.856447,0.87283,0.877033,0.857306],"mean":0.861396,"std":0.012179,"ci95_lo":0.851385,"ci95_hi":0.871406},"latent_dim":20},"nmf_8":{"accuracy":{"per_fold":[0.836648,0.84233,0.836648,0.829545,0.838068],"mean":0.836648,"std":0.004117,"ci95_lo":0.832386,"ci95_hi":0.840341},"balanced_accuracy":{"per_fold":[0.836648,0.84233,0.836648,0.829545,0.838068],"mean":0.836648,"std":0.004117,"ci95_lo":0.833523,"ci95_hi":0.840057},"macro_f1":{"per_fold":[0.832052,0.838303,0.830818,0.824822,0.831401],"mean":0.831479,"std":0.004281,"ci95_lo":0.827584,"ci95_hi":0.835309},"latent_dim":8},"pca_10":{"accuracy":{"per_fold":[0.892045,0.894886,0.899148,0.890625,0.900568],"mean":0.895455,"std":0.003874,"ci95_lo":0.892045,"ci95_hi":0.898864},"balanced_accuracy":{"per_fold":[0.892045,0.894886,0.899148,0.890625,0.900568],"mean":0.895455,"std":0.003874,"ci95_lo":0.892045,"ci95_hi":0.898864},"macro_f1":{"per_fold":[0.892622,0.894572,0.898365,0.891276,0.900531],"mean":0.895473,"std":0.003479,"ci95_lo":0.892474,"ci95_hi":0.898473},"latent_dim":10},"pca_3":{"accuracy":{"per_fold":[0.84375,0.850852,0.856534,0.840909,0.865057],"mean":0.85142,"std":0.008738,"ci95_lo":0.844034,"ci95_hi":0.858807},"balanced_accuracy":{"per_fold":[0.84375,0.850852,0.856534,0.840909,0.865057],"mean":0.85142,"std":0.008738,"ci95_lo":0.844034,"ci95_hi":0.859091},"macro_f1":{"per_fold":[0.839341,0.847926,0.854125,0.839149,0.863598],"mean":0.848828,"std":0.009281,"ci95_lo":0.840943,"ci95_hi":0.856852},"latent_dim":3},"pca_30":{"accuracy":{"per_fold":[0.900568,0.894886,0.899148,0.890625,0.903409],"mean":0.897727,"std":0.004492,"ci95_lo":0.893466,"ci95_hi":0.901705},"balanced_accuracy":{"per_fold":[0.900568,0.894886,0.899148,0.890625,0.903409],"mean":0.897727,"std":0.004492,"ci95_lo":0.893466,"ci95_hi":0.90142},"macro_f1":{"per_fold":[0.901354,0.894572,0.898372,0.891315,0.903422],"mean":0.897807,"std":0.004405,"ci95_lo":0.893974,"ci95_hi":0.901585},"latent_dim":30}},"pairwise_vs_theta_holm":[{"method":"dense_ae_8","vs":"theta","W":0.0,"p_raw":1.0,"p_holm":1.0,"cliff_delta_theta_minus_method":1.0},{"method":"ica_10","vs":"theta","W":0.0,"p_raw":1.0,"p_holm":1.0,"cliff_delta_theta_minus_method":-1.0},{"method":"nmf_20","vs":"theta","W":0.0,"p_raw":1.0,"p_holm":1.0,"cliff_delta_theta_minus_method":-1.0},{"method":"nmf_8","vs":"theta","W":0.0,"p_raw":1.0,"p_holm":1.0,"cliff_delta_theta_minus_method":-1.0},{"method":"pca_10","vs":"theta","W":0.0,"p_raw":1.0,"p_holm":1.0,"cliff_delta_theta_minus_method":-1.0},{"method":"pca_3","vs":"theta","W":0.0,"p_raw":1.0,"p_holm":1.0,"cliff_delta_theta_minus_method":-1.0},{"method":"pca_30","vs":"theta","W":0.0,"p_raw":1.0,"p_holm":1.0,"cliff_delta_theta_minus_method":-1.0}],"ranking_by_macro_f1_mean":[{"method":"ica_10","latent_dim":10,"macro_f1_mean":0.939185,"macro_f1_ci95":[0.935449,0.943]},{"method":"pca_30","latent_dim":30,"macro_f1_mean":0.897807,"macro_f1_ci95":[0.893974,0.901585]},{"method":"pca_10","latent_dim":10,"macro_f1_mean":0.895473,"macro_f1_ci95":[0.892474,0.898473]},{"method":"nmf_20","latent_dim":20,"macro_f1_mean":0.861396,"macro_f1_ci95":[0.851385,0.871406]},{"method":"pca_3","latent_dim":3,"macro_f1_mean":0.848828,"macro_f1_ci95":[0.840943,0.856852]},{"method":"nmf_8","latent_dim":8,"macro_f1_mean":0.831479,"macro_f1_ci95":[0.827584,0.835309]},{"method":"theta","latent_dim":12,"macro_f1_mean":0.773908,"macro_f1_ci95":[0.771225,0.776592]},{"method":"dense_ae_8","latent_dim":8,"macro_f1_mean":0.65951,"macro_f1_ci95":[0.647142,0.67188]}],"framework_axis":"B-1 (master plan Addendum B): linear probe panel \u2014 theta vs other K-dim compressions, the fair-baseline argument","generated_at":"2026-05-03T18:22:08Z","builder_version":"build_linear_probe_panel v0.1"}