{"scene_id":"salinas-corrected","topic_count":12,"n_classes":16,"n_documents":3520,"head":"LogisticRegression(max_iter=2000, C=1.0, l2)","split":"StratifiedKFold(n_splits=5, shuffle=True, random_state=42)","metric":"macro_f1 (primary), accuracy, balanced_accuracy","method_metrics":{"theta":{"accuracy":{"per_fold":[0.794034,0.801136,0.795455,0.801136,0.802557],"mean":0.798864,"std":0.003433,"ci95_lo":0.795739,"ci95_hi":0.801705},"balanced_accuracy":{"per_fold":[0.794034,0.801136,0.795455,0.801136,0.802557],"mean":0.798864,"std":0.003433,"ci95_lo":0.796023,"ci95_hi":0.801705},"macro_f1":{"per_fold":[0.770165,0.774936,0.770429,0.776737,0.777276],"mean":0.773908,"std":0.00305,"ci95_lo":0.771225,"ci95_hi":0.776592},"latent_dim":12},"beta_vae_16":{"accuracy":{"per_fold":[0.366477,0.372159,0.37358,0.366477,0.349432],"mean":0.365625,"std":0.008598,"ci95_lo":0.357386,"ci95_hi":0.371875},"balanced_accuracy":{"per_fold":[0.366477,0.372159,0.37358,0.366477,0.349432],"mean":0.365625,"std":0.008598,"ci95_lo":0.357386,"ci95_hi":0.371598},"macro_f1":{"per_fold":[0.316228,0.318348,0.325128,0.307629,0.290627],"mean":0.311592,"std":0.011879,"ci95_lo":0.299572,"ci95_hi":0.320212},"latent_dim":16},"beta_vae_32":{"accuracy":{"per_fold":[0.377841,0.379261,0.396307,0.372159,0.355114],"mean":0.376136,"std":0.013246,"ci95_lo":0.363352,"ci95_hi":0.387784},"balanced_accuracy":{"per_fold":[0.377841,0.379261,0.396307,0.372159,0.355114],"mean":0.376136,"std":0.013246,"ci95_lo":0.364205,"ci95_hi":0.38608},"macro_f1":{"per_fold":[0.327043,0.323849,0.349349,0.307914,0.294038],"mean":0.320439,"std":0.018681,"ci95_lo":0.302776,"ci95_hi":0.336601},"latent_dim":32},"beta_vae_4":{"accuracy":{"per_fold":[0.348011,0.360795,0.350852,0.34375,0.319602],"mean":0.344602,"std":0.013701,"ci95_lo":0.333523,"ci95_hi":0.355398},"balanced_accuracy":{"per_fold":[0.348011,0.360795,0.350852,0.34375,0.319602],"mean":0.344602,"std":0.013701,"ci95_lo":0.330682,"ci95_hi":0.355398},"macro_f1":{"per_fold":[0.288301,0.298617,0.293647,0.274453,0.250332],"mean":0.28107,"std":0.017361,"ci95_lo":0.263792,"ci95_hi":0.294566},"latent_dim":4},"beta_vae_8":{"accuracy":{"per_fold":[0.349432,0.352273,0.34375,0.34233,0.330966],"mean":0.34375,"std":0.007354,"ci95_lo":0.337216,"ci95_hi":0.349439},"balanced_accuracy":{"per_fold":[0.349432,0.352273,0.34375,0.34233,0.330966],"mean":0.34375,"std":0.007354,"ci95_lo":0.337216,"ci95_hi":0.349432},"macro_f1":{"per_fold":[0.294004,0.288911,0.285831,0.274458,0.269483],"mean":0.282537,"std":0.009151,"ci95_lo":0.273748,"ci95_hi":0.290332},"latent_dim":8},"cae_1d_16":{"accuracy":{"per_fold":[0.826705,0.840909,0.850852,0.830966,0.835227],"mean":0.836932,"std":0.008399,"ci95_lo":0.830398,"ci95_hi":0.844886},"balanced_accuracy":{"per_fold":[0.826705,0.840909,0.850852,0.830966,0.835227],"mean":0.836932,"std":0.008399,"ci95_lo":0.830114,"ci95_hi":0.84375},"macro_f1":{"per_fold":[0.821465,0.836545,0.848487,0.827617,0.830846],"mean":0.832992,"std":0.009155,"ci95_lo":0.825217,"ci95_hi":0.841322},"latent_dim":16},"cae_1d_32":{"accuracy":{"per_fold":[0.846591,0.856534,0.866477,0.853693,0.850852],"mean":0.85483,"std":0.006687,"ci95_lo":0.849716,"ci95_hi":0.861364},"balanced_accuracy":{"per_fold":[0.846591,0.856534,0.866477,0.853693,0.850852],"mean":0.85483,"std":0.006687,"ci95_lo":0.849432,"ci95_hi":0.861364},"macro_f1":{"per_fold":[0.841707,0.853452,0.864156,0.85084,0.847441],"mean":0.851519,"std":0.00744,"ci95_lo":0.845203,"ci95_hi":0.85815},"latent_dim":32},"cae_1d_4":{"accuracy":{"per_fold":[0.607955,0.616477,0.636364,0.59517,0.596591],"mean":0.610511,"std":0.015097,"ci95_lo":0.59858,"ci95_hi":0.624432},"balanced_accuracy":{"per_fold":[0.607955,0.616477,0.636364,0.59517,0.596591],"mean":0.610511,"std":0.015097,"ci95_lo":0.598295,"ci95_hi":0.624148},"macro_f1":{"per_fold":[0.574843,0.590288,0.605386,0.563858,0.565205],"mean":0.579916,"std":0.015851,"ci95_lo":0.566594,"ci95_hi":0.594061},"latent_dim":4},"cae_1d_8":{"accuracy":{"per_fold":[0.764205,0.772727,0.778409,0.762784,0.774148],"mean":0.770455,"std":0.006,"ci95_lo":0.765341,"ci95_hi":0.775568},"balanced_accuracy":{"per_fold":[0.764205,0.772727,0.778409,0.762784,0.774148],"mean":0.770455,"std":0.006,"ci95_lo":0.765341,"ci95_hi":0.775568},"macro_f1":{"per_fold":[0.757062,0.76736,0.774204,0.756099,0.766167],"mean":0.764178,"std":0.00679,"ci95_lo":0.758498,"ci95_hi":0.770097},"latent_dim":8},"cae_2d_8":{"accuracy":{"per_fold":[0.535511,0.525568,0.534091,0.526989,0.505682],"mean":0.525568,"std":0.010668,"ci95_lo":0.515625,"ci95_hi":0.533523},"balanced_accuracy":{"per_fold":[0.535511,0.525568,0.534091,0.526989,0.505682],"mean":0.525568,"std":0.010668,"ci95_lo":0.515625,"ci95_hi":0.533239},"macro_f1":{"per_fold":[0.498389,0.492518,0.492937,0.486342,0.457049],"mean":0.485447,"std":0.014703,"ci95_lo":0.471175,"ci95_hi":0.495034},"latent_dim":8},"cae_3d_8":{"accuracy":{"per_fold":[0.636364,0.647727,0.629261,0.669034,0.615057],"mean":0.639489,"std":0.018177,"ci95_lo":0.625,"ci95_hi":0.65625},"balanced_accuracy":{"per_fold":[0.636364,0.647727,0.629261,0.669034,0.615057],"mean":0.639489,"std":0.018177,"ci95_lo":0.624432,"ci95_hi":0.654581},"macro_f1":{"per_fold":[0.62062,0.631253,0.615887,0.653299,0.598061],"mean":0.623824,"std":0.018226,"ci95_lo":0.6091,"ci95_hi":0.640071},"latent_dim":8},"dense_ae_8":{"accuracy":{"per_fold":[0.681818,0.684659,0.701705,0.664773,0.68608],"mean":0.683807,"std":0.011768,"ci95_lo":0.672443,"ci95_hi":0.694318},"balanced_accuracy":{"per_fold":[0.681818,0.684659,0.701705,0.664773,0.68608],"mean":0.683807,"std":0.011768,"ci95_lo":0.672443,"ci95_hi":0.694318},"macro_f1":{"per_fold":[0.656741,0.659619,0.680147,0.638824,0.66222],"mean":0.65951,"std":0.013182,"ci95_lo":0.650136,"ci95_hi":0.67188},"latent_dim":8},"ica_10":{"accuracy":{"per_fold":[0.944602,0.933239,0.93608,0.941761,0.943182],"mean":0.939773,"std":0.004364,"ci95_lo":0.93608,"ci95_hi":0.943466},"balanced_accuracy":{"per_fold":[0.944602,0.933239,0.93608,0.941761,0.943182],"mean":0.939773,"std":0.004364,"ci95_lo":0.93608,"ci95_hi":0.943466},"macro_f1":{"per_fold":[0.944201,0.932643,0.935115,0.941198,0.94277],"mean":0.939185,"std":0.004504,"ci95_lo":0.935163,"ci95_hi":0.943028},"latent_dim":10},"nmf_20":{"accuracy":{"per_fold":[0.84517,0.859375,0.87358,0.877841,0.859375],"mean":0.863068,"std":0.01163,"ci95_lo":0.853693,"ci95_hi":0.873295},"balanced_accuracy":{"per_fold":[0.84517,0.859375,0.87358,0.877841,0.859375],"mean":0.863068,"std":0.01163,"ci95_lo":0.853693,"ci95_hi":0.873295},"macro_f1":{"per_fold":[0.843363,0.856447,0.87283,0.877033,0.857306],"mean":0.861396,"std":0.012179,"ci95_lo":0.851214,"ci95_hi":0.871406},"latent_dim":20},"nmf_8":{"accuracy":{"per_fold":[0.836648,0.84233,0.836648,0.829545,0.838068],"mean":0.836648,"std":0.004117,"ci95_lo":0.83267,"ci95_hi":0.840057},"balanced_accuracy":{"per_fold":[0.836648,0.84233,0.836648,0.829545,0.838068],"mean":0.836648,"std":0.004117,"ci95_lo":0.83267,"ci95_hi":0.840057},"macro_f1":{"per_fold":[0.832052,0.838303,0.830818,0.824822,0.831401],"mean":0.831479,"std":0.004281,"ci95_lo":0.827584,"ci95_hi":0.835428},"latent_dim":8},"pca_10":{"accuracy":{"per_fold":[0.892045,0.894886,0.899148,0.890625,0.900568],"mean":0.895455,"std":0.003874,"ci95_lo":0.89233,"ci95_hi":0.899148},"balanced_accuracy":{"per_fold":[0.892045,0.894886,0.899148,0.890625,0.900568],"mean":0.895455,"std":0.003874,"ci95_lo":0.892045,"ci95_hi":0.89858},"macro_f1":{"per_fold":[0.892622,0.894572,0.898365,0.891276,0.900531],"mean":0.895473,"std":0.003479,"ci95_lo":0.892474,"ci95_hi":0.898516},"latent_dim":10},"pca_3":{"accuracy":{"per_fold":[0.84375,0.850852,0.856534,0.840909,0.865057],"mean":0.85142,"std":0.008738,"ci95_lo":0.844034,"ci95_hi":0.859943},"balanced_accuracy":{"per_fold":[0.84375,0.850852,0.856534,0.840909,0.865057],"mean":0.85142,"std":0.008738,"ci95_lo":0.844034,"ci95_hi":0.859091},"macro_f1":{"per_fold":[0.839341,0.847926,0.854125,0.839149,0.863598],"mean":0.848828,"std":0.009281,"ci95_lo":0.840943,"ci95_hi":0.856814},"latent_dim":3},