{"scene_id":"salinas-corrected","topic_count":12,"n_classes":16,"n_documents":3520,"head":"LogisticRegression(max_iter=2000, C=1.0, l2)","split":"StratifiedKFold(n_splits=5, shuffle=True, random_state=42)","metric":"macro_f1 (primary), accuracy, balanced_accuracy","method_metrics":{"theta":{"accuracy":{"per_fold":[0.794034,0.801136,0.795455,0.801136,0.802557],"mean":0.798864,"std":0.003433,"ci95_lo":0.795739,"ci95_hi":0.801705},"balanced_accuracy":{"per_fold":[0.794034,0.801136,0.795455,0.801136,0.802557],"mean":0.798864,"std":0.003433,"ci95_lo":0.796023,"ci95_hi":0.801705},"macro_f1":{"per_fold":[0.770165,0.774936,0.770429,0.776737,0.777276],"mean":0.773908,"std":0.00305,"ci95_lo":0.771225,"ci95_hi":0.776592},"latent_dim":12},"beta_vae_16":{"accuracy":{"per_fold":[0.366477,0.372159,0.37358,0.366477,0.349432],"mean":0.365625,"std":0.008598,"ci95_lo":0.357386,"ci95_hi":0.371875},"balanced_accuracy":{"per_fold":[0.366477,0.372159,0.37358,0.366477,0.349432],"mean":0.365625,"std":0.008598,"ci95_lo":0.357386,"ci95_hi":0.371598},"macro_f1":{"per_fold":[0.316228,0.318348,0.325128,0.307629,0.290627],"mean":0.311592,"std":0.011879,"ci95_lo":0.299572,"ci95_hi":0.320212},"latent_dim":16},"beta_vae_32":{"accuracy":{"per_fold":[0.377841,0.379261,0.396307,0.372159,0.355114],"mean":0.376136,"std":0.013246,"ci95_lo":0.363352,"ci95_hi":0.387784},"balanced_accuracy":{"per_fold":[0.377841,0.379261,0.396307,0.372159,0.355114],"mean":0.376136,"std":0.013246,"ci95_lo":0.364205,"ci95_hi":0.38608},"macro_f1":{"per_fold":[0.327043,0.323849,0.349349,0.307914,0.294038],"mean":0.320439,"std":0.018681,"ci95_lo":0.302776,"ci95_hi":0.336601},"latent_dim":32},"beta_vae_4":{"accuracy":{"per_fold":[0.348011,0.360795,0.350852,0.34375,0.319602],"mean":0.344602,"std":0.013701,"ci95_lo":0.333523,"ci95_hi":0.355398},"balanced_accuracy":{"per_fold":[0.348011,0.360795,0.350852,0.34375,0.319602],"mean":0.344602,"std":0.013701,"ci95_lo":0.330682,"ci95_hi":0.355398},"macro_f1":{"per_fold":[0.288301,0.298617,0.293647,0.274453,0.250332],"mean":0.28107,"std":0.017361,"ci95_lo":0.263792,"ci95_hi":0.294566},"latent_dim":4},"beta_vae_8":{"accuracy":{"per_fold":[0.349432,0.352273,0.34375,0.34233,0.330966],"mean":0.34375,"std":0.007354,"ci95_lo":0.337216,"ci95_hi":0.349439},"balanced_accuracy":{"per_fold":[0.349432,0.352273,0.34375,0.34233,0.330966],"mean":0.34375,"std":0.007354,"ci95_lo":0.337216,"ci95_hi":0.349432},"macro_f1":{"per_fold":[0.294004,0.288911,0.285831,0.274458,0.269483],"mean":0.282537,"std":0.009151,"ci95_lo":0.273748,"ci95_hi":0.290332},"latent_dim":8},"beta_vae_b16_8":{"accuracy":{"per_fold":[0.0625,0.0625,0.0625,0.0625,0.0625],"mean":0.0625,"std":0.0,"ci95_lo":0.0625,"ci95_hi":0.0625},"balanced_accuracy":{"per_fold":[0.0625,0.0625,0.0625,0.0625,0.0625],"mean":0.0625,"std":0.0,"ci95_lo":0.0625,"ci95_hi":0.0625},"macro_f1":{"per_fold":[0.007353,0.007353,0.007353,0.007353,0.007353],"mean":0.007353,"std":0.0,"ci95_lo":0.007353,"ci95_hi":0.007353},"latent_dim":8},"beta_vae_b1_8":{"accuracy":{"per_fold":[0.443182,0.444602,0.46733,0.428977,0.434659],"mean":0.44375,"std":0.013099,"ci95_lo":0.433239,"ci95_hi":0.455966},"balanced_accuracy":{"per_fold":[0.443182,0.444602,0.46733,0.428977,0.434659],"mean":0.44375,"std":0.013099,"ci95_lo":0.433239,"ci95_hi":0.45625},"macro_f1":{"per_fold":[0.38692,0.390548,0.419185,0.366991,0.374592],"mean":0.387647,"std":0.017892,"ci95_lo":0.373223,"ci95_hi":0.403831},"latent_dim":8},"beta_vae_b2_8":{"accuracy":{"per_fold":[0.416193,0.417614,0.427557,0.401989,0.37642],"mean":0.407955,"std":0.017751,"ci95_lo":0.391712,"ci95_hi":0.421307},"balanced_accuracy":{"per_fold":[0.416193,0.417614,0.427557,0.401989,0.37642],"mean":0.407955,"std":0.017751,"ci95_lo":0.391761,"ci95_hi":0.421307},"macro_f1":{"per_fold":[0.361296,0.359727,0.37512,0.333615,0.306963],"mean":0.347344,"std":0.024243,"ci95_lo":0.322954,"ci95_hi":0.366512},"latent_dim":8},"beta_vae_b8_8":{"accuracy":{"per_fold":[0.0625,0.0625,0.0625,0.0625,0.0625],"mean":0.0625,"std":0.0,"ci95_lo":0.0625,"ci95_hi":0.0625},"balanced_accuracy":{"per_fold":[0.0625,0.0625,0.0625,0.0625,0.0625],"mean":0.0625,"std":0.0,"ci95_lo":0.0625,"ci95_hi":0.0625},"macro_f1":{"per_fold":[0.007353,0.007353,0.007353,0.007353,0.007353],"mean":0.007353,"std":0.0,"ci95_lo":0.007353,"ci95_hi":0.007353},"latent_dim":8},"cae_1d_16":{"accuracy":{"per_fold":[0.826705,0.840909,0.850852,0.830966,0.835227],"mean":0.836932,"std":0.008399,"ci95_lo":0.830114,"ci95_hi":0.845739},"balanced_accuracy":{"per_fold":[0.826705,0.840909,0.850852,0.830966,0.835227],"mean":0.836932,"std":0.008399,"ci95_lo":0.830114,"ci95_hi":0.844602},"macro_f1":{"per_fold":[0.821465,0.836545,0.848487,0.827617,0.830846],"mean":0.832992,"std":0.009155,"ci95_lo":0.825802,"ci95_hi":0.841925},"latent_dim":16},"cae_1d_32":{"accuracy":{"per_fold":[0.846591,0.856534,0.866477,0.853693,0.850852],"mean":0.85483,"std":0.006687,"ci95_lo":0.849716,"ci95_hi":0.860518},"balanced_accuracy":{"per_fold":[0.846591,0.856534,0.866477,0.853693,0.850852],"mean":0.85483,"std":0.006687,"ci95_lo":0.849432,"ci95_hi":0.860795},"macro_f1":{"per_fold":[0.841707,0.853452,0.864156,0.85084,0.847441],"mean":0.851519,"std":0.00744,"ci95_lo":0.845827,"ci95_hi":0.858672},"latent_dim":32},"cae_1d_4":{"accuracy":{"per_fold":[0.607955,0.616477,0.636364,0.59517,0.596591],"mean":0.610511,"std":0.015097,"ci95_lo":0.598295,"ci95_hi":0.625},"balanced_accuracy":{"per_fold":[0.607955,0.616477,0.636364,0.59517,0.596591],"mean":0.610511,"std":0.015097,"ci95_lo":0.598295,"ci95_hi":0.624148},"macro_f1":{"per_fold":[0.574843,0.590288,0.605386,0.563858,0.565205],"mean":0.579916,"std":0.015851,"ci95_lo":0.566594,"ci95_hi":0.593327},"latent_dim":4},"cae_1d_8":{"accuracy":{"per_fold":[0.764205,0.772727,0.778409,0.762784,0.774148],"mean":0.770455,"std":0.006,"ci95_lo":0.765341,"ci95_hi":0.775568},"balanced_accuracy":{"per_fold":[0.764205,0.772727,0.778409,0.762784,0.774148],"mean":0.770455,"std":0.006,"ci95_lo":0.765341,"ci95_hi":0.775568},"macro_f1":{"per_fold":[0.757062,0.76736,0.774204,0.756099,0.766167],"mean":0.764178,"std":0.00679,"ci95_lo":0.75835,"ci95_hi":0.770775},"latent_dim":8},"cae_2d_16":{"accuracy":{"per_fold":[0.818182,0.821023,0.833807,0.826705,0.788352],"mean":0.817614,"std":0.015576,"ci95_lo":0.801989,"ci95_hi":0.828416},"balanced_accuracy":{"per_fold":[0.818182,0.821023,0.833807,0.826705,0.788352],"mean":0.817614,"std":0.015576,"ci95_lo":0.802557,"ci95_hi":0.828707},"macro_f1":{"per_fold":[0.81514,0.818049,0.829873,0.825772,0.786951],"mean":0.815157,"std":0.015054,"ci95_lo":0.800935,"ci95_hi":0.825868},"latent_dim":16},"cae_2d_32":{"accuracy":{"per_fold":[0.863636,0.846591,0.866477,0.853693,0.84375],"mean":0.85483,"std":0.009002,"ci95_lo":0.846875,"ci95_hi":0.862784},"balanced_accuracy":{"per_fold":[0.863636,0.846591,0.866477,0.853693,0.84375],"mean":0.85483,"std":0.009002,"ci95_lo":0.847443,"ci95_hi":0.862507},"macro_f1":{"per_fold":[0.861388,0.84557,0.863127,0.851757,0.840716],"mean":0.852511,"std":0.00871,"ci95_lo":0.845821,"ci95_hi":0.859818},"latent_dim":32},"cae_2d_4":{"accuracy":{"per_fold":[0.419034,0.43608,0.421875,0.426136,0.401989],"mean":0.421023,"std":0.011134,"ci95_lo":0.410227,"ci95_hi":0.430682},"balanced_accuracy":{"per_fold":[0.419034,0.43608,0.421875,0.426136,0.401989],"mean":0.421023,"std":0.011134,"ci95_lo":0.410795,"ci95_hi":0.42983},"macro_f1":{"per_fold":[0.36844,0.378689,0.369412,0.370566,0.34914],"mean":0.367249,"std":0.009756,"ci95_lo":0.357479,"ci95_hi":0.374784},"latent_dim":4},"cae_2d_8":{"accuracy":{"per_fold":[0.535511,0.525568,0.534091,0.526989,0.505682],"mean":0.525568,"std":0.010668,"ci95_lo":0.515341,"ci95_hi":0.533239},"balanced_accuracy":{"per_fold":[0.535511,0.525568,0.534091,0.526989,0.505682],"mean":0.525568,"std":0.010668,"ci95_lo":0.515618,"ci95_hi":0.533239},"macro_f1":{"per_fold":[0.498389,0.492518,0.492937,0.486342,0.457049],"mean":0.485447,"std":0.014703,"ci95_lo":0.47132,"ci95_hi":0.495034},"latent_dim":8},