{"scene_id":"salinas-a-corrected","topic_count":6,"n_classes":6,"n_documents":1320,"head":"LogisticRegression(max_iter=2000, C=1.0, l2)","split":"StratifiedKFold(n_splits=5, shuffle=True, random_state=42)","metric":"macro_f1 (primary), accuracy, balanced_accuracy","method_metrics":{"theta":{"accuracy":{"per_fold":[0.867424,0.871212,0.878788,0.859848,0.848485],"mean":0.865152,"std":0.010332,"ci95_lo":0.855303,"ci95_hi":0.873504},"balanced_accuracy":{"per_fold":[0.867424,0.871212,0.878788,0.859848,0.848485],"mean":0.865152,"std":0.010332,"ci95_lo":0.856818,"ci95_hi":0.874242},"macro_f1":{"per_fold":[0.845351,0.853992,0.859193,0.837826,0.814799],"mean":0.842232,"std":0.015541,"ci95_lo":0.828283,"ci95_hi":0.853891},"latent_dim":6},"beta_vae_16":{"accuracy":{"per_fold":[0.784091,0.746212,0.776515,0.768939,0.757576],"mean":0.766667,"std":0.013467,"ci95_lo":0.754545,"ci95_hi":0.77803},"balanced_accuracy":{"per_fold":[0.784091,0.746212,0.776515,0.768939,0.757576],"mean":0.766667,"std":0.013467,"ci95_lo":0.754545,"ci95_hi":0.77803},"macro_f1":{"per_fold":[0.75847,0.705828,0.751828,0.740484,0.724632],"mean":0.736248,"std":0.019052,"ci95_lo":0.718789,"ci95_hi":0.751286},"latent_dim":16},"beta_vae_32":{"accuracy":{"per_fold":[0.787879,0.746212,0.776515,0.768939,0.757576],"mean":0.767424,"std":0.014493,"ci95_lo":0.754545,"ci95_hi":0.779545},"balanced_accuracy":{"per_fold":[0.787879,0.746212,0.776515,0.768939,0.757576],"mean":0.767424,"std":0.014493,"ci95_lo":0.754545,"ci95_hi":0.780303},"macro_f1":{"per_fold":[0.767043,0.708302,0.754772,0.740484,0.724072],"mean":0.738935,"std":0.020988,"ci95_lo":0.721047,"ci95_hi":0.756823},"latent_dim":32},"beta_vae_4":{"accuracy":{"per_fold":[0.784091,0.731061,0.776515,0.768939,0.746212],"mean":0.761364,"std":0.019755,"ci95_lo":0.744659,"ci95_hi":0.77803},"balanced_accuracy":{"per_fold":[0.784091,0.731061,0.776515,0.768939,0.746212],"mean":0.761364,"std":0.019755,"ci95_lo":0.743182,"ci95_hi":0.77803},"macro_f1":{"per_fold":[0.75847,0.682969,0.75483,0.740484,0.709966],"mean":0.729344,"std":0.028803,"ci95_lo":0.702741,"ci95_hi":0.752689},"latent_dim":4},"beta_vae_8":{"accuracy":{"per_fold":[0.795455,0.746212,0.784091,0.765152,0.761364],"mean":0.770455,"std":0.017375,"ci95_lo":0.756061,"ci95_hi":0.786364},"balanced_accuracy":{"per_fold":[0.795455,0.746212,0.784091,0.765152,0.761364],"mean":0.770455,"std":0.017375,"ci95_lo":0.756061,"ci95_hi":0.784848},"macro_f1":{"per_fold":[0.777816,0.712448,0.762928,0.737532,0.73216],"mean":0.744577,"std":0.023142,"ci95_lo":0.725349,"ci95_hi":0.764742},"latent_dim":8},"cae_1d_16":{"accuracy":{"per_fold":[0.890152,0.886364,0.893939,0.886364,0.875],"mean":0.886364,"std":0.006338,"ci95_lo":0.879545,"ci95_hi":0.891667},"balanced_accuracy":{"per_fold":[0.890152,0.886364,0.893939,0.886364,0.875],"mean":0.886364,"std":0.006338,"ci95_lo":0.880303,"ci95_hi":0.890909},"macro_f1":{"per_fold":[0.887837,0.885227,0.893072,0.882576,0.87378],"mean":0.884498,"std":0.006384,"ci95_lo":0.879397,"ci95_hi":0.889422},"latent_dim":16},"cae_1d_32":{"accuracy":{"per_fold":[0.920455,0.935606,0.92803,0.901515,0.935606],"mean":0.924242,"std":0.012677,"ci95_lo":0.912121,"ci95_hi":0.934091},"balanced_accuracy":{"per_fold":[0.920455,0.935606,0.92803,0.901515,0.935606],"mean":0.924242,"std":0.012677,"ci95_lo":0.912121,"ci95_hi":0.934091},"macro_f1":{"per_fold":[0.918776,0.93363,0.927939,0.898323,0.935865],"mean":0.922907,"std":0.013636,"ci95_lo":0.909475,"ci95_hi":0.933386},"latent_dim":32},"cae_1d_4":{"accuracy":{"per_fold":[0.799242,0.784091,0.791667,0.799242,0.780303],"mean":0.790909,"std":0.007726,"ci95_lo":0.784091,"ci95_hi":0.797727},"balanced_accuracy":{"per_fold":[0.799242,0.784091,0.791667,0.799242,0.780303],"mean":0.790909,"std":0.007726,"ci95_lo":0.78483,"ci95_hi":0.797727},"macro_f1":{"per_fold":[0.785421,0.76942,0.777024,0.788312,0.759332],"mean":0.775902,"std":0.010606,"ci95_lo":0.766409,"ci95_hi":0.784898},"latent_dim":4},"cae_1d_8":{"accuracy":{"per_fold":[0.825758,0.806818,0.848485,0.82197,0.818182],"mean":0.824242,"std":0.013678,"ci95_lo":0.813636,"ci95_hi":0.837879},"balanced_accuracy":{"per_fold":[0.825758,0.806818,0.848485,0.82197,0.818182],"mean":0.824242,"std":0.013678,"ci95_lo":0.813636,"ci95_hi":0.837879},"macro_f1":{"per_fold":[0.817683,0.799052,0.84589,0.815338,0.810401],"mean":0.817673,"std":0.0155,"ci95_lo":0.805048,"ci95_hi":0.831719},"latent_dim":8},"cae_2d_8":{"accuracy":{"per_fold":[0.784091,0.761364,0.784091,0.75,0.765152],"mean":0.768939,"std":0.013338,"ci95_lo":0.756818,"ci95_hi":0.780303},"balanced_accuracy":{"per_fold":[0.784091,0.761364,0.784091,0.75,0.765152],"mean":0.768939,"std":0.013338,"ci95_lo":0.758333,"ci95_hi":0.780303},"macro_f1":{"per_fold":[0.752504,0.732015,0.75901,0.713939,0.728403],"mean":0.737174,"std":0.016464,"ci95_lo":0.72334,"ci95_hi":0.751588},"latent_dim":8},"cae_3d_8":{"accuracy":{"per_fold":[0.787879,0.772727,0.768939,0.768939,0.776515],"mean":0.775,"std":0.007025,"ci95_lo":0.769697,"ci95_hi":0.781818},"balanced_accuracy":{"per_fold":[0.787879,0.772727,0.768939,0.768939,0.776515],"mean":0.775,"std":0.007025,"ci95_lo":0.769697,"ci95_hi":0.781818},"macro_f1":{"per_fold":[0.761528,0.76134,0.757032,0.75888,0.758116],"mean":0.759379,"std":0.001779,"ci95_lo":0.757771,"ci95_hi":0.760848},"latent_dim":8},"dense_ae_8":{"accuracy":{"per_fold":[0.852273,0.867424,0.863636,0.863636,0.840909],"mean":0.857576,"std":0.009761,"ci95_lo":0.847727,"ci95_hi":0.865152},"balanced_accuracy":{"per_fold":[0.852273,0.867424,0.863636,0.863636,0.840909],"mean":0.857576,"std":0.009761,"ci95_lo":0.847727,"ci95_hi":0.865152},"macro_f1":{"per_fold":[0.847324,0.867449,0.859822,0.859842,0.837207],"mean":0.854329,"std":0.010723,"ci95_lo":0.843757,"ci95_hi":0.862885},"latent_dim":8},"ica_10":{"accuracy":{"per_fold":[0.992424,0.992424,0.996212,0.981061,0.988636],"mean":0.990152,"std":0.005138,"ci95_lo":0.984848,"ci95_hi":0.993939},"balanced_accuracy":{"per_fold":[0.992424,0.992424,0.996212,0.981061,0.988636],"mean":0.990152,"std":0.005138,"ci95_lo":0.985587,"ci95_hi":0.993939},"macro_f1":{"per_fold":[0.992465,0.99242,0.996212,0.981215,0.988714],"mean":0.990205,"std":0.005082,"ci95_lo":0.984965,"ci95_hi":0.993964},"latent_dim":10},"nmf_20":{"accuracy":{"per_fold":[0.958333,0.969697,0.958333,0.954545,0.973485],"mean":0.962879,"std":0.007345,"ci95_lo":0.956818,"ci95_hi":0.969697},"balanced_accuracy":{"per_fold":[0.958333,0.969697,0.958333,0.954545,0.973485],"mean":0.962879,"std":0.007345,"ci95_lo":0.956818,"ci95_hi":0.968958},"macro_f1":{"per_fold":[0.958092,0.969677,0.958341,0.954723,0.973559],"mean":0.962878,"std":0.007353,"ci95_lo":0.956794,"ci95_hi":0.969739},"latent_dim":20},"nmf_8":{"accuracy":{"per_fold":[0.973485,0.981061,0.973485,0.962121,0.973485],"mean":0.972727,"std":0.006061,"ci95_lo":0.966667,"ci95_hi":0.97803},"balanced_accuracy":{"per_fold":[0.973485,0.981061,0.973485,0.962121,0.973485],"mean":0.972727,"std":0.006061,"ci95_lo":0.966667,"ci95_hi":0.97803},"macro_f1":{"per_fold":[0.973463,0.981034,0.973438,0.962044,0.973461],"mean":0.972688,"std":0.006078,"ci95_lo":0.966611,"ci95_hi":0.978},"latent_dim":8},"pca_10":{"accuracy":{"per_fold":[0.977273,0.992424,0.973485,0.977273,0.973485],"mean":0.978788,"std":0.007025,"ci95_lo":0.974242,"ci95_hi":0.986364},"balanced_accuracy":{"per_fold":[0.977273,0.992424,0.973485,0.977273,0.973485],"mean":0.978788,"std":0.007025,"ci95_lo":0.974242,"ci95_hi":0.985606},"macro_f1":{"per_fold":[0.977176,0.99242,0.973384,0.977217,0.973471],"mean":0.978734,"std":0.007048,"ci95_lo":0.974168,"ci95_hi":0.985582},"latent_dim":10},"pca_3":{"accuracy":{"per_fold":[0.969697,0.962121,0.965909,0.943182,0.962121],"mean":0.960606,"std":0.009154,"ci95_lo":0.952273,"ci95_hi":0.966667},"balanced_accuracy":{"per_fold":[0.969697,0.962121,0.965909,0.943182,0.962121],"mean":0.960606,"std":0.009154,"ci95_lo":0.951515,"ci95_hi":0.967424},"macro_f1":{"per_fold":[0.969575,0.962114,0.965985,0.943352,0.962547],"mean":0.960715,"std":0.009089,"ci95_lo":0.951715,"ci95_hi":0.967366},