{"scene_id":"salinas-a-corrected","topic_count":6,"n_classes":6,"n_documents":1320,"head":"LogisticRegression(max_iter=2000, C=1.0, l2)","split":"StratifiedKFold(n_splits=5, shuffle=True, random_state=42)","metric":"macro_f1 (primary), accuracy, balanced_accuracy","method_metrics":{"theta":{"accuracy":{"per_fold":[0.867424,0.871212,0.878788,0.859848,0.848485],"mean":0.865152,"std":0.010332,"ci95_lo":0.855303,"ci95_hi":0.873504},"balanced_accuracy":{"per_fold":[0.867424,0.871212,0.878788,0.859848,0.848485],"mean":0.865152,"std":0.010332,"ci95_lo":0.856818,"ci95_hi":0.874242},"macro_f1":{"per_fold":[0.845351,0.853992,0.859193,0.837826,0.814799],"mean":0.842232,"std":0.015541,"ci95_lo":0.828283,"ci95_hi":0.853891},"latent_dim":6},"beta_vae_8":{"accuracy":{"per_fold":[0.795455,0.746212,0.784091,0.765152,0.761364],"mean":0.770455,"std":0.017375,"ci95_lo":0.756042,"ci95_hi":0.786364},"balanced_accuracy":{"per_fold":[0.795455,0.746212,0.784091,0.765152,0.761364],"mean":0.770455,"std":0.017375,"ci95_lo":0.756042,"ci95_hi":0.785606},"macro_f1":{"per_fold":[0.777816,0.712448,0.762928,0.737532,0.73216],"mean":0.744577,"std":0.023142,"ci95_lo":0.725349,"ci95_hi":0.764766},"latent_dim":8},"cae_1d_8":{"accuracy":{"per_fold":[0.825758,0.806818,0.848485,0.82197,0.818182],"mean":0.824242,"std":0.013678,"ci95_lo":0.813636,"ci95_hi":0.837121},"balanced_accuracy":{"per_fold":[0.825758,0.806818,0.848485,0.82197,0.818182],"mean":0.824242,"std":0.013678,"ci95_lo":0.813636,"ci95_hi":0.837121},"macro_f1":{"per_fold":[0.817683,0.799052,0.84589,0.815338,0.810401],"mean":0.817673,"std":0.0155,"ci95_lo":0.806031,"ci95_hi":0.833151},"latent_dim":8},"cae_2d_8":{"accuracy":{"per_fold":[0.784091,0.761364,0.784091,0.75,0.765152],"mean":0.768939,"std":0.013338,"ci95_lo":0.756818,"ci95_hi":0.780303},"balanced_accuracy":{"per_fold":[0.784091,0.761364,0.784091,0.75,0.765152],"mean":0.768939,"std":0.013338,"ci95_lo":0.756061,"ci95_hi":0.780303},"macro_f1":{"per_fold":[0.752504,0.732015,0.75901,0.713939,0.728403],"mean":0.737174,"std":0.016464,"ci95_lo":0.72334,"ci95_hi":0.751009},"latent_dim":8},"cae_3d_8":{"accuracy":{"per_fold":[0.787879,0.772727,0.768939,0.768939,0.776515],"mean":0.775,"std":0.007025,"ci95_lo":0.769697,"ci95_hi":0.781818},"balanced_accuracy":{"per_fold":[0.787879,0.772727,0.768939,0.768939,0.776515],"mean":0.775,"std":0.007025,"ci95_lo":0.769697,"ci95_hi":0.781818},"macro_f1":{"per_fold":[0.761528,0.76134,0.757032,0.75888,0.758116],"mean":0.759379,"std":0.001779,"ci95_lo":0.757835,"ci95_hi":0.760923},"latent_dim":8},"dense_ae_8":{"accuracy":{"per_fold":[0.852273,0.867424,0.863636,0.863636,0.840909],"mean":0.857576,"std":0.009761,"ci95_lo":0.847727,"ci95_hi":0.865152},"balanced_accuracy":{"per_fold":[0.852273,0.867424,0.863636,0.863636,0.840909],"mean":0.857576,"std":0.009761,"ci95_lo":0.847727,"ci95_hi":0.865152},"macro_f1":{"per_fold":[0.847324,0.867449,0.859822,0.859842,0.837207],"mean":0.854329,"std":0.010723,"ci95_lo":0.845279,"ci95_hi":0.862881},"latent_dim":8},"ica_10":{"accuracy":{"per_fold":[0.992424,0.992424,0.996212,0.981061,0.988636],"mean":0.990152,"std":0.005138,"ci95_lo":0.984848,"ci95_hi":0.993939},"balanced_accuracy":{"per_fold":[0.992424,0.992424,0.996212,0.981061,0.988636],"mean":0.990152,"std":0.005138,"ci95_lo":0.984848,"ci95_hi":0.993939},"macro_f1":{"per_fold":[0.992465,0.99242,0.996212,0.981215,0.988714],"mean":0.990205,"std":0.005082,"ci95_lo":0.985697,"ci95_hi":0.993963},"latent_dim":10},"nmf_20":{"accuracy":{"per_fold":[0.958333,0.969697,0.958333,0.954545,0.973485],"mean":0.962879,"std":0.007345,"ci95_lo":0.956818,"ci95_hi":0.969697},"balanced_accuracy":{"per_fold":[0.958333,0.969697,0.958333,0.954545,0.973485],"mean":0.962879,"std":0.007345,"ci95_lo":0.956818,"ci95_hi":0.968939},"macro_f1":{"per_fold":[0.958092,0.969677,0.958341,0.954723,0.973559],"mean":0.962878,"std":0.007353,"ci95_lo":0.956794,"ci95_hi":0.969739},"latent_dim":20},"nmf_8":{"accuracy":{"per_fold":[0.973485,0.981061,0.973485,0.962121,0.973485],"mean":0.972727,"std":0.006061,"ci95_lo":0.966667,"ci95_hi":0.976515},"balanced_accuracy":{"per_fold":[0.973485,0.981061,0.973485,0.962121,0.973485],"mean":0.972727,"std":0.006061,"ci95_lo":0.966667,"ci95_hi":0.976515},"macro_f1":{"per_fold":[0.973463,0.981034,0.973438,0.962044,0.973461],"mean":0.972688,"std":0.006078,"ci95_lo":0.966611,"ci95_hi":0.978},"latent_dim":8},"pca_10":{"accuracy":{"per_fold":[0.977273,0.992424,0.973485,0.977273,0.973485],"mean":0.978788,"std":0.007025,"ci95_lo":0.974242,"ci95_hi":0.985606},"balanced_accuracy":{"per_fold":[0.977273,0.992424,0.973485,0.977273,0.973485],"mean":0.978788,"std":0.007025,"ci95_lo":0.974242,"ci95_hi":0.985606},"macro_f1":{"per_fold":[0.977176,0.99242,0.973384,0.977217,0.973471],"mean":0.978734,"std":0.007048,"ci95_lo":0.97416,"ci95_hi":0.98559},"latent_dim":10},"pca_3":{"accuracy":{"per_fold":[0.969697,0.962121,0.965909,0.943182,0.962121],"mean":0.960606,"std":0.009154,"ci95_lo":0.951515,"ci95_hi":0.966667},"balanced_accuracy":{"per_fold":[0.969697,0.962121,0.965909,0.943182,0.962121],"mean":0.960606,"std":0.009154,"ci95_lo":0.950758,"ci95_hi":0.966667},"macro_f1":{"per_fold":[0.969575,0.962114,0.965985,0.943352,0.962547],"mean":0.960715,"std":0.009089,"ci95_lo":0.951718,"ci95_hi":0.967365},"latent_dim":3},"pca_30":{"accuracy":{"per_fold":[0.977273,0.992424,0.973485,0.977273,0.973485],"mean":0.978788,"std":0.007025,"ci95_lo":0.974242,"ci95_hi":0.985606},"balanced_accuracy":{"per_fold":[0.977273,0.992424,0.973485,0.977273,0.973485],"mean":0.978788,"std":0.007025,"ci95_lo":0.974242,"ci95_hi":0.985606},"macro_f1":{"per_fold":[0.977176,0.99242,0.973384,0.977217,0.973471],"mean":0.978734,"std":0.007048,"ci95_lo":0.974168,"ci95_hi":0.986323},"latent_dim":30}},"pairwise_vs_theta_holm":[{"method":"beta_vae_8","vs":"theta","W":0.0,"p_raw":1.0,"p_holm":1.0,"cliff_delta_theta_minus_method":1.0},{"method":"cae_1d_8","vs":"theta","W":0.0,"p_raw":1.0,"p_holm":1.0,"cliff_delta_theta_minus_method":0.6},{"method":"cae_2d_8","vs":"theta","W":0.0,"p_raw":1.0,"p_holm":1.0,"cliff_delta_theta_minus_method":1.0},{"method":"cae_3d_8","vs":"theta","W":0.0,"p_raw":1.0,"p_holm":1.0,"cliff_delta_theta_minus_method":1.0},{"method":"dense_ae_8","vs":"theta","W":0.0,"p_raw":1.0,"p_holm":1.0,"cliff_delta_theta_minus_method":-0.52},{"method":"ica_10","vs":"theta","W":0.0,"p_raw":1.0,"p_holm":1.0,"cliff_delta_theta_minus_method":-1.0},{"method":"nmf_20","vs":"theta","W":0.0,"p_raw":1.0,"p_holm":1.0,"cliff_delta_theta_minus_method":-1.0},{"method":"nmf_8","vs":"theta","W":0.0,"p_raw":1.0,"p_holm":1.0,"cliff_delta_theta_minus_method":-1.0},{"method":"pca_10","vs":"theta","W":0.0,"p_raw":1.0,"p_holm":1.0,"cliff_delta_theta_minus_method":-1.0},{"method":"pca_3","vs":"theta","W":0.0,"p_raw":1.0,"p_holm":1.0,"cliff_delta_theta_minus_method":-1.0},{"method":"pca_30","vs":"theta","W":0.0,"p_raw":1.0,"p_holm":1.0,"cliff_delta_theta_minus_method":-1.0}],"ranking_by_macro_f1_mean":[{"method":"ica_10","latent_dim":10,"macro_f1_mean":0.990205,"macro_f1_ci95":[0.985697,0.993963]},{"method":"pca_10","latent_dim":10,"macro_f1_mean":0.978734,"macro_f1_ci95":[0.97416,0.98559]},{"method":"pca_30","latent_dim":30,"macro_f1_mean":0.978734,"macro_f1_ci95":[0.974168,0.986323]},{"method":"nmf_8","latent_dim":8,"macro_f1_mean":0.972688,"macro_f1_ci95":[0.966611,0.978]},{"method":"nmf_20","latent_dim":20,"macro_f1_mean":0.962878,"macro_f1_ci95":[0.956794,0.969739]},{"method":"pca_3","latent_dim":3,"macro_f1_mean":0.960715,"macro_f1_ci95":[0.951718,0.967365]},{"method":"dense_ae_8","latent_dim":8,"macro_f1_mean":0.854329,"macro_f1_ci95":[0.845279,0.862881]},{"method":"theta","latent_dim":6,"macro_f1_mean":0.842232,"macro_f1_ci95":[0.828283,0.853891]},{"method":"cae_1d_8","latent_dim":8,"macro_f1_mean":0.817673,"macro_f1_ci95":[0.806031,0.833151]},{"method":"cae_3d_8","latent_dim":8,"macro_f1_mean":0.759379,"macro_f1_ci95":[0.757835,0.760923]},{"method":"beta_vae_8","latent_dim":8,"macro_f1_mean":0.744577,