{"scene_id":"salinas-a-corrected","topic_count":6,"n_classes":6,"n_documents":1320,"head":"LogisticRegression(max_iter=2000, C=1.0, l2)","split":"StratifiedKFold(n_splits=5, shuffle=True, random_state=42)","metric":"macro_f1 (primary), accuracy, balanced_accuracy","method_metrics":{"theta":{"accuracy":{"per_fold":[0.867424,0.871212,0.878788,0.859848,0.848485],"mean":0.865152,"std":0.010332,"ci95_lo":0.855303,"ci95_hi":0.873504},"balanced_accuracy":{"per_fold":[0.867424,0.871212,0.878788,0.859848,0.848485],"mean":0.865152,"std":0.010332,"ci95_lo":0.856818,"ci95_hi":0.874242},"macro_f1":{"per_fold":[0.845351,0.853992,0.859193,0.837826,0.814799],"mean":0.842232,"std":0.015541,"ci95_lo":0.828283,"ci95_hi":0.853891},"latent_dim":6},"dense_ae_8":{"accuracy":{"per_fold":[0.852273,0.867424,0.863636,0.863636,0.840909],"mean":0.857576,"std":0.009761,"ci95_lo":0.848485,"ci95_hi":0.865152},"balanced_accuracy":{"per_fold":[0.852273,0.867424,0.863636,0.863636,0.840909],"mean":0.857576,"std":0.009761,"ci95_lo":0.849962,"ci95_hi":0.865152},"macro_f1":{"per_fold":[0.847324,0.867449,0.859822,0.859842,0.837207],"mean":0.854329,"std":0.010723,"ci95_lo":0.845279,"ci95_hi":0.862877},"latent_dim":8},"ica_10":{"accuracy":{"per_fold":[0.992424,0.992424,0.996212,0.981061,0.988636],"mean":0.990152,"std":0.005138,"ci95_lo":0.985606,"ci95_hi":0.993939},"balanced_accuracy":{"per_fold":[0.992424,0.992424,0.996212,0.981061,0.988636],"mean":0.990152,"std":0.005138,"ci95_lo":0.985606,"ci95_hi":0.993939},"macro_f1":{"per_fold":[0.992465,0.99242,0.996212,0.981215,0.988714],"mean":0.990205,"std":0.005082,"ci95_lo":0.985706,"ci95_hi":0.993955},"latent_dim":10},"nmf_20":{"accuracy":{"per_fold":[0.958333,0.969697,0.958333,0.954545,0.973485],"mean":0.962879,"std":0.007345,"ci95_lo":0.956818,"ci95_hi":0.969697},"balanced_accuracy":{"per_fold":[0.958333,0.969697,0.958333,0.954545,0.973485],"mean":0.962879,"std":0.007345,"ci95_lo":0.956818,"ci95_hi":0.969697},"macro_f1":{"per_fold":[0.958092,0.969677,0.958341,0.954723,0.973559],"mean":0.962878,"std":0.007353,"ci95_lo":0.956794,"ci95_hi":0.969689},"latent_dim":20},"nmf_8":{"accuracy":{"per_fold":[0.973485,0.981061,0.973485,0.962121,0.973485],"mean":0.972727,"std":0.006061,"ci95_lo":0.966667,"ci95_hi":0.97803},"balanced_accuracy":{"per_fold":[0.973485,0.981061,0.973485,0.962121,0.973485],"mean":0.972727,"std":0.006061,"ci95_lo":0.968182,"ci95_hi":0.97803},"macro_f1":{"per_fold":[0.973463,0.981034,0.973438,0.962044,0.973461],"mean":0.972688,"std":0.006078,"ci95_lo":0.966611,"ci95_hi":0.977996},"latent_dim":8},"pca_10":{"accuracy":{"per_fold":[0.977273,0.992424,0.973485,0.977273,0.973485],"mean":0.978788,"std":0.007025,"ci95_lo":0.974242,"ci95_hi":0.985606},"balanced_accuracy":{"per_fold":[0.977273,0.992424,0.973485,0.977273,0.973485],"mean":0.978788,"std":0.007025,"ci95_lo":0.974242,"ci95_hi":0.985606},"macro_f1":{"per_fold":[0.977176,0.99242,0.973384,0.977217,0.973471],"mean":0.978734,"std":0.007048,"ci95_lo":0.974177,"ci95_hi":0.985582},"latent_dim":10},"pca_3":{"accuracy":{"per_fold":[0.969697,0.962121,0.965909,0.943182,0.962121],"mean":0.960606,"std":0.009154,"ci95_lo":0.952273,"ci95_hi":0.966667},"balanced_accuracy":{"per_fold":[0.969697,0.962121,0.965909,0.943182,0.962121],"mean":0.960606,"std":0.009154,"ci95_lo":0.951515,"ci95_hi":0.966667},"macro_f1":{"per_fold":[0.969575,0.962114,0.965985,0.943352,0.962547],"mean":0.960715,"std":0.009089,"ci95_lo":0.951715,"ci95_hi":0.967365},"latent_dim":3},"pca_30":{"accuracy":{"per_fold":[0.977273,0.992424,0.973485,0.977273,0.973485],"mean":0.978788,"std":0.007025,"ci95_lo":0.974242,"ci95_hi":0.985606},"balanced_accuracy":{"per_fold":[0.977273,0.992424,0.973485,0.977273,0.973485],"mean":0.978788,"std":0.007025,"ci95_lo":0.974242,"ci95_hi":0.985606},"macro_f1":{"per_fold":[0.977176,0.99242,0.973384,0.977217,0.973471],"mean":0.978734,"std":0.007048,"ci95_lo":0.974177,"ci95_hi":0.985582},"latent_dim":30}},"pairwise_vs_theta_holm":[{"method":"dense_ae_8","vs":"theta","W":0.0,"p_raw":1.0,"p_holm":1.0,"cliff_delta_theta_minus_method":-0.52},{"method":"ica_10","vs":"theta","W":0.0,"p_raw":1.0,"p_holm":1.0,"cliff_delta_theta_minus_method":-1.0},{"method":"nmf_20","vs":"theta","W":0.0,"p_raw":1.0,"p_holm":1.0,"cliff_delta_theta_minus_method":-1.0},{"method":"nmf_8","vs":"theta","W":0.0,"p_raw":1.0,"p_holm":1.0,"cliff_delta_theta_minus_method":-1.0},{"method":"pca_10","vs":"theta","W":0.0,"p_raw":1.0,"p_holm":1.0,"cliff_delta_theta_minus_method":-1.0},{"method":"pca_3","vs":"theta","W":0.0,"p_raw":1.0,"p_holm":1.0,"cliff_delta_theta_minus_method":-1.0},{"method":"pca_30","vs":"theta","W":0.0,"p_raw":1.0,"p_holm":1.0,"cliff_delta_theta_minus_method":-1.0}],"ranking_by_macro_f1_mean":[{"method":"ica_10","latent_dim":10,"macro_f1_mean":0.990205,"macro_f1_ci95":[0.985706,0.993955]},{"method":"pca_10","latent_dim":10,"macro_f1_mean":0.978734,"macro_f1_ci95":[0.974177,0.985582]},{"method":"pca_30","latent_dim":30,"macro_f1_mean":0.978734,"macro_f1_ci95":[0.974177,0.985582]},{"method":"nmf_8","latent_dim":8,"macro_f1_mean":0.972688,"macro_f1_ci95":[0.966611,0.977996]},{"method":"nmf_20","latent_dim":20,"macro_f1_mean":0.962878,"macro_f1_ci95":[0.956794,0.969689]},{"method":"pca_3","latent_dim":3,"macro_f1_mean":0.960715,"macro_f1_ci95":[0.951715,0.967365]},{"method":"dense_ae_8","latent_dim":8,"macro_f1_mean":0.854329,"macro_f1_ci95":[0.845279,0.862877]},{"method":"theta","latent_dim":6,"macro_f1_mean":0.842232,"macro_f1_ci95":[0.828283,0.853891]}],"framework_axis":"B-1 (master plan Addendum B): linear probe panel \u2014 theta vs other K-dim compressions, the fair-baseline argument","generated_at":"2026-05-03T18:22:09Z","builder_version":"build_linear_probe_panel v0.1"}