{"scene_id":"salinas-a-corrected","topic_count":6,"n_classes":6,"n_documents":1320,"head":"LogisticRegression(max_iter=2000, C=1.0, l2)","split":"StratifiedKFold(n_splits=5, shuffle=True, random_state=42)","metric":"macro_f1 (primary), accuracy, balanced_accuracy","method_metrics":{"theta":{"accuracy":{"per_fold":[0.867424,0.871212,0.878788,0.859848,0.848485],"mean":0.865152,"std":0.010332,"ci95_lo":0.855303,"ci95_hi":0.873504},"balanced_accuracy":{"per_fold":[0.867424,0.871212,0.878788,0.859848,0.848485],"mean":0.865152,"std":0.010332,"ci95_lo":0.856818,"ci95_hi":0.874242},"macro_f1":{"per_fold":[0.845351,0.853992,0.859193,0.837826,0.814799],"mean":0.842232,"std":0.015541,"ci95_lo":0.828283,"ci95_hi":0.853891},"latent_dim":6},"beta_vae_16":{"accuracy":{"per_fold":[0.784091,0.746212,0.776515,0.768939,0.757576],"mean":0.766667,"std":0.013467,"ci95_lo":0.754545,"ci95_hi":0.77803},"balanced_accuracy":{"per_fold":[0.784091,0.746212,0.776515,0.768939,0.757576],"mean":0.766667,"std":0.013467,"ci95_lo":0.754545,"ci95_hi":0.77803},"macro_f1":{"per_fold":[0.75847,0.705828,0.751828,0.740484,0.724632],"mean":0.736248,"std":0.019052,"ci95_lo":0.718789,"ci95_hi":0.751286},"latent_dim":16},"beta_vae_32":{"accuracy":{"per_fold":[0.787879,0.746212,0.776515,0.768939,0.757576],"mean":0.767424,"std":0.014493,"ci95_lo":0.754545,"ci95_hi":0.779545},"balanced_accuracy":{"per_fold":[0.787879,0.746212,0.776515,0.768939,0.757576],"mean":0.767424,"std":0.014493,"ci95_lo":0.754545,"ci95_hi":0.780303},"macro_f1":{"per_fold":[0.767043,0.708302,0.754772,0.740484,0.724072],"mean":0.738935,"std":0.020988,"ci95_lo":0.721047,"ci95_hi":0.756823},"latent_dim":32},"beta_vae_4":{"accuracy":{"per_fold":[0.784091,0.731061,0.776515,0.768939,0.746212],"mean":0.761364,"std":0.019755,"ci95_lo":0.744659,"ci95_hi":0.77803},"balanced_accuracy":{"per_fold":[0.784091,0.731061,0.776515,0.768939,0.746212],"mean":0.761364,"std":0.019755,"ci95_lo":0.743182,"ci95_hi":0.77803},"macro_f1":{"per_fold":[0.75847,0.682969,0.75483,0.740484,0.709966],"mean":0.729344,"std":0.028803,"ci95_lo":0.702741,"ci95_hi":0.752689},"latent_dim":4},"beta_vae_8":{"accuracy":{"per_fold":[0.795455,0.746212,0.784091,0.765152,0.761364],"mean":0.770455,"std":0.017375,"ci95_lo":0.756061,"ci95_hi":0.786364},"balanced_accuracy":{"per_fold":[0.795455,0.746212,0.784091,0.765152,0.761364],"mean":0.770455,"std":0.017375,"ci95_lo":0.756061,"ci95_hi":0.784848},"macro_f1":{"per_fold":[0.777816,0.712448,0.762928,0.737532,0.73216],"mean":0.744577,"std":0.023142,"ci95_lo":0.725349,"ci95_hi":0.764742},"latent_dim":8},"beta_vae_b16_8":{"accuracy":{"per_fold":[0.337121,0.340909,0.356061,0.356061,0.348485],"mean":0.347727,"std":0.007726,"ci95_lo":0.340909,"ci95_hi":0.354545},"balanced_accuracy":{"per_fold":[0.337121,0.340909,0.356061,0.356061,0.348485],"mean":0.347727,"std":0.007726,"ci95_lo":0.340909,"ci95_hi":0.354545},"macro_f1":{"per_fold":[0.182017,0.191813,0.221098,0.217754,0.203613],"mean":0.203259,"std":0.014904,"ci95_lo":0.190254,"ci95_hi":0.215595},"latent_dim":8},"beta_vae_b1_8":{"accuracy":{"per_fold":[0.723485,0.723485,0.727273,0.75,0.723485],"mean":0.729545,"std":0.010332,"ci95_lo":0.723485,"ci95_hi":0.739394},"balanced_accuracy":{"per_fold":[0.723485,0.723485,0.727273,0.75,0.723485],"mean":0.729545,"std":0.010332,"ci95_lo":0.723485,"ci95_hi":0.740152},"macro_f1":{"per_fold":[0.67974,0.67648,0.687243,0.717774,0.680572],"mean":0.688362,"std":0.015116,"ci95_lo":0.678769,"ci95_hi":0.704061},"latent_dim":8},"beta_vae_b2_8":{"accuracy":{"per_fold":[0.787879,0.746212,0.776515,0.768939,0.753788],"mean":0.766667,"std":0.015076,"ci95_lo":0.753788,"ci95_hi":0.779545},"balanced_accuracy":{"per_fold":[0.787879,0.746212,0.776515,0.768939,0.753788],"mean":0.766667,"std":0.015076,"ci95_lo":0.753788,"ci95_hi":0.780303},"macro_f1":{"per_fold":[0.767043,0.708302,0.754772,0.740484,0.72063],"mean":0.738246,"std":0.021514,"ci95_lo":0.71967,"ci95_hi":0.756823},"latent_dim":8},"beta_vae_b8_8":{"accuracy":{"per_fold":[0.454545,0.450758,0.462121,0.454545,0.454545],"mean":0.455303,"std":0.003711,"ci95_lo":0.452273,"ci95_hi":0.459091},"balanced_accuracy":{"per_fold":[0.454545,0.450758,0.462121,0.454545,0.454545],"mean":0.455303,"std":0.003711,"ci95_lo":0.452273,"ci95_hi":0.459091},"macro_f1":{"per_fold":[0.334192,0.345137,0.353935,0.343469,0.33773],"mean":0.342893,"std":0.006777,"ci95_lo":0.337089,"ci95_hi":0.348663},"latent_dim":8},"cae_1d_16":{"accuracy":{"per_fold":[0.890152,0.886364,0.893939,0.886364,0.875],"mean":0.886364,"std":0.006338,"ci95_lo":0.880303,"ci95_hi":0.891667},"balanced_accuracy":{"per_fold":[0.890152,0.886364,0.893939,0.886364,0.875],"mean":0.886364,"std":0.006338,"ci95_lo":0.880303,"ci95_hi":0.890909},"macro_f1":{"per_fold":[0.887837,0.885227,0.893072,0.882576,0.87378],"mean":0.884498,"std":0.006384,"ci95_lo":0.878358,"ci95_hi":0.889409},"latent_dim":16},"cae_1d_32":{"accuracy":{"per_fold":[0.920455,0.935606,0.92803,0.901515,0.935606],"mean":0.924242,"std":0.012677,"ci95_lo":0.912121,"ci95_hi":0.934091},"balanced_accuracy":{"per_fold":[0.920455,0.935606,0.92803,0.901515,0.935606],"mean":0.924242,"std":0.012677,"ci95_lo":0.912121,"ci95_hi":0.934091},"macro_f1":{"per_fold":[0.918776,0.93363,0.927939,0.898323,0.935865],"mean":0.922907,"std":0.013636,"ci95_lo":0.909922,"ci95_hi":0.932939},"latent_dim":32},"cae_1d_4":{"accuracy":{"per_fold":[0.799242,0.784091,0.791667,0.799242,0.780303],"mean":0.790909,"std":0.007726,"ci95_lo":0.78483,"ci95_hi":0.797727},"balanced_accuracy":{"per_fold":[0.799242,0.784091,0.791667,0.799242,0.780303],"mean":0.790909,"std":0.007726,"ci95_lo":0.784848,"ci95_hi":0.797727},"macro_f1":{"per_fold":[0.785421,0.76942,0.777024,0.788312,0.759332],"mean":0.775902,"std":0.010606,"ci95_lo":0.766906,"ci95_hi":0.78432},"latent_dim":4},"cae_1d_8":{"accuracy":{"per_fold":[0.825758,0.806818,0.848485,0.82197,0.818182],"mean":0.824242,"std":0.013678,"ci95_lo":0.812879,"ci95_hi":0.83714},"balanced_accuracy":{"per_fold":[0.825758,0.806818,0.848485,0.82197,0.818182],"mean":0.824242,"std":0.013678,"ci95_lo":0.813636,"ci95_hi":0.837879},"macro_f1":{"per_fold":[0.817683,0.799052,0.84589,0.815338,0.810401],"mean":0.817673,"std":0.0155,"ci95_lo":0.806504,"ci95_hi":0.833669},"latent_dim":8},"cae_2d_16":{"accuracy":{"per_fold":[0.780303,0.784091,0.768939,0.765152,0.787879],"mean":0.777273,"std":0.00877,"ci95_lo":0.769697,"ci95_hi":0.784848},"balanced_accuracy":{"per_fold":[0.780303,0.784091,0.768939,0.765152,0.787879],"mean":0.777273,"std":0.00877,"ci95_lo":0.769697,"ci95_hi":0.784848},"macro_f1":{"per_fold":[0.746879,0.759065,0.739528,0.736919,0.750017],"mean":0.746482,"std":0.007884,"ci95_lo":0.740061,"ci95_hi":0.753348},"latent_dim":16},"cae_2d_32":{"accuracy":{"per_fold":[0.80303,0.80303,0.799242,0.799242,0.814394],"mean":0.803788,"std":0.005567,"ci95_lo":0.8,"ci95_hi":0.809091},"balanced_accuracy":{"per_fold":[0.80303,0.80303,0.799242,0.799242,0.814394],"mean":0.803788,"std":0.005567,"ci95_lo":0.8,"ci95_hi":0.809091},"macro_f1":{"per_fold":[0.773088,0.782846,0.776388,0.778761,0.784228],"mean":0.779062,"std":0.004097,"ci95_lo":0.775357,"ci95_hi":0.782305},"latent_dim":32},"cae_2d_4":{"accuracy":{"per_fold":[0.734848,0.712121,0.708333,0.666667,0.681818],"mean":0.700758,"std":0.023957,"ci95_lo":0.678788,"ci95_hi":0.721288},"balanced_accuracy":{"per_fold":[0.734848,0.712121,0.708333,0.666667,0.681818],"mean":0.700758,"std":0.023957,"ci95_lo":0.681799,"ci95_hi":0.721212},"macro_f1":{"per_fold":[0.708342,0.68328,0.670221,0.624093,0.640977],"mean":0.665383,"std":0.029966,"ci95_lo":0.639307,"ci95_hi":0.693099},"latent_dim":4},"cae_2d_8":{"accuracy":{"per_fold":[0.784091,0.761364,0.784091,0.75,0.765152],"mean":0.768939,"std":0.013338,"ci95_lo":0.757576,"ci95_hi":0.780303},"balanced_accuracy":{"per_fold":[0.784091,0.761364,0.784091,0.75,0.765152],"mean":0.768939,"std":0.013338,"ci95_lo":0.757576,"ci95_hi":0.780303},"macro_f1":{"per_fold":[0.752504,0.732015,0.75901,0.713939,0.728403],"mean":0.737174,"std":0.016464,"ci95_lo":0.72334,