{"scene_id":"indian-pines-corrected","mask_id":"swir","mask_label":"SWIR-only (1100-2500 nm)","mask_description":"Shortwave-infrared bands only. Removes VNIR signal so topics can only express mineral / moisture absorption regions.","spatial_shape":[145,145],"topic_count":12,"document_count":2812,"vocabulary_size":133,"n_bands_full":200,"n_bands_kept":133,"kept_band_indices":[67,68,69,70,71,72,73,74,75,76,77,78,79,80,81,82,83,84,85,86,87,88,89,90,91,92,93,94,95,96,97,98,99,100,101,102,103,104,105,106,107,108,109,110,111,112,113,114,115,116,117,118,119,120,121,122,123,124,125,126,127,128,129,130,131,132,133,134,135,136,137,138,139,140,141,142,143,144,145,146,147,148,149,150,151,152,153,154,155,156,157,158,159,160,161,162,163,164,165,166,167,168,169,170,171,172,173,174,175,176,177,178,179,180,181,182,183,184,185,186,187,188,189,190,191,192,193,194,195,196,197,198,199],"wavelengths_nm_kept_first_last":[1107.03515625,2500.0],"wavelengths_nm_kept":[1107.04,1117.59,1128.14,1138.69,1149.25,1159.8,1170.35,1180.9,1191.46,1202.01,1212.56,1223.12,1233.67,1244.22,1254.77,1265.33,1275.88,1286.43,1296.98,1307.54,1318.09,1328.64,1339.2,1349.75,1360.3,1370.85,1381.41,1391.96,1402.51,1413.07,1423.62,1434.17,1444.72,1455.28,1465.83,1476.38,1486.93,1497.49,1508.04,1518.59,1529.15,1539.7,1550.25,1560.8,1571.36,1581.91,1592.46,1603.02,1613.57,1624.12,1634.67,1645.23,1655.78,1666.33,1676.88,1687.44,1697.99,1708.54,1719.1,1729.65,1740.2,1750.75,1761.31,1771.86,1782.41,1792.96,1803.52,1814.07,1824.62,1835.18,1845.73,1856.28,1866.83,1877.39,1887.94,1898.49,1909.05,1919.6,1930.15,1940.7,1951.26,1961.81,1972.36,1982.91,1993.47,2004.02,2014.57,2025.13,2035.68,2046.23,2056.78,2067.34,2077.89,2088.44,2098.99,2109.55,2120.1,2130.65,2141.21,2151.76,2162.31,2172.86,2183.42,2193.97,2204.52,2215.08,2225.63,2236.18,2246.73,2257.29,2267.84,2278.39,2288.94,2299.5,2310.05,2320.6,2331.16,2341.71,2352.26,2362.81,2373.37,2383.92,2394.47,2405.03,2415.58,2426.13,2436.68,2447.24,2457.79,2468.34,2478.89,2489.45,2500.0],"topic_prevalence":[0.061657,0.063159,0.060003,0.06921,0.066762,0.059616,0.062271,0.079299,0.058154,0.279663,0.066597,0.073608],"topic_distance_cosine":[[0.0,0.03048,0.023201,0.02382,0.025688,0.026284,0.048036,0.108187,0.030066,0.328863,0.02105,0.07607],[0.03048,0.0,0.02574,0.028158,0.026606,0.036472,0.05293,0.117057,0.043242,0.34569,0.025449,0.07173],[0.023201,0.02574,0.0,0.03095,0.028121,0.030958,0.045073,0.098804,0.035788,0.320039,0.030547,0.064517],[0.02382,0.028158,0.03095,0.0,0.02251,0.030851,0.061765,0.143949,0.051232,0.369985,0.022848,0.089537],[0.025688,0.026606,0.028121,0.02251,0.0,0.029153,0.06145,0.133848,0.046851,0.355105,0.028611,0.074723],[0.026284,0.036472,0.030958,0.030851,0.029153,0.0,0.040973,0.095367,0.033687,0.303149,0.037331,0.058412],[0.048036,0.05293,0.045073,0.061765,0.06145,0.040973,0.0,0.067216,0.030384,0.248163,0.065731,0.059304],[0.108187,0.117057,0.098804,0.143949,0.133848,0.095367,0.067216,0.0,0.059739,0.123776,0.137766,0.065673],[0.030066,0.043242,0.035788,0.051232,0.046851,0.033687,0.030384,0.059739,0.0,0.257002,0.046182,0.055807],[0.328863,0.34569,0.320039,0.369985,0.355105,0.303149,0.248163,0.123776,0.257002,0.0,0.374162,0.211548],[0.02105,0.025449,0.030547,0.022848,0.028611,0.037331,0.065731,0.137766,0.046182,0.374162,0.0,0.07972],[0.07607,0.07173,0.064517,0.089537,0.074723,0.058412,0.059304,0.065673,0.055807,0.211548,0.07972,0.0]],"top_words_per_topic_lambda_05":[["2468nm","2236nm","1867nm","1962nm","1835nm","1540nm","2120nm","2426nm","1582nm","1888nm","1687nm","2416nm","2173nm","1466nm","2131nm"],["2099nm","2025nm","2183nm","2141nm","1719nm","2405nm","2321nm","2046nm","2289nm","2352nm","2205nm","2331nm","1730nm","1308nm","2363nm"],["1898nm","1635nm","2025nm","1666nm","2173nm","2289nm","2331nm","1434nm","1877nm","1951nm","1540nm","1846nm","2120nm","2405nm","1835nm"],["2278nm","2458nm","2479nm","2110nm","2447nm","2310nm","2363nm","2099nm","2004nm","2162nm","2342nm","2373nm","1867nm","1930nm","2331nm"],["2373nm","1941nm","2416nm","2331nm","2226nm","2268nm","1856nm","1635nm","1930nm","2363nm","2152nm","2247nm","1371nm","2352nm","1782nm"],["1571nm","2447nm","1687nm","1793nm","1466nm","1487nm","1909nm","1381nm","1846nm","1592nm","1709nm","1761nm","2015nm","2215nm","2141nm"],["1730nm","1276nm","1740nm","1497nm","1751nm","1466nm","1709nm","1265nm","1656nm","1877nm","1244nm","1814nm","1772nm","1571nm","1413nm"],["1255nm","1329nm","1392nm","1445nm","1424nm","1455nm","1360nm","1476nm","1434nm","1244nm","1371nm","1339nm","1466nm","1234nm","1698nm"],["1455nm","1424nm","1603nm","1445nm","1614nm","1371nm","1804nm","1635nm","1751nm","1814nm","1782nm","1772nm","1793nm","1730nm","1761nm"],["1371nm","1392nm","1202nm","1223nm","1234nm","1213nm","1255nm","1170nm","1160nm","1139nm","1149nm","1360nm","1403nm","1118nm","1413nm"],["2036nm","2437nm","1962nm","2247nm","2310nm","2215nm","2394nm","2067nm","2289nm","2489nm","1888nm","1835nm","1656nm","2299nm","2257nm"],["1318nm","1339nm","1350nm","1487nm","1920nm","1308nm","1381nm","2500nm","1286nm","1740nm","1392nm","1329nm","1403nm","1898nm","1856nm"]],"p_label_given_topic_dominant":[[{"label_id":1,"name":"Alfalfa","count":0,"p":0.0},{"label_id":2,"name":"Corn-notill","count":18,"p":0.3157894736842105},{"label_id":3,"name":"Corn-mintill","count":17,"p":0.2982456140350877},{"label_id":4,"name":"Corn","count":3,"p":0.05263157894736842},{"label_id":5,"name":"Grass-pasture","count":0,"p":0.0},{"label_id":6,"name":"Grass-trees","count":0,"p":0.0},{"label_id":7,"name":"Grass-pasture-mowed","count":0,"p":0.0},{"label_id":8,"name":"Hay-windrowed","count":0,"p":0.0},{"label_id":9,"name":"Oats","count":0,"p":0.0},{"label_id":10,"name":"Soybean-notill","count":7,"p":0.12280701754385964},{"label_id":11,"name":"Soybean-mintill","count":9,"p":0.15789473684210525},{"label_id":12,"name":"Soybean-clean","count":3,"p":0.05263157894736842},{"label_id":13,"name":"Wheat","count":0,"p":0.0},{"label_id":14,"name":"Woods","count":0,"p":0.0},{"label_id":15,"name":"Buildings-Grass-Trees-Drives","count":0,"p":0.0},{"label_id":16,"name":"Stone-Steel-Towers","count":0,"p":0.0}],[{"label_id":1,"name":"Alfalfa","count":0,"p":0.0},{"label_id":2,"name":"Corn-notill","count":9,"p":0.1323529411764706},{"label_id":3,"name":"Corn-mintill","count":6,"p":0.08823529411764706},{"label_id":4,"name":"Corn","count":15,"p":0.22058823529411764},{"label_id":5,"name":"Grass-pasture","count":0,"p":0.0},{"label_id":6,"name":"Grass-trees","count":0,"p":0.0},{"label_id":7,"name":"Grass-pasture-mowed","count":0,"p":0.0},{"label_id":8,"name":"Hay-windrowed","count":0,"p":0.0},{"label_id":9,"name":"Oats","count":0,"p":0.0},{"label_id":10,"name":"Soybean-notill","count":11,"p":0.16176470588235295},{"label_id":11,"name":"Soybean-mintill","count":12,"p":0.17647058823529413},{"label_id":12,"name":"Soybean-clean","count":13,"p":0.19117647058823528},{"label_id":13,"name":"Wheat","count":0,"p":0.0},{"label_id":14,"name":"Woods","count":0,"p":0.0},{"label_id":15,"name":"Buildings-Grass-Trees-Drives","count":0,"p":0.0},{"label_id":16,"name":"Stone-Steel-Towers","count":2,"p":0.029411764705882353}],[{"label_id":1,"name":"Alfalfa","count":0,"p":0.0},{"label_id":2,"name":"Corn-notill","count":8,"p":0.6666666666666666},{"label_id":3,"name":"Corn-mintill","count":1,"p":0.08333333333333333},{"label_id":4,"name":"Corn","count":1,"p":0.08333333333333333},{"label_id":5,"name":"Grass-pasture","count":0,"p":0.0},{"label_id":6,"name":"Grass-trees","count":0,"p":0.0},{"label_id":7,"name":"Grass-pasture-mowed","count":0,"p":0.0},{"label_id":8,"name":"Hay-windrowed","count":0,"p":0.0},{"label_id":9,"name":"Oats","count":0,"p":0.0},{"label_id":10,"name":"Soybean-notill","count":1,"p":0.08333333333333333},{"label_id":11,"name":"Soybean-mintill","count":0,"p":0.0},{"label_id":12,"name":"Soybean-clean","count":0,"p":0.0},{"label_id":13,"name":"Wheat","count":0,"p":0.0},{"label_id":14,"name":"Woods","count":0,"p":0.0},{"label_id":15,"name":"Buildings-Grass-Trees-Drives","count":0,