{"scene_id":"botswana","K":12,"n_classes":14,"n_documents":2775,"head":"LogisticRegression(max_iter=2000, C=1.0, l2)","split":"StratifiedKFold(n_splits=5, shuffle=True, random_state=42)","method_metrics":{"raw_logistic":{"macro_f1":{"per_fold":[0.954931,0.959258,0.964835,0.970621,0.961987],"mean":0.962327,"std":0.005278,"ci95_lo":0.957777,"ci95_hi":0.967168},"accuracy":{"per_fold":[0.953153,0.956757,0.965766,0.969369,0.962162],"mean":0.961441,"std":0.005877,"ci95_lo":0.956396,"ci95_hi":0.966486},"balanced_accuracy":{"per_fold":[0.954198,0.960242,0.965216,0.969906,0.961023],"mean":0.962117,"std":0.005248,"ci95_lo":0.957611,"ci95_hi":0.967035}},"pca_12_logistic":{"macro_f1":{"per_fold":[0.932535,0.938157,0.943803,0.946879,0.937974],"mean":0.93987,"std":0.004999,"ci95_lo":0.935835,"ci95_hi":0.943904},"accuracy":{"per_fold":[0.931532,0.936937,0.942342,0.945946,0.936937],"mean":0.938739,"std":0.004967,"ci95_lo":0.934775,"ci95_hi":0.943063},"balanced_accuracy":{"per_fold":[0.932256,0.942024,0.944504,0.945788,0.93966],"mean":0.940847,"std":0.004783,"ci95_lo":0.936187,"ci95_hi":0.944562}},"theta_concat_pca_12_logistic":{"macro_f1":{"per_fold":[0.934216,0.939817,0.936078,0.949771,0.944244],"mean":0.940825,"std":0.005638,"ci95_lo":0.936218,"ci95_hi":0.945927},"accuracy":{"per_fold":[0.933333,0.938739,0.936937,0.947748,0.942342],"mean":0.93982,"std":0.004915,"ci95_lo":0.935856,"ci95_hi":0.944505},"balanced_accuracy":{"per_fold":[0.93388,0.943647,0.937498,0.949547,0.944531],"mean":0.941821,"std":0.005516,"ci95_lo":0.937281,"ci95_hi":0.946365}},"theta_logistic":{"macro_f1":{"per_fold":[0.560024,0.55223,0.575111,0.542373,0.581267],"mean":0.562201,"std":0.014335,"ci95_lo":0.549434,"ci95_hi":0.574229},"accuracy":{"per_fold":[0.601802,0.621622,0.630631,0.609009,0.636036],"mean":0.61982,"std":0.012842,"ci95_lo":0.608649,"ci95_hi":0.630991},"balanced_accuracy":{"per_fold":[0.565761,0.577597,0.589569,0.569147,0.610298],"mean":0.582474,"std":0.016157,"ci95_lo":0.57016,"ci95_hi":0.597922}}},"concat_vs_pca":{"concat_method":"theta_concat_pca_12_logistic","pca_method":"pca_12_logistic","macro_f1_diff_mean_concat_minus_pca":0.000955,"wilcoxon_W":0.0,"wilcoxon_p_two_sided":1.0,"cliff_delta_concat_minus_pca":0.12},"ranking_by_macro_f1_mean":[{"method":"raw_logistic","macro_f1_mean":0.962327,"macro_f1_ci95":[0.957777,0.967168]},{"method":"theta_concat_pca_12_logistic","macro_f1_mean":0.940825,"macro_f1_ci95":[0.936218,0.945927]},{"method":"pca_12_logistic","macro_f1_mean":0.93987,"macro_f1_ci95":[0.935835,0.943904]},{"method":"theta_logistic","macro_f1_mean":0.562201,"macro_f1_ci95":[0.549434,0.574229]}],"framework_axis":"B-5 (master plan Addendum B Axis C-3): does theta add signal beyond PCA at the same K? \u2014 embedded concat readout","generated_at":"2026-05-03T20:10:58Z","builder_version":"build_embedded_baseline v0.1"}