{"scene_id":"indian-pines-corrected","K":12,"n_classes":16,"n_documents":2812,"head":"LogisticRegression(max_iter=2000, C=1.0, l2)","split":"StratifiedKFold(n_splits=5, shuffle=True, random_state=42)","method_metrics":{"raw_logistic":{"macro_f1":{"per_fold":[0.791008,0.861797,0.838799,0.843076,0.831114],"mean":0.833159,"std":0.023372,"ci95_lo":0.810124,"ci95_hi":0.851916},"accuracy":{"per_fold":[0.801066,0.849023,0.825623,0.83452,0.827402],"mean":0.827527,"std":0.015587,"ci95_lo":0.813024,"ci95_hi":0.840019},"balanced_accuracy":{"per_fold":[0.784898,0.859325,0.821023,0.846013,0.845612],"mean":0.831374,"std":0.026327,"ci95_lo":0.804346,"ci95_hi":0.851338}},"pca_12_logistic":{"macro_f1":{"per_fold":[0.658468,0.665973,0.633624,0.641236,0.657195],"mean":0.651299,"std":0.01196,"ci95_lo":0.640115,"ci95_hi":0.661215},"accuracy":{"per_fold":[0.648313,0.64476,0.656584,0.642349,0.63879],"mean":0.646159,"std":0.006068,"ci95_lo":0.641408,"ci95_hi":0.651627},"balanced_accuracy":{"per_fold":[0.652872,0.657774,0.630997,0.648412,0.675316],"mean":0.653074,"std":0.014324,"ci95_lo":0.639861,"ci95_hi":0.666427}},"theta_concat_pca_12_logistic":{"macro_f1":{"per_fold":[0.650542,0.708148,0.649671,0.687163,0.649649],"mean":0.669035,"std":0.024295,"ci95_lo":0.649841,"ci95_hi":0.692251},"accuracy":{"per_fold":[0.630551,0.687389,0.66726,0.688612,0.633452],"mean":0.661453,"std":0.025231,"ci95_lo":0.639619,"ci95_hi":0.680153},"balanced_accuracy":{"per_fold":[0.643497,0.700861,0.648516,0.692816,0.671054],"mean":0.671349,"std":0.02293,"ci95_lo":0.65202,"ci95_hi":0.691682}},"theta_logistic":{"macro_f1":{"per_fold":[0.358279,0.373504,0.381106,0.353875,0.373872],"mean":0.368128,"std":0.0103,"ci95_lo":0.359322,"ci95_hi":0.376692},"accuracy":{"per_fold":[0.460036,0.483126,0.496441,0.459075,0.489324],"mean":0.4776,"std":0.015328,"ci95_lo":0.464265,"ci95_hi":0.490931},"balanced_accuracy":{"per_fold":[0.39791,0.418141,0.435032,0.400892,0.426452],"mean":0.415685,"std":0.01436,"ci95_lo":0.403742,"ci95_hi":0.428204}}},"concat_vs_pca":{"concat_method":"theta_concat_pca_12_logistic","pca_method":"pca_12_logistic","macro_f1_diff_mean_concat_minus_pca":0.017736,"wilcoxon_W":0.0,"wilcoxon_p_two_sided":1.0,"cliff_delta_concat_minus_pca":0.28},"ranking_by_macro_f1_mean":[{"method":"raw_logistic","macro_f1_mean":0.833159,"macro_f1_ci95":[0.810124,0.851916]},{"method":"theta_concat_pca_12_logistic","macro_f1_mean":0.669035,"macro_f1_ci95":[0.649841,0.692251]},{"method":"pca_12_logistic","macro_f1_mean":0.651299,"macro_f1_ci95":[0.640115,0.661215]},{"method":"theta_logistic","macro_f1_mean":0.368128,"macro_f1_ci95":[0.359322,0.376692]}],"framework_axis":"B-5 (master plan Addendum B Axis C-3): does theta add signal beyond PCA at the same K? \u2014 embedded concat readout","generated_at":"2026-05-03T19:45:07Z","builder_version":"build_embedded_baseline v0.1"}