{"scene_id":"kennedy-space-center","K":12,"n_classes":13,"n_documents":2686,"head":"LogisticRegression(max_iter=2000, C=1.0, l2)","split":"StratifiedKFold(n_splits=5, shuffle=True, random_state=42)","method_metrics":{"raw_logistic":{"macro_f1":{"per_fold":[0.90798,0.918548,0.901903,0.926174,0.915092],"mean":0.91394,"std":0.008398,"ci95_lo":0.90675,"ci95_hi":0.92101},"accuracy":{"per_fold":[0.910781,0.92365,0.905028,0.929236,0.918063],"mean":0.917352,"std":0.008677,"ci95_lo":0.909903,"ci95_hi":0.924767},"balanced_accuracy":{"per_fold":[0.907759,0.918592,0.901713,0.929685,0.915366],"mean":0.914623,"std":0.00956,"ci95_lo":0.906543,"ci95_hi":0.924602}},"pca_12_logistic":{"macro_f1":{"per_fold":[0.642454,0.650341,0.834398,0.637146,0.842566],"mean":0.721381,"std":0.095739,"ci95_lo":0.642424,"ci95_hi":0.80091},"accuracy":{"per_fold":[0.663569,0.670391,0.836127,0.653631,0.849162],"mean":0.734576,"std":0.088494,"ci95_lo":0.660958,"ci95_hi":0.808194},"balanced_accuracy":{"per_fold":[0.643773,0.659663,0.831283,0.643273,0.842158],"mean":0.72403,"std":0.092264,"ci95_lo":0.646751,"ci95_hi":0.802506}},"theta_concat_pca_12_logistic":{"macro_f1":{"per_fold":[0.643943,0.638948,0.838863,0.641528,0.847272],"mean":0.722111,"std":0.098809,"ci95_lo":0.641011,"ci95_hi":0.803925},"accuracy":{"per_fold":[0.665428,0.666667,0.839851,0.655493,0.851024],"mean":0.735693,"std":0.08976,"ci95_lo":0.661702,"ci95_hi":0.81167},"balanced_accuracy":{"per_fold":[0.645521,0.647852,0.837954,0.645022,0.844562],"mean":0.724182,"std":0.095619,"ci95_lo":0.645788,"ci95_hi":0.803432}},"theta_logistic":{"macro_f1":{"per_fold":[0.590781,0.553243,0.575686,0.568034,0.583049],"mean":0.574159,"std":0.012905,"ci95_lo":0.562161,"ci95_hi":0.58467},"accuracy":{"per_fold":[0.652416,0.614525,0.633147,0.623836,0.638734],"mean":0.632532,"std":0.012916,"ci95_lo":0.621229,"ci95_hi":0.644219},"balanced_accuracy":{"per_fold":[0.61655,0.580857,0.598339,0.59222,0.604895],"mean":0.598572,"std":0.011979,"ci95_lo":0.587937,"ci95_hi":0.609353}}},"concat_vs_pca":{"concat_method":"theta_concat_pca_12_logistic","pca_method":"pca_12_logistic","macro_f1_diff_mean_concat_minus_pca":0.00073,"wilcoxon_W":0.0,"wilcoxon_p_two_sided":1.0,"cliff_delta_concat_minus_pca":0.04},"ranking_by_macro_f1_mean":[{"method":"raw_logistic","macro_f1_mean":0.91394,"macro_f1_ci95":[0.90675,0.92101]},{"method":"theta_concat_pca_12_logistic","macro_f1_mean":0.722111,"macro_f1_ci95":[0.641011,0.803925]},{"method":"pca_12_logistic","macro_f1_mean":0.721381,"macro_f1_ci95":[0.642424,0.80091]},{"method":"theta_logistic","macro_f1_mean":0.574159,"macro_f1_ci95":[0.562161,0.58467]}],"framework_axis":"B-5 (master plan Addendum B Axis C-3): does theta add signal beyond PCA at the same K? \u2014 embedded concat readout","generated_at":"2026-05-03T20:05:11Z","builder_version":"build_embedded_baseline v0.1"}