{"scene_id":"pavia-university","K":9,"n_classes":9,"n_documents":1980,"head":"LogisticRegression(max_iter=2000, C=1.0, l2)","split":"StratifiedKFold(n_splits=5, shuffle=True, random_state=42)","method_metrics":{"raw_logistic":{"macro_f1":{"per_fold":[0.816353,0.773638,0.793916,0.800527,0.839401],"mean":0.804767,"std":0.022084,"ci95_lo":0.785805,"ci95_hi":0.825572},"accuracy":{"per_fold":[0.815657,0.775253,0.792929,0.800505,0.838384],"mean":0.804545,"std":0.021344,"ci95_lo":0.786843,"ci95_hi":0.821717},"balanced_accuracy":{"per_fold":[0.815657,0.775253,0.792929,0.800505,0.838384],"mean":0.804545,"std":0.021344,"ci95_lo":0.785859,"ci95_hi":0.82327}},"pca_9_logistic":{"macro_f1":{"per_fold":[0.843087,0.83661,0.803284,0.824284,0.83223],"mean":0.827899,"std":0.013742,"ci95_lo":0.81543,"ci95_hi":0.838325},"accuracy":{"per_fold":[0.843434,0.835859,0.808081,0.823232,0.833333],"mean":0.828788,"std":0.012205,"ci95_lo":0.817172,"ci95_hi":0.838384},"balanced_accuracy":{"per_fold":[0.843434,0.835859,0.808081,0.823232,0.833333],"mean":0.828788,"std":0.012205,"ci95_lo":0.816654,"ci95_hi":0.837879}},"theta_concat_pca_9_logistic":{"macro_f1":{"per_fold":[0.848196,0.834013,0.803284,0.824284,0.83223],"mean":0.828401,"std":0.014736,"ci95_lo":0.815219,"ci95_hi":0.840221},"accuracy":{"per_fold":[0.848485,0.833333,0.808081,0.823232,0.833333],"mean":0.829293,"std":0.013324,"ci95_lo":0.818182,"ci95_hi":0.839419},"balanced_accuracy":{"per_fold":[0.848485,0.833333,0.808081,0.823232,0.833333],"mean":0.829293,"std":0.013324,"ci95_lo":0.818182,"ci95_hi":0.840404}},"theta_logistic":{"macro_f1":{"per_fold":[0.672409,0.647051,0.659419,0.665903,0.670951],"mean":0.663147,"std":0.009244,"ci95_lo":0.654472,"ci95_hi":0.670525},"accuracy":{"per_fold":[0.681818,0.659091,0.671717,0.681818,0.681818],"mean":0.675253,"std":0.008978,"ci95_lo":0.666162,"ci95_hi":0.681818},"balanced_accuracy":{"per_fold":[0.681818,0.659091,0.671717,0.681818,0.681818],"mean":0.675253,"std":0.008978,"ci95_lo":0.666162,"ci95_hi":0.681818}}},"concat_vs_pca":{"concat_method":"theta_concat_pca_9_logistic","pca_method":"pca_9_logistic","macro_f1_diff_mean_concat_minus_pca":0.000502,"wilcoxon_W":0.0,"wilcoxon_p_two_sided":1.0,"cliff_delta_concat_minus_pca":0.0},"ranking_by_macro_f1_mean":[{"method":"theta_concat_pca_9_logistic","macro_f1_mean":0.828401,"macro_f1_ci95":[0.815219,0.840221]},{"method":"pca_9_logistic","macro_f1_mean":0.827899,"macro_f1_ci95":[0.81543,0.838325]},{"method":"raw_logistic","macro_f1_mean":0.804767,"macro_f1_ci95":[0.785805,0.825572]},{"method":"theta_logistic","macro_f1_mean":0.663147,"macro_f1_ci95":[0.654472,0.670525]}],"framework_axis":"B-5 (master plan Addendum B Axis C-3): does theta add signal beyond PCA at the same K? \u2014 embedded concat readout","generated_at":"2026-05-03T19:59:00Z","builder_version":"build_embedded_baseline v0.1"}