{"scene_id":"salinas-corrected","K":12,"n_classes":16,"n_documents":3520,"head":"LogisticRegression(max_iter=2000, C=1.0, l2)","split":"StratifiedKFold(n_splits=5, shuffle=True, random_state=42)","method_metrics":{"raw_logistic":{"macro_f1":{"per_fold":[0.958657,0.951523,0.950185,0.946987,0.947452],"mean":0.950961,"std":0.004201,"ci95_lo":0.947813,"ci95_hi":0.954989},"accuracy":{"per_fold":[0.958807,0.951705,0.950284,0.947443,0.947443],"mean":0.951136,"std":0.004175,"ci95_lo":0.948011,"ci95_hi":0.954837},"balanced_accuracy":{"per_fold":[0.958807,0.951705,0.950284,0.947443,0.947443],"mean":0.951136,"std":0.004175,"ci95_lo":0.948011,"ci95_hi":0.955114}},"pca_12_logistic":{"macro_f1":{"per_fold":[0.951508,0.938725,0.942494,0.939205,0.951292],"mean":0.944645,"std":0.005667,"ci95_lo":0.939575,"ci95_hi":0.949576},"accuracy":{"per_fold":[0.951705,0.93892,0.943182,0.93892,0.951705],"mean":0.944886,"std":0.00578,"ci95_lo":0.939773,"ci95_hi":0.949169},"balanced_accuracy":{"per_fold":[0.951705,0.93892,0.943182,0.93892,0.951705],"mean":0.944886,"std":0.00578,"ci95_lo":0.939773,"ci95_hi":0.95}},"theta_concat_pca_12_logistic":{"macro_f1":{"per_fold":[0.951494,0.938734,0.945609,0.937463,0.949799],"mean":0.94462,"std":0.005673,"ci95_lo":0.939601,"ci95_hi":0.949643},"accuracy":{"per_fold":[0.951705,0.93892,0.946023,0.9375,0.950284],"mean":0.944886,"std":0.00578,"ci95_lo":0.940057,"ci95_hi":0.949723},"balanced_accuracy":{"per_fold":[0.951705,0.93892,0.946023,0.9375,0.950284],"mean":0.944886,"std":0.00578,"ci95_lo":0.939773,"ci95_hi":0.95}},"theta_logistic":{"macro_f1":{"per_fold":[0.601386,0.617469,0.620159,0.625982,0.625061],"mean":0.618011,"std":0.008883,"ci95_lo":0.609338,"ci95_hi":0.624449},"accuracy":{"per_fold":[0.647727,0.65625,0.65483,0.65625,0.651989],"mean":0.653409,"std":0.003239,"ci95_lo":0.650284,"ci95_hi":0.655966},"balanced_accuracy":{"per_fold":[0.647727,0.65625,0.65483,0.65625,0.651989],"mean":0.653409,"std":0.003239,"ci95_lo":0.650284,"ci95_hi":0.655966}}},"concat_vs_pca":{"concat_method":"theta_concat_pca_12_logistic","pca_method":"pca_12_logistic","macro_f1_diff_mean_concat_minus_pca":-2.5e-05,"wilcoxon_W":0.0,"wilcoxon_p_two_sided":1.0,"cliff_delta_concat_minus_pca":-0.12},"ranking_by_macro_f1_mean":[{"method":"raw_logistic","macro_f1_mean":0.950961,"macro_f1_ci95":[0.947813,0.954989]},{"method":"pca_12_logistic","macro_f1_mean":0.944645,"macro_f1_ci95":[0.939575,0.949576]},{"method":"theta_concat_pca_12_logistic","macro_f1_mean":0.94462,"macro_f1_ci95":[0.939601,0.949643]},{"method":"theta_logistic","macro_f1_mean":0.618011,"macro_f1_ci95":[0.609338,0.624449]}],"framework_axis":"B-5 (master plan Addendum B Axis C-3): does theta add signal beyond PCA at the same K? \u2014 embedded concat readout","generated_at":"2026-05-03T19:52:16Z","builder_version":"build_embedded_baseline v0.1"}