{"scene_id":"salinas-a-corrected","K":6,"n_classes":6,"n_documents":1320,"head":"LogisticRegression(max_iter=2000, C=1.0, l2)","split":"StratifiedKFold(n_splits=5, shuffle=True, random_state=42)","method_metrics":{"raw_logistic":{"macro_f1":{"per_fold":[0.996212,1.0,0.996212,0.996212,0.996212],"mean":0.996969,"std":0.001515,"ci95_lo":0.996212,"ci95_hi":0.998485},"accuracy":{"per_fold":[0.996212,1.0,0.996212,0.996212,0.996212],"mean":0.99697,"std":0.001515,"ci95_lo":0.996212,"ci95_hi":0.998485},"balanced_accuracy":{"per_fold":[0.996212,1.0,0.996212,0.996212,0.996212],"mean":0.99697,"std":0.001515,"ci95_lo":0.996212,"ci95_hi":0.998485}},"pca_6_logistic":{"macro_f1":{"per_fold":[0.988636,1.0,1.0,0.996212,0.988633],"mean":0.994696,"std":0.005139,"ci95_lo":0.990151,"ci95_hi":0.999242},"accuracy":{"per_fold":[0.988636,1.0,1.0,0.996212,0.988636],"mean":0.994697,"std":0.005138,"ci95_lo":0.990152,"ci95_hi":0.999242},"balanced_accuracy":{"per_fold":[0.988636,1.0,1.0,0.996212,0.988636],"mean":0.994697,"std":0.005138,"ci95_lo":0.990152,"ci95_hi":0.999242}},"theta_concat_pca_6_logistic":{"macro_f1":{"per_fold":[0.992424,1.0,1.0,0.996212,0.988633],"mean":0.995454,"std":0.004418,"ci95_lo":0.991665,"ci95_hi":0.999242},"accuracy":{"per_fold":[0.992424,1.0,1.0,0.996212,0.988636],"mean":0.995455,"std":0.004417,"ci95_lo":0.991667,"ci95_hi":0.998504},"balanced_accuracy":{"per_fold":[0.992424,1.0,1.0,0.996212,0.988636],"mean":0.995455,"std":0.004417,"ci95_lo":0.991667,"ci95_hi":0.998485}},"theta_logistic":{"macro_f1":{"per_fold":[0.72767,0.73266,0.69513,0.75,0.733558],"mean":0.727804,"std":0.017983,"ci95_lo":0.709324,"ci95_hi":0.741093},"accuracy":{"per_fold":[0.761364,0.765152,0.746212,0.776515,0.765152],"mean":0.762879,"std":0.009761,"ci95_lo":0.753788,"ci95_hi":0.77197},"balanced_accuracy":{"per_fold":[0.761364,0.765152,0.746212,0.776515,0.765152],"mean":0.762879,"std":0.009761,"ci95_lo":0.753788,"ci95_hi":0.770473}}},"concat_vs_pca":{"concat_method":"theta_concat_pca_6_logistic","pca_method":"pca_6_logistic","macro_f1_diff_mean_concat_minus_pca":0.000758,"wilcoxon_W":0.0,"wilcoxon_p_two_sided":1.0,"cliff_delta_concat_minus_pca":0.04},"ranking_by_macro_f1_mean":[{"method":"raw_logistic","macro_f1_mean":0.996969,"macro_f1_ci95":[0.996212,0.998485]},{"method":"theta_concat_pca_6_logistic","macro_f1_mean":0.995454,"macro_f1_ci95":[0.991665,0.999242]},{"method":"pca_6_logistic","macro_f1_mean":0.994696,"macro_f1_ci95":[0.990151,0.999242]},{"method":"theta_logistic","macro_f1_mean":0.727804,"macro_f1_ci95":[0.709324,0.741093]}],"framework_axis":"B-5 (master plan Addendum B Axis C-3): does theta add signal beyond PCA at the same K? \u2014 embedded concat readout","generated_at":"2026-05-03T19:54:56Z","builder_version":"build_embedded_baseline v0.1"}