{"scene_id":"pavia-university","mask_id":"top_50_fisher","mask_label":"Top-50 Fisher-ratio bands","mask_description":"Keep only the 50 bands with the largest per-band Fisher discriminant ratio (from interpretability/band_cards). Topics built on the most label-discriminative subset.","spatial_shape":[610,340],"topic_count":9,"document_count":1980,"vocabulary_size":50,"n_bands_full":103,"n_bands_kept":50,"kept_band_indices":[1,2,3,4,5,6,7,8,9,10,11,12,13,14,15,16,17,18,19,20,21,22,23,24,25,26,27,28,29,30,31,32,33,34,35,36,37,38,39,40,41,42,93,94,97,98,99,100,101,102],"wavelengths_nm_kept_first_last":[434.2156982421875,860.0],"wavelengths_nm_kept":[434.22,438.43,442.65,446.86,451.08,455.29,459.51,463.73,467.94,472.16,476.37,480.59,484.8,489.02,493.24,497.45,501.67,505.88,510.1,514.31,518.53,522.75,526.96,531.18,535.39,539.61,543.82,548.04,552.25,556.47,560.69,564.9,569.12,573.33,577.55,581.76,585.98,590.2,594.41,598.63,602.84,607.06,822.06,826.27,838.92,843.14,847.35,851.57,855.78,860.0],"topic_prevalence":[0.102478,0.087672,0.138257,0.083788,0.193397,0.072518,0.140565,0.089593,0.091732],"topic_distance_cosine":[[0.0,0.035235,0.139281,0.030398,0.41557,0.630641,0.122014,0.072041,0.033512],[0.035235,0.0,0.11315,0.036667,0.396239,0.606112,0.095619,0.062762,0.043067],[0.139281,0.11315,0.0,0.108036,0.599855,0.489411,0.032684,0.062989,0.150699],[0.030398,0.036667,0.108036,0.0,0.426184,0.565731,0.086242,0.062541,0.044797],[0.41557,0.396239,0.599855,0.426184,0.0,0.806638,0.580879,0.483328,0.326283],[0.630641,0.606112,0.489411,0.565731,0.806638,0.0,0.550528,0.518009,0.640255],[0.122014,0.095619,0.032684,0.086242,0.580879,0.550528,0.0,0.063022,0.148486],[0.072041,0.062762,0.062989,0.062541,0.483328,0.518009,0.063022,0.0,0.084225],[0.033512,0.043067,0.150699,0.044797,0.326283,0.640255,0.148486,0.084225,0.0]],"top_words_per_topic_lambda_05":[["0607nm","0603nm","0582nm","0599nm","0578nm","0573nm","0586nm","0594nm","0590nm","0561nm","0556nm","0565nm","0843nm","0860nm","0852nm"],["0603nm","0599nm","0607nm","0594nm","0590nm","0565nm","0578nm","0852nm","0860nm","0847nm","0514nm","0573nm","0527nm","0826nm","0586nm"],["0556nm","0489nm","0540nm","0468nm","0493nm","0535nm","0548nm","0590nm","0464nm","0544nm","0438nm","0476nm","0451nm","0481nm","0565nm"],["0607nm","0586nm","0582nm","0594nm","0590nm","0599nm","0603nm","0578nm","0443nm","0573nm","0569nm","0822nm","0826nm","0438nm","0565nm"],["0856nm","0852nm","0860nm","0847nm","0843nm","0839nm","0826nm","0822nm","0565nm","0569nm","0561nm","0573nm","0578nm","0556nm","0582nm"],["0434nm","0438nm","0443nm","0447nm","0451nm","0455nm","0464nm","0468nm","0460nm","0472nm","0852nm","0476nm","0603nm","0856nm","0607nm"],["0514nm","0502nm","0582nm","0519nm","0607nm","0506nm","0472nm","0510nm","0497nm","0485nm","0527nm","0586nm","0531nm","0523nm","0460nm"],["0569nm","0603nm","0599nm","0594nm","0573nm","0447nm","0590nm","0586nm","0582nm","0552nm","0578nm","0506nm","0485nm","0434nm","0472nm"],["0599nm","0590nm","0594nm","0607nm","0603nm","0843nm","0822nm","0856nm","0586nm","0552nm","0847nm","0839nm","0852nm","0556nm","0826nm"]],"p_label_given_topic_dominant":[[{"label_id":1,"name":"Asphalt","count":22,"p":0.10784313725490197},{"label_id":2,"name":"Meadows","count":1,"p":0.004901960784313725},{"label_id":3,"name":"Gravel","count":62,"p":0.30392156862745096},{"label_id":4,"name":"Trees","count":0,"p":0.0},{"label_id":5,"name":"Painted metal sheets","count":0,"p":0.0},{"label_id":6,"name":"Bare Soil","count":37,"p":0.18137254901960784},{"label_id":7,"name":"Bitumen","count":15,"p":0.07352941176470588},{"label_id":8,"name":"Self-Blocking Bricks","count":67,"p":0.3284313725490196},{"label_id":9,"name":"Shadows","count":0,"p":0.0}],[{"label_id":1,"name":"Asphalt","count":6,"p":0.07317073170731707},{"label_id":2,"name":"Meadows","count":4,"p":0.04878048780487805},{"label_id":3,"name":"Gravel","count":40,"p":0.4878048780487805},{"label_id":4,"name":"Trees","count":0,"p":0.0},{"label_id":5,"name":"Painted metal sheets","count":0,"p":0.0},{"label_id":6,"name":"Bare Soil","count":4,"p":0.04878048780487805},{"label_id":7,"name":"Bitumen","count":3,"p":0.036585365853658534},{"label_id":8,"name":"Self-Blocking Bricks","count":25,"p":0.3048780487804878},{"label_id":9,"name":"Shadows","count":0,"p":0.0}],[{"label_id":1,"name":"Asphalt","count":28,"p":0.07506702412868632},{"label_id":2,"name":"Meadows","count":0,"p":0.0},{"label_id":3,"name":"Gravel","count":10,"p":0.02680965147453083},{"label_id":4,"name":"Trees","count":0,"p":0.0},{"label_id":5,"name":"Painted metal sheets","count":208,"p":0.5576407506702413},{"label_id":6,"name":"Bare Soil","count":1,"p":0.002680965147453083},{"label_id":7,"name":"Bitumen","count":75,"p":0.20107238605898123},{"label_id":8,"name":"Self-Blocking Bricks","count":8,"p":0.021447721179624665},{"label_id":9,"name":"Shadows","count":43,"p":0.11528150134048257}],[{"label_id":1,"name":"Asphalt","count":19,"p":0.3877551020408163},{"label_id":2,"name":"Meadows","count":0,"p":0.0},{"label_id":3,"name":"Gravel","count":17,"p":0.3469387755102041},{"label_id":4,"name":"Trees","count":0,"p":0.0},{"label_id":5,"name":"Painted metal sheets","count":0,"p":0.0},{"label_id":6,"name":"Bare Soil","count":1,"p":0.02040816326530612},{"label_id":7,"name":"Bitumen","count":1,"p":0.02040816326530612},{"label_id":8,"name":"Self-Blocking Bricks","count":11,"p":0.22448979591836735},{"label_id":9,"name":"Shadows","count":0,"p":0.0}],[{"label_id":1,"name":"Asphalt","count":1,"p":0.0016778523489932886},{"label_id":2,"name":"Meadows","count":207,"p":0.34731543624161076},{"label_id":3,"name":"Gravel","count":0,"p":0.0},{"label_id":4,"name":"Trees","count":220,"p":0.3691275167785235},{"label_id":5,"name":"Painted metal sheets","count":0,"p":0.0},{"label_id":6,"name":"Bare Soil","count":151,"p":0.2533557046979866},{"label_id":7,"name":"Bitumen","count":0,"p":0.0},{"label_id":8,"name":"Self-Blocking Bricks","count":0,"p":0.0},{"label_id":9,"name":"Shadows","count":17,"p":0.028523489932885907}],[{"label_id":1,"name":"Asphalt","count":0,"p":0.0},{"label_id":2,"name":"Meadows","count":0,"p":0.0},{"label_id":3,"name":"Gravel","count":0,"p":0.0},{"label_id":4,"name":"Trees","count":0,"p":0.0},{"label_id":5,"name":"Painted metal sheets","count":0,"p":0.0},{"label_id":6,"name":"Bare Soil","count":0,"p":0.0},{"label_id":7,"name":"Bitumen","count":0,"p":0.0},{"label_id":8,"name":"Self-Blocking Bricks","count":0,"p":0.0},{"label_id":9,"name":"Shadows","count":150,"p":1.0}],[{"label_id":1,"name":"Asphalt","count":100,"p":0.33112582781456956},{"label_id":2,"name":"Meadows","count":0,"p":0.0},{"label_id":3,"name":"Gravel","count":40,"p":0.13245033112582782},{"label_id":4,"name":"Trees","count":0,"p":0.0},{"label_id":5,"name":"Painted metal sheets","count":12,"p":0.039735099337748346},{"label_id":6,"name":"Bare Soil","count":2,"p":0.006622516556291391},{"label_id":7,"name":"Bitumen","count":95,"p":0.31456953642384106},{"label_id":8,"name":"Self-Blocking Bricks","count":45,"p":0.1490066225165563},{"label_id":9,"name":"Shadows","count":8,"p":0.026490066225165563}],[{"label_id":1,"name":"Asphalt","count":35,"p":0.26717557251908397},{"label_id":2,"name":"Meadows","count":3,"p":0.022900763358778626},{"label_id":3,"name":"Gravel","count":36,"p":0.2748091603053435},{"label_id":4,"name":"Trees","count":0,"p":0.0},{"label_id":5,"name":"Painted metal sheets","count":0,"p":0.0},{"label_id":6,"name":"Bare Soil","count":2,"p":0.015267175572519083},{"label_id":7,"name":"Bitumen","count":12,"p":0.0916030534351145},{"label_id":8,"name":"Self-Blocking Bricks","count":41,"p":0.31297709923664124},{"label_id":9,"name":"Shadows","count":2,"p":0.015267175572519083}],[{"label_id":1,"name":"Asphalt","count":9,"p":0.0967741935483871},{"label_id":2,"name":"Meadows","count":5,"p":0.053763440860215055},{"label_id":3,"name":"Gravel","count":15,"p":0.16129032258064516},{"label_id":4,"name":"Trees","count":0,"p":0.0},{"label_id":5,"name":"Painted metal sheets","count":0,"p":0.0},{"label_id":6,